https://m.cafe.naver.com/ca-fe/web/cafes/10503958/articles/408625	빵께: meng T-72B3M 차체 상부 조립기	87	2	0
https://m.cafe.naver.com/ca-fe/web/cafes/10503958/articles/408618	르노UE: 야크트티거 8.8cm 포 장착형 기본 도색 완료	143	10	1
https://m.cafe.naver.com/ca-fe/web/cafes/10503958/articles/408608	jump7221: 타콤 1/16  M3A1 하프트럭^^	118	8	2
https://m.cafe.naver.com/ca-fe/web/cafes/10503958/articles/408582	shinshin: 아카데미/Zvezda  1/35 소련 T-70B 경탱크 제작기	183	16	2
https://m.cafe.naver.com/ca-fe/web/cafes/10503958/articles/408581	한구뎅: Gunze Sangyo  1/35 Panzerkampfwagen V Ausf G Steel Rim Wheel Type (#M25/G-785)	115	6	6
https://m.cafe.naver.com/ca-fe/web/cafes/10503958/articles/408575	대곶의 사나이: 에이브람스 터스크 막바지 작업되가는중^^	137	17	12
https://m.cafe.naver.com/ca-fe/web/cafes/10503958/articles/408558	박은철: 조립완성) 타미야 m24 chaffee	337	24	22
https://m.cafe.naver.com/ca-fe/web/cafes/10503958/articles/408526	한구뎅: DRAGON 1/35 German 2cm Flak38 auf Pz.Kpfw.I Ausf.A Flakpanzer I (#6220)	138	9	2
https://m.cafe.naver.com/ca-fe/web/cafes/10503958/articles/408479	141오퍼레이터: M2A2 ODS 브래들리 이라크전 사양 만들기 (2)	117	8	2
https://m.cafe.naver.com/ca-fe/web/cafes/10503958/articles/408472	빈이아빠92: Meng 독일 Pkw K1 Type 82, 퀴벨바겐	143	11	0
https://m.cafe.naver.com/ca-fe/web/cafes/10503958/articles/408439	141오퍼레이터: M2A2 ODS 브래들리 이라크전 사양 만들기 (1)	163	4	3
https://m.cafe.naver.com/ca-fe/web/cafes/10503958/articles/408414	141오퍼레이터: 이라크전 미 해병대 LAV-25 제작기 (3) 나토 삼색 도장과 보급품 도색	109	4	0
https://m.cafe.naver.com/ca-fe/web/cafes/10503958/articles/408398	Kingeye2: M1A2 터스크(5) 아크릴 도색(연결궤도와 득템)	165	7	2
https://m.cafe.naver.com/ca-fe/web/cafes/10503958/articles/408384	jump7221: 타콤 1/16  M3A1 하프트럭 재개	211	10	7
https://m.cafe.naver.com/ca-fe/web/cafes/10503958/articles/408382	141오퍼레이터: 이라크전 미 해병대 LAV-25 제작기 (2) 차체와 서페이서 작업	133	12	0
https://m.cafe.naver.com/ca-fe/web/cafes/10503958/articles/408359	141오퍼레이터: 이라크전 미 해병대 LAV-25 제작기 (1) 포탑만들기	208	10	8
https://m.cafe.naver.com/ca-fe/web/cafes/10503958/articles/408358	돌아온 프라모델러: M4A3E8 이지에이트 한국전	206	13	1
https://m.cafe.naver.com/ca-fe/web/cafes/10503958/articles/407911	돌아온 프라모델러: M26 ARMORED TANK RECOVERY VEHICLE	192	9	4
https://m.cafe.naver.com/ca-fe/web/cafes/10503958/articles/407871	jump7221: 타미야 1/16  에이브람스 배선합니다.^^	192	5	4
https://m.cafe.naver.com/ca-fe/web/cafes/10503958/articles/407859	레흐: 타미야 타이거 1 중기형 - 오토카리우스 탑재형	482	28	26
https://m.cafe.naver.com/ca-fe/web/cafes/10503958/articles/407835	대곶의 사나이: 아카데미 터스크v2제작	343	14	22
https://m.cafe.naver.com/ca-fe/web/cafes/10503958/articles/407833	뒷풀이: 1/16 힐러 3호전차 제작	404	20	12
https://m.cafe.naver.com/ca-fe/web/cafes/10503958/articles/407815	애머슨 30미리: 1/35 트럼페터 미해병 M252 중박격포팀	398	14	2
https://m.cafe.naver.com/ca-fe/web/cafes/10503958/articles/407789	브란덴부르크: 주말에 비가 그쳤길래 브러쉬 위장 작업을 했습니다	450	34	27
https://m.cafe.naver.com/ca-fe/web/cafes/10503958/articles/407785	뒷풀이: 1/16 힐러 3호 돌격포 제작	153	10	6
https://m.cafe.naver.com/ca-fe/web/cafes/10503958/articles/407715	국자92: 2.2v led 작업요!!	95	2	5
https://m.cafe.naver.com/ca-fe/web/cafes/10503958/articles/407706	쿠르트 크니스펠: RFM M551 Sheridan 베트남전형 (3)-조립완료	562	28	27
https://m.cafe.naver.com/ca-fe/web/cafes/10503958/articles/407646	lbr: 타콤 1/16 M3A1 하프트럭	303	15	6
https://m.cafe.naver.com/ca-fe/web/cafes/10503958/articles/407616	위대한 유니콘: 타미야 74식 가조립-2-	206	10	5
https://m.cafe.naver.com/ca-fe/web/cafes/10503958/articles/407608	위대한 유니콘: 타미야 74식 탱크 작업기-1-	150	7	3
https://m.cafe.naver.com/ca-fe/web/cafes/10503958/articles/407596	shinshin: 타미야 1/35 독일군 Sd.Kfz.223 무선 지휘 4륜 장갑차 제작기	254	17	10
https://m.cafe.naver.com/ca-fe/web/cafes/10503958/articles/407574	jump7221: 영화 퓨리 만들려고 부품 모아요.	360	17	8
https://m.cafe.naver.com/ca-fe/web/cafes/10503958/articles/407506	Tigermask: TAMIYA 1/35 GERMAN TANK DESTROYER MARDER 3	215	5	6
https://m.cafe.naver.com/ca-fe/web/cafes/10503958/articles/407482	jump7221: 타미야 1/16 M1A2 에이브람스 스프라켓휠 디테일업^^	130	5	0
https://m.cafe.naver.com/ca-fe/web/cafes/10503958/articles/407099	번쩍번쩍열매: 이더운날 마감재 뿌리고 있습니다	163	9	14
https://m.cafe.naver.com/ca-fe/web/cafes/10503958/articles/407087	Phantom: 1/35 하비재팬 국제연합군 76식 전차(改) - 에반게리온 제작기#46	254	24	34
https://m.cafe.naver.com/ca-fe/web/cafes/10503958/articles/407078	Kingeye2: T34/85 112공장 남침의 주역(4) 뿌셔뿌셔~~	186	12	15
https://m.cafe.naver.com/ca-fe/web/cafes/10503958/articles/407069	존이74: 아카데미 K2전차 포신 상하 가동 개수	451	15	5
https://m.cafe.naver.com/ca-fe/web/cafes/10503958/articles/407040	Tigermask: TAMIYA 1/35 GERMAN TANK DESTROYER MARDER3	395	22	11
https://m.cafe.naver.com/ca-fe/web/cafes/10503958/articles/407027	김영석: 1/35 타미야 쉐리던 (1)	417	17	4
https://m.cafe.naver.com/ca-fe/web/cafes/10503958/articles/407015	M1A2 SEP V3: M911 HET	214	11	4
https://m.cafe.naver.com/ca-fe/web/cafes/10503958/articles/407014	제프티: K21 보병전투차 #16 - 위장무늬 붓도색	309	16	12
https://m.cafe.naver.com/ca-fe/web/cafes/10503958/articles/407007	141오퍼레이터: 이번엔 야전부대용 K2 흑표! (2) 차체 완성	173	8	5
https://m.cafe.naver.com/ca-fe/web/cafes/10503958/articles/407005	Phantom: 1/35 하비재팬 국제연합군 76식 전차(改) - 에반게리온 제작기#45	167	21	14
https://m.cafe.naver.com/ca-fe/web/cafes/10503958/articles/406990	141오퍼레이터: 이번엔 야전부대용 K2 흑표! (1) 포탑제조	226	10	2
https://m.cafe.naver.com/ca-fe/web/cafes/10503958/articles/406986	jump7221: 타미야 1/16 킹타이거 조립 사진 살포^^	172	14	2
https://m.cafe.naver.com/ca-fe/web/cafes/10503958/articles/406984	산바람: 울프팩 이지에잇 셔먼 제작기	490	45	23
https://m.cafe.naver.com/ca-fe/web/cafes/10503958/articles/406949	제프티: K21 보병전투차 #15 - 도색부품 접착	219	13	12
https://m.cafe.naver.com/ca-fe/web/cafes/10503958/articles/406941	Phantom: 1/35 하비재팬 국제연합군 76식 전차(改) - 에반게리온 제작기#44 (Special Thanks to. 저먼그레이 님)	281	26	38
https://m.cafe.naver.com/ca-fe/web/cafes/10503958/articles/406940	정진우: 한국군 디지털 위장 연습	614	16	10
https://m.cafe.naver.com/ca-fe/web/cafes/10503958/articles/406935	탱크맨: M-24 채피 (AFV클럽) - 05	186	15	10
https://m.cafe.naver.com/ca-fe/web/cafes/10503958/articles/406932	돌아온 프라모델러: 판터D 치타델작전	175	13	2
https://m.cafe.naver.com/ca-fe/web/cafes/10503958/articles/406903	돌아온 프라모델러: Staghound Mk.III	213	17	8
https://m.cafe.naver.com/ca-fe/web/cafes/10503958/articles/406566	박은철: 라이필드 T-55, 타미야 티란 5 조립중입니다.	468	19	20
https://m.cafe.naver.com/ca-fe/web/cafes/10503958/articles/406559	Phantom: 1/35 하비재팬 국제연합군 76식 전차(改) - 에반게리온 제작기#39 (Special Thanks to. DORI 님, 기범드그랑데 님)	222	25	26
https://m.cafe.naver.com/ca-fe/web/cafes/10503958/articles/406522	141오퍼레이터: 또다시 타미야 M1A2 도전하기(1) 차체 작업	166	3	2
https://m.cafe.naver.com/ca-fe/web/cafes/10503958/articles/406517	탱크맨: T-34/76 1943년 우랄마쉬(uztm) 큐폴라/화염방사 버전 - 02	149	9	11
https://m.cafe.naver.com/ca-fe/web/cafes/10503958/articles/406504	제프티: K21 보병전투차 #10 - 셀프 개조	275	10	8
https://m.cafe.naver.com/ca-fe/web/cafes/10503958/articles/406499	141오퍼레이터: 폴란드 차기전차 K2 흑표 폴란드군 사양(3)나토 삼색 도전	256	8	2
https://m.cafe.naver.com/ca-fe/web/cafes/10503958/articles/406496	Phantom: 1/35 하비재팬 국제연합군 76식 전차(改) - 에반게리온 제작기#38 (Special Thanks to. 한동우 님)	481	25	22
https://m.cafe.naver.com/ca-fe/web/cafes/10503958/articles/406477	Kingeye2: T34/85 112공장 남침의 주역(3) 기본도색	155	10	2
https://m.cafe.naver.com/ca-fe/web/cafes/10503958/articles/406449	Kingeye2: T34/85 112공장 남침의 주역(2)	216	12	6
https://m.cafe.naver.com/ca-fe/web/cafes/10503958/articles/406437	돌아온 프라모델러: M4A2 셔먼 독일군노획형	216	8	3
https://m.cafe.naver.com/ca-fe/web/cafes/10503958/articles/406423	Phantom: 1/35 하비재팬 국제연합군 76식 전차(改) - 에반게리온 제작기#37	374	34	31
https://m.cafe.naver.com/ca-fe/web/cafes/10503958/articles/406407	Kingeye2: T34/85 112공장 남침의 주역(1)	172	11	2
https://m.cafe.naver.com/ca-fe/web/cafes/10503958/articles/406406	돌아온 프라모델러: 미군 카고트럭/타미야	248	12	5
https://m.cafe.naver.com/ca-fe/web/cafes/10503958/articles/406400	하비팤: M1068A3 제작기 (3)	248	22	16
https://m.cafe.naver.com/ca-fe/web/cafes/10503958/articles/406391	제프티: K21 보병전투차 #9 - 깨작 깨작	264	9	4
https://m.cafe.naver.com/ca-fe/web/cafes/10503958/articles/406388	jump7221: 트럼페터 포르쉐 킹타이거에서 가지고온~~~	149	7	2
https://m.cafe.naver.com/ca-fe/web/cafes/10503958/articles/406374	레흐: 드래곤 훔멜(Hummel)	421	18	7
https://m.cafe.naver.com/ca-fe/web/cafes/10503958/articles/406343	제프티: K21 보병전투차 #8 - 조금씩 손대기	208	13	15
https://m.cafe.naver.com/ca-fe/web/cafes/10503958/articles/405982	ruin3: 티거 1 초기형	140	8	2
https://m.cafe.naver.com/ca-fe/web/cafes/10503958/articles/405959	Phantom: 1/35 하비재팬 국제연합군 76식 전차(改) - 에반게리온 제작기#31	268	26	20
https://m.cafe.naver.com/ca-fe/web/cafes/10503958/articles/405940	jump7221: 타미야 1/16 포르쉐 킹타이거 알씨 개조2.	161	9	4
https://m.cafe.naver.com/ca-fe/web/cafes/10503958/articles/405924	대곶의 사나이: 아카데미 발지셔먼 도색중.	269	18	21
https://m.cafe.naver.com/ca-fe/web/cafes/10503958/articles/405919	141오퍼레이터: 아직도 강선포 고집하는 영국군 전차 첼린저2 제작기(1)	329	11	3
https://m.cafe.naver.com/ca-fe/web/cafes/10503958/articles/405908	빵께: 생애 최초로 노안 올 뻔했습니다	1007	32	12
https://m.cafe.naver.com/ca-fe/web/cafes/10503958/articles/405903	jump7221: 타미야 1/16 포르쉐 킹타이거 알씨개조.^^	325	12	8
https://m.cafe.naver.com/ca-fe/web/cafes/10503958/articles/405860	예비역하사 Pusan: 아카데미과학 1/35 ROKA K311제작기입니다. #4	516	16	10
https://m.cafe.naver.com/ca-fe/web/cafes/10503958/articles/405810	Phantom: 1/35 하비재팬 국제연합군 76식 전차(改) - 에반게리온 제작기#29	396	32	28
https://m.cafe.naver.com/ca-fe/web/cafes/10503958/articles/405803	대곶의 사나이: 아카데미 발지셔먼 조립중!	454	23	10
https://m.cafe.naver.com/ca-fe/web/cafes/10503958/articles/405732	쿠르트 크니스펠: dammi321님이 만들어 주신 M4 셔먼 앰뷸런스 컨버전킷 제작기(하) -完-	634	28	22
https://m.cafe.naver.com/ca-fe/web/cafes/10503958/articles/405729	폐인희동이: 킹 타이거 RC 포 발사	332	15	18
https://m.cafe.naver.com/ca-fe/web/cafes/10503958/articles/405725	제국: 소련육군 중전차 소대	293	12	16
https://m.cafe.naver.com/ca-fe/web/cafes/10503958/articles/405715	대곶의 사나이: 아카데미 셔먼제작!	693	28	24
https://m.cafe.naver.com/ca-fe/web/cafes/10503958/articles/405684	졸린라이언: TIRAN 5 출석, 생존신고합니다.	260	9	4
https://m.cafe.naver.com/ca-fe/web/cafes/10503958/articles/405346	제프티: K21 보병전투차 #7 - 개조 구상	372	8	8
https://m.cafe.naver.com/ca-fe/web/cafes/10503958/articles/405344	Phantom: 1/35 하비재팬 국제연합군 76식 전차(改) - 에반게리온 제작기#24	159	25	26
https://m.cafe.naver.com/ca-fe/web/cafes/10503958/articles/405289	나랑: 1:35 큐벨바겐 5종 조립 및 리뷰 - 2부	408	19	6
https://m.cafe.naver.com/ca-fe/web/cafes/10503958/articles/405271	Phantom: 1/35 하비재팬 국제연합군 76식 전차(改) - 에반게리온 제작기#23	239	20	20
https://m.cafe.naver.com/ca-fe/web/cafes/10503958/articles/405270	레흐: 드래곤 판터 2(Panther II)	455	26	10
https://m.cafe.naver.com/ca-fe/web/cafes/10503958/articles/405269	제국: RFM Sd.Kfz.234/2 Nr.5110 조립설명서 오류 #1	165	10	6
https://m.cafe.naver.com/ca-fe/web/cafes/10503958/articles/405238	나랑: 1:35 큐벨바겐 5종 조립 및 리뷰 - 1부	456	25	6
https://m.cafe.naver.com/ca-fe/web/cafes/10503958/articles/405205	브란덴부르크: 아카데미 M2 브리들리 2003을 타미야 스타일로 만들어 보고 있습니다	1020	53	42
https://m.cafe.naver.com/ca-fe/web/cafes/10503958/articles/405203	Phantom: 1/35 하비재팬 국제연합군 76식 전차(改) - 에반게리온 제작기#22	833	29	24
https://m.cafe.naver.com/ca-fe/web/cafes/10503958/articles/405191	블랙이글: K311_ 1/6 제작기	203	17	7
https://m.cafe.naver.com/ca-fe/web/cafes/10503958/articles/405165	예비역하사 Pusan: 아카데미과학 1/35 ROKA K311제작기입니다. #3	298	19	8
https://m.cafe.naver.com/ca-fe/web/cafes/10503958/articles/405161	쿠르트 크니스펠: M577 Mugaf late 컨버전 킷 적용하기 (2)	364	27	24
https://m.cafe.naver.com/ca-fe/web/cafes/10503958/articles/405141	지칠수록파이팅: 경구난 장갑차 제작기 1차~	141	6	4
https://m.cafe.naver.com/ca-fe/web/cafes/10503958/articles/405134	141오퍼레이터: 1/35 미 해병대 M1A1 만들기 (멩 데칼로) (5)	112	6	2
https://m.cafe.naver.com/ca-fe/web/cafes/10503958/articles/405117	Phantom: 1/35 하비재팬 국제연합군 76식 전차(改) - 에반게리온 제작기#21	222	29	28
https://m.cafe.naver.com/ca-fe/web/cafes/10503958/articles/405116	쑤안: M1083 FMTV Standard Cargo Truck	233	7	13
https://m.cafe.naver.com/ca-fe/web/cafes/10503958/articles/405112	레흐: 타미야 4호전차 H형(초기) / G형(후기)	542	28	15
https://m.cafe.naver.com/ca-fe/web/cafes/10503958/articles/404806	141오퍼레이터: 1/35 미 해병대 M1A1 만들기 (멩 데칼로) (3)	154	6	2
https://m.cafe.naver.com/ca-fe/web/cafes/10503958/articles/404795	141오퍼레이터: 1/35 미 해병대 M1A1 만들기 (멩 데칼로) (2)	112	6	4
https://m.cafe.naver.com/ca-fe/web/cafes/10503958/articles/404792	Phantom: 1/35 하비재팬 국제연합군 76식 전차(改) - 에반게리온 제작기#16	342	25	16
https://m.cafe.naver.com/ca-fe/web/cafes/10503958/articles/404778	141오퍼레이터: 1/35 미 해병대 M1A1 만들기 (멩 데칼로)(1)	143	11	3
https://m.cafe.naver.com/ca-fe/web/cafes/10503958/articles/404777	jump7221: 1/16  K55 주포 개조	148	5	6
https://m.cafe.naver.com/ca-fe/web/cafes/10503958/articles/404738	Phantom: 1/35 하비재팬 국제연합군 76식 전차(改) - 에반게리온 제작기#15	279	27	22
https://m.cafe.naver.com/ca-fe/web/cafes/10503958/articles/404732	레흐: 이타렐리 야크트 판터	450	23	20
https://m.cafe.naver.com/ca-fe/web/cafes/10503958/articles/404728	초딩프라: (AFV) K2 흑표) 조립, 완성	250	14	11
https://m.cafe.naver.com/ca-fe/web/cafes/10503958/articles/404653	박은철: 드래곤 1/35 sd.kfz 234/2 puma 조립중	222	16	22
https://m.cafe.naver.com/ca-fe/web/cafes/10503958/articles/404619	jump7221: M41 워커불독  배선끝내고~~	184	14	12
https://m.cafe.naver.com/ca-fe/web/cafes/10503958/articles/404612	서산 똥손후니: 아카데미 M48A5K	251	12	7
https://m.cafe.naver.com/ca-fe/web/cafes/10503958/articles/404607	바람지기: [AFV제작] M4A3 셔먼-(1) 조립	116	10	3
https://m.cafe.naver.com/ca-fe/web/cafes/10503958/articles/404600	박은철: 1/35 타미야 4호전차 J형 + 찌메리트코팅시트 조립완료	315	17	20
https://m.cafe.naver.com/ca-fe/web/cafes/10503958/articles/404588	SlowButDeadly: IDF 시나이 그레이 아크릴 도료  두가지 색감	438	10	12
https://m.cafe.naver.com/ca-fe/web/cafes/10503958/articles/404576	쿠르트 크니스펠: M577 Mugaf late 컨버전 킷 적용하기 (1)	610	26	25
https://m.cafe.naver.com/ca-fe/web/cafes/10503958/articles/404564	dammi321: K111 개조킷 제작기 (프랑켄슈타인 버전 ^^)	366	31	23
https://m.cafe.naver.com/ca-fe/web/cafes/10503958/articles/404560	박은철: 타미야 4호전차 J형+ 찌메리트코팅 스티커	414	17	21
https://m.cafe.naver.com/ca-fe/web/cafes/10503958/articles/404549	기갑척탄병: 타미야 4호 돌격포 part 3	458	24	13
https://m.cafe.naver.com/ca-fe/web/cafes/10503958/articles/404307	Alex Lim: Alex Lim의 아카데미과학 1:35 K2 Black Panther 제작기 Part 0. 박스 개봉, 누락 확인 및 세척 작업	394	14	13
https://m.cafe.naver.com/ca-fe/web/cafes/10503958/articles/404295	바비킴이밥익힘: 게코 마틸다 I 조립	266	26	11
https://m.cafe.naver.com/ca-fe/web/cafes/10503958/articles/404290	레흐: 드래곤 3호돌격포 후기형 (임페리얼 시리즈)	303	22	10
https://m.cafe.naver.com/ca-fe/web/cafes/10503958/articles/404285	쿠르트 크니스펠: RFM VK.36.01 제작기 (하-2)完	431	27	33
https://m.cafe.naver.com/ca-fe/web/cafes/10503958/articles/404266	까도: aavp-7a1	381	30	20
https://m.cafe.naver.com/ca-fe/web/cafes/10503958/articles/404264	141오퍼레이터: meng 1/35 M1A1 미 해병대 사양 만들기(3) 도색작업	144	12	4
https://m.cafe.naver.com/ca-fe/web/cafes/10503958/articles/404260	dammi321: 1:1 모형 좋아하십니까? (M1 카빈 소총 부품출력 완료)	534	27	19
https://m.cafe.naver.com/ca-fe/web/cafes/10503958/articles/404254	예비역하사 Pusan: 아카데미과학 1/35 ROKA K311제작기입니다. #1	258	13	10
https://m.cafe.naver.com/ca-fe/web/cafes/10503958/articles/404248	Phantom: 1/35 하비재팬 국제연합군 76식 전차(改) - 에반게리온 제작기#14	388	34	36
https://m.cafe.naver.com/ca-fe/web/cafes/10503958/articles/404237	레흐: 다스베르크(Das Werk) 판터 G 후기형	745	30	22
https://m.cafe.naver.com/ca-fe/web/cafes/10503958/articles/404231	나랑: 1:35 윌리스 지프 6종 조립 및 리뷰 - 1부 : 하부	585	32	13
https://m.cafe.naver.com/ca-fe/web/cafes/10503958/articles/404222	까도: 한미연합 해병대 #4	227	29	18
https://m.cafe.naver.com/ca-fe/web/cafes/10503958/articles/404214	쿠르트 크니스펠: RFM VK.36.01 제작기 (하-1)	634	29	36
https://m.cafe.naver.com/ca-fe/web/cafes/10503958/articles/404212	141오퍼레이터: meng 1/35 M1A1 미 해병대 사양 만들기(2) 포탑완성 허나...	208	10	9
https://m.cafe.naver.com/ca-fe/web/cafes/10503958/articles/404193	Alex Lim: 안녕하세요 Alex Lim 입니다~ 새로 시작하는 프라작업 스포하러 왔습니다^^!!	255	20	24
https://m.cafe.naver.com/ca-fe/web/cafes/10503958/articles/404190	레흐: 드래곤 야크트판터 초기형 (임페리얼 시리즈)	213	16	12
https://m.cafe.naver.com/ca-fe/web/cafes/10503958/articles/404189	141오퍼레이터: meng 1/35 M1A1 미 해병대 사양 만들기(1)차체 조립	238	12	4
https://m.cafe.naver.com/ca-fe/web/cafes/10503958/articles/404174	쿠키크리미: 타미야 panzer I 만들던 중...	202	5	4
https://m.cafe.naver.com/ca-fe/web/cafes/10503958/articles/404143	Phantom: 1/35 하비재팬 국제연합군 76식 전차(改) - 에반게리온 제작기#13 (Special Thanks to. GS모형 German Grey님!)	257	20	19
https://m.cafe.naver.com/ca-fe/web/cafes/10503958/articles/404114	대곶의 사나이: 끝없는조립 대물 야크트티거ㅠㅠ	550	22	26
https://m.cafe.naver.com/ca-fe/web/cafes/10503958/articles/403742	독성지 천안호랑이: 아카데미과학 M47 제작기ㅡ3	269	7	13
https://m.cafe.naver.com/ca-fe/web/cafes/10503958/articles/403736	제국: AB40 조립종료	186	13	6
https://m.cafe.naver.com/ca-fe/web/cafes/10503958/articles/403713	기갑척탄병: 타미야 T-34/76 1942년 생산형... 트랙 작업	214	15	13
https://m.cafe.naver.com/ca-fe/web/cafes/10503958/articles/403707	용이97: 1/35 아카데미 M-51 슈퍼셔먼 이스라엘군 중전차 입니다	397	17	8
https://m.cafe.naver.com/ca-fe/web/cafes/10503958/articles/403702	번쩍번쩍열매: M1296 레진바퀴 기본도색중~~	250	17	20
https://m.cafe.naver.com/ca-fe/web/cafes/10503958/articles/403700	브란덴부르크: 바이크에 피규어 맞추어 만들기 (feat 주말전투 및 정비)	396	26	37
https://m.cafe.naver.com/ca-fe/web/cafes/10503958/articles/403692	박은철: 라이필드 4호전차 H 초기형 조립중	319	22	20
https://m.cafe.naver.com/ca-fe/web/cafes/10503958/articles/403683	반갑데이: 1/10  M2 브라우닝 CAL50 모형	472	18	5
https://m.cafe.naver.com/ca-fe/web/cafes/10503958/articles/403682	빵께: 러우전쟁 .대.드.론 철망장갑 T-72B3	216	17	1
https://m.cafe.naver.com/ca-fe/web/cafes/10503958/articles/403680	제국: AB 40/41	113	9	8
https://m.cafe.naver.com/ca-fe/web/cafes/10503958/articles/403656	Phantom: 1/35 하비재팬 국제연합군 76식 전차(改) - 에반게리온 제작기#8	528	37	32
https://m.cafe.naver.com/ca-fe/web/cafes/10503958/articles/403653	레흐: 타미야 야크트 티이거(Jagdtiger)	465	27	18
https://m.cafe.naver.com/ca-fe/web/cafes/10503958/articles/403642	제국: AB 40	209	20	16
https://m.cafe.naver.com/ca-fe/web/cafes/10503958/articles/403631	서산 똥손후니: 아카데미 M2 브레들리	274	11	6
https://m.cafe.naver.com/ca-fe/web/cafes/10503958/articles/403613	대곶의 사나이: 네버랜드 지바겐 작업중2탄	150	19	13
https://m.cafe.naver.com/ca-fe/web/cafes/10503958/articles/403612	lbr: 1/16 M551 셰리든 디스플레이 모델 조립 중 입니다.	111	5	2
https://m.cafe.naver.com/ca-fe/web/cafes/10503958/articles/403608	시뇨: 디구알(D9R) 장갑도저 진행 중입니다	879	45	35
https://m.cafe.naver.com/ca-fe/web/cafes/10503958/articles/403607	B급 완구 탐이나: 킹모그라스 배기구	253	18	8
https://m.cafe.naver.com/ca-fe/web/cafes/10503958/articles/403595	반갑데이: 1/10 K808 백호.	542	42	7
https://m.cafe.naver.com/ca-fe/web/cafes/10503958/articles/403248	jump7221: 해병장갑차 하체 도색후 차체결합.^^	162	10	5
https://m.cafe.naver.com/ca-fe/web/cafes/10503958/articles/403244	Phantom: 1/35 하비재팬 국제연합군 76식 전차(改) - 에반게리온 제작기#7	881	34	28
https://m.cafe.naver.com/ca-fe/web/cafes/10503958/articles/403234	dammi321: 1:1 모형 좋아하십니까? (M1 개런드 소총 모델링 완성 & 부품출력 시작)	546	31	29
https://m.cafe.naver.com/ca-fe/web/cafes/10503958/articles/403233	141오퍼레이터: 아카제 명품 M1A2 SEP V2 제작기 (12)	148	9	1
https://m.cafe.naver.com/ca-fe/web/cafes/10503958/articles/403217	jump7221: 해병장갑차 재도색^^	235	7	5
https://m.cafe.naver.com/ca-fe/web/cafes/10503958/articles/403207	예비역하사 Pusan: TAMIYA 1/48 US ARMY M4A3E8 셔먼 EASY EIGHT 탱크 제작기입니다.  #2	177	16	8
https://m.cafe.naver.com/ca-fe/web/cafes/10503958/articles/403172	반갑데이: 1/10 K808 장갑차. [악세사리]	443	35	6
https://m.cafe.naver.com/ca-fe/web/cafes/10503958/articles/403167	화랑모델: 1/35 메르카바 마크1 하이브리드 제작기 #2	142	6	0
https://m.cafe.naver.com/ca-fe/web/cafes/10503958/articles/403130	루터: 오래간만에...군대에서 빼온 기밀 자료! 독일풍 로봇 만들기	324	16	20
https://m.cafe.naver.com/ca-fe/web/cafes/10503958/articles/403123	제국: 1/35 4호 관측 전차( J후기형 ) RFM #05-1	230	12	6
https://m.cafe.naver.com/ca-fe/web/cafes/10503958/articles/403085	브란덴부르크: 매일 조금씩하는 작업의 즐거움	666	43	40
https://m.cafe.naver.com/ca-fe/web/cafes/10503958/articles/403078	박은철: 하비보스 1호대공전차 궤도조립	172	14	16
https://m.cafe.naver.com/ca-fe/web/cafes/10503958/articles/403046	여보미안해: RFM 1/35 M1128 MGS STRYKER 제작#3	676	48	19
https://m.cafe.naver.com/ca-fe/web/cafes/10503958/articles/403043	jump7221: 1/16 해병 장갑차 구동 테스트^^	215	13	8
https://m.cafe.naver.com/ca-fe/web/cafes/10503958/articles/403037	시뇨: 대물 수호이 27에 겁먹고 97식 중형 치하로 가즈아!	773	35	30
https://m.cafe.naver.com/ca-fe/web/cafes/10503958/articles/403030	jump7221: 해병장갑차 개조^^	1003	18	6
https://m.cafe.naver.com/ca-fe/web/cafes/10503958/articles/403026	반갑데이: 1/10  K808 장갑차 [타이어]	280	20	3
https://m.cafe.naver.com/ca-fe/web/cafes/10503958/articles/402735	브란덴부르크: 35스케일의 여러 오토바이를 만들어본 소감.	3751	77	28
https://m.cafe.naver.com/ca-fe/web/cafes/10503958/articles/402729	성더슨: 아카데미 (이따레리 재포장) Sd.Kfz. 234/2 를 달리고 있습니다.	252	12	22
https://m.cafe.naver.com/ca-fe/web/cafes/10503958/articles/402728	기갑척탄병: 아카데미 타이거 I  도장	620	28	11
https://m.cafe.naver.com/ca-fe/web/cafes/10503958/articles/402698	Phantom: 1/35 하비재팬 국제연합군 76식 전차(改) - 에반게리온 제작기#6	419	32	28
https://m.cafe.naver.com/ca-fe/web/cafes/10503958/articles/402682	루터: 궤도 오도방구 만드는중입니다	274	16	12
https://m.cafe.naver.com/ca-fe/web/cafes/10503958/articles/402668	글락: gecko model 1/16 panzer2	134	8	8
https://m.cafe.naver.com/ca-fe/web/cafes/10503958/articles/402649	쿠르트 크니스펠: FlaK Panther (판터 대공 전차) 하비보스 Panther Ausf. D Flak Bergepanther -상-	591	32	27
https://m.cafe.naver.com/ca-fe/web/cafes/10503958/articles/402640	박은철: 트럼페터 타이거1 후기형	372	17	21
https://m.cafe.naver.com/ca-fe/web/cafes/10503958/articles/402630	쑤안: 1/35 트럼페터 M1135 스트라이커 화생방 방호차량	381	22	3
https://m.cafe.naver.com/ca-fe/web/cafes/10503958/articles/402628	브란덴부르크: 미니아트 35 오토바이 조심하세요. 런너에 번호없고 상상력 필요..	400	25	26
https://m.cafe.naver.com/ca-fe/web/cafes/10503958/articles/402618	Phantom: 1/35 하비재팬 국제연합군 76식 전차(改) - 에반게리온 제작기#5	205	29	23
https://m.cafe.naver.com/ca-fe/web/cafes/10503958/articles/402613	빈이아빠92: AFVClub Sd.Kfz.251/1 Ausf.C Ground STUKA	150	11	3
https://m.cafe.naver.com/ca-fe/web/cafes/10503958/articles/402606	141오퍼레이터: 아카제 명품 M1A2 SEP V2 제작기 (8)	247	7	2
https://m.cafe.naver.com/ca-fe/web/cafes/10503958/articles/402585	B급 완구 탐이나: 타미아와 아카데미 조합	783	18	7
https://m.cafe.naver.com/ca-fe/web/cafes/10503958/articles/402584	여보미안해: RFM 1/35 M1128 MGS STRYKER 제작#1	487	32	25
https://m.cafe.naver.com/ca-fe/web/cafes/10503958/articles/402582	굴탄: 아카데미 K808 디테일업 제작기 #4 OVM	983	32	25
https://m.cafe.naver.com/ca-fe/web/cafes/10503958/articles/402581	레흐: 타미야 Flag 36 88mm 평사포 / Sd.Kfz 7 하프트랙	647	35	11
https://m.cafe.naver.com/ca-fe/web/cafes/10503958/articles/402577	141오퍼레이터: 아카제 명품 M1A2 SEP V2 제작기 (7)	184	8	4
https://m.cafe.naver.com/ca-fe/web/cafes/10503958/articles/402168	141오퍼레이터: 아카제 명품 M1A2 SEP V2 제작기(2)	175	12	3
https://m.cafe.naver.com/ca-fe/web/cafes/10503958/articles/402154	루터: [양덕과의 전쟁]2호 대공전차 만들기 1	797	30	16
https://m.cafe.naver.com/ca-fe/web/cafes/10503958/articles/402150	아산곰씨: 멩 1/35 A7V와 보더 모델 1/35 Sd.Kfz.251 입니다.	285	16	4
https://m.cafe.naver.com/ca-fe/web/cafes/10503958/articles/402149	141오퍼레이터: 아카제 명품 M1A2 SEP V2 제작기(1)	309	10	13
https://m.cafe.naver.com/ca-fe/web/cafes/10503958/articles/402140	jump7221: 해병장갑차 개조 5^^	327	17	13
https://m.cafe.naver.com/ca-fe/web/cafes/10503958/articles/402126	박은철: 라이필드 4호전차 H 초기형 n1	415	21	14
https://m.cafe.naver.com/ca-fe/web/cafes/10503958/articles/402117	독성지 천안호랑이: 아카데미과학 M47 제작기ㅡ1	431	12	6
https://m.cafe.naver.com/ca-fe/web/cafes/10503958/articles/402112	유건: 3번째 작품 플락피엘링 대공트럭 만지작	388	23	10
https://m.cafe.naver.com/ca-fe/web/cafes/10503958/articles/402101	반갑데이: 1/10 K808 장갑차 [6]	336	27	8
https://m.cafe.naver.com/ca-fe/web/cafes/10503958/articles/402100	제국: 1/35 4호 관측 전차( J후기형 ) RFM #01	363	18	8
https://m.cafe.naver.com/ca-fe/web/cafes/10503958/articles/402077	박은철: 조립완료 아카데미 4호 돌격전차 브룸베어	610	23	20
https://m.cafe.naver.com/ca-fe/web/cafes/10503958/articles/402049	dolph: 이제 좀 묵직해 졌습니다~	495	26	15
https://m.cafe.naver.com/ca-fe/web/cafes/10503958/articles/402041	뒷풀이: 1/6 kleines KETTENRAD (드라곤) 완성하기	161	9	2
https://m.cafe.naver.com/ca-fe/web/cafes/10503958/articles/402025	굴탄: 아카데미 K808 디테일업 제작기 #2 K6 중기관총, 연막탄, 해치	909	44	32
https://m.cafe.naver.com/ca-fe/web/cafes/10503958/articles/402008	서산 똥손후니: 아카데미 K808	245	12	3
https://m.cafe.naver.com/ca-fe/web/cafes/10503958/articles/402003	뒷풀이: 1/6 5cm paK 38	219	12	4
https://m.cafe.naver.com/ca-fe/web/cafes/10503958/articles/401997	레흐: 타콤 블리츠 3호전차 N 형	328	21	11
https://m.cafe.naver.com/ca-fe/web/cafes/10503958/articles/401976	DORI: [작업기] K1 ARV (구난전차) 제작기 #10 (Liam 3D)	261	18	14
https://m.cafe.naver.com/ca-fe/web/cafes/10503958/articles/401698	제국: 1/35 4호전차 H형 전기 타입 #05	140	16	14
https://m.cafe.naver.com/ca-fe/web/cafes/10503958/articles/401695	보슨스메이트: AFV 클럽 1/35 LVTP-5 접합선, 단차 수정기	267	13	4
https://m.cafe.naver.com/ca-fe/web/cafes/10503958/articles/401656	제국: 1/35 4호전차 H형 전기 타입 #04	345	21	23
https://m.cafe.naver.com/ca-fe/web/cafes/10503958/articles/401637	박은철: 20여년만의 에어브러쉬 도색(중) 입니다.	651	22	31
https://m.cafe.naver.com/ca-fe/web/cafes/10503958/articles/401633	브란덴부르크: 주말에 작업한 것들	357	28	27
https://m.cafe.naver.com/ca-fe/web/cafes/10503958/articles/401623	jump7221: 해병장갑차 개조 4.^^	262	6	4
https://m.cafe.naver.com/ca-fe/web/cafes/10503958/articles/401613	레흐: 즈베즈다 킹 타이거 포르쉐 타렛	443	23	20
https://m.cafe.naver.com/ca-fe/web/cafes/10503958/articles/401611	Phantom: 1/35 크로바모형 R.O.K. ARMY 4성장군 에쿠스 제작기 #14 (Special Thanks to LCH_59님!!)	654	39	43
https://m.cafe.naver.com/ca-fe/web/cafes/10503958/articles/401598	제국: 1/35 4호전차 H형 전기 타입 #03	208	15	16
https://m.cafe.naver.com/ca-fe/web/cafes/10503958/articles/401578	Tigermask: 2CM.FLAK30 ANTI-AIRCRAFT UNIT	490	21	27
https://m.cafe.naver.com/ca-fe/web/cafes/10503958/articles/401557	제국: 1/35 KING TIGER by RFM Nr. 5146  #01	213	19	2
https://m.cafe.naver.com/ca-fe/web/cafes/10503958/articles/401552	쿠르트 크니스펠: Waffenträger auf Pz. IV  제작기 -1 (아카데미 신금형 4호 H형 이용)	494	25	26
https://m.cafe.naver.com/ca-fe/web/cafes/10503958/articles/401550	제국: 1/35 4호전차 H형 전기 타입 #02	145	13	8
https://m.cafe.naver.com/ca-fe/web/cafes/10503958/articles/401548	반갑데이: 1/10 K808 장갑차 [5]	681	33	7
https://m.cafe.naver.com/ca-fe/web/cafes/10503958/articles/401533	jump7221: 해병장갑차 개조 3.	113	6	0
https://m.cafe.naver.com/ca-fe/web/cafes/10503958/articles/401514	141오퍼레이터: 한국군 3.5세대 전차이자 세계 전차시장의 다크호스 K2 흑표 제작기(2)차체 만들기	285	7	2
https://m.cafe.naver.com/ca-fe/web/cafes/10503958/articles/401503	jump7221: 해병장갑차 개조 2 ^^	663	19	7
https://m.cafe.naver.com/ca-fe/web/cafes/10503958/articles/401501	레흐: 아카데미 해쳐 (Hetzer)	418	25	12
https://m.cafe.naver.com/ca-fe/web/cafes/10503958/articles/401170	상어임요: 아카데미K808미도색	283	7	2
https://m.cafe.naver.com/ca-fe/web/cafes/10503958/articles/401169	브란덴부르크: 트럼페터 1/35 SAM 대공 미사일 (악마의 세손가락)제작 마무리 단계입니다	807	47	42
https://m.cafe.naver.com/ca-fe/web/cafes/10503958/articles/401161	반갑데이: 1/10 K808 장갑차 휠.	281	22	3
https://m.cafe.naver.com/ca-fe/web/cafes/10503958/articles/401143	대곶의 사나이: 타미야.레오파드2a7 기본위장완료!	474	29	26
https://m.cafe.naver.com/ca-fe/web/cafes/10503958/articles/401140	쿠르트 크니스펠: 어뮤징하비 VK30.02(DB) 제작 (번외편1)	393	24	33
https://m.cafe.naver.com/ca-fe/web/cafes/10503958/articles/401130	shinshin: 타미야 1/35 Schwimmwagen (슈빔바겐) TYPE 166 '제작부터 완성까지"	252	19	6
https://m.cafe.naver.com/ca-fe/web/cafes/10503958/articles/401112	jump7221: TAKOM 1/16 윌리스찦.^^	188	12	6
https://m.cafe.naver.com/ca-fe/web/cafes/10503958/articles/401099	중프: 아카데미과학 미군 M4A3 제작기	692	24	7
https://m.cafe.naver.com/ca-fe/web/cafes/10503958/articles/401096	뿌릉: 아카데미 K-808 기본도색 완료.	567	38	26
https://m.cafe.naver.com/ca-fe/web/cafes/10503958/articles/401087	대곶의 사나이: 타미야 레오파드2a7 작업중!	337	18	16
https://m.cafe.naver.com/ca-fe/web/cafes/10503958/articles/401085	최형사: 1/35 [DRAGON] JSU-152 제작기	256	26	17
https://m.cafe.naver.com/ca-fe/web/cafes/10503958/articles/401074	블랙kid: Tamiya 티거 led 커스텀	173	6	4
https://m.cafe.naver.com/ca-fe/web/cafes/10503958/articles/401038	shinshin: 타미야 1/35 Schwimmwagen (슈빔바겐) TYPE 166	223	20	4
https://m.cafe.naver.com/ca-fe/web/cafes/10503958/articles/401037	Harris19: 작품사진 올리는 방법	146	3	3
https://m.cafe.naver.com/ca-fe/web/cafes/10503958/articles/401022	ROHAM: 아카데미1/35 k808 제 맘대로 작업중 입니다.	195	11	3
https://m.cafe.naver.com/ca-fe/web/cafes/10503958/articles/400986	Phantom: 1/35 Liam 3D R.O.K. 헌병/경찰 MC 싸이카 제작기 #14 (feat.완성)	213	30	19
https://m.cafe.naver.com/ca-fe/web/cafes/10503958/articles/400981	쿠르트 크니스펠: 독일판 T-34 어뮤징하비 VK30.02(DB) 제작 (2)	320	23	22
https://m.cafe.naver.com/ca-fe/web/cafes/10503958/articles/400521	매니악7: 인형 페인팅 연습	559	21	30
https://m.cafe.naver.com/ca-fe/web/cafes/10503958/articles/400518	뿌릉: 아카데미 K1A2 조립중 입니다.	907	30	31
https://m.cafe.naver.com/ca-fe/web/cafes/10503958/articles/400515	Kingeye2: 아카데미 티거I(부품 분실 보강 ㅠ)	240	13	12
https://m.cafe.naver.com/ca-fe/web/cafes/10503958/articles/400430	대곶의 사나이: 아카데미k311a1 제작중입니다^^	540	28	24
https://m.cafe.naver.com/ca-fe/web/cafes/10503958/articles/400410	까도: 한미연합 해병대 제작기#1	413	24	25
https://m.cafe.naver.com/ca-fe/web/cafes/10503958/articles/400377	번쩍번쩍열매: 지옥의 궤도조립 14일~~~	692	26	26
https://m.cafe.naver.com/ca-fe/web/cafes/10503958/articles/400372	쿠르트 크니스펠: AFV클럽 Centurion Mk.5/1-4.RTR (중)	283	17	16
https://m.cafe.naver.com/ca-fe/web/cafes/10503958/articles/400355	서산 똥손후니: 아카데미 K808	430	29	5
https://m.cafe.naver.com/ca-fe/web/cafes/10503958/articles/400347	돌아온 프라모델러: K808 한국군도색	345	15	5
https://m.cafe.naver.com/ca-fe/web/cafes/10503958/articles/400333	돌아온 프라모델러: K808장갑차(아카데미)	529	17	4
https://m.cafe.naver.com/ca-fe/web/cafes/10503958/articles/400332	돌아온 프라모델러: K311a1	290	16	3
https://m.cafe.naver.com/ca-fe/web/cafes/10503958/articles/400328	141오퍼레이터: 타미야 M1A2 이라크전 사양 만들기(6) 데칼 작업	134	10	1
https://m.cafe.naver.com/ca-fe/web/cafes/10503958/articles/400300	141오퍼레이터: 타미야 M1A2 이라크전 사양 만들기(5)보급품,승무원 도색하기	152	5	2
https://m.cafe.naver.com/ca-fe/web/cafes/10503958/articles/400285	시뇨: 끝판왕? M109A7 팔라딘, 키트 리뷰와 제작기	1450	46	31
https://m.cafe.naver.com/ca-fe/web/cafes/10503958/articles/400276	141오퍼레이터: 타미야 M1A2 이라크전 사양 만들기(4) 기관총 도색+보급품과 승무원 서페이너 작업	160	10	8
https://m.cafe.naver.com/ca-fe/web/cafes/10503958/articles/400229	반갑데이: 1/10 K808 장갑차[3]	626	39	18
https://m.cafe.naver.com/ca-fe/web/cafes/10503958/articles/400196	탐탐: M792 Gama Goat (Tamiya, 1/35) - 2	239	23	8
https://m.cafe.naver.com/ca-fe/web/cafes/10503958/articles/400167	Phantom: 1/35 Liam 3D R.O.K. 헌병/경찰 MC 싸이카 제작기 #12	649	46	34
https://m.cafe.naver.com/ca-fe/web/cafes/10503958/articles/400138	탐탐: KV-1 (Academy, 1/35) -3	402	27	16
https://m.cafe.naver.com/ca-fe/web/cafes/10503958/articles/399806	탐탐: M4A3 Korean War (RFM, 1/35)-1	289	10	7
https://m.cafe.naver.com/ca-fe/web/cafes/10503958/articles/399791	Phantom: 1/35 Liam 3D R.O.K. 헌병/경찰 MC 싸이카 제작기 #10	393	30	23
https://m.cafe.naver.com/ca-fe/web/cafes/10503958/articles/399777	Tigermask: ITALERI 1/35 BMW R75	222	11	8
https://m.cafe.naver.com/ca-fe/web/cafes/10503958/articles/399766	매니악7: 추억의 드래곤 인형 만들기	456	29	20
https://m.cafe.naver.com/ca-fe/web/cafes/10503958/articles/399743	브란덴부르크: 새로운 시작 - 1/35 아카데미 그랜트	434	33	24
https://m.cafe.naver.com/ca-fe/web/cafes/10503958/articles/399738	Phantom: 1/35 Liam 3D R.O.K. 헌병/경찰 MC 싸이카 제작기 #9	268	24	18
https://m.cafe.naver.com/ca-fe/web/cafes/10503958/articles/399731	아산곰씨: 타콤 1/16 1호전차 B입니다.	167	10	0
https://m.cafe.naver.com/ca-fe/web/cafes/10503958/articles/399725	dolph: 라이필드 1/48 M-ATV	366	14	4
https://m.cafe.naver.com/ca-fe/web/cafes/10503958/articles/399718	쿠르트 크니스펠: IDF M163 마크벳(Machbet)조립 완료	350	23	16
https://m.cafe.naver.com/ca-fe/web/cafes/10503958/articles/399709	조립가: 아카데미 1/35 K511A1 킷을 K511로 조립하기 #2	696	19	6
https://m.cafe.naver.com/ca-fe/web/cafes/10503958/articles/399704	탐탐: KV-1 (Academy, 1/35)-2	183	17	11
https://m.cafe.naver.com/ca-fe/web/cafes/10503958/articles/399698	예비역하사 Pusan: TAMIYA 1/48 M4A1 SHERMAN TANK 제작기입니다. #3	148	7	4
https://m.cafe.naver.com/ca-fe/web/cafes/10503958/articles/399693	박은철: 아카데미 1/35 T34/85 우랄공장 N183	290	12	8
https://m.cafe.naver.com/ca-fe/web/cafes/10503958/articles/399690	Phantom: 1/35 Liam 3D R.O.K. 헌병/경찰 MC 싸이카 제작기 #8	271	25	18
https://m.cafe.naver.com/ca-fe/web/cafes/10503958/articles/399685	DORI: [작업기] K1 ARV (구난전차) 제작기 #9 (Liam 3D)	134	12	7
https://m.cafe.naver.com/ca-fe/web/cafes/10503958/articles/399662	141오퍼레이터: 타미야 미 해병대 M60A1 RISE  걸프전 사양 만들기(도색)	155	6	1
https://m.cafe.naver.com/ca-fe/web/cafes/10503958/articles/399633	다이버킴: 참고하세요^^	647	18	6
https://m.cafe.naver.com/ca-fe/web/cafes/10503958/articles/399627	탐탐: KV-1 (Academy, 1/35)-1	213	12	4
https://m.cafe.naver.com/ca-fe/web/cafes/10503958/articles/399604	까도: 한미연합해병대 제작기	865	34	23
https://m.cafe.naver.com/ca-fe/web/cafes/10503958/articles/399302	뒷풀이: 1/16  SU 100	174	7	2
https://m.cafe.naver.com/ca-fe/web/cafes/10503958/articles/399301	뒷풀이: 1/16 하노마그	204	5	2
https://m.cafe.naver.com/ca-fe/web/cafes/10503958/articles/399300	뒷풀이: 올해 이것 만은 꼭 완성하겠습니다	185	11	6
https://m.cafe.naver.com/ca-fe/web/cafes/10503958/articles/399292	예비역하사 Pusan: TAMIYA 1/48 M4A1 SHERMAN TANK 제작기입니다#1	272	10	6
https://m.cafe.naver.com/ca-fe/web/cafes/10503958/articles/399282	쿠르트 크니스펠: RFM M50 슈퍼 셔먼 제작기(2)	736	28	20
https://m.cafe.naver.com/ca-fe/web/cafes/10503958/articles/399238	Phantom: 1/35 크로바모형 R.O.K. ARMY 4성장군 에쿠스 제작기 #5	644	31	31
https://m.cafe.naver.com/ca-fe/web/cafes/10503958/articles/399225	Free모델: 쾰른의 판터 제작전 약간의 연습	181	11	1
https://m.cafe.naver.com/ca-fe/web/cafes/10503958/articles/399221	조립가: 아카데미 1/35 K511A1 킷을 K511로 조립하기	774	16	8
https://m.cafe.naver.com/ca-fe/web/cafes/10503958/articles/399208	취미입니다: K808시리즈 나토3색,MERDC패턴 (실차사진 첨부)	409	14	1
https://m.cafe.naver.com/ca-fe/web/cafes/10503958/articles/399202	브란덴부르크: 아카데미 M51 슈퍼셔먼 제작중	1616	62	22
https://m.cafe.naver.com/ca-fe/web/cafes/10503958/articles/399184	어린시절 추억: RFM Jagdpanther G2 full interior - 주의(사진 많음)	246	12	11
https://m.cafe.naver.com/ca-fe/web/cafes/10503958/articles/399138	Phantom: 1/35 크로바모형 R.O.K. ARMY 4성장군 에쿠스 제작기 #4	970	33	20
https://m.cafe.naver.com/ca-fe/web/cafes/10503958/articles/399127	아산곰씨: 1/35 M114A1 곡사포 조립완료 했습니다.	365	19	6
https://m.cafe.naver.com/ca-fe/web/cafes/10503958/articles/399087	Phantom: 1/35 크로바모형 R.O.K. ARMY 4성장군 에쿠스 제작기 #3	520	22	18
https://m.cafe.naver.com/ca-fe/web/cafes/10503958/articles/399086	아듀: 아카데미 메르카바	376	15	5
https://m.cafe.naver.com/ca-fe/web/cafes/10503958/articles/399081	독성지 천안호랑이: 아카데미과학 티거 내부재현 제작기ㅡ4	313	12	12
https://m.cafe.naver.com/ca-fe/web/cafes/10503958/articles/399063	탐탐: M792 Gama Goat (Tamiya, 1/35) - 1	181	13	10
https://m.cafe.naver.com/ca-fe/web/cafes/10503958/articles/398671	산바람: 올리판트 도색#2	213	24	10
https://m.cafe.naver.com/ca-fe/web/cafes/10503958/articles/398659	브란덴부르크: 하이브리드 M51 수퍼셔먼 먹선 작업	365	17	11
https://m.cafe.naver.com/ca-fe/web/cafes/10503958/articles/398610	다쓰붸이다: M48A3("Old soldiers never die, They just fade away.")...#2.	196	15	4
https://m.cafe.naver.com/ca-fe/web/cafes/10503958/articles/398592	서산 똥손후니: 아카데미 K808	589	21	6
https://m.cafe.naver.com/ca-fe/web/cafes/10503958/articles/398582	대곶의 사나이: 아카데미 야크트판터 제작중!	784	34	19
https://m.cafe.naver.com/ca-fe/web/cafes/10503958/articles/398557	탐탐: Patton's Command Car (AFV Club, 1/35)-2	161	16	2
https://m.cafe.naver.com/ca-fe/web/cafes/10503958/articles/398556	서산 똥손후니: 아카데미 K808	628	19	11
https://m.cafe.naver.com/ca-fe/web/cafes/10503958/articles/398511	피자감자칩: 레오파르트2A7V 제작기(포탑 도색)	506	30	13
https://m.cafe.naver.com/ca-fe/web/cafes/10503958/articles/398506	탐탐: Panzer II Ausf.F (Academy, 1/35)-1	204	11	4
https://m.cafe.naver.com/ca-fe/web/cafes/10503958/articles/398489	다쓰붸이다: M48A3...#1.	226	11	3
https://m.cafe.naver.com/ca-fe/web/cafes/10503958/articles/398487	형팔이: 판다모델 38t	201	12	1
https://m.cafe.naver.com/ca-fe/web/cafes/10503958/articles/398470	피자감자칩: 레오파르트2A7V 제작기 (차체도색)	375	19	4
https://m.cafe.naver.com/ca-fe/web/cafes/10503958/articles/398459	다쓰붸이다: 세상 흉악한 영국전차 파이어플라이...#2.	330	14	13
https://m.cafe.naver.com/ca-fe/web/cafes/10503958/articles/398458	레흐: 보더모형 4호전차 J 형 후기형 조립	230	12	10
https://m.cafe.naver.com/ca-fe/web/cafes/10503958/articles/398420	성더슨: British 25Pdr.Field Gun & Quad Gun Tractor (영국 25파운드 야전포 및 사중포 트랙터 ) 기본조립 완료~	206	16	20
https://m.cafe.naver.com/ca-fe/web/cafes/10503958/articles/398418	산바람: 올리판트 도색 #1	313	20	6
https://m.cafe.naver.com/ca-fe/web/cafes/10503958/articles/398413	Phantom: 1/35 Liam 3D R.O.K. 헌병/경찰 MC 싸이카 리뷰	495	30	29
https://m.cafe.naver.com/ca-fe/web/cafes/10503958/articles/398412	141오퍼레이터: 1/35 타미야 M1A2를 M1A1 미해병대 이라크전 사양 제작기 (7)전차와 트랙 데칼작업	179	7	3
https://m.cafe.naver.com/ca-fe/web/cafes/10503958/articles/398406	쿠르트 크니스펠: 즈베즈다 4호전차 E형 만들기 (하비페어 25년 한정판) -상-	581	18	17
https://m.cafe.naver.com/ca-fe/web/cafes/10503958/articles/398008	대곶의 사나이: k1a1기본위장완료	206	14	6
https://m.cafe.naver.com/ca-fe/web/cafes/10503958/articles/397997	어린시절 추억: RFM 4호전차 J형 풀 인테리어(Pz.Kpfw.IV Ausf.J Late Production wFull Interior & Workable Tracks) - 사진 많음	210	17	8
https://m.cafe.naver.com/ca-fe/web/cafes/10503958/articles/397979	피자감자칩: 레오파르트 2A7V 한국군 도입형	561	17	4
https://m.cafe.naver.com/ca-fe/web/cafes/10503958/articles/397940	대곶의 사나이: 아카데미 국군시리즈 k1a1 도색중.	594	22	12
https://m.cafe.naver.com/ca-fe/web/cafes/10503958/articles/397930	탱크맨: T-34/85 (D-T5) 드미트리 돈스코이 - 02	167	8	4
https://m.cafe.naver.com/ca-fe/web/cafes/10503958/articles/397925	서산 곰손후니: 아카데미 티이거1 내부재현	224	10	3
https://m.cafe.naver.com/ca-fe/web/cafes/10503958/articles/397919	서산 곰손후니: 타미야 M8 그레이하운드	257	10	21
https://m.cafe.naver.com/ca-fe/web/cafes/10503958/articles/397918	독성지 천안호랑이: 타이거1 내부재현 제작기ㅡ2	378	9	11
https://m.cafe.naver.com/ca-fe/web/cafes/10503958/articles/397894	DORI: [작업기] K1 ARV (구난전차) 제작기 #4 (Liam 3D)	161	9	2
https://m.cafe.naver.com/ca-fe/web/cafes/10503958/articles/397887	쿠르트 크니스펠: RFM 4호전차 J형 만들기 (완료)	667	27	34
https://m.cafe.naver.com/ca-fe/web/cafes/10503958/articles/397872	박은철: 즈베즈다 킹타이거 + 미니홈 에칭	465	16	20
https://m.cafe.naver.com/ca-fe/web/cafes/10503958/articles/397849	DORI: [작업기] 2025.11.29. ( K351C1 & K1 ARV)	117	9	5
https://m.cafe.naver.com/ca-fe/web/cafes/10503958/articles/397848	대곶의 사나이: 아카데이k1a1. 조립중	238	18	14
https://m.cafe.naver.com/ca-fe/web/cafes/10503958/articles/397846	매니악7: 드래곤 t34 동부전선	311	13	16
https://m.cafe.naver.com/ca-fe/web/cafes/10503958/articles/397802	독성지 천안호랑이: 타이거1내부재현 제작기ㅡ1	195	5	8
https://m.cafe.naver.com/ca-fe/web/cafes/10503958/articles/397795	shinshin: 오늘도 한다 도색을!	366	20	14
https://m.cafe.naver.com/ca-fe/web/cafes/10503958/articles/397781	박은철: 라이필드 킹타이거궤도조립	520	19	15
https://m.cafe.naver.com/ca-fe/web/cafes/10503958/articles/397760	갑쓰: 아카데미 1/72 밀리터리 좋네요	904	18	3
https://m.cafe.naver.com/ca-fe/web/cafes/10503958/articles/397704	탐탐: German s.10cm Kanone 18 (Dragon, 1/35)-1	339	28	10
https://m.cafe.naver.com/ca-fe/web/cafes/10503958/articles/397614	박은철: 라이필드모델 4호전차 후기형 궤도.	344	13	4
https://m.cafe.naver.com/ca-fe/web/cafes/10503958/articles/397097	루터: 야크트 m113 만들기 4	241	11	3
https://m.cafe.naver.com/ca-fe/web/cafes/10503958/articles/397094	애머슨 35미리: 1/35 M966 2부-차체 조립	153	5	0
https://m.cafe.naver.com/ca-fe/web/cafes/10503958/articles/397088	애머슨 35미리: 1/35 M966 1부-하부 조립	192	5	1
https://m.cafe.naver.com/ca-fe/web/cafes/10503958/articles/397081	애머슨 35미리: 1/35 M1025 1부-GPK/강철문	164	3	1
https://m.cafe.naver.com/ca-fe/web/cafes/10503958/articles/397077	보슨스메이트: 타미야 1/35 M41 워커 불독 기관총 교체작업	201	9	5
https://m.cafe.naver.com/ca-fe/web/cafes/10503958/articles/397042	Phantom: (총탑 마무리) 1/35 I♡Kit LVSR MKR18 + Def model Wheel set 제작기#62	389	38	18
https://m.cafe.naver.com/ca-fe/web/cafes/10503958/articles/397036	대곶의 사나이: k21기본위장및 데칼완료.	331	26	18
https://m.cafe.naver.com/ca-fe/web/cafes/10503958/articles/397029	압둘라: M1A1 abrams 우크라이나 버전	192	12	5
https://m.cafe.naver.com/ca-fe/web/cafes/10503958/articles/397018	shinshin: 타미야 1/35 Kv-1 제작기	200	23	6
https://m.cafe.naver.com/ca-fe/web/cafes/10503958/articles/396985	DORI: [작업기] K1 ARV (구난전차) 제작기 #1 (Liam 3D)	144	15	3
https://m.cafe.naver.com/ca-fe/web/cafes/10503958/articles/396961	shinshin: 타미야 1/35 프랑스 경탱크 R35	197	10	6
https://m.cafe.naver.com/ca-fe/web/cafes/10503958/articles/396897	대곶의 사나이: k21 조립완료. 기본칠완료.	277	13	4
https://m.cafe.naver.com/ca-fe/web/cafes/10503958/articles/396895	라이훈: 1/35....3호인줄 알고샀는디...4호...ㅜㅜ	239	11	3
https://m.cafe.naver.com/ca-fe/web/cafes/10503958/articles/396881	조립가: 아카데미 1/35 K311A1 붓도색 #2 인형 완성	397	14	8
https://m.cafe.naver.com/ca-fe/web/cafes/10503958/articles/396878	쿠르트 크니스펠: Berge tiger(P) 만들기 (완료)	373	19	16
https://m.cafe.naver.com/ca-fe/web/cafes/10503958/articles/396860	초보곰손아재: [1/35] LeFH18M 10.5cm HOWITZER / AFVCLUB	254	12	11
https://m.cafe.naver.com/ca-fe/web/cafes/10503958/articles/396858	Phantom: (베이스 안착) 1/35 I♡Kit LVSR MKR18 + Def model Wheel set 제작기#59	319	33	19
https://m.cafe.naver.com/ca-fe/web/cafes/10503958/articles/396827	Phantom: (실수 대잔치2) 1/35 I♡Kit LVSR MKR18 + Def model Wheel set 제작기#58	312	28	22
https://m.cafe.naver.com/ca-fe/web/cafes/10503958/articles/396493	Phantom: (캐빈도킹, 멘붕의 서막) 1/35 I♡Kit LVSR MKR18 + Def model Wheel set 제작기#50	253	25	18
https://m.cafe.naver.com/ca-fe/web/cafes/10503958/articles/396482	산바람: SA-9 개스킨 작업기	131	17	8
https://m.cafe.naver.com/ca-fe/web/cafes/10503958/articles/396469	하늘색: 2식 카미를 만들고 있습니다	163	7	2
https://m.cafe.naver.com/ca-fe/web/cafes/10503958/articles/396461	김수웅: 1/35 [타미야] 독일 6x4 Truck Krupp Protze-w3Figures 제작기 #8	759	47	19
https://m.cafe.naver.com/ca-fe/web/cafes/10503958/articles/396447	Phantom: (등화류작업2) 1/35 I♡Kit LVSR MKR18 + Def model Wheel set 제작기#49	307	27	20
https://m.cafe.naver.com/ca-fe/web/cafes/10503958/articles/396401	대곶의 사나이: 아카데미k9. 기본조립및 단색완료.	316	13	12
https://m.cafe.naver.com/ca-fe/web/cafes/10503958/articles/396398	브란덴부르크: 월동준비 중입니다 ㅋ	490	24	16
https://m.cafe.naver.com/ca-fe/web/cafes/10503958/articles/396395	Phantom: (등화류작업1) 1/35 I♡Kit LVSR MKR18 + Def model Wheel set 제작기#48	312	31	38
https://m.cafe.naver.com/ca-fe/web/cafes/10503958/articles/396394	폐인희동이: 아카데미 M3 Stuart RC 개조 영상	255	19	19
https://m.cafe.naver.com/ca-fe/web/cafes/10503958/articles/396393	쿠르트 크니스펠: 라이필드모델 T-80UK 제작기(완료)	824	31	12
https://m.cafe.naver.com/ca-fe/web/cafes/10503958/articles/396383	푸르름도 깊어져83: 아카데미 T34/76전차 도색	177	12	0
https://m.cafe.naver.com/ca-fe/web/cafes/10503958/articles/396363	예비역하사 Pusan: TRUMPETER 1:35 ROK ARMY K1 TANK 제작기입니다. #5	307	20	6
https://m.cafe.naver.com/ca-fe/web/cafes/10503958/articles/396327	쿠르트 크니스펠: 라이필드모델 T-80UK 제작기(2)	549	18	8
https://m.cafe.naver.com/ca-fe/web/cafes/10503958/articles/396300	jump7221: 통드 1/16 M113 내부재현 개조^^	204	12	2
https://m.cafe.naver.com/ca-fe/web/cafes/10503958/articles/396296	프라하는아빠: K1A1 k9A1 제작 중입니다.	348	15	9
https://m.cafe.naver.com/ca-fe/web/cafes/10503958/articles/396293	예비역하사 Pusan: AFV제작기] TRUMPETER 1:35 ROK ARMY K1 TANK 제작기입니다. #4	439	22	20
https://m.cafe.naver.com/ca-fe/web/cafes/10503958/articles/396289	Phantom: (세부도색2) 1/35 I♡Kit LVSR MKR18 + Def model Wheel set 제작기#45	482	31	25
https://m.cafe.naver.com/ca-fe/web/cafes/10503958/articles/396285	린린랑랑: 라이필드 타이거는 좋군요	802	20	12
https://m.cafe.naver.com/ca-fe/web/cafes/10503958/articles/395884	대곶의 사나이: 아카데미 흑표 조립끝.	316	13	6
https://m.cafe.naver.com/ca-fe/web/cafes/10503958/articles/395797	브란덴부르크: 월동준비 - 아카데미 1/35 해병 셔먼 및 쉐리던 초벌 도색	579	29	16
https://m.cafe.naver.com/ca-fe/web/cafes/10503958/articles/395780	쿠르트 크니스펠: 보더모델 4호구축전차 L/70(V) + 동부용 궤도  -완료-	463	24	15
https://m.cafe.naver.com/ca-fe/web/cafes/10503958/articles/395711	예비역하사 Pusan: TRUMPETER 1:35 ROK ARMY K1 TANK 제작기입니다. #1	976	25	24
https://m.cafe.naver.com/ca-fe/web/cafes/10503958/articles/395703	Phantom: (캐빈마무리) 1/35 I♡Kit LVSR MKR18 + Def model Wheel set 제작기#37	285	34	14
https://m.cafe.naver.com/ca-fe/web/cafes/10503958/articles/395690	체어맨님: [재도색-작업중] 타미야 1/35 T-34/76 1943 독일군 노획형 #002-기본색칠	210	13	2
https://m.cafe.naver.com/ca-fe/web/cafes/10503958/articles/395624	Phantom: (후방LED작업) 1/35 I♡Kit LVSR MKR18 + Def model Wheel set 제작기#36	309	25	27
https://m.cafe.naver.com/ca-fe/web/cafes/10503958/articles/395578	Phantom: (방탄유리제작) 1/35 I♡Kit LVSR MKR18 + Def model Wheel set 제작기#35	189	24	27
https://m.cafe.naver.com/ca-fe/web/cafes/10503958/articles/395535	체어맨님: [재도색-작업중] 타미야 1/35 T-34/76 1943 독일군 노획형 #001	150	10	1
https://m.cafe.naver.com/ca-fe/web/cafes/10503958/articles/395528	대곶의 사나이: 4호전차 기본도장완료.	255	21	11
https://m.cafe.naver.com/ca-fe/web/cafes/10503958/articles/395525	성더슨: 기본조립만 마쳐둔 FV4005..... 봐도 봐도  세상 흉악스러운 영국놈들이 만든게 맞네요.	217	15	8
https://m.cafe.naver.com/ca-fe/web/cafes/10503958/articles/395522	김수웅: 1/35 [타미야] 독일 6x4 Truck Krupp Protze-w3Figures 제작기 #5	187	26	21
https://m.cafe.naver.com/ca-fe/web/cafes/10503958/articles/395487	린린랑랑: 조립이 점점 힘들어 집니다	366	15	5
https://m.cafe.naver.com/ca-fe/web/cafes/10503958/articles/395473	성더슨: 시상 숭악스러운 FV4005... 오늘은 여기까지~	208	12	10
https://m.cafe.naver.com/ca-fe/web/cafes/10503958/articles/395464	Alex Lim: Alex Lim의 아카데미과학제 1:35 K9 자주포 제작기 [Part 7. 포탑 및 주포 제작(3) 및 완성]	234	9	15
https://m.cafe.naver.com/ca-fe/web/cafes/10503958/articles/395460	쿠르트 크니스펠: 하비보스 메르카바Mk3D+ 멩 Mk3용 마인롤러 -조립 완료-	244	12	6
https://m.cafe.naver.com/ca-fe/web/cafes/10503958/articles/395455	Alex Lim: Alex Lim의 아카데미과학제 1:35 K9 자주포 제작기 [Part 6. 포탑 및 주포 제작 (2)]	303	12	18
https://m.cafe.naver.com/ca-fe/web/cafes/10503958/articles/395052	나노회장: K2 제작기	195	9	4
https://m.cafe.naver.com/ca-fe/web/cafes/10503958/articles/395048	쿠르트 크니스펠: 하비보스 IDF Puma AEV 제작기 -2-	411	20	8
https://m.cafe.naver.com/ca-fe/web/cafes/10503958/articles/395037	DaMeYa: 블리츠 같은 소리하네...(오랜만에 정보공유차원글입니다.)	642	15	16
https://m.cafe.naver.com/ca-fe/web/cafes/10503958/articles/395035	흑담: 두번째 베이스 작업 과정 (사진 많음)	316	29	30
https://m.cafe.naver.com/ca-fe/web/cafes/10503958/articles/395019	린린랑랑: 가끔 실망합니다	512	12	13
https://m.cafe.naver.com/ca-fe/web/cafes/10503958/articles/394993	Phantom: (LED작업) 1/35 I♡Kit LVSR MKR18 + Def model Wheel set 제작기#32	256	32	33
https://m.cafe.naver.com/ca-fe/web/cafes/10503958/articles/394991	프런트라인: 독소전 디오라마 작업기	211	10	7
https://m.cafe.naver.com/ca-fe/web/cafes/10503958/articles/394985	shinshin: 타미야 SU-85 구축탱크	216	9	4
https://m.cafe.naver.com/ca-fe/web/cafes/10503958/articles/394976	쿠르트 크니스펠: 하비보스 IDF Puma AEV  제작기 -1-	307	22	9
https://m.cafe.naver.com/ca-fe/web/cafes/10503958/articles/394963	김수웅: 1/35 [타미야] 독일 6x4 Truck Krupp Protze-w3Figures 제작기 #3	318	31	17
https://m.cafe.naver.com/ca-fe/web/cafes/10503958/articles/394923	Phantom: (실내도색) 1/35 I♡Kit LVSR MKR18 + Def model Wheel set 제작기#31	175	23	18
https://m.cafe.naver.com/ca-fe/web/cafes/10503958/articles/394921	shinshin: Tamiya 1/35 "Wespe 자주포" 제작기	305	18	6
https://m.cafe.naver.com/ca-fe/web/cafes/10503958/articles/394889	브란덴부르크: 1/16 다스베르크 레오파르트2A7V 나토삼색 기본도색 완료	662	29	39
https://m.cafe.naver.com/ca-fe/web/cafes/10503958/articles/394879	흑담: [WIP] 베이스 제작중	239	21	23
https://m.cafe.naver.com/ca-fe/web/cafes/10503958/articles/394874	Phantom: (캐빈도색3) 1/35 I♡Kit LVSR MKR18 + Def model Wheel set 제작기#30	170	23	20
https://m.cafe.naver.com/ca-fe/web/cafes/10503958/articles/394873	Alex Lim: Alex Lim의 아카데미과학제 1:35 K9 자주포 제작기 [Part 3. 차체 하부 기동파트 마무리 및 뒷문 해치 작업, 궤도 장착]	223	15	16
https://m.cafe.naver.com/ca-fe/web/cafes/10503958/articles/394862	lbr: 1/16 M3A1 하프트럭 오늘의 진행	149	7	0
https://m.cafe.naver.com/ca-fe/web/cafes/10503958/articles/394850	백향: 타미야 1/35 4호전차 G형 #1	242	17	5
https://m.cafe.naver.com/ca-fe/web/cafes/10503958/articles/394842	최정규: STURER EMIL 1/35 트럼페트	342	20	10
https://m.cafe.naver.com/ca-fe/web/cafes/10503958/articles/394822	141오퍼레이터: 타미야 1/35 M60A1 제작보고 입니다.	311	10	3
https://m.cafe.naver.com/ca-fe/web/cafes/10503958/articles/394493	최정규: ah1z 샤크마우스	260	9	2
https://m.cafe.naver.com/ca-fe/web/cafes/10503958/articles/394492	Phantom: (지붕 제작1) 1/35 I♡Kit LVSR MKR18 + Def model Wheel set 제작기#24	264	27	32
https://m.cafe.naver.com/ca-fe/web/cafes/10503958/articles/394443	Phantom: (장갑캐빈 디테일업3) 1/35 I♡Kit LVSR MKR18 + Def model Wheel set 제작기#23	214	23	36
https://m.cafe.naver.com/ca-fe/web/cafes/10503958/articles/394396	시뇨: 첨 접하는 대물 AFV, 타콤 Wiesel Mk20	439	28	36
https://m.cafe.naver.com/ca-fe/web/cafes/10503958/articles/394383	브란덴부르크: 다스베르크 1/16 레오파르트2 조립, 도색 준비완료	707	45	39
https://m.cafe.naver.com/ca-fe/web/cafes/10503958/articles/394382	Phantom: (장갑캐빈 디테일업2) 1/35 I♡Kit LVSR MKR18 + Def model Wheel set 제작기#22	231	25	27
https://m.cafe.naver.com/ca-fe/web/cafes/10503958/articles/394362	쿠르트 크니스펠: Amusing hobby "Centurion Action X" 제작기 -2- 조립완료	361	18	17
https://m.cafe.naver.com/ca-fe/web/cafes/10503958/articles/394329	야마토: K2 흑표 48/1 완성	304	7	0
https://m.cafe.naver.com/ca-fe/web/cafes/10503958/articles/394317	DORI: [작업기] K600 (장애물개척전차) 제작기 #12	232	29	17
https://m.cafe.naver.com/ca-fe/web/cafes/10503958/articles/394262	DORI: [Review]K715 Tractor Trailer (Liam 3D)	149	13	1
https://m.cafe.naver.com/ca-fe/web/cafes/10503958/articles/394246	Alex Lim: Alex Lim의 아카데미과학제 1:35 K9 자주포 제작기 [Part 1. 차체 하부 기동파트 조립 (지지롤러)]	234	13	8
https://m.cafe.naver.com/ca-fe/web/cafes/10503958/articles/394244	최정규: 3대 완성	215	8	4
https://m.cafe.naver.com/ca-fe/web/cafes/10503958/articles/394200	니오: 라이필드  m1a2 sep v3 제작 막바지	798	43	30
https://m.cafe.naver.com/ca-fe/web/cafes/10503958/articles/394196	최정규: 한국군 카고 패튼 k9 3대	475	14	2
https://m.cafe.naver.com/ca-fe/web/cafes/10503958/articles/394185	체어맨님: [작업중] 아카데미 1/35 M47 PATTON "ROK Marine Corps" #005-색칠작업중	311	15	3
https://m.cafe.naver.com/ca-fe/web/cafes/10503958/articles/394167	노안 초보: 초보에게는 어려운 아카데미 셔먼..ㅜㅜ	465	14	17
https://m.cafe.naver.com/ca-fe/web/cafes/10503958/articles/394151	브란덴부르크: 이탈레리 1/35 지프 제작중입니다.	519	34	34
https://m.cafe.naver.com/ca-fe/web/cafes/10503958/articles/394147	김수웅: 1/35 [타미야] 독일 6x4 Truck Krupp Protze-w3Figures 제작기 #1	415	21	19
https://m.cafe.naver.com/ca-fe/web/cafes/10503958/articles/394143	최정규: 한국군 3대 도색중	226	8	4
https://m.cafe.naver.com/ca-fe/web/cafes/10503958/articles/393521	dolph: 아카데미 1/35 M1151	648	20	22
https://m.cafe.naver.com/ca-fe/web/cafes/10503958/articles/393515	hanjo76: K200a1, M113계열 궤도 3D모델링 제작..	264	16	4
https://m.cafe.naver.com/ca-fe/web/cafes/10503958/articles/393510	dolph: 아카데미 1/35 M1151	572	19	27
https://m.cafe.naver.com/ca-fe/web/cafes/10503958/articles/393497	톰켓: (TAMIYA) M4A3 Sherman 75mm Gun	454	38	6
https://m.cafe.naver.com/ca-fe/web/cafes/10503958/articles/393469	톰켓: (Fredom modelkit) 1/16 KETTENKRAFTRAD #1	194	10	5
https://m.cafe.naver.com/ca-fe/web/cafes/10503958/articles/393459	아티반: 라이필드모델 3호 전차 (2)	338	20	2
https://m.cafe.naver.com/ca-fe/web/cafes/10503958/articles/393451	하얀 담비: 1/35 kv-2 독일군 노획 사양 작업중	266	29	17
https://m.cafe.naver.com/ca-fe/web/cafes/10503958/articles/393447	체어맨님: [작업중] 아카데미 1/35 M47 PATTON "ROK Marine Corps" #004-색칠시작	172	10	0
https://m.cafe.naver.com/ca-fe/web/cafes/10503958/articles/393380	shinshin: 타미야 T34 /76 망한거 같습니다	204	13	7
https://m.cafe.naver.com/ca-fe/web/cafes/10503958/articles/393375	쇼와비행기: 1/35 타콤 타이거-1초기형	196	13	1
https://m.cafe.naver.com/ca-fe/web/cafes/10503958/articles/393365	dolph: 아카데미 1/35 m1151	276	10	8
https://m.cafe.naver.com/ca-fe/web/cafes/10503958/articles/393293	쑤안: 아카데미 1/72 AFV 시리즈 도색준비	541	14	5
https://m.cafe.naver.com/ca-fe/web/cafes/10503958/articles/393285	schachmeister: 1/16 극초기형 티거 차체 제작기	284	6	2
https://m.cafe.naver.com/ca-fe/web/cafes/10503958/articles/393280	Phantom: (암 배관 다시 제작!) 1/35 I♡Kit LVSR MKR18 + Def model Wheel set 제작기#15	640	26	28
https://m.cafe.naver.com/ca-fe/web/cafes/10503958/articles/393236	16전차: AFV제작기] 아카 타이거 후기형+가동식 궤도#2	276	13	2
https://m.cafe.naver.com/ca-fe/web/cafes/10503958/articles/393229	hanjo76: K55a1 , M2 , aav-7a1 용 궤도 제작	290	15	12
https://m.cafe.naver.com/ca-fe/web/cafes/10503958/articles/393217	Phantom: (후면부 마무리) 1/35 I♡Kit LVSR MKR18 + Def model Wheel set 제작기#14	283	29	21
https://m.cafe.naver.com/ca-fe/web/cafes/10503958/articles/393204	뿌릉: 아카데미 K21보병 장갑차 완성.	1191	45	28
https://m.cafe.naver.com/ca-fe/web/cafes/10503958/articles/393184	top0421: 아카데미 1:35 I.M.F MEDIUM TANK M-51 SUPER SHERMAN 제작기-데칼링	200	11	4
https://m.cafe.naver.com/ca-fe/web/cafes/10503958/articles/393172	top0421: 아카데미 1:35 I.M.F MEDIUM TANK M-51 SUPER SHERMAN 제작기-최종 조립(수정)	340	17	9
https://m.cafe.naver.com/ca-fe/web/cafes/10503958/articles/392650	브란덴부르크: 이제는 1/35가 작고 귀엽게 보입니다	1962	33	27
https://m.cafe.naver.com/ca-fe/web/cafes/10503958/articles/392644	Phantom: 1/35 I♡Kit LVSR MKR18 + Def model Wheel set 제작기#8	225	19	24
https://m.cafe.naver.com/ca-fe/web/cafes/10503958/articles/392600	톰켓: (브롱코) German Land-Wasser-Schlepper #5	331	30	15
https://m.cafe.naver.com/ca-fe/web/cafes/10503958/articles/392596	Phantom: 1/35 I♡Kit LVSR MKR18 + Def model Wheel set 제작기#7	240	26	22
https://m.cafe.naver.com/ca-fe/web/cafes/10503958/articles/392576	dolph: 아카데미 1/35 M2A2 브레들리	192	9	3
https://m.cafe.naver.com/ca-fe/web/cafes/10503958/articles/392574	브란덴부르크: 1:35 아카데미 M51 짬뽕 슈퍼셔먼 도색	1642	46	26
https://m.cafe.naver.com/ca-fe/web/cafes/10503958/articles/392562	라우라라: RC Pzh2000 제작 Part.2 (파워팩 마무리)	170	5	0
https://m.cafe.naver.com/ca-fe/web/cafes/10503958/articles/392538	체어맨님: [작업중] 아카데미 1/35 M47 PATTON "ROK Marine Corps" #002-조립중	208	11	4
https://m.cafe.naver.com/ca-fe/web/cafes/10503958/articles/392529	노프: 프라가 즐겁습니다.	268	4	8
https://m.cafe.naver.com/ca-fe/web/cafes/10503958/articles/392525	dolph: 아카데미 1/35 M2A2 브레들리	208	12	11
https://m.cafe.naver.com/ca-fe/web/cafes/10503958/articles/392522	체어맨님: [작업중] 아카데미 1/35 M47 PATTON "ROK Marine Corps" #001	222	8	3
https://m.cafe.naver.com/ca-fe/web/cafes/10503958/articles/392489	dolph: 아카데미 M2A2 브레들리	272	9	8
https://m.cafe.naver.com/ca-fe/web/cafes/10503958/articles/392485	아티반: 라이필드모델 3호 전차 (1)	403	17	4
https://m.cafe.naver.com/ca-fe/web/cafes/10503958/articles/392470	Alex Lim: Alex Lim의 아카데미과학제 1:35 T-34-85 우랄공장제 제작기 [Part 4. 포탑 작업 및 마무리 & 완성]	269	17	12
https://m.cafe.naver.com/ca-fe/web/cafes/10503958/articles/392468	쿠르트 크니스펠: VK.30.01(P) 제작	245	12	11
https://m.cafe.naver.com/ca-fe/web/cafes/10503958/articles/392459	뿌릉: 아카데미 K21 작업 및 리프레쉬.	311	20	5
https://m.cafe.naver.com/ca-fe/web/cafes/10503958/articles/392457	시뇨: 셔먼 칼리오페 컨버전- 란모모델 리뷰	996	32	23
https://m.cafe.naver.com/ca-fe/web/cafes/10503958/articles/392456	브란덴부르크: 미군 ACU 화강암 패턴에 도전해 봤습니다.	2437	42	23
https://m.cafe.naver.com/ca-fe/web/cafes/10503958/articles/392454	톰켓: (브롱코) German Land-Wasser-Schlepper #4	223	12	9
https://m.cafe.naver.com/ca-fe/web/cafes/10503958/articles/392451	Phantom: 1/35 I♡Kit LVSR MKR18 + Def model Wheel set 제작기#6	173	24	23
https://m.cafe.naver.com/ca-fe/web/cafes/10503958/articles/391902	톰켓: (브롱코) German Land-Wasser-Schlepper #3	290	17	3
https://m.cafe.naver.com/ca-fe/web/cafes/10503958/articles/391900	Phantom: (로켓포드 도색)1/35 Foreart USMC M142 HIMARS 제작기 #28	472	37	36
https://m.cafe.naver.com/ca-fe/web/cafes/10503958/articles/391888	마포종점: 어느 정도 구색을 맞추고 있는데	134	3	0
https://m.cafe.naver.com/ca-fe/web/cafes/10503958/articles/391881	Morulㅣ이현우: 아카데미 M8 그레이하운드 도색!	380	16	4
https://m.cafe.naver.com/ca-fe/web/cafes/10503958/articles/391878	하늘색: 폴란드 경전차 프라를 만들고 있습니다	227	15	12
https://m.cafe.naver.com/ca-fe/web/cafes/10503958/articles/391856	Youboy: 아카데미 1/35 T-34-85 "베를린 전투" 작업기	570	38	10
https://m.cafe.naver.com/ca-fe/web/cafes/10503958/articles/391854	Phantom: (로켓포드 작업2)1/35 Foreart USMC M142 HIMARS 제작기 #27	239	24	32
https://m.cafe.naver.com/ca-fe/web/cafes/10503958/articles/391829	린린랑랑: 1/35 트럼페터 su-152	241	10	4
https://m.cafe.naver.com/ca-fe/web/cafes/10503958/articles/391806	Morulㅣ이현우: 벌지전투 디오라마 제작기	319	18	10
https://m.cafe.naver.com/ca-fe/web/cafes/10503958/articles/391796	풍덕장어: 1/35 amusinghobby leopard2a8 제작기1.	395	28	12
https://m.cafe.naver.com/ca-fe/web/cafes/10503958/articles/391793	Phantom: (로켓포드 작업)1/35 Foreart USMC M142 HIMARS 제작기 #26	339	26	31
https://m.cafe.naver.com/ca-fe/web/cafes/10503958/articles/391751	Phantom: (베이스작업)1/35 Foreart USMC M142 HIMARS 제작기 #25	270	29	31
https://m.cafe.naver.com/ca-fe/web/cafes/10503958/articles/391750	민이얌: 1/72  MERKAVA Mk.4M 제작기 - 2	102	9	6
https://m.cafe.naver.com/ca-fe/web/cafes/10503958/articles/391722	산바람: LAV-AD 도색중입니다.	270	20	7
https://m.cafe.naver.com/ca-fe/web/cafes/10503958/articles/391693	노미다: 아카데미과학 1/72 스트라이커	354	6	5
https://m.cafe.naver.com/ca-fe/web/cafes/10503958/articles/391637	브란덴부르크: 전에 실패 했던 스펀지 치핑에 도전해봤습니다.	640	32	26
https://m.cafe.naver.com/ca-fe/web/cafes/10503958/articles/391636	Phantom: (런처마무리)1/35 Foreart USMC M142 HIMARS 제작기 #24	185	21	20
https://m.cafe.naver.com/ca-fe/web/cafes/10503958/articles/391597	깔롱쳉: 38t 전차 - 블루워싱 및 데칼부착	318	19	10
https://m.cafe.naver.com/ca-fe/web/cafes/10503958/articles/391554	레흐: 아카데미 타이거 1 중기형	341	21	4
https://m.cafe.naver.com/ca-fe/web/cafes/10503958/articles/391545	브란덴부르크: 투명 플라판 처음 써봤네요 ^^ M1A2 총탑 투명부품 작업	459	24	18
https://m.cafe.naver.com/ca-fe/web/cafes/10503958/articles/391058	Phantom: (실내 마무리)1/35 Foreart USMC M142 HIMARS 제작기 #18	404	34	37
https://m.cafe.naver.com/ca-fe/web/cafes/10503958/articles/391037	탐탐: 4호전차 E형 제작기: 3	204	19	4
https://m.cafe.naver.com/ca-fe/web/cafes/10503958/articles/391036	민이얌: 1/72  MERKAVA Mk.4M 제작기 - 1	110	8	2
https://m.cafe.naver.com/ca-fe/web/cafes/10503958/articles/391023	브란덴부르크: Leopard2와의 인연을 대물로 이어갑니다..	675	34	62
https://m.cafe.naver.com/ca-fe/web/cafes/10503958/articles/391022	쑤안: 아카데미 1/72 M1A1 조립완료	440	17	16
https://m.cafe.naver.com/ca-fe/web/cafes/10503958/articles/391018	Phantom: (인형특집) 1/35 Foreart USMC M142 HIMARS 제작기 #17	361	29	30
https://m.cafe.naver.com/ca-fe/web/cafes/10503958/articles/390996	마포종점: 이천원의 행복-도색은 자기 마음대로(타이거-1 전차)	275	2	12
https://m.cafe.naver.com/ca-fe/web/cafes/10503958/articles/390994	쑤안: 아카데미 1/72 레오파드 조립완료	309	12	2
https://m.cafe.naver.com/ca-fe/web/cafes/10503958/articles/390992	탐탐: 4호전차 E형 제작기: 2	246	22	3
https://m.cafe.naver.com/ca-fe/web/cafes/10503958/articles/390978	Phantom: (불을 밝혀라!) 1/35 Foreart USMC M142 HIMARS 제작기 #16	363	32	28
https://m.cafe.naver.com/ca-fe/web/cafes/10503958/articles/390969	Alex Lim: Alex Lim의 아카데미과학제 1:35 T-34-85 우랄공장제 제작기 [Part 1. 차체 하부 조립 및 전륜 조립]	408	24	13
https://m.cafe.naver.com/ca-fe/web/cafes/10503958/articles/390959	탐탐: 4호전차 E형 제작기: 1	252	17	4
https://m.cafe.naver.com/ca-fe/web/cafes/10503958/articles/390946	톰켓: (브롱코) German Land-Wasser-Schlepper #1	355	13	14
https://m.cafe.naver.com/ca-fe/web/cafes/10503958/articles/390941	노미다: MENG 1/72 M2A3 브래들리 BUSK III	269	8	6
https://m.cafe.naver.com/ca-fe/web/cafes/10503958/articles/390938	쑤안: 아카데미 1/72 르끌레르 조립완료	432	10	8
https://m.cafe.naver.com/ca-fe/web/cafes/10503958/articles/390935	lbr: 갈길이 멉니다!	182	7	6
https://m.cafe.naver.com/ca-fe/web/cafes/10503958/articles/390929	Phantom: 1/35 Foreart USMC M142 HIMARS 제작기 #15	297	26	28
https://m.cafe.naver.com/ca-fe/web/cafes/10503958/articles/390907	브란덴부르크: 1:35 아카데미 차체교환 M51(W) 슈퍼셔먼 조립 완성	753	47	34
https://m.cafe.naver.com/ca-fe/web/cafes/10503958/articles/390906	쑤안: 아카데미 1/72 메르카바 조립완료	249	8	2
https://m.cafe.naver.com/ca-fe/web/cafes/10503958/articles/390542	jump7221: M60 생산라인^^	238	10	4
https://m.cafe.naver.com/ca-fe/web/cafes/10503958/articles/390531	Phantom: 1/35 Foreart USMC M142 HIMARS 제작기 #6	188	19	12
https://m.cafe.naver.com/ca-fe/web/cafes/10503958/articles/390528	톰켓: (TAKOM) StugG III Ausf.F8 중간 작업#3	248	16	2
https://m.cafe.naver.com/ca-fe/web/cafes/10503958/articles/390519	브란덴부르크: 이번엔 대물에 갑옷 두르기.. 1/16 M1A2 에이브럼스 금속제 기와 장착	361	22	20
https://m.cafe.naver.com/ca-fe/web/cafes/10503958/articles/390505	dolph: 아카데미 1/35 m47 patton	205	10	2
https://m.cafe.naver.com/ca-fe/web/cafes/10503958/articles/390494	SD70ACe: 1/35 Takom T57 Heavy tank #2	242	15	15
https://m.cafe.naver.com/ca-fe/web/cafes/10503958/articles/390492	제국: 1/35  KING TIGER by RFM 엔진조립 및 엔진룸 피팅	334	10	8
https://m.cafe.naver.com/ca-fe/web/cafes/10503958/articles/390464	MO: 1/35 Soviet BA-3 Armor Car (2)	193	20	8
https://m.cafe.naver.com/ca-fe/web/cafes/10503958/articles/390463	SD70ACe: 1/35 Takom T57 Heavy tank #1	207	6	2
https://m.cafe.naver.com/ca-fe/web/cafes/10503958/articles/390460	dolph: 아카데미 1/35 M47 PATTON	261	8	2
https://m.cafe.naver.com/ca-fe/web/cafes/10503958/articles/390451	브란덴부르크: 1/16 M1A2 RC 나토 삼색 발라봤습니다.(feat 새로운 기법)	471	31	36
https://m.cafe.naver.com/ca-fe/web/cafes/10503958/articles/390447	니오: 매직 팩토리  m7a3 브레들리 만들기	628	35	14
https://m.cafe.naver.com/ca-fe/web/cafes/10503958/articles/390438	아졸바: 수정했습니다	230	15	4
https://m.cafe.naver.com/ca-fe/web/cafes/10503958/articles/390379	노미다: MENG 1 72 M1A2 ABRAMS TUSK 제작 (2)	299	11	4
https://m.cafe.naver.com/ca-fe/web/cafes/10503958/articles/390377	시뇨: 명품킷, 타미야 한국전쟁 도깨비 셔먼!	833	51	47
https://m.cafe.naver.com/ca-fe/web/cafes/10503958/articles/390375	Phantom: 1/35 Foreart USMC M142 HIMARS 제작기 #5	415	25	30
https://m.cafe.naver.com/ca-fe/web/cafes/10503958/articles/390365	톰켓: (TAKOM) StugG III Ausf.F8 중간 작업#2	229	16	1
https://m.cafe.naver.com/ca-fe/web/cafes/10503958/articles/390353	노미다: MENG 1 72 M1A2 ABRAMS TUSK 제작 및 붓도색	376	16	4
https://m.cafe.naver.com/ca-fe/web/cafes/10503958/articles/390345	Tigom: Tacom 1/35 Mauschen 3번째	164	10	0
https://m.cafe.naver.com/ca-fe/web/cafes/10503958/articles/389826	lbr: 제법 모양이 나오네요!	401	19	7
https://m.cafe.naver.com/ca-fe/web/cafes/10503958/articles/389823	samhwn: 아카데미 K-21 3일차	267	10	0
https://m.cafe.naver.com/ca-fe/web/cafes/10503958/articles/389822	SD70ACe: 1:35 ROK T-80U #2	343	21	11
https://m.cafe.naver.com/ca-fe/web/cafes/10503958/articles/389806	체어맨님: [작업중] 아카데미 1/35 M2 브래들리<M2 BRADLEY> #006-색칠중	359	18	8
https://m.cafe.naver.com/ca-fe/web/cafes/10503958/articles/389797	다이브1: 몇년만에 작업인지..	227	7	2
https://m.cafe.naver.com/ca-fe/web/cafes/10503958/articles/389781	다쓰붸이다: K21...#1.	306	15	10
https://m.cafe.naver.com/ca-fe/web/cafes/10503958/articles/389773	모델러 김문수: 아카데미 1/35 k21	281	10	2
https://m.cafe.naver.com/ca-fe/web/cafes/10503958/articles/389768	jump7221: 1/16 M109 공장출하^^	229	9	6
https://m.cafe.naver.com/ca-fe/web/cafes/10503958/articles/389764	lbr: 카페 대물 조립물결에 동참합니다.ㄷㄷ	428	13	9
https://m.cafe.naver.com/ca-fe/web/cafes/10503958/articles/389752	독일전차: 오랜만에 키트 꺼냈습니다!	284	7	2
https://m.cafe.naver.com/ca-fe/web/cafes/10503958/articles/389742	jump7221: M109  기본도색^^	174	4	0
https://m.cafe.naver.com/ca-fe/web/cafes/10503958/articles/389736	madgun76김순오: 아카데미 1/35 K21	526	16	9
https://m.cafe.naver.com/ca-fe/web/cafes/10503958/articles/389726	모형광: M1 ASSAULT BREACHER VEHICLE - 09	144	10	0
https://m.cafe.naver.com/ca-fe/web/cafes/10503958/articles/389723	모델러 김문수: 아카데미 1/35 k21 제작기 1	451	14	5
https://m.cafe.naver.com/ca-fe/web/cafes/10503958/articles/389717	141오퍼레이터: MENG M1A1 포탑 완성입니다.	208	5	0
https://m.cafe.naver.com/ca-fe/web/cafes/10503958/articles/389695	제국: 쾨니히스티거 소대 #2	281	15	15
https://m.cafe.naver.com/ca-fe/web/cafes/10503958/articles/389688	141오퍼레이터: MENG M1A1 차체는 만들었습니다.	161	4	0
https://m.cafe.naver.com/ca-fe/web/cafes/10503958/articles/389658	141오퍼레이터: MENG M1A1 해병대 버젼작업중...	272	6	2
https://m.cafe.naver.com/ca-fe/web/cafes/10503958/articles/389642	samhwn: 아카데미 K-21 2일차	392	12	1
https://m.cafe.naver.com/ca-fe/web/cafes/10503958/articles/389620	아졸바: 호국보훈의 달 625 장비를 또하나 잡았습니다	281	14	0
https://m.cafe.naver.com/ca-fe/web/cafes/10503958/articles/389252	노미다: MENG 1/72 Leopard 2 A7 도색 시작	162	10	1
https://m.cafe.naver.com/ca-fe/web/cafes/10503958/articles/389242	대곶의 사나이: 타콤타이거 후기형 조립완료!	342	26	8
https://m.cafe.naver.com/ca-fe/web/cafes/10503958/articles/389239	Phantom: 1/35 Def 모델 R.O.K. ARMY K131 레토나 헌병대 제작기 #6 (Special Thanks to "무장친위대 파이퍼"님)	386	33	32
https://m.cafe.naver.com/ca-fe/web/cafes/10503958/articles/389218	시뇨: 극찬해주고 싶은 킷이 있습니다-타미야 레오파드2a7v	1222	37	45
https://m.cafe.naver.com/ca-fe/web/cafes/10503958/articles/389217	번쩍번쩍열매: 아카데미 LAV-25 마무리 작업중	437	25	30
https://m.cafe.naver.com/ca-fe/web/cafes/10503958/articles/389204	Phantom: 1/35 Def 모델 R.O.K. ARMY K131 레토나 헌병대 제작기 #5	222	20	25
https://m.cafe.naver.com/ca-fe/web/cafes/10503958/articles/389196	Monte 69: M35 Panzerwagen 1/35  -하나 -	198	12	4
https://m.cafe.naver.com/ca-fe/web/cafes/10503958/articles/389185	모형광: M1 ASSAULT BREACHER VEHICLE - 07	164	7	2
https://m.cafe.naver.com/ca-fe/web/cafes/10503958/articles/389151	보버리: 1/35 m1240a1 (RFM) 엔진룸 제작	221	14	2
https://m.cafe.naver.com/ca-fe/web/cafes/10503958/articles/389135	체어맨님: [작업중] 아카데미 1/35 M2 브래들리<M2 BRADLEY> #005-외부색칠	193	14	2
https://m.cafe.naver.com/ca-fe/web/cafes/10503958/articles/389125	김수웅: 1/35 [아카데미] 독일군 1호전차 & 사이드카 제작 중 #6	245	25	17
https://m.cafe.naver.com/ca-fe/web/cafes/10503958/articles/389119	대곶의 사나이: 타콤티거 후기형 조립하는중입니다!^^	467	20	25
https://m.cafe.naver.com/ca-fe/web/cafes/10503958/articles/389087	집그리는사람: 1/35  K311개조작업기	465	22	13
https://m.cafe.naver.com/ca-fe/web/cafes/10503958/articles/389075	김수웅: 1/35 [아카데미] 독일군 1호전차 & 사이드카 제작 중 #5	295	22	10
https://m.cafe.naver.com/ca-fe/web/cafes/10503958/articles/389001	Alex Lim: Alex Lim의 아카데미과학제 1:35 M3 스튜어트 허니 제작기 [Part 2. 차내 작업 및 런너 마무리 서페이싱]	288	17	12
https://m.cafe.naver.com/ca-fe/web/cafes/10503958/articles/388998	브란덴부르크: 생애 첫 대물 M1A2 조금 만들어 본 소감	787	37	53
https://m.cafe.naver.com/ca-fe/web/cafes/10503958/articles/388971	김수웅: 1/35 [아카데미] 독일군 1호전차 & 사이드카 제작 중 #4	521	33	39
https://m.cafe.naver.com/ca-fe/web/cafes/10503958/articles/388936	브란덴부르크: 지상전력 증강 중입니다. M1A2 2대 제작 스퍼트	383	28	38
https://m.cafe.naver.com/ca-fe/web/cafes/10503958/articles/388930	Phantom: 1/35 Def 모델 R.O.K. ARMY K131 레토나 헌병대 제작기 #4	247	23	17
https://m.cafe.naver.com/ca-fe/web/cafes/10503958/articles/388454	레흐: 현재 디오라마 작업중 입니다	274	19	16
https://m.cafe.naver.com/ca-fe/web/cafes/10503958/articles/388440	대곶의 사나이: 타콤 블리츠 판터 조립후 도색중.	329	17	10
https://m.cafe.naver.com/ca-fe/web/cafes/10503958/articles/388404	Phantom: 1/35 Def 모델 R.O.K. ARMY K131 레토나 사단1호차 (with Liam3D 성판) 제작기 #7	362	28	20
https://m.cafe.naver.com/ca-fe/web/cafes/10503958/articles/388393	브란덴부르크: 두대의 셔먼 차체 바꾸어 만들기.	448	29	30
https://m.cafe.naver.com/ca-fe/web/cafes/10503958/articles/388391	김수웅: 1/35 [아카데미] 독일군 1호전차 & 사이드카 제작 중 #2	359	29	35
https://m.cafe.naver.com/ca-fe/web/cafes/10503958/articles/388387	노미다: 요즘 조립중인 킷	278	7	9
https://m.cafe.naver.com/ca-fe/web/cafes/10503958/articles/388374	jump7221: 타미야 1/16 레오파드1A4  알씨개조^^	217	5	6
https://m.cafe.naver.com/ca-fe/web/cafes/10503958/articles/388373	바람없는하늘: 1/35 토우 대전차 미사일	232	6	8
https://m.cafe.naver.com/ca-fe/web/cafes/10503958/articles/388355	samhwn: 아카데미 판터 G 초기형 완성!	353	9	5
https://m.cafe.naver.com/ca-fe/web/cafes/10503958/articles/388330	Phantom: 1/35 Def 모델 R.O.K. ARMY K131 레토나 사단1호차 (with Liam3D 성판) 제작기 #6	363	35	22
https://m.cafe.naver.com/ca-fe/web/cafes/10503958/articles/388329	김수웅: 1/35 [아카데미] 독일군 1호전차 & 사이드카 제작 중	445	31	36
https://m.cafe.naver.com/ca-fe/web/cafes/10503958/articles/388323	뿌릉: Land Rover 109 LWS 조립.	317	24	17
https://m.cafe.naver.com/ca-fe/web/cafes/10503958/articles/388322	체어맨님: [작업중] 아카데미 1/35 M2 브래들리<M2 BRADLEY> #001	290	12	4
https://m.cafe.naver.com/ca-fe/web/cafes/10503958/articles/388321	모형광: 1/35 KH - 179 155mm 견인 곡사포 - 03	254	20	13
https://m.cafe.naver.com/ca-fe/web/cafes/10503958/articles/388316	samhwn: 아카데미 판터 G 초기형 3일차	196	5	2
https://m.cafe.naver.com/ca-fe/web/cafes/10503958/articles/388298	maker: 스트라이커 제작중	216	3	1
https://m.cafe.naver.com/ca-fe/web/cafes/10503958/articles/388286	Phantom: 1/35 Def 모델 R.O.K. ARMY K131 레토나 사단1호차 (with Liam3D 성판) 제작기 #5	350	22	16
https://m.cafe.naver.com/ca-fe/web/cafes/10503958/articles/388276	samhwn: 아카데미 판터 G 초기형 제작 이틀차	267	6	5
https://m.cafe.naver.com/ca-fe/web/cafes/10503958/articles/388269	OVERCUSTOM: T-72M1 핀란드 버젼 제작 중	224	19	8
https://m.cafe.naver.com/ca-fe/web/cafes/10503958/articles/388251	라오니: 아카데미 K1A2 작업중 입니다.	409	14	17
https://m.cafe.naver.com/ca-fe/web/cafes/10503958/articles/387570	민이얌: Kingtiger "Porsche turret" 하비보스 1/35 킹타이거 포르쉐형 제작기-4 (again 대참사ㅠ)	180	12	6
https://m.cafe.naver.com/ca-fe/web/cafes/10503958/articles/387546	designpower: [TAMIYA] WWII German Tiger I 프라모델 제작의뢰 작업중	271	5	0
https://m.cafe.naver.com/ca-fe/web/cafes/10503958/articles/387483	브란덴부르크: 타이거 모델 1/35 레오파르트2 레볼루션 먹선 및 좌우 슬랫아머 부착	440	20	22
https://m.cafe.naver.com/ca-fe/web/cafes/10503958/articles/387475	cinta: Panzer IV Ausf. H with Armor-완전신나!	429	15	44
https://m.cafe.naver.com/ca-fe/web/cafes/10503958/articles/387444	뿌릉: 아카데미 M113 FITTER 제작#1	663	16	22
https://m.cafe.naver.com/ca-fe/web/cafes/10503958/articles/387404	로닌: MENG 1/35 TYPE 82 큐벨바겐	515	17	19
https://m.cafe.naver.com/ca-fe/web/cafes/10503958/articles/387378	DORI: [작업기] GGC KH-179(155mm) 제작기 #1	153	9	2
https://m.cafe.naver.com/ca-fe/web/cafes/10503958/articles/387364	M1A2 SEP V3: 가조립 끝낸 러시아 트레일러 입니다	312	3	2
https://m.cafe.naver.com/ca-fe/web/cafes/10503958/articles/387321	루터: [양덕과의 전쟁] 리틀 타이거? 4호전차에 티거를 욱여넣어보자! 2	613	13	20
https://m.cafe.naver.com/ca-fe/web/cafes/10503958/articles/387310	오닉스: 1/35 트럼페터 패트리어트 PAC-2 제작기-Part I	700	20	15
https://m.cafe.naver.com/ca-fe/web/cafes/10503958/articles/387304	아산곰씨: 최근에 조립한 킷들 입니다.	289	11	0
https://m.cafe.naver.com/ca-fe/web/cafes/10503958/articles/387295	로닌: TM 1/35 TIGER I 초기형	318	14	8
https://m.cafe.naver.com/ca-fe/web/cafes/10503958/articles/387286	민이얌: 1/72스케일 K2전차 제작기 - 6	119	8	2
https://m.cafe.naver.com/ca-fe/web/cafes/10503958/articles/387250	구기: T-34/76 WWII. Dragon 1/35	294	20	6
https://m.cafe.naver.com/ca-fe/web/cafes/10503958/articles/387245	매니악7: 화염 판터 제작기	446	27	15
https://m.cafe.naver.com/ca-fe/web/cafes/10503958/articles/387233	시뇨: 출시 코앞 아카데미 K-21 보병전투차 제작기 - 조립편	1335	45	44
https://m.cafe.naver.com/ca-fe/web/cafes/10503958/articles/387220	DORI: [작업기] 2025.04.09. (K711 & K153C1 & K10)	233	13	5
https://m.cafe.naver.com/ca-fe/web/cafes/10503958/articles/387209	김민종 Diorama: 1/35 아카데미과학 UH-1C 'FROG' 제작기_주로터,테일로터와 LED작동	733	28	14
https://m.cafe.naver.com/ca-fe/web/cafes/10503958/articles/387205	Monte 69: 보더 4호전차 H형 초기형 ~~	267	13	2
https://m.cafe.naver.com/ca-fe/web/cafes/10503958/articles/387173	발통사랑: 베르게판저 조립 그리고 드래곤볼??	345	15	18
https://m.cafe.naver.com/ca-fe/web/cafes/10503958/articles/386635	방부처리굴비: 지면표현 및 아크릴 도료 사용 체험기	283	10	2
https://m.cafe.naver.com/ca-fe/web/cafes/10503958/articles/386611	cinta: 조립 완성-German Panzer II Ausf. F 'North Africa'	313	16	26
https://m.cafe.naver.com/ca-fe/web/cafes/10503958/articles/386561	한구뎅: 드래곤 1/35 WWII German Tiger I Mid-Production (#6888)... 가조립	320	11	2
https://m.cafe.naver.com/ca-fe/web/cafes/10503958/articles/386534	민이얌: K2전차 수출형 K2EX, K2PL 제작기 - 10	201	17	10
https://m.cafe.naver.com/ca-fe/web/cafes/10503958/articles/386510	norara016: 1:35 사드 작업중 입니다.	238	11	4
https://m.cafe.naver.com/ca-fe/web/cafes/10503958/articles/386502	브란덴부르크: 1:35 타미야 퍼싱 인천 상륙버젼 제작 막바지 단계입니다	436	27	32
https://m.cafe.naver.com/ca-fe/web/cafes/10503958/articles/386379	민이얌: Kingtiger "Porsche turret" 하비보스 1/35 킹타이거 포르쉐형 제작기-2	116	10	6
https://m.cafe.naver.com/ca-fe/web/cafes/10503958/articles/386368	Phantom: 1/35 멩 러시아군 판치르(+Def제약 휠) 제작기 #15	321	24	21
https://m.cafe.naver.com/ca-fe/web/cafes/10503958/articles/386360	프런트라인: 이탈리아전 디오라마	284	11	6
https://m.cafe.naver.com/ca-fe/web/cafes/10503958/articles/386290	Phantom: 1/35 멩 러시아군 판치르(+Def제약 휠) 제작기 #14	338	22	53
https://m.cafe.naver.com/ca-fe/web/cafes/10503958/articles/386264	경주산 88mm고기: 병원에서 T-14	527	15	30
https://m.cafe.naver.com/ca-fe/web/cafes/10503958/articles/386254	브란덴부르크: 레오파르트2 레볼루션 2.. 조립 거의 완성	334	18	26
https://m.cafe.naver.com/ca-fe/web/cafes/10503958/articles/386253	Phantom: 1/35 멩 러시아군 판치르(+Def제약 휠) 제작기 #13	306	20	16
https://m.cafe.naver.com/ca-fe/web/cafes/10503958/articles/386219	Phantom: 1/35 멩 러시아군 판치르(+Def제약 휠) 제작기 #12	258	25	22
https://m.cafe.naver.com/ca-fe/web/cafes/10503958/articles/386183	매니악7: 판터콘 대회 준비와 근황	336	18	23
https://m.cafe.naver.com/ca-fe/web/cafes/10503958/articles/386178	브란덴부르크: 타미야 1/35 3호 돌격포 초기형 먹선 후 유화 작업 시작.	324	21	17
https://m.cafe.naver.com/ca-fe/web/cafes/10503958/articles/386169	Phantom: 1/35 멩 러시아군 판치르(+Def제약 휠) 제작기 #11	209	18	10
https://m.cafe.naver.com/ca-fe/web/cafes/10503958/articles/386160	빈이아빠92: [AFV조립] 맹 실카 (Meng Shilka) ZSU-23-4 공장출고중	228	13	4
https://m.cafe.naver.com/ca-fe/web/cafes/10503958/articles/386155	랜디오튼: 타미야1/35 merder 조립 및 서페이서 작업	185	4	2
https://m.cafe.naver.com/ca-fe/web/cafes/10503958/articles/386150	Monte 69: 봄맞이는  2호전차로 ~~	145	8	6
https://m.cafe.naver.com/ca-fe/web/cafes/10503958/articles/385385	메가엘라: 타미야 1/35 초기형 4호전차 g형 (3)	251	12	2
https://m.cafe.naver.com/ca-fe/web/cafes/10503958/articles/385365	SlowButDeadly: AFV만들다 지치면 이거 좋습니다.  T-34/76  아카데미	426	10	11
https://m.cafe.naver.com/ca-fe/web/cafes/10503958/articles/385324	Phantom: 1/35 멩 러시아군 판치르(+Def제약 휠) 제작기 #1	307	22	22
https://m.cafe.naver.com/ca-fe/web/cafes/10503958/articles/385276	톰이: 티거II 포르쉐 전기형 조립	273	12	11
https://m.cafe.naver.com/ca-fe/web/cafes/10503958/articles/385228	jump7221: 1/16  해병장갑차 창정비^^	309	3	2
https://m.cafe.naver.com/ca-fe/web/cafes/10503958/articles/385226	산바람: 아카데미 M163발칸 도색중입니다.	511	34	19
https://m.cafe.naver.com/ca-fe/web/cafes/10503958/articles/385183	브란덴부르크: 트럼페터 1/35 센타우로 8륜 장갑차 조립 거의 완성..	316	14	16
https://m.cafe.naver.com/ca-fe/web/cafes/10503958/articles/385154	jump7221: 타미야 1/16  타이거1 포탑 슬립링 작업^^	240	3	6
https://m.cafe.naver.com/ca-fe/web/cafes/10503958/articles/385143	시뇨: 잉여부품 활용하기! 타미야 올드 티거에 적용해 보았습니다.	454	19	14
https://m.cafe.naver.com/ca-fe/web/cafes/10503958/articles/385099	산바람: Sam-6 에어브러쉬 기본도색	157	12	4
https://m.cafe.naver.com/ca-fe/web/cafes/10503958/articles/384994	니오: JLTV  m1279 실내 도색해봤습니다.	569	21	27
https://m.cafe.naver.com/ca-fe/web/cafes/10503958/articles/384989	jump7221: 타미야 1/16  타이거1 전방해치 개조.^^	171	3	2
https://m.cafe.naver.com/ca-fe/web/cafes/10503958/articles/384906	프라가모: '퓨리' 제작기 #3	420	25	22
https://m.cafe.naver.com/ca-fe/web/cafes/10503958/articles/384889	BANDIT MODELS: 1/35 - ASUKA - M4A1 Sherman (장식 및 웨더링)	254	15	6
https://m.cafe.naver.com/ca-fe/web/cafes/10503958/articles/384841	BANDIT MODELS: 1/35 - ASUKA - M4A1 Sherman (도색)	238	11	8
https://m.cafe.naver.com/ca-fe/web/cafes/10503958/articles/384836	Morul: 타콤 헷쳐 내부재현에 전차병을 올려봤습니다.	326	16	16
https://m.cafe.naver.com/ca-fe/web/cafes/10503958/articles/384830	발통사랑: 아크릴 붓도색으로 엠완 잡아 봤습니다 ㅎ	369	13	19
https://m.cafe.naver.com/ca-fe/web/cafes/10503958/articles/384801	시뇨: 감격스러워 쓰지 않을 수가 없네요, S-300V 9A83 SAM	2361	44	80
https://m.cafe.naver.com/ca-fe/web/cafes/10503958/articles/384726	cinta: 조립 완성!!!	298	14	8
https://m.cafe.naver.com/ca-fe/web/cafes/10503958/articles/384042	Phantom: 1/35 더스케일 R.O.K. Army K1E1 (+아카데미 K1A2 하부) 제작기 #19	576	49	40
https://m.cafe.naver.com/ca-fe/web/cafes/10503958/articles/384021	브란덴부르크: 날씨가 풀려 일요일 내내 작업했네요 ^^	420	30	30
https://m.cafe.naver.com/ca-fe/web/cafes/10503958/articles/383995	Phantom: 1/35 더스케일 R.O.K. Army K1E1 (+아카데미 K1A2 하부) 제작기 #18	340	24	28
https://m.cafe.naver.com/ca-fe/web/cafes/10503958/articles/383950	브란덴부르크: 1:35 타미야 레오파르트2 A7V 먹선 및 데칼작업 그리고 인형 둘 작업	332	26	27
https://m.cafe.naver.com/ca-fe/web/cafes/10503958/articles/383946	Monte 69: 납작만두 러시아 대호 T-90A ~~	252	14	8
https://m.cafe.naver.com/ca-fe/web/cafes/10503958/articles/383905	아산곰씨: 아카데미 SU-100 조립 하였습니다.	249	13	0
https://m.cafe.naver.com/ca-fe/web/cafes/10503958/articles/383897	민이얌: 하비보스 1/35 Kingtiger 헨셸형 제작기 - 4	135	8	1
https://m.cafe.naver.com/ca-fe/web/cafes/10503958/articles/383837	쿠르트 크니스펠: 매직팩토리 M-SHORAD M2A4 브래들리 제작	448	16	8
https://m.cafe.naver.com/ca-fe/web/cafes/10503958/articles/383802	에펨맨: 아카데미 1/35 m1a2 SEP V2 #1 조립 및 기본도색	366	21	15
https://m.cafe.naver.com/ca-fe/web/cafes/10503958/articles/383762	보버리: 타미야 1/35 m151a2 제작중... 조립완	402	17	13
https://m.cafe.naver.com/ca-fe/web/cafes/10503958/articles/383685	브란덴부르크: 날씨가 풀린틈을 타서 나토 삼색 도색	1057	24	33
https://m.cafe.naver.com/ca-fe/web/cafes/10503958/articles/383667	티르피츠: 타미야 1/35 Sdkfz.232 8륜 장갑차 #1 _ 서페이서 첫 도전	227	10	2
https://m.cafe.naver.com/ca-fe/web/cafes/10503958/articles/383662	Morul: 라이필드 4호전차 내부재현을 도색했습니다.	411	13	2
https://m.cafe.naver.com/ca-fe/web/cafes/10503958/articles/383632	화성갈꺼니끄아: meng t90a 제작기	268	18	1
https://m.cafe.naver.com/ca-fe/web/cafes/10503958/articles/383626	모닝시리즈: 타미야 1대48 셔먼 조립중에 있습니다! ( 첫 프라모델 조립^^)	349	13	6
https://m.cafe.naver.com/ca-fe/web/cafes/10503958/articles/383562	리틀윙: 보더 Tiger 초기형을 만들어 보았습니다.	507	28	31
https://m.cafe.naver.com/ca-fe/web/cafes/10503958/articles/383534	11년생 초보: A-34 Comet MK.1 조립	238	8	1
https://m.cafe.naver.com/ca-fe/web/cafes/10503958/articles/383520	11년생 초보: Revell A-34Comet MK.1 제작 1일차	176	7	4
https://m.cafe.naver.com/ca-fe/web/cafes/10503958/articles/383513	베토벤중독자: 1:35 KRAZ-255B 트럭 만들어봤습니다	322	19	5
https://m.cafe.naver.com/ca-fe/web/cafes/10503958/articles/383511	민이얌: 하비보스 1/35 Kingtiger 헨셸형 제작기 - 3	204	9	5
https://m.cafe.naver.com/ca-fe/web/cafes/10503958/articles/383096	모형광: 1/35 R.O.K. ARMY K2 BLACK PANTHER - 07	343	28	14
https://m.cafe.naver.com/ca-fe/web/cafes/10503958/articles/383066	김승국 dino꾹: 아카데미 1/35 K511A1	453	19	14
https://m.cafe.naver.com/ca-fe/web/cafes/10503958/articles/383037	Monte 69: 잘빠진 대한민국 대호 ~~	467	14	6
https://m.cafe.naver.com/ca-fe/web/cafes/10503958/articles/383035	JOLLYROGER: "Battle of Hue City"-1/35 US Marines in Vietnam '68 Diorama 제작기 영상 입니다	120	7	1
https://m.cafe.naver.com/ca-fe/web/cafes/10503958/articles/383033	SlowButDeadly: 아카데미 13227 메르카바IV  좋네요	603	14	5
https://m.cafe.naver.com/ca-fe/web/cafes/10503958/articles/382950	성더슨: 세상 흉악한 그나라의 차량으로 달려봅니다.	365	11	8
https://m.cafe.naver.com/ca-fe/web/cafes/10503958/articles/382947	Phantom: 1/35 더스케일 R.O.K. Army K1E1 (+아카데미 K1A2 하부) 제작기 #12	322	20	14
https://m.cafe.naver.com/ca-fe/web/cafes/10503958/articles/382941	산바람: P-40/1S12 롱트랙 레이더 제작	141	16	4
https://m.cafe.naver.com/ca-fe/web/cafes/10503958/articles/382920	10년생모델러: 타미야 쉐리든 제작기사진 올립니다!	373	21	10
https://m.cafe.naver.com/ca-fe/web/cafes/10503958/articles/382874	성더슨: 아카데미 인형 많이 좋아졌네요.	681	27	16
https://m.cafe.naver.com/ca-fe/web/cafes/10503958/articles/382868	Phantom: 1/35 더스케일 R.O.K. Army K1E1 (+아카데미 K1A2 하부) 제작기 #11	311	31	24
https://m.cafe.naver.com/ca-fe/web/cafes/10503958/articles/382845	성더슨: 아카데미 1호전차 조립 완료~ (애칭은 다음에~)	236	14	9
https://m.cafe.naver.com/ca-fe/web/cafes/10503958/articles/382833	성더슨: 아카데미 1호전차에 들어있는 모터사이클 zündapp KS 750 기본조립을 해봤습니다.	340	19	11
https://m.cafe.naver.com/ca-fe/web/cafes/10503958/articles/382831	브란덴부르크: 조립의 계절 - 타미야 3호 돌격포 조립완성	387	24	23
https://m.cafe.naver.com/ca-fe/web/cafes/10503958/articles/382824	Phantom: 1/35 더스케일 R.O.K. Army K1E1 (+아카데미 K1A2 하부) 제작기 #10	229	14	0
https://m.cafe.naver.com/ca-fe/web/cafes/10503958/articles/382798	Phantom: 1/35 더스케일 R.O.K. Army K1E1 (+아카데미 K1A2 하부) 제작기 #9	326	26	28
https://m.cafe.naver.com/ca-fe/web/cafes/10503958/articles/382795	모형광: 1/35 R.O.K. ARMY K2 BLACK PANTHER - 06	246	19	6
https://m.cafe.naver.com/ca-fe/web/cafes/10503958/articles/382773	Phantom: 1/35 더스케일 R.O.K. Army K1E1 (+아카데미 K1A2 하부) 제작기 #8	308	23	15
https://m.cafe.naver.com/ca-fe/web/cafes/10503958/articles/382758	민이얌: 1/72스케일 K2전차 제작기 - 2	181	13	2
https://m.cafe.naver.com/ca-fe/web/cafes/10503958/articles/382081	Tigermask: TAMIYA 1/35 GERMAN 3ton 4×2 CARGO TRUCK	230	9	2
https://m.cafe.naver.com/ca-fe/web/cafes/10503958/articles/382075	DORI: [작업기] K-10 ARV(탄약운반장갑차) 제작기 #3	225	13	2
https://m.cafe.naver.com/ca-fe/web/cafes/10503958/articles/382055	방구석 모델러: 아카데미 m48a5k	346	13	1
https://m.cafe.naver.com/ca-fe/web/cafes/10503958/articles/382003	Poca: 연말을 준비하며, 올해 마지막 탱크 제작기🫨	498	21	14
https://m.cafe.naver.com/ca-fe/web/cafes/10503958/articles/382001	브란덴부르크: 멩 레오파르트2 조립완료..	424	24	16
https://m.cafe.naver.com/ca-fe/web/cafes/10503958/articles/381920	이븐이닷: K9A1 제작들어갔습니다3.	274	10	1
https://m.cafe.naver.com/ca-fe/web/cafes/10503958/articles/381902	형석스: 아카데미 M1A2 터스크2 작업중 입니다.	243	8	2
https://m.cafe.naver.com/ca-fe/web/cafes/10503958/articles/381883	Phantom: 1/35 더스케일 R.O.K. Army K1E1 (+아카데미 K1A2 하부) 제작기 #1	298	16	8
https://m.cafe.naver.com/ca-fe/web/cafes/10503958/articles/381874	모형광: 1/35 R.O.K. ARMY K2 BLACK PANTHER - 03	251	11	4
https://m.cafe.naver.com/ca-fe/web/cafes/10503958/articles/381828	브란덴부르크: 1:35 트럼페터 패트리어트와 멩 레오파르트 2 궤도 작업	446	27	8
https://m.cafe.naver.com/ca-fe/web/cafes/10503958/articles/381798	이븐이닷: K9A1 제작들어갔습니다2.	227	6	0
https://m.cafe.naver.com/ca-fe/web/cafes/10503958/articles/381785	M16A1: 처음으로 전차에 황동봉을 적용해봤습니다.	433	19	2
https://m.cafe.naver.com/ca-fe/web/cafes/10503958/articles/381740	이븐이닷: K9A1 제작들어갔습니다.	250	8	2
https://m.cafe.naver.com/ca-fe/web/cafes/10503958/articles/381702	Phantom: 1/35 트럼페터 독일군 SLT-56 FAUN + 라이언로어 에칭셋 제작기 #3	241	19	22
https://m.cafe.naver.com/ca-fe/web/cafes/10503958/articles/381686	lbr: 드래곤 SdKfz 250/3 Grief	274	11	2
https://m.cafe.naver.com/ca-fe/web/cafes/10503958/articles/381652	Phantom: 1/35 트럼페터 독일군 SLT-56 FAUN + 라이언로어 에칭셋 제작기 #2	248	18	14
https://m.cafe.naver.com/ca-fe/web/cafes/10503958/articles/381641	번쩍번쩍열매: 현용악세사리 도색완료~~	415	20	15
https://m.cafe.naver.com/ca-fe/web/cafes/10503958/articles/381634	Africa: 1/35 [Dragon] Sd. Kfz. 251/23 Ausf. D 마지막 제작기	193	10	2
https://m.cafe.naver.com/ca-fe/web/cafes/10503958/articles/381633	Africa: 1/35 [ICM] Sd. Kfz. 251/18 Ausf. A 마지막 제작기	134	13	4
https://m.cafe.naver.com/ca-fe/web/cafes/10503958/articles/381630	일비충천: 아카데미 M48A5K	657	36	28
https://m.cafe.naver.com/ca-fe/web/cafes/10503958/articles/381030	제국: German King Tiger by RFM 5125(1/35) 수정	311	11	2
https://m.cafe.naver.com/ca-fe/web/cafes/10503958/articles/381024	절정검: m60a1(아카데미)	311	12	6
https://m.cafe.naver.com/ca-fe/web/cafes/10503958/articles/380942	산바람: MAZ-537G 베이스 제작	362	25	23
https://m.cafe.naver.com/ca-fe/web/cafes/10503958/articles/380936	제국: German King Tiger by RFM 5125(1/35)	355	6	1
https://m.cafe.naver.com/ca-fe/web/cafes/10503958/articles/380935	구기: Kingtiger 내부 재현형 제작중	355	17	21
https://m.cafe.naver.com/ca-fe/web/cafes/10503958/articles/380932	프런트라인: [드래곤] SdKfz 138/1 자주포 38H 초기형 제작#2	278	18	3
https://m.cafe.naver.com/ca-fe/web/cafes/10503958/articles/380877	Africa: 1/35 [AFV Club] Sd. Kfz. 251/15 Ausf. D 제작기-2	194	11	4
https://m.cafe.naver.com/ca-fe/web/cafes/10503958/articles/380867	철없는아부지: humvee avenger 조립	293	13	6
https://m.cafe.naver.com/ca-fe/web/cafes/10503958/articles/380859	다이버킴: Dumvee 제작 중 입니다	219	7	2
https://m.cafe.naver.com/ca-fe/web/cafes/10503958/articles/380826	jump7221: 1/16  판터G에서 A형 이나 D형으로 개조 ^^	227	10	6
https://m.cafe.naver.com/ca-fe/web/cafes/10503958/articles/380794	Africa: 1/35 [AFV Club] Sd. Kfz. 251/15 Ausf. D 제작기-1	243	7	7
https://m.cafe.naver.com/ca-fe/web/cafes/10503958/articles/380792	Africa: 1/35 [Dragon] Sd. Kfz. 251/16 Ausf. C 제작기-1	183	5	0
https://m.cafe.naver.com/ca-fe/web/cafes/10503958/articles/380791	Africa: 1/35 [ICM] Sd. Kfz. 251/18 Ausf. A 제작기-1	141	8	0
https://m.cafe.naver.com/ca-fe/web/cafes/10503958/articles/380790	Africa: 1/35 [Dragon] Sd. Kfz. 251/23 Ausf. D 제작기-1	118	7	0
https://m.cafe.naver.com/ca-fe/web/cafes/10503958/articles/380765	라둥: [1/35] 타미야 3호 돌격포 G /Tamiya stuG iii	252	13	0
https://m.cafe.naver.com/ca-fe/web/cafes/10503958/articles/380730	prem: 아카데미 sd.kfz.251/1 ausf.c [조립완료]	277	11	6
https://m.cafe.naver.com/ca-fe/web/cafes/10503958/articles/380696	경주산 88mm고기: 드디어 완성?	232	11	8
https://m.cafe.naver.com/ca-fe/web/cafes/10503958/articles/380689	초보곰손아재: [1:35] M730A1 Chaparral / AFVCLUB	296	10	4
https://m.cafe.naver.com/ca-fe/web/cafes/10503958/articles/380661	프런트라인: [드래곤] SdKfz 138/1 자주포 38H 초기형 제작#1	260	15	2
https://m.cafe.naver.com/ca-fe/web/cafes/10503958/articles/379784	Steven Grant Rogers: RFM 내부구현 셔먼 해치 개조	316	17	0
https://m.cafe.naver.com/ca-fe/web/cafes/10503958/articles/379762	브란덴부르크: 매일 조금씩 제작을...	607	32	17
https://m.cafe.naver.com/ca-fe/web/cafes/10503958/articles/379706	브란덴부르크: 주말간 1:35 M1A2 좀비 에이브람스 조립 - 초벌도색까지	511	19	32
https://m.cafe.naver.com/ca-fe/web/cafes/10503958/articles/379675	박수칠때 웃어라: 1/35 트럼페터 M1126 스트라이커	235	11	8
https://m.cafe.naver.com/ca-fe/web/cafes/10503958/articles/379551	초보곰손아재: [1/35] M60A2 / 아카데미	467	20	20
https://m.cafe.naver.com/ca-fe/web/cafes/10503958/articles/379477	보버리: 아카데미 대표 1/72 육상장비들  기본도색 완료	312	10	7
https://m.cafe.naver.com/ca-fe/web/cafes/10503958/articles/379458	DSpore: 루마니아 흑표 베이스, 웨더링	371	19	18
https://m.cafe.naver.com/ca-fe/web/cafes/10503958/articles/379452	이지에잇트: 1/48 Tiger h1 제작기(2)	315	12	7
https://m.cafe.naver.com/ca-fe/web/cafes/10503958/articles/379442	민이얌: K2전차 수출형 K2EX, K2PL 제작기 - 7	224	10	4
https://m.cafe.naver.com/ca-fe/web/cafes/10503958/articles/379434	뿌릉: K2 전차 디오라마 제작중 입니다.	404	24	29
https://m.cafe.naver.com/ca-fe/web/cafes/10503958/articles/379413	보버리: 작아도 디테일업은 못참지~   1/72 m977 제작기	303	12	5
https://m.cafe.naver.com/ca-fe/web/cafes/10503958/articles/379400	youngeei: K1A1 / K2 제작기	394	19	16
https://m.cafe.naver.com/ca-fe/web/cafes/10503958/articles/379397	Phantom: 1/35 아카데미 R.O.K. Army K1E1 (K1+K1A2) + MK1 에칭셋 제작기 #8	638	45	29
https://m.cafe.naver.com/ca-fe/web/cafes/10503958/articles/379395	시뇨: 활활 불태운 주말 작업기, 완성작 출고가 기대되는 한주	554	26	49
https://m.cafe.naver.com/ca-fe/web/cafes/10503958/articles/379366	독성지 천안호랑이: K711 이제까지의 도색	324	8	0
https://m.cafe.naver.com/ca-fe/web/cafes/10503958/articles/379361	Phantom: 1/35 아카데미 R.O.K. Army K1E1 (K1+K1A2) + MK1 에칭셋 제작기 #7	318	24	26
https://m.cafe.naver.com/ca-fe/web/cafes/10503958/articles/379358	보버리: 1/72 m1126 슬랫아머 자작	212	16	8
https://m.cafe.naver.com/ca-fe/web/cafes/10503958/articles/379351	designpower: [PANDA HOBBY] M-ATV 프라모델 모형 조립	311	7	1
https://m.cafe.naver.com/ca-fe/web/cafes/10503958/articles/379346	합성수: T90-a 노획형	322	19	2
https://m.cafe.naver.com/ca-fe/web/cafes/10503958/articles/379313	리틀윙: 4호 F형 'VorPanzer' 를 오로지 붓으로 만, 도색 해보았습니다. (for cinta 님.)	819	40	23
https://m.cafe.naver.com/ca-fe/web/cafes/10503958/articles/378748	바람지기: 챌린저2 - (1) 박스 오픈	200	7	1
https://m.cafe.naver.com/ca-fe/web/cafes/10503958/articles/378715	도색 뉴비: 트럼페터 1/35 T-62 (mod 1960) 제작기-2	281	8	1
https://m.cafe.naver.com/ca-fe/web/cafes/10503958/articles/378670	Alex Lim: Alex Lim의 아카데미과학제 1:35 M47 제작기 [Page 4. 차체 상부 작업 마무리 + 궤도 작업 및 후면 작업]	307	21	4
https://m.cafe.naver.com/ca-fe/web/cafes/10503958/articles/378666	번쩍번쩍열매: 타미야 M1A2 OIF 디테일업 개조~	423	11	6
https://m.cafe.naver.com/ca-fe/web/cafes/10503958/articles/378662	쿠마몽: 1/35 120mm 자주박격포 비격 제작  #2	267	17	2
https://m.cafe.naver.com/ca-fe/web/cafes/10503958/articles/378659	종현아빠: 영국 차륜형 장갑차 FSV Scheme 3D 프린팅 테스트... 갈길이 머네요..ㅠ.ㅠ	272	8	3
https://m.cafe.naver.com/ca-fe/web/cafes/10503958/articles/378655	리틀윙: 아카 1호 전차를 만들어 봤습니다.	629	35	19
https://m.cafe.naver.com/ca-fe/web/cafes/10503958/articles/378636	Alex Lim: Alex Lim의 아카데미과학제 1:35 M47 제작기 [Page 3. 차체 상부 작업 및 엔진 설치]	336	13	7
https://m.cafe.naver.com/ca-fe/web/cafes/10503958/articles/378634	Alex Lim: Alex Lim의 아카데미과학제 1:35 M47 제작기 [Page 2. 차체 하부 토션바 및 리테이너 작업 2]	331	12	26
https://m.cafe.naver.com/ca-fe/web/cafes/10503958/articles/378617	Phantom: (마무리) 1/32 크로바모형 R.O.K. Army 현대 트라고 H.E.T 트레일러 제작기 #9	359	28	35
https://m.cafe.naver.com/ca-fe/web/cafes/10503958/articles/378589	쿠마몽: 1/35 120mm 자주박격포 비격 제작 #1	469	30	11
https://m.cafe.naver.com/ca-fe/web/cafes/10503958/articles/378587	Phantom: (LED작업) 1/32 크로바모형 R.O.K. Army 현대 트라고 H.E.T 트레일러 제작기 #8	230	16	16
https://m.cafe.naver.com/ca-fe/web/cafes/10503958/articles/378571	브란덴부르크: 오랫만에 작업 재개합니다.	399	36	20
https://m.cafe.naver.com/ca-fe/web/cafes/10503958/articles/378553	프라가모: K9 조립완성	300	12	6
https://m.cafe.naver.com/ca-fe/web/cafes/10503958/articles/378536	M1A2 SEP V3: 생각보다 큰놈 이네요	523	11	6
https://m.cafe.naver.com/ca-fe/web/cafes/10503958/articles/378529	잉카50: 한국 K311A1 차량 조립성이 좋아요.	358	15	8
https://m.cafe.naver.com/ca-fe/web/cafes/10503958/articles/378460	Phantom: (도색시작) 1/32 크로바모형 R.O.K. Army 현대 트라고 H.E.T 트레일러 제작기 #7	278	18	50
https://m.cafe.naver.com/ca-fe/web/cafes/10503958/articles/378442	M16A1: 아카데미 1호전차 가조립 완료	512	10	2
https://m.cafe.naver.com/ca-fe/web/cafes/10503958/articles/378434	독성지 천안호랑이: 즈베즈다 T80BV의 최근[스압]	282	3	3
https://m.cafe.naver.com/ca-fe/web/cafes/10503958/articles/378320	초딩의 프라모델: M36아카데미 1/35 완성	403	15	3
https://m.cafe.naver.com/ca-fe/web/cafes/10503958/articles/377637	Alex Lim: Alex Lim의 타미야제 1:35 M48A3 제작기 [Page 2. 리테이너 및 지지롤러, 하부작업]	272	17	5
https://m.cafe.naver.com/ca-fe/web/cafes/10503958/articles/377635	산바람: [Takom] Tiger-1 후기형 조립리뷰	542	17	12
https://m.cafe.naver.com/ca-fe/web/cafes/10503958/articles/377633	Phantom: (후부발판제작) 1/32 크로바모형 R.O.K. Army 현대 트라고 H.E.T 트레일러 제작기 #4	245	15	12
https://m.cafe.naver.com/ca-fe/web/cafes/10503958/articles/377628	chilgoo: M1117 과 보병 제작	346	15	8
https://m.cafe.naver.com/ca-fe/web/cafes/10503958/articles/377617	천박한 헬기: (스압?)아카데미과학 1/35 한국MBT K2 흑표 2번째	431	15	8
https://m.cafe.naver.com/ca-fe/web/cafes/10503958/articles/377608	Alex Lim: Alex Lim의 타미야제 1:35 M48A3 제작기 [Page 1. 가동륜 및 기동륜 조립]	456	19	21
https://m.cafe.naver.com/ca-fe/web/cafes/10503958/articles/377591	Phantom: (차대제작2) 1/32 크로바모형 R.O.K. Army 현대 트라고 H.E.T 트레일러 제작기 #3	200	17	4
https://m.cafe.naver.com/ca-fe/web/cafes/10503958/articles/377588	브란덴부르크: 1:35 타미야 퍼싱 조립완성.. 비 그치면 도색해야죠	379	21	14
https://m.cafe.naver.com/ca-fe/web/cafes/10503958/articles/377582	M1A2 SEP V3: 트레일러 조립 했습니다	234	8	0
https://m.cafe.naver.com/ca-fe/web/cafes/10503958/articles/377568	dolph: 마무리 단계	362	15	12
https://m.cafe.naver.com/ca-fe/web/cafes/10503958/articles/377559	민이얌: K2전차 수출형 K2EX, K2PL 제작기 - 5	275	18	10
https://m.cafe.naver.com/ca-fe/web/cafes/10503958/articles/377537	천박한 헬기: 1/35 대한민국 주력전차 K2 흑표 제작기	401	14	0
https://m.cafe.naver.com/ca-fe/web/cafes/10503958/articles/377492	경주산 88mm고기: 콘덴사토르 95%조립	341	18	35
https://m.cafe.naver.com/ca-fe/web/cafes/10503958/articles/377459	시뇨: 아카데미 하노마그, 도색 완료, 그리고 계절 잡담.	522	19	32
https://m.cafe.naver.com/ca-fe/web/cafes/10503958/articles/377451	Phantom: (차대제작) 1/32 크로바모형 R.O.K. Army 현대 트라고 H.E.T 트레일러 제작기 #2	235	15	16
https://m.cafe.naver.com/ca-fe/web/cafes/10503958/articles/377444	M1A2 SEP V3: 트레일러 한대더 갑니다	282	8	3
https://m.cafe.naver.com/ca-fe/web/cafes/10503958/articles/377440	도색 뉴비: 트럼페터 1/35 T-62(mod 1960.)-1	290	11	19
https://m.cafe.naver.com/ca-fe/web/cafes/10503958/articles/377410	Phantom: (트레일러 시작) 1/32 크로바모형 R.O.K. Army 현대 트라고 H.E.T 트레일러 제작기 #1	320	13	17
https://m.cafe.naver.com/ca-fe/web/cafes/10503958/articles/377404	도루코: 아카데미 브롬베어 (Brummbar)	397	8	10
https://m.cafe.naver.com/ca-fe/web/cafes/10503958/articles/376994	성더슨: JS-2 서기장 동지 땅끄 기본 조립을 마쳤습니다.	250	14	13
https://m.cafe.naver.com/ca-fe/web/cafes/10503958/articles/376970	다쓰붸이다: K10...#1.	335	12	3
https://m.cafe.naver.com/ca-fe/web/cafes/10503958/articles/376965	경주산 88mm고기: 콘덴사토르 궤도진입	178	12	10
https://m.cafe.naver.com/ca-fe/web/cafes/10503958/articles/376942	성더슨: JS-2 서기장 동지 땅끄로 오늘도 살포시 달려봤습니다.	227	12	8
https://m.cafe.naver.com/ca-fe/web/cafes/10503958/articles/376934	하늘색: 드라이브러싱을 하고 있습니다	405	10	15
https://m.cafe.naver.com/ca-fe/web/cafes/10503958/articles/376925	윤태: K2 전차 제작기#2	221	16	2
https://m.cafe.naver.com/ca-fe/web/cafes/10503958/articles/376917	Phantom: (마스킹...) 1/32 크로바모형 R.O.K. Army 현대 트라고 H.E.T 제작기 #9	197	16	9
https://m.cafe.naver.com/ca-fe/web/cafes/10503958/articles/376906	이지에잇트: 1/48 타콤 티거 1 내부 구현형 제작기 1	314	18	15
https://m.cafe.naver.com/ca-fe/web/cafes/10503958/articles/376900	경주산 88mm고기: 소련제 406mm자주포 조립시작	433	26	37
https://m.cafe.naver.com/ca-fe/web/cafes/10503958/articles/376887	성더슨: 서기장 동지 땅끄를 시작해봅니다.	268	15	31
https://m.cafe.naver.com/ca-fe/web/cafes/10503958/articles/376872	Phantom: (디테일 작업) 1/32 크로바모형 R.O.K. Army 현대 트라고 H.E.T 제작기 #8	296	17	10
https://m.cafe.naver.com/ca-fe/web/cafes/10503958/articles/376831	chilgoo: M1117과 보병 만들기	284	13	5
https://m.cafe.naver.com/ca-fe/web/cafes/10503958/articles/376829	DORI: [작업기]1/35 K-151 KLTV (Dammi님 ver.)	292	13	7
https://m.cafe.naver.com/ca-fe/web/cafes/10503958/articles/376826	타키온71v천안: 앜뎀 1/35 K1A2 제작 시작 ㅎ	348	17	21
https://m.cafe.naver.com/ca-fe/web/cafes/10503958/articles/376816	퐝: 신나게 만들다 보니 조립미스 ^^!	301	10	3
https://m.cafe.naver.com/ca-fe/web/cafes/10503958/articles/376815	eliet: 타미야 1/16,1/35	375	9	12
https://m.cafe.naver.com/ca-fe/web/cafes/10503958/articles/376814	모형광: HDS K2 흑표 - 5	218	12	4
https://m.cafe.naver.com/ca-fe/web/cafes/10503958/articles/376774	prem: 아카데미 sd.kfz.251/1 ausf.c #2	260	6	2
https://m.cafe.naver.com/ca-fe/web/cafes/10503958/articles/376741	베토벤중독자: 1:35 아카데미 K2 전차 RC화 해봤습니다	643	21	5
https://m.cafe.naver.com/ca-fe/web/cafes/10503958/articles/376740	초딩의 프라모델: M48,k9,k1a 1/35제작기	259	8	1
https://m.cafe.naver.com/ca-fe/web/cafes/10503958/articles/376310	ZERO61: 가조립	347	9	5
https://m.cafe.naver.com/ca-fe/web/cafes/10503958/articles/376288	Phantom: (프레임 피팅) 1/32 크로바모형 R.O.K. Army 현대 트라고 H.E.T 제작기 #2	331	19	14
https://m.cafe.naver.com/ca-fe/web/cafes/10503958/articles/376277	prem: 아카데미 sd.kfz.251/1 ausf.c #1	323	15	11
https://m.cafe.naver.com/ca-fe/web/cafes/10503958/articles/376246	멋쬥이: 1/35 k10  제작기	360	14	8
https://m.cafe.naver.com/ca-fe/web/cafes/10503958/articles/376240	민이얌: 나토연합훈련 디오라마 1/72 Leopard2A7 + M1A2 tusk2 제작기 - 2	188	11	5
https://m.cafe.naver.com/ca-fe/web/cafes/10503958/articles/376237	Phantom: (프레임 썰기) 1/32 크로바모형 R.O.K. Army 현대 트라고 H.E.T 제작기 #1	470	22	18
https://m.cafe.naver.com/ca-fe/web/cafes/10503958/articles/376201	풍덕장어: 아카데미 과학 1/35 k1a1 제작 4.	481	24	20
https://m.cafe.naver.com/ca-fe/web/cafes/10503958/articles/376191	내 머리속에 지우개: faun 과 leguan입니다	326	6	2
https://m.cafe.naver.com/ca-fe/web/cafes/10503958/articles/376175	풍덕장어: 아카데미 과학 1/35 k1a1 제작 3.	568	26	34
https://m.cafe.naver.com/ca-fe/web/cafes/10503958/articles/376174	뿌릉: ACADEMY ROKA K2 전차 #4	437	23	16
https://m.cafe.naver.com/ca-fe/web/cafes/10503958/articles/376171	Phantom: (신호기) 1/35 아카데미 R.O.K. Army K1A2 전차 + MK1 에칭셋 + MEK 120mm활강포, 가동식 트랙 제작기 #40	477	31	56
https://m.cafe.naver.com/ca-fe/web/cafes/10503958/articles/376158	하찮은 형: 타미야 1/48DOUGLAS A-1H SKYRAIDER U.S.NAVY	318	12	6
https://m.cafe.naver.com/ca-fe/web/cafes/10503958/articles/376133	브란덴부르크: 하비보스 1/35 킹 타이거 위장도색 했습니다.	460	34	38
https://m.cafe.naver.com/ca-fe/web/cafes/10503958/articles/376130	풍덕장어: 아카데미과학 1/35 k1a1 제작기2.5	401	33	30
https://m.cafe.naver.com/ca-fe/web/cafes/10503958/articles/376128	격수: 아탈렐리 M4 A1 SHERMAN - 2	249	14	11
https://m.cafe.naver.com/ca-fe/web/cafes/10503958/articles/376118	시뇨: 4호 j형 치핑 작업 중 후 남겨봅니다	908	28	30
https://m.cafe.naver.com/ca-fe/web/cafes/10503958/articles/376107	Phantom: (잠망경外) 1/35 아카데미 R.O.K. Army K1A2 전차 + MK1 에칭셋 + MEK 120mm활강포, 가동식 트랙 제작기 #39	380	27	32
https://m.cafe.naver.com/ca-fe/web/cafes/10503958/articles/376080	브란덴부르크: 한동안 방치했던 하비보스 1:35 쾨니스 티거 다시 제작중입니다	501	26	32
https://m.cafe.naver.com/ca-fe/web/cafes/10503958/articles/376056	격수: 아탈렐리 M4 A1 SHERMAN - 1	258	12	15
https://m.cafe.naver.com/ca-fe/web/cafes/10503958/articles/376034	철매: 트럼페트  1/16 킹타이거탱크 (풀인테리어)	412	12	16
https://m.cafe.naver.com/ca-fe/web/cafes/10503958/articles/375649	타키온71v천안: MENG 1/35 M1A2 제작 #1	470	17	16
https://m.cafe.naver.com/ca-fe/web/cafes/10503958/articles/375642	민이얌: K2전차 수출형 K2EX,  K2PL  제작기 - 4	236	8	2
https://m.cafe.naver.com/ca-fe/web/cafes/10503958/articles/375639	스코트: 독일 모터사이클 WW2	342	17	10
https://m.cafe.naver.com/ca-fe/web/cafes/10503958/articles/375623	깐깐징어: Trumpeter 1/35 T-80BVM obr.2023	453	18	14
https://m.cafe.naver.com/ca-fe/web/cafes/10503958/articles/375604	Phantom: (포탑도색) 1/35 아카데미 R.O.K. Army K1A2 전차 + MK1 에칭셋 + MEK 120mm활강포, 가동식 트랙 제작기 #36	435	33	17
https://m.cafe.naver.com/ca-fe/web/cafes/10503958/articles/375556	시뇨: 하비보스 aavp-7a1을 kaavp 모드로 맹글어봅니다.	758	39	66
https://m.cafe.naver.com/ca-fe/web/cafes/10503958/articles/375546	격수: 이탈레리 PANZERJAGER 1 - 1	288	15	6
https://m.cafe.naver.com/ca-fe/web/cafes/10503958/articles/375512	프라가모: 아카데미 5호전차	415	10	5
https://m.cafe.naver.com/ca-fe/web/cafes/10503958/articles/375501	섬아방: Hummel 전차 제작기 입니다.(1)	463	12	11
https://m.cafe.naver.com/ca-fe/web/cafes/10503958/articles/375489	브란덴부르크: 이탈레리 M24 채피에 긴급 지원받은 AFV제 강철궤도를 씌워보기..	312	14	12
https://m.cafe.naver.com/ca-fe/web/cafes/10503958/articles/375455	Phantom: (하부도색) 1/35 아카데미 R.O.K. Army K1A2 전차 + MK1 에칭셋 + MEK 120mm활강포, 가동식 트랙 제작기 #35	385	32	22
https://m.cafe.naver.com/ca-fe/web/cafes/10503958/articles/375441	지칠수록파이팅: K2전차 선물용 제작3-1	233	6	2
https://m.cafe.naver.com/ca-fe/web/cafes/10503958/articles/375434	prem: 아카데미 1/35 판터G Vampire #1	319	10	2
https://m.cafe.naver.com/ca-fe/web/cafes/10503958/articles/375418	Phantom: (포탑마무리) 1/35 아카데미 R.O.K. Army K1A2 전차 + MK1 에칭셋 + MEK 120mm활강포, 가동식 트랙 제작기 #34	326	22	20
https://m.cafe.naver.com/ca-fe/web/cafes/10503958/articles/375410	격수: 아카데미 PZ. KPFW. 35T - 4	187	10	4
https://m.cafe.naver.com/ca-fe/web/cafes/10503958/articles/375390	브란덴부르크: 1:35 ESCI 데마그 하프트랙 차량 업그레이드 ..	262	18	16
https://m.cafe.naver.com/ca-fe/web/cafes/10503958/articles/375388	Phantom: (탄피받이) 1/35 아카데미 R.O.K. Army K1A2 전차 + MK1 에칭셋 + MEK 120mm활강포, 가동식 트랙 제작기 #33	221	12	6
https://m.cafe.naver.com/ca-fe/web/cafes/10503958/articles/375384	번쩍번쩍열매: m113a3 데프 연결식 궤도 좋네요~	284	7	2
https://m.cafe.naver.com/ca-fe/web/cafes/10503958/articles/375382	prem: 아카데미 1/35 M3 스튜어트 허니 #1	213	7	4
https://m.cafe.naver.com/ca-fe/web/cafes/10503958/articles/374940	Phantom: (상부차체) 1/35 아카데미 R.O.K. Army K1A2 전차 + MK1 에칭셋 + MEK 120mm활강포, 가동식 트랙 제작기 #31	364	17	40
https://m.cafe.naver.com/ca-fe/web/cafes/10503958/articles/374912	매니악7: 즈베다미 t-70b 도색기	240	16	17
https://m.cafe.naver.com/ca-fe/web/cafes/10503958/articles/374908	격수: 아카데미 M3 STUART HONEY -1	179	7	2
https://m.cafe.naver.com/ca-fe/web/cafes/10503958/articles/374906	매니악7: 타미야 1/48 js-2 컬러링 과정	378	16	11
https://m.cafe.naver.com/ca-fe/web/cafes/10503958/articles/374889	Phantom: (포탑인테리어) 1/35 아카데미 R.O.K. Army K1A2 전차 + MK1 에칭셋 + MEK 120mm활강포, 가동식 트랙 제작기 #30	399	24	24
https://m.cafe.naver.com/ca-fe/web/cafes/10503958/articles/374859	Phantom: (포탑) 1/35 아카데미 R.O.K. Army K1A2 전차 + MK1 에칭셋 + MEK 120mm활강포, 가동식 트랙 제작기 #28	223	20	0
https://m.cafe.naver.com/ca-fe/web/cafes/10503958/articles/374823	Shin k chul: 1/35 CMK제 35(t) 경전차 만듭니다.	212	10	2
https://m.cafe.naver.com/ca-fe/web/cafes/10503958/articles/374703	격수: 아카데미 M3 STUART HONEY - 3	194	11	0
https://m.cafe.naver.com/ca-fe/web/cafes/10503958/articles/374701	다쓰붸이다: K311A1...#1.	221	8	1
https://m.cafe.naver.com/ca-fe/web/cafes/10503958/articles/374698	elfwood: 셔먼 퓨리버전 업데이트킷 도색중.	536	33	49
https://m.cafe.naver.com/ca-fe/web/cafes/10503958/articles/374695	가조립퍼: AFV 클럽 1/35 FV4005	381	21	5
https://m.cafe.naver.com/ca-fe/web/cafes/10503958/articles/374661	격수: 아카데미 M3 STUART HONEY - 2	207	15	4
https://m.cafe.naver.com/ca-fe/web/cafes/10503958/articles/374627	레흐: 아카데미 K2 Black Panther GF	375	20	14
https://m.cafe.naver.com/ca-fe/web/cafes/10503958/articles/374604	격수: 아카데미 M3 STUART HONEY - 1	200	13	2
https://m.cafe.naver.com/ca-fe/web/cafes/10503958/articles/374588	민이얌: Meng model 1/72 M1A2 sep Abrams tusk2 제작기 - 2	178	10	4
https://m.cafe.naver.com/ca-fe/web/cafes/10503958/articles/374586	니오: k방산 k2gf만들기  마무리중	540	31	20
https://m.cafe.naver.com/ca-fe/web/cafes/10503958/articles/374581	Phantom: (포수석) 1/35 아카데미 R.O.K. Army K1A2 전차 + MK1 에칭셋 + MEK 120mm활강포, 가동식 트랙 제작기 #27	217	14	4
https://m.cafe.naver.com/ca-fe/web/cafes/10503958/articles/374545	Phantom: (포탑 수습2) 1/35 아카데미 R.O.K. Army K1A2 전차 + MK1 에칭셋 + MEK 120mm활강포, 가동식 트랙 제작기 #26	272	20	4
https://m.cafe.naver.com/ca-fe/web/cafes/10503958/articles/374533	jump7221: 타콤 1/16  그레이하운드 도어 개폐 개조	245	9	2
https://m.cafe.naver.com/ca-fe/web/cafes/10503958/articles/374516	jump7221: 타콤 1/16  M8 그레이하운드  조립중^^	360	15	10
https://m.cafe.naver.com/ca-fe/web/cafes/10503958/articles/374067	정진우: 오랜만에 모형 도색했습니다!	497	22	5
https://m.cafe.naver.com/ca-fe/web/cafes/10503958/articles/374066	DORI: [작업기] K713 제작기 #2 (GGC scalefactory&AFV CLUB)	202	9	6
https://m.cafe.naver.com/ca-fe/web/cafes/10503958/articles/374042	마른오징어: 아카데미과학 1/35 M3 GRANT 제작중입니다.	358	20	8
https://m.cafe.naver.com/ca-fe/web/cafes/10503958/articles/373979	밀리터리모형: 타미야 Sd.Kfz.250/3 Greif	354	21	9
https://m.cafe.naver.com/ca-fe/web/cafes/10503958/articles/373964	Africa: 1/35 [Trumpeter] T-80U 제3기갑여단 제작기-1	341	16	0
https://m.cafe.naver.com/ca-fe/web/cafes/10503958/articles/373948	원조소심이: AFV CLUB 1/35 M51A2 5-TON DUMP TRUCK 제작기 #5	239	19	8
https://m.cafe.naver.com/ca-fe/web/cafes/10503958/articles/373938	DORI: [작업기] K713 제작기 #1 (GGC scalefactory&AFV CLUB)	150	17	3
https://m.cafe.naver.com/ca-fe/web/cafes/10503958/articles/373932	Phantom: (하부차체 뼈대제작) 1/35 아카데미 R.O.K. Army K1A2 전차 + MK1 에칭셋 + MEK 120mm활강포, 가동식 트랙 제작기 #18	343	16	17
https://m.cafe.naver.com/ca-fe/web/cafes/10503958/articles/373919	Africa: 1/35 [아카데미] BMP-3 제3기갑여단 (feat. Trumpeter) 제작기	389	19	4
https://m.cafe.naver.com/ca-fe/web/cafes/10503958/articles/373910	민이얌: Meng model 1/72 LEOPARD2A7 제작기 - 2	158	12	2
https://m.cafe.naver.com/ca-fe/web/cafes/10503958/articles/373884	Africa: 1/35 [아카데미] K311A1 제작기	413	19	11
https://m.cafe.naver.com/ca-fe/web/cafes/10503958/articles/373876	취미청년: [1/35 TAMIYA] 4호 전차 Ausf.G (디오라마용) 제작기 #4	207	11	4
https://m.cafe.naver.com/ca-fe/web/cafes/10503958/articles/373870	88mm전차포로굽는고기: 레벨 레오파르트1A5	360	17	20
https://m.cafe.naver.com/ca-fe/web/cafes/10503958/articles/373862	Phantom: (장전수 해치의 수정) 1/35 아카데미 R.O.K. Army K1A2 전차 + MK1 에칭셋 + MEK 120mm활강포, 가동식 트랙 제작기 #17	285	19	9
https://m.cafe.naver.com/ca-fe/web/cafes/10503958/articles/373840	호영주영아빠: 98프로완성  닷지하고 육공트럭	331	16	6
https://m.cafe.naver.com/ca-fe/web/cafes/10503958/articles/373783	Phantom: 1/35 아카데미 R.O.K. Army K1A2 전차 + MK1 에칭셋 + MEK 120mm활강포, 가동식 트랙 제작기 #16	499	37	25
https://m.cafe.naver.com/ca-fe/web/cafes/10503958/articles/373755	격수: 이탈레리 US MARINES M4 SHERMAN	305	15	4
https://m.cafe.naver.com/ca-fe/web/cafes/10503958/articles/373741	Phantom: 1/35 아카데미 R.O.K. Army K1A2 전차 + MK1 에칭셋 + MEK 120mm활강포, 가동식 트랙 제작기 #15	448	23	10
https://m.cafe.naver.com/ca-fe/web/cafes/10503958/articles/373711	88mm전차포로굽는고기: 아카데미 CV9040 조립	354	16	11
https://m.cafe.naver.com/ca-fe/web/cafes/10503958/articles/373707	밀리터리모형: Tamiya German Krupp Protze 1ton 6x4 Kfz.69 w/3.7cm PaK	337	18	8
https://m.cafe.naver.com/ca-fe/web/cafes/10503958/articles/373226	브란덴부르크: 아프리카군단 디오라마 베이스 및 88mm 포진지 제작	377	23	26
https://m.cafe.naver.com/ca-fe/web/cafes/10503958/articles/373225	다이버킴: U.S.Army Green beret Dumvee	238	10	2
https://m.cafe.naver.com/ca-fe/web/cafes/10503958/articles/373222	불다트: 일단 완성 입니다.	369	16	6
https://m.cafe.naver.com/ca-fe/web/cafes/10503958/articles/373221	Gany419: 티거 S33 쿠르스크 1/16, Tiger I S33 Kursk	384	15	7
https://m.cafe.naver.com/ca-fe/web/cafes/10503958/articles/373214	민이얌: K2GF 제작기 - 3	188	11	4
https://m.cafe.naver.com/ca-fe/web/cafes/10503958/articles/373212	Africa: 1/35 [AFV Club] Sd. Kfz. 251/10 Ausf. D (feat Tamiya 35035) 제작기	222	5	2
https://m.cafe.naver.com/ca-fe/web/cafes/10503958/articles/373211	Africa: 1/35 [AFV Club] Sd. Kfz. 251/2 Ausf. D (feat. Tamiya 35193) 제작기	134	3	0
https://m.cafe.naver.com/ca-fe/web/cafes/10503958/articles/373180	매니악7: 아카데미 1/35 ks750 사이드카	546	21	28
https://m.cafe.naver.com/ca-fe/web/cafes/10503958/articles/373176	브란덴부르크: 1:35 전차 포탄류 도색..	406	19	10
https://m.cafe.naver.com/ca-fe/web/cafes/10503958/articles/373136	원조소심이: AFV CLUB 1/35 M51A2 5-TON DUMP TRUCK 제작기 #3	283	8	4
https://m.cafe.naver.com/ca-fe/web/cafes/10503958/articles/373118	시뇨: T-34/85 풀인테리어, 아카데미 논스케일드 가는길	348	15	8
https://m.cafe.naver.com/ca-fe/web/cafes/10503958/articles/373088	Africa: 1/35 [Trumpeter] M1135 Styker NBC RV	297	12	2
https://m.cafe.naver.com/ca-fe/web/cafes/10503958/articles/373068	종탱: 하비보스 1/35 KAAV 제작중.	336	8	9
https://m.cafe.naver.com/ca-fe/web/cafes/10503958/articles/373061	매니악7: 타미야 148 js-2 조립	284	11	3
https://m.cafe.naver.com/ca-fe/web/cafes/10503958/articles/373055	밀리터리모형: 타미야 신금형 4호와 판더D형	436	14	8
https://m.cafe.naver.com/ca-fe/web/cafes/10503958/articles/373053	매니악7: 피격 장면 만들기 테스트	409	21	16
https://m.cafe.naver.com/ca-fe/web/cafes/10503958/articles/373049	eliet: 1/15반다이 험멜~	260	14	17
https://m.cafe.naver.com/ca-fe/web/cafes/10503958/articles/373032	Africa: 1/35 [AFV Club] Sd. Kfz. 251/19 제작기	183	5	0
https://m.cafe.naver.com/ca-fe/web/cafes/10503958/articles/373030	김수웅: 1/35 [타미야] SAS Jeep 제작기 #5	355	27	38
https://m.cafe.naver.com/ca-fe/web/cafes/10503958/articles/372983	독성지 천안호랑이: AFVclub M54A2	338	5	6
https://m.cafe.naver.com/ca-fe/web/cafes/10503958/articles/372656	정아인파파: 타미야 1/16  킹타이거 포르쉐 터렛 수정(풀오퍼, 디테일업) 작업 중 한컷	243	8	5
https://m.cafe.naver.com/ca-fe/web/cafes/10503958/articles/372654	M16A1: 미니아트 T-44 내부 조립했습니다	307	12	8
https://m.cafe.naver.com/ca-fe/web/cafes/10503958/articles/372650	박성윤: 1/48 Js-2 제작기	183	13	3
https://m.cafe.naver.com/ca-fe/web/cafes/10503958/articles/372649	언젠가고수: m114 곡사포와 포차	262	15	2
https://m.cafe.naver.com/ca-fe/web/cafes/10503958/articles/372642	독성지 천안호랑이: M54A2 최근근황	283	8	0
https://m.cafe.naver.com/ca-fe/web/cafes/10503958/articles/372641	Phantom: 1/35 아오시마 J.G.S.D.F SKW-477 3톤반 트럭 제작기 #3	128	7	0
https://m.cafe.naver.com/ca-fe/web/cafes/10503958/articles/372631	산바람: 아카데미 하비페어 한정판 젤다 제작중 (나그만 2) #2	326	10	8
https://m.cafe.naver.com/ca-fe/web/cafes/10503958/articles/372625	Phantom: 1/35 아오시마 J.G.S.D.F SKW-477 3톤반 트럭 제작기 #2	251	15	11
https://m.cafe.naver.com/ca-fe/web/cafes/10503958/articles/372615	GUNGUN: 청춘을 돌려다오	347	12	9
https://m.cafe.naver.com/ca-fe/web/cafes/10503958/articles/372605	Phantom: 1/35 아오시마 J.G.S.D.F SKW-477 3톤반 트럭 제작기 #1	199	12	6
https://m.cafe.naver.com/ca-fe/web/cafes/10503958/articles/372571	논네이스: 간단한 디오라마를 구상중입니다.	175	12	0
https://m.cafe.naver.com/ca-fe/web/cafes/10503958/articles/372535	하루나기: 아카데미과학 M1126 기본도색.	452	9	3
https://m.cafe.naver.com/ca-fe/web/cafes/10503958/articles/372516	jump7221: 1/16  M10  트렉 조립^^	211	6	0
https://m.cafe.naver.com/ca-fe/web/cafes/10503958/articles/372513	M1A2 SEP V3: 조립 완료한 M60 전차 입니다	396	12	10
https://m.cafe.naver.com/ca-fe/web/cafes/10503958/articles/372510	산바람: 아카데미 하비페어 한정판 젤다 제작중 (나그만 2)	375	14	12
https://m.cafe.naver.com/ca-fe/web/cafes/10503958/articles/372505	designpower: [TAMIYA] German Panther Ausf.G 타미야 프라모델 조립 도색중	208	3	0
https://m.cafe.naver.com/ca-fe/web/cafes/10503958/articles/372470	취미청년: [AFV제작기]디오라마용 1/35 [tamiya 4호전차, 드래곤 sd.kfj 250/3 'greif'] 제작기 #3	275	13	4
https://m.cafe.naver.com/ca-fe/web/cafes/10503958/articles/372468	노커트: 4D모형 러시아 T-90MS 조립기	181	7	6
https://m.cafe.naver.com/ca-fe/web/cafes/10503958/articles/372455	원조소심이: AFV CLUB 1/35 M51A2 5-TON DUMP TRUCK 제작기 #1	619	11	6
https://m.cafe.naver.com/ca-fe/web/cafes/10503958/articles/372451	브란덴부르크: 1:35 AS90 브레이브 하트 자주포 좀 색다른 위장도색 실시	362	18	16
https://m.cafe.naver.com/ca-fe/web/cafes/10503958/articles/371985	니오: 아카데미 k9a1 제작중	618	29	14
https://m.cafe.naver.com/ca-fe/web/cafes/10503958/articles/371975	GUNGUN: 야크트티거 도색중	215	4	2
https://m.cafe.naver.com/ca-fe/web/cafes/10503958/articles/371967	Phantom: 1/35 아카데미 R.O.K. Army K1A2 전차 + MK1 에칭셋 + MEK 120mm활강포, 가동식 트랙 제작기 #10	235	15	5
https://m.cafe.naver.com/ca-fe/web/cafes/10503958/articles/371948	구기: Kingtiger Engine 1/35	378	17	1
https://m.cafe.naver.com/ca-fe/web/cafes/10503958/articles/371924	Phantom: 1/35 아카데미 R.O.K. Army K1A2 전차 + MK1 에칭셋 + MEK 120mm활강포, 가동식 트랙 제작기 #9	196	12	6
https://m.cafe.naver.com/ca-fe/web/cafes/10503958/articles/371916	Africa: 1/35 [AFV Club] Sd. Kfz. 251/17 Ausf. C 제작기-1	178	5	0
https://m.cafe.naver.com/ca-fe/web/cafes/10503958/articles/371915	매니악7: is-2 테스트	282	14	14
https://m.cafe.naver.com/ca-fe/web/cafes/10503958/articles/371885	Phantom: 1/35 아카데미 R.O.K. Army K1A2 전차 + MK1 에칭셋 + MEK 120mm활강포, 가동식 트랙 제작기 #8	246	8	6
https://m.cafe.naver.com/ca-fe/web/cafes/10503958/articles/371865	된장맛사탕: 헐~니가 거기서 왜 튀어나와?	557	14	7
https://m.cafe.naver.com/ca-fe/web/cafes/10503958/articles/371845	Africa: 1/35 [Trumpeter] M1127 Stryker Reconnaissance Vehicle (RV) 마지막 제작기	130	11	0
https://m.cafe.naver.com/ca-fe/web/cafes/10503958/articles/371840	브란덴부르크: 1:35 아카데미 2호전차 개칠..	1304	24	28
https://m.cafe.naver.com/ca-fe/web/cafes/10503958/articles/371839	Phantom: 1/35 Dammi321님 3D프린팅 R.O.K. Army K312A1 구급차+ 아카데미 제작기 #6	165	4	2
https://m.cafe.naver.com/ca-fe/web/cafes/10503958/articles/371808	평범한 괴짜: 1/10 K311A1 RC카 바디	478	16	8
https://m.cafe.naver.com/ca-fe/web/cafes/10503958/articles/371793	매니악7: 즈베즈다 t-70b	251	13	6
https://m.cafe.naver.com/ca-fe/web/cafes/10503958/articles/371791	타키온71v천안: 맹 1/35 터미네이터	436	20	2
https://m.cafe.naver.com/ca-fe/web/cafes/10503958/articles/371789	DORI: [작업기] K153 KLTV 작업기 #2 (Feat. Caliber model)	179	7	1
https://m.cafe.naver.com/ca-fe/web/cafes/10503958/articles/371770	모형광: M1 ASSAULT BREACHER VEHICLE - 01	210	6	2
https://m.cafe.naver.com/ca-fe/web/cafes/10503958/articles/371749	취미청년: 디오라마용 1/35 tamiya 4호전차, 드래곤 sd.kfj 250/3 'greif'	281	9	2
https://m.cafe.naver.com/ca-fe/web/cafes/10503958/articles/371423	매니악7: 타미야 1/6 동계 보병	219	14	4
https://m.cafe.naver.com/ca-fe/web/cafes/10503958/articles/371388	Africa: 1/35 [AFV Club] Sd. Kfz. 251/9 Ausf. D 제작기-1	292	10	6
https://m.cafe.naver.com/ca-fe/web/cafes/10503958/articles/371383	Phantom: 1/35 아카데미 R.O.K. Army K1A2 전차 + MK1 에칭셋 + MEK 120mm활강포, 가동식 트랙 제작기 #5	326	11	2
https://m.cafe.naver.com/ca-fe/web/cafes/10503958/articles/371348	Phantom: 1/35 아카데미 R.O.K. Army K1A2 전차 + MK1 에칭셋 + MEK 120mm활강포, 가동식 트랙 제작기 #4	347	16	20
https://m.cafe.naver.com/ca-fe/web/cafes/10503958/articles/371336	레흐: 드래곤 타이거 I 131 호 제작기 - 피규어 완성및 차량에 올리기	180	14	2
https://m.cafe.naver.com/ca-fe/web/cafes/10503958/articles/371328	designpower: M113A1 'Vietnam War' 프라모델 모형 조립 도색중	462	10	3
https://m.cafe.naver.com/ca-fe/web/cafes/10503958/articles/371316	M16A1: 아카데미 킹타이거 도색했습니다!	380	16	1
https://m.cafe.naver.com/ca-fe/web/cafes/10503958/articles/371311	브란덴부르크: 게으름을 뚫고 DAK 디오라마용 피규어도색 시작했습니다. (feat. 정찰기 도입)	353	15	15
https://m.cafe.naver.com/ca-fe/web/cafes/10503958/articles/371304	Africa: 1/35 [AFV Club] M1132 Stryker ESV Surface Mine Plow (SMP) 마지막 제작기	236	11	2
https://m.cafe.naver.com/ca-fe/web/cafes/10503958/articles/371302	Phantom: 1/35 Dammi321님 3D프린팅 R.O.K. Army K312A1 구급차+ 아카데미 제작기 #3	172	6	3
https://m.cafe.naver.com/ca-fe/web/cafes/10503958/articles/371300	jump7221: 타미야 1/16  10식이  바스켓작업 준비.	108	4	2
https://m.cafe.naver.com/ca-fe/web/cafes/10503958/articles/371287	하루나기: 아카데미과학 험비 2종 조립.	576	8	2
https://m.cafe.naver.com/ca-fe/web/cafes/10503958/articles/371283	jump7221: 타미야 1/16  10식이 작업.^^	311	6	8
https://m.cafe.naver.com/ca-fe/web/cafes/10503958/articles/371247	Phantom: 1/35 Dammi321님 3D프린팅 R.O.K. Army K312A1 구급차+ 아카데미 제작기 #2	219	14	19
https://m.cafe.naver.com/ca-fe/web/cafes/10503958/articles/371246	레흐: 드래곤 타이거 I 131 호 제작기 - 자체완성 및 피규어 시작	171	12	4
https://m.cafe.naver.com/ca-fe/web/cafes/10503958/articles/371216	레흐: 드래곤 타이거 I 131  제작기 - 도장	289	12	7
https://m.cafe.naver.com/ca-fe/web/cafes/10503958/articles/371186	Africa: 1/35 [AFV Club] M1132 Stryker ESV Surface Mine Plow (SMP) 제작기-3	189	11	2
https://m.cafe.naver.com/ca-fe/web/cafes/10503958/articles/371170	문산똘복이: K131 군토나 작업 막바지!	343	16	10
https://m.cafe.naver.com/ca-fe/web/cafes/10503958/articles/371168	Phantom: 1/35 Dammi321님 3D프린팅 R.O.K. Army K312A1 + 아카데미 제작기 #1	267	12	9
https://m.cafe.naver.com/ca-fe/web/cafes/10503958/articles/371156	레흐: 드래곤 타이거 I 131 호 제작기 - 조립	375	18	21
https://m.cafe.naver.com/ca-fe/web/cafes/10503958/articles/370696	토종손: 현재 제작상황	252	8	1
https://m.cafe.naver.com/ca-fe/web/cafes/10503958/articles/370689	초보파코: 아카데미 1/35 독일 4호 전차 H 장갑형 (구 금형) 제작기 #3	310	10	2
https://m.cafe.naver.com/ca-fe/web/cafes/10503958/articles/370679	독성지 천안호랑이: AFVclub M54A2 제작기2	215	2	2
https://m.cafe.naver.com/ca-fe/web/cafes/10503958/articles/370649	M1A2 SEP V3: 2대 조립후 사진 입니다	366	16	5
https://m.cafe.naver.com/ca-fe/web/cafes/10503958/articles/370638	독성지 천안호랑이: AFVclub M54A2 첫 제작기	222	7	4
https://m.cafe.naver.com/ca-fe/web/cafes/10503958/articles/370635	DORI: [작업기] K9A1 자주포 작업기 #2	179	12	1
https://m.cafe.naver.com/ca-fe/web/cafes/10503958/articles/370628	젊은남자: 셔먼전차 피규어 위장	348	22	12
https://m.cafe.naver.com/ca-fe/web/cafes/10503958/articles/370623	하루나기: 88전차 조립	394	18	2
https://m.cafe.naver.com/ca-fe/web/cafes/10503958/articles/370619	Africa: 1/35 [AFV Club] Sd. Kfz. 251/12 Ausf.C (feat. Tamiya 35343) 제작기-2	397	13	9
https://m.cafe.naver.com/ca-fe/web/cafes/10503958/articles/370618	주뇨니: 아카데미 K1A1 #4	278	15	10
https://m.cafe.naver.com/ca-fe/web/cafes/10503958/articles/370615	산바람: 마가크 7C 제작중	180	14	7
https://m.cafe.naver.com/ca-fe/web/cafes/10503958/articles/370597	젊은남자: 셔먼전차 기본도색	0	27	26
https://m.cafe.naver.com/ca-fe/web/cafes/10503958/articles/370542	M16A1: 하비페어에 출품할 디오라마 제작중입니다.	382	8	0
https://m.cafe.naver.com/ca-fe/web/cafes/10503958/articles/370538	하루나기: 88전차 도전~[2]	280	8	1
https://m.cafe.naver.com/ca-fe/web/cafes/10503958/articles/370530	기갑척탄병: 1/35 아카데미 킹타이거 최후 생산형	638	22	10
https://m.cafe.naver.com/ca-fe/web/cafes/10503958/articles/370518	타키온71v천안: 어뮤징하비 1/35 T-72AV #4	578	30	18
https://m.cafe.naver.com/ca-fe/web/cafes/10503958/articles/370505	매니악7: 드래곤 인형 수리	284	7	2
https://m.cafe.naver.com/ca-fe/web/cafes/10503958/articles/370500	Phantom: 1/35 TAMIYA J.G.S.D.F 90식 전차 + Tetra 에칭셋 + 라우펜 모델 가동식 트랙 제작기 #1	183	5	4
https://m.cafe.naver.com/ca-fe/web/cafes/10503958/articles/370490	레흐: 비오는 날 작업중 입니다 (호르히 4x4 Type 1A + 친위대 피규어 세트)	241	16	11
https://m.cafe.naver.com/ca-fe/web/cafes/10503958/articles/370484	아졸바: 매드캣님덕에 연결식 궤도 잘 씌워줬습니다	185	9	6
https://m.cafe.naver.com/ca-fe/web/cafes/10503958/articles/370015	Phantom: 1/35 Liam 3D Models R.O.K. ARMY K111 초기형 + Def model 경광등(헌병 차량) 제작기 #4	207	5	15
https://m.cafe.naver.com/ca-fe/web/cafes/10503958/articles/369989	reformed17: 아카데미 1/35 M1(105mm) 제작기 #2	426	10	7
https://m.cafe.naver.com/ca-fe/web/cafes/10503958/articles/369956	jump7221: 1/16 해병 돌격장갑차 트랙 교체 개조작업	366	11	6
https://m.cafe.naver.com/ca-fe/web/cafes/10503958/articles/369947	멋진파이: 타미야 1/16 킹타이거 제작기(웨더링~ing)	538	14	16
https://m.cafe.naver.com/ca-fe/web/cafes/10503958/articles/369940	Africa: 1/35 [AFV Club] Sd. Kfz. 251/1Ausf. C Stuka Zu Fuss 제작기-1	394	12	10
https://m.cafe.naver.com/ca-fe/web/cafes/10503958/articles/369903	박성윤: 1/48 JS-2 제작기 (1)	212	6	4
https://m.cafe.naver.com/ca-fe/web/cafes/10503958/articles/369899	사리곰탕면: 미니아트 StuG III Ausf.G	387	20	11
https://m.cafe.naver.com/ca-fe/web/cafes/10503958/articles/369895	브란덴부르크: AFV클럽 센츄리온 한국전형 먹선 작업	427	19	10
https://m.cafe.naver.com/ca-fe/web/cafes/10503958/articles/369881	민이얌: K2 박스가 제대로 안 닫히는 이유..	628	14	4
https://m.cafe.naver.com/ca-fe/web/cafes/10503958/articles/369872	Phantom: 트럼페터 J.G.S.D.F 73식 경트럭 경무대(군사경찰) + Def model 타이어 + voyager 에칭 제작기#2	246	9	8
https://m.cafe.naver.com/ca-fe/web/cafes/10503958/articles/369862	Africa: 1/35 [AFV Club] M1128 MGS Stryker (2010 Ver.) 마지막 제작기	280	13	18
https://m.cafe.naver.com/ca-fe/web/cafes/10503958/articles/369858	시뇨: 더디게, 브롱코 MPCV 제작 중입니다.	371	14	26
https://m.cafe.naver.com/ca-fe/web/cafes/10503958/articles/369847	DORI: [작업기] K-600 장애물개척전차 제작기 #9	342	21	8
https://m.cafe.naver.com/ca-fe/web/cafes/10503958/articles/369797	야생불곰: 티거전차 동계위장 첫도전	252	8	0
https://m.cafe.naver.com/ca-fe/web/cafes/10503958/articles/369785	M16A1: 타미야 M3A2 피규어,총기 도색	313	11	0
https://m.cafe.naver.com/ca-fe/web/cafes/10503958/articles/369776	뭉뭉솔정: 아카데미 독일 스터그 4호 돌격포 #1	410	19	4
https://m.cafe.naver.com/ca-fe/web/cafes/10503958/articles/369771	주뇨니: 아카데미 K1A1 #1	506	29	22
https://m.cafe.naver.com/ca-fe/web/cafes/10503958/articles/369746	초보파코: 완전초보의 "Hetzer" 작업기 2.	440	11	8
https://m.cafe.naver.com/ca-fe/web/cafes/10503958/articles/369741	reformed17: 아카데미 1/35 M1(105mm) 제작기 #1	483	10	4
https://m.cafe.naver.com/ca-fe/web/cafes/10503958/articles/369714	Africa: 1/35 [AFV Club] M1128 MGS Stryker (2010 Ver.) 제작기-1	292	7	14
https://m.cafe.naver.com/ca-fe/web/cafes/10503958/articles/369134	Africa: 1/35 [TRUMPETER] M1132 Stryker ESV 제작기-1	250	12	2
https://m.cafe.naver.com/ca-fe/web/cafes/10503958/articles/369131	매니악7: 인형 붓도색 연습	414	16	26
https://m.cafe.naver.com/ca-fe/web/cafes/10503958/articles/369114	브란덴부르크: AFV 센추리온 및 한국군 전차병 작업중입니다	601	31	18
https://m.cafe.naver.com/ca-fe/web/cafes/10503958/articles/369106	에펨맨: MENG 1/35 LEOPARD 2A7	495	22	15
https://m.cafe.naver.com/ca-fe/web/cafes/10503958/articles/369090	jump7221: 1/16 브래들리 전자부품 조립중	230	2	2
https://m.cafe.naver.com/ca-fe/web/cafes/10503958/articles/369061	수덕 김선생: 미니아트 T-55 czechoslovak	403	15	10
https://m.cafe.naver.com/ca-fe/web/cafes/10503958/articles/369057	eliet: 타미야1/16rc  kv1데칼 작업	152	3	4
https://m.cafe.naver.com/ca-fe/web/cafes/10503958/articles/369053	PLS: 1/35 Marder III German Tank Destroyer 제작기-2	283	9	4
https://m.cafe.naver.com/ca-fe/web/cafes/10503958/articles/369050	eliet: 1/16 rc m113	267	8	14
https://m.cafe.naver.com/ca-fe/web/cafes/10503958/articles/369024	이지 에이트: (데이터주의)프라 초보의 타미야 콘테스트 대회 도전 제작기 늦게나마 올려 봅니다.	261	13	4
https://m.cafe.naver.com/ca-fe/web/cafes/10503958/articles/369018	매니악7: 치핑	353	10	7
https://m.cafe.naver.com/ca-fe/web/cafes/10503958/articles/369003	매니악7: 오랜만에 손 풀기 에브작업	397	20	14
https://m.cafe.naver.com/ca-fe/web/cafes/10503958/articles/368963	정앤정: 타미야 US M48A3 Patton 제작중	379	5	4
https://m.cafe.naver.com/ca-fe/web/cafes/10503958/articles/368917	Africa: 1/35 [DRAGON] Sd. Kfz. 251/7 AUSF.D 마지막 제작기	176	5	2
https://m.cafe.naver.com/ca-fe/web/cafes/10503958/articles/368886	Leslie Kim: 독일연방군 MARDER 1A2 제작중입니다	179	6	0
https://m.cafe.naver.com/ca-fe/web/cafes/10503958/articles/368885	초보곰손아재: [1/35] British 155mm AS-90 / TRUMPETER	312	16	2
https://m.cafe.naver.com/ca-fe/web/cafes/10503958/articles/368850	밀리터리모형: 타미야 m3a2 제작기	387	10	10
https://m.cafe.naver.com/ca-fe/web/cafes/10503958/articles/368833	칭밍티엔: 드레곤 M4A1	413	27	8
https://m.cafe.naver.com/ca-fe/web/cafes/10503958/articles/368152	Africa: 1/35 [Trumpeter] M1129 Stryker 마지막 제작기	220	4	4
https://m.cafe.naver.com/ca-fe/web/cafes/10503958/articles/368146	DORI: [작업기] K-600 장애물개척전차 제작기 #8	312	17	6
https://m.cafe.naver.com/ca-fe/web/cafes/10503958/articles/368123	정진우: 트럼페터 E-100 제작중~~	323	12	2
https://m.cafe.naver.com/ca-fe/web/cafes/10503958/articles/368105	enterdragon: M18 & TIGER 비넷 제작기 ..그리고 마무리	347	19	6
https://m.cafe.naver.com/ca-fe/web/cafes/10503958/articles/368092	도색 뉴비: 트럼페터 1/35 C1 아리에떼-1	187	9	2
https://m.cafe.naver.com/ca-fe/web/cafes/10503958/articles/368086	Africa: 1/35 [Trumpeter] M1129 Stryker 제작기-3	162	6	0
https://m.cafe.naver.com/ca-fe/web/cafes/10503958/articles/368027	타키온71v천안: 어뮤징하비 1/35 T-72AV #3	517	31	10
https://m.cafe.naver.com/ca-fe/web/cafes/10503958/articles/368010	Africa: 1/35 [Trumpeter] M1129 Stryker 제작기-2	215	4	2
https://m.cafe.naver.com/ca-fe/web/cafes/10503958/articles/367990	Rocket Launcher: 저도 23년 결산~	405	20	12
https://m.cafe.naver.com/ca-fe/web/cafes/10503958/articles/367986	타키온71v천안: 어뮤징하비 1/35 T-72AV #2	342	19	7
https://m.cafe.naver.com/ca-fe/web/cafes/10503958/articles/367970	Africa: 1/35 [Trumpeter] M1129 Stryker 제작기-1	255	4	2
https://m.cafe.naver.com/ca-fe/web/cafes/10503958/articles/367950	프런트라인: 영국전차와 건담 사막버전 베이스 제작기	276	8	4
https://m.cafe.naver.com/ca-fe/web/cafes/10503958/articles/367948	대곶의 사나이: 결국엔..  동계위장 살짝ㅋㅋ	382	17	13
https://m.cafe.naver.com/ca-fe/web/cafes/10503958/articles/367905	대곶의 사나이: 아카데미티거 데칼작업까지 완료!	379	13	9
https://m.cafe.naver.com/ca-fe/web/cafes/10503958/articles/367863	대곶의 사나이: 타이거 기본도장완료.	320	9	15
https://m.cafe.naver.com/ca-fe/web/cafes/10503958/articles/367855	Phantom: 아카데미 U.S. ARMY M1151 + Def model 타이어셋, 안테나셋 제작기 #1	362	13	8
https://m.cafe.naver.com/ca-fe/web/cafes/10503958/articles/367833	초보곰손아재: [1/35] UKRAINE KRAZ-6322 [late type] / TAKOM-1	269	7	2
https://m.cafe.naver.com/ca-fe/web/cafes/10503958/articles/367824	브란덴부르크: 새로운 시작..1:35 GAZ AA트럭 (포드 트럭 라이센스판)	274	15	6
https://m.cafe.naver.com/ca-fe/web/cafes/10503958/articles/367823	Phantom: Liam 3D Models R.O.K. ARMY K111 초기형 + Def model 경광등(헌병 차량) 제작기 #2	347	16	10
https://m.cafe.naver.com/ca-fe/web/cafes/10503958/articles/367818	대곶의 사나이: 크리스마스특집 타이거 제작중!	381	13	11
https://m.cafe.naver.com/ca-fe/web/cafes/10503958/articles/367311	ahst****: 디오라마 제작하다 소품 한 컷	322	18	4
https://m.cafe.naver.com/ca-fe/web/cafes/10503958/articles/367303	뿌릉: IDF M109 제작중 입니다.	479	21	24
https://m.cafe.naver.com/ca-fe/web/cafes/10503958/articles/367299	시뇨: 내부재현 도전장, T-34/85 AFV클럽	492	19	25
https://m.cafe.naver.com/ca-fe/web/cafes/10503958/articles/367287	주원가현아빠: 아카데미 3호전차 조립중인데 조립이엉망이네요ㅠㅠ	523	11	5
https://m.cafe.naver.com/ca-fe/web/cafes/10503958/articles/367285	Phantom: Liam 3D Models R.O.K. ARMY K111 초기형 + Def model 경광등(헌병 차량) 제작기 #1	301	14	6
https://m.cafe.naver.com/ca-fe/web/cafes/10503958/articles/367283	M16A1: 아카데미 K2 흑표 도색기 1	349	14	11
https://m.cafe.naver.com/ca-fe/web/cafes/10503958/articles/367281	쮠이771: 아카데미 과학 k511a1(2)	269	10	9
https://m.cafe.naver.com/ca-fe/web/cafes/10503958/articles/367267	쮠이771: 아카데미 과학 K511a1 (1)	272	5	8
https://m.cafe.naver.com/ca-fe/web/cafes/10503958/articles/367260	지칠수록파이팅: [작업기]전투차량, 기계화보병용, K21-1	318	7	4
https://m.cafe.naver.com/ca-fe/web/cafes/10503958/articles/367254	Phantom: 타미야+Def 디테일업셋+휠셋  J.G.S.D.F 코마츠 LAV 제작기 #2	242	14	1
https://m.cafe.naver.com/ca-fe/web/cafes/10503958/articles/367253	Phantom: 타미야+Def 디테일업셋+휠셋  J.G.S.D.F 코마츠 LAV 제작기 #1	153	7	0
https://m.cafe.naver.com/ca-fe/web/cafes/10503958/articles/367242	동탄아이린아빠: 타미야 M4A3 셔먼 제작 중	338	8	16
https://m.cafe.naver.com/ca-fe/web/cafes/10503958/articles/367231	남양주l윤서윤호아빠: 아카데미 티거후기형 도색중입니다	254	6	2
https://m.cafe.naver.com/ca-fe/web/cafes/10503958/articles/367229	DORI: [작업기] K-600 장애물개척전차 제작기 #5	193	15	7
https://m.cafe.naver.com/ca-fe/web/cafes/10503958/articles/367196	프런트라인: 마틸다 전차 웨더링작업기	277	13	4
https://m.cafe.naver.com/ca-fe/web/cafes/10503958/articles/367151	M16A1: 아카데미 K2 흑표 제작기 1 (포탑편)	328	11	2
https://m.cafe.naver.com/ca-fe/web/cafes/10503958/articles/367148	임당: 타미야 GAZ67B 제작	248	8	2
https://m.cafe.naver.com/ca-fe/web/cafes/10503958/articles/367120	DORI: [작업기] K-600 장애물개척전차 제작기 #4	286	8	7
https://m.cafe.naver.com/ca-fe/web/cafes/10503958/articles/367100	취미청년: (생애 첫 디오라마 시도) K9을 배치할 디오라마 제작중입니다.	399	18	21
https://m.cafe.naver.com/ca-fe/web/cafes/10503958/articles/366740	리틀윙: 타콤의 M29 Weasel 을 이용한 비넷을 만들고 있습니다.	409	20	25
https://m.cafe.naver.com/ca-fe/web/cafes/10503958/articles/366729	둘기쓰: m551 sheridan 제작기	344	17	5
https://m.cafe.naver.com/ca-fe/web/cafes/10503958/articles/366690	kenneth: Tamiya 1/35 German Sd.Kfz.9 18ton Heavy Half-Track Famo 언박싱&제작기 1	431	7	1
https://m.cafe.naver.com/ca-fe/web/cafes/10503958/articles/366684	Phantom: Def 모델 R.O.K. ARMY K131 레토나 제작기 #5 (with Liam3D 성판)	393	26	8
https://m.cafe.naver.com/ca-fe/web/cafes/10503958/articles/366682	도색 뉴비: 트럼페터 1/35 ИС-4(일명 숙사) 제작기 1	205	9	0
https://m.cafe.naver.com/ca-fe/web/cafes/10503958/articles/366676	DORI: [작업기]K2 NO(Norway ver.) 제작기 #1	230	12	2
https://m.cafe.naver.com/ca-fe/web/cafes/10503958/articles/366659	모형광: CM-11(M-48H) w/era Brave Tiger - 09	181	14	4
https://m.cafe.naver.com/ca-fe/web/cafes/10503958/articles/366490	designpower: 프라모델 조립 및 도색 제작의뢰 작업 LEOPARD 1 A5	297	8	0
https://m.cafe.naver.com/ca-fe/web/cafes/10503958/articles/366489	리틀윙: Su-76m(Tamiya)을 이용한 비넷을 만들고 있습니다.	384	20	16
https://m.cafe.naver.com/ca-fe/web/cafes/10503958/articles/366482	다쓰붸이다: IDF 메르카바 mk.IV...#2.	396	16	7
https://m.cafe.naver.com/ca-fe/web/cafes/10503958/articles/366437	Phantom: Def 모델 R.O.K. ARMY K131 레토나 제작기#4	368	20	14
https://m.cafe.naver.com/ca-fe/web/cafes/10503958/articles/366393	DORI: [작업기]1/35 K288A1 구난장갑차 #3	337	17	13
https://m.cafe.naver.com/ca-fe/web/cafes/10503958/articles/366379	모형광: CM-11(M-48H) w/era Brave Tiger - 08	135	7	0
https://m.cafe.naver.com/ca-fe/web/cafes/10503958/articles/366365	M16A1: [AFV 제작기] 아카데미 T-70B 제작기	288	9	14
https://m.cafe.naver.com/ca-fe/web/cafes/10503958/articles/366349	Phantom: Def 모델 R.O.K. ARMY K131 레토나 제작기#2	445	19	17
https://m.cafe.naver.com/ca-fe/web/cafes/10503958/articles/366293	지나가던초보: m551 쉐리던 제작기	351	6	4
https://m.cafe.naver.com/ca-fe/web/cafes/10503958/articles/366283	니오: 1/35 m1117 한국 해병대 버전  기본도색 완료	276	16	7
https://m.cafe.naver.com/ca-fe/web/cafes/10503958/articles/366268	정아인파파: 타미야 1/16  M51 슈퍼셔먼(풀오퍼RC) 디테일-업 작업 중 한 컷.	435	10	42
https://m.cafe.naver.com/ca-fe/web/cafes/10503958/articles/366255	sh2944: Takom 1/16 Wiesel 공수 장갑차량 with R.C -1	259	17	3
https://m.cafe.naver.com/ca-fe/web/cafes/10503958/articles/366205	Gaya: [어뮤징 하비] 1/35 IDF Shot Kal Gimel	445	19	13
https://m.cafe.naver.com/ca-fe/web/cafes/10503958/articles/365531	태경아빠: 도움 좀 부탁 드립니다~^^	249	1	8
https://m.cafe.naver.com/ca-fe/web/cafes/10503958/articles/365517	브란덴부르크: 1:35 드래곤 셔먼 파이어플라이 데칼 작업 및 웨더링, 치장품 적재	313	17	22
https://m.cafe.naver.com/ca-fe/web/cafes/10503958/articles/365516	정아인파파: [타미야] - 1/16 M51슈퍼셔먼 (풀오퍼 RC) 디테일-업 작업 중 한컷! ^^	286	6	64
https://m.cafe.naver.com/ca-fe/web/cafes/10503958/articles/365469	불다트: AZM- 2000	228	6	2
https://m.cafe.naver.com/ca-fe/web/cafes/10503958/articles/365447	Rexton: 하비보스 1/35 킹 타이거 1 제작기(궤도)	397	7	9
https://m.cafe.naver.com/ca-fe/web/cafes/10503958/articles/365385	불다트: 픽션 대공차량들	282	6	4
https://m.cafe.naver.com/ca-fe/web/cafes/10503958/articles/365312	모형광: CM-11(M-48H) w/era Brave Tiger - 05	215	12	4
https://m.cafe.naver.com/ca-fe/web/cafes/10503958/articles/365257	M16A1: 타미야 32584 4호전차 H형 후기형	276	7	4
https://m.cafe.naver.com/ca-fe/web/cafes/10503958/articles/365162	JayCho1124: Sd.kfz 234/2 PUMA 제작기 (1)	305	5	4
https://m.cafe.naver.com/ca-fe/web/cafes/10503958/articles/365151	모형광: CM-11(M-48H) w/era Brave Tiger - 04	208	10	4
https://m.cafe.naver.com/ca-fe/web/cafes/10503958/articles/365148	브란덴부르크: 1:35 Dragon 셔먼 파이어플라이 먹선 및 유화 작업	554	37	40
https://m.cafe.naver.com/ca-fe/web/cafes/10503958/articles/365079	불다트: 픽션 대전 차량들	194	5	0
https://m.cafe.naver.com/ca-fe/web/cafes/10503958/articles/365051	141오퍼레이터: M1A2 에이브람스 제작보고입니다.	314	5	15
https://m.cafe.naver.com/ca-fe/web/cafes/10503958/articles/365044	대 게: 중국 sanxin제 판터전차 금속궤도 제작기	513	11	21
https://m.cafe.naver.com/ca-fe/web/cafes/10503958/articles/365042	브란덴부르크: 타미야 FAMO 트레일러 작업중 인형 및 차량 도색	423	17	8
https://m.cafe.naver.com/ca-fe/web/cafes/10503958/articles/364963	타키온71v천안: JLTV M1278 마무리 중..	320	11	12
https://m.cafe.naver.com/ca-fe/web/cafes/10503958/articles/364952	DORI: [작업기]1/35 K288A1 구난장갑차 #2	343	16	4
https://m.cafe.naver.com/ca-fe/web/cafes/10503958/articles/364912	정진우: 枕戈待敵 刻骨延坪(침과대적 각골연평) #1	799	26	18
https://m.cafe.naver.com/ca-fe/web/cafes/10503958/articles/364899	모형광: CM-11(M-48H) w/era Brave Tiger - 03	278	9	10
https://m.cafe.naver.com/ca-fe/web/cafes/10503958/articles/364855	Gaya: [아카데미] 1/35  M1A1 이라크 2003	449	12	2
https://m.cafe.naver.com/ca-fe/web/cafes/10503958/articles/364204	프라가모: 아카데미 폴란드 흑표전차 우크라이나로 투입버젼	372	14	2
https://m.cafe.naver.com/ca-fe/web/cafes/10503958/articles/364195	DORI: [작업기]1/35 K288A1 구난장갑차 #1	313	15	8
https://m.cafe.naver.com/ca-fe/web/cafes/10503958/articles/364094	Africa: 1/35 [Tamiya] Sd.Kfz. 251/4 제작기-1	226	5	4
https://m.cafe.naver.com/ca-fe/web/cafes/10503958/articles/364043	바람지기: KV-1's Ehkranami : (4) 베이스 및 피겨 제작	257	9	2
https://m.cafe.naver.com/ca-fe/web/cafes/10503958/articles/364040	푸짜르: 4호전차 D형 재생을 해봅시다!	334	13	4
https://m.cafe.naver.com/ca-fe/web/cafes/10503958/articles/364017	레흐: 디오라마 구조를 잡고 있습니다	341	17	11
https://m.cafe.naver.com/ca-fe/web/cafes/10503958/articles/363978	브란덴부르크: 하비보스 1:35 AAV7A1 기본 한국군 위장도색 완료	595	25	31
https://m.cafe.naver.com/ca-fe/web/cafes/10503958/articles/363971	88mm전차포로굽는고기: AFV클럽 m3스튜어트	296	10	7
https://m.cafe.naver.com/ca-fe/web/cafes/10503958/articles/363962	88mm전차포로굽는고기: 이탈레리 푸마2 조립완료	269	8	12
https://m.cafe.naver.com/ca-fe/web/cafes/10503958/articles/363956	프라가모: 아카데미 (즈베즈다) T-62 #3	323	11	5
https://m.cafe.naver.com/ca-fe/web/cafes/10503958/articles/363924	가조립퍼: 타이거모델 1/35 르끌레르 시리에 XXI	312	5	2
https://m.cafe.naver.com/ca-fe/web/cafes/10503958/articles/363920	88mm전차포로굽는고기: 이탈레리 푸마	373	9	6
https://m.cafe.naver.com/ca-fe/web/cafes/10503958/articles/363913	88mm전차포로굽는고기: 타미야 M47	482	16	13
https://m.cafe.naver.com/ca-fe/web/cafes/10503958/articles/363901	10식 전차: 타미야 rc티거 수리기2부 feat티거짱자님	192	4	1
https://m.cafe.naver.com/ca-fe/web/cafes/10503958/articles/363820	불다트: 픽션 뫼빌바겐	272	7	0
https://m.cafe.naver.com/ca-fe/web/cafes/10503958/articles/363734	브란덴부르크: 힘들지만 재미있는 ..	774	25	35
https://m.cafe.naver.com/ca-fe/web/cafes/10503958/articles/363733	영일만 친구: 1/35 아카데미 M1A1에이브람스 제작기(1)	512	4	9
https://m.cafe.naver.com/ca-fe/web/cafes/10503958/articles/363716	DORI: [Review]1/35 K288A1 구난장갑차 개봉기	408	16	9
https://m.cafe.naver.com/ca-fe/web/cafes/10503958/articles/363707	정신이: zelda 시작해봤습니다...	319	8	2
https://m.cafe.naver.com/ca-fe/web/cafes/10503958/articles/363668	DORI: [작업기]1/72 K10 ARV (GGC scalefactory) #1	209	6	2
https://m.cafe.naver.com/ca-fe/web/cafes/10503958/articles/363154	브란덴부르크: 틈틈이 작업중인 하비보스 AAV7A1 인테리어 완료 (feat 모델러의 이삿짐)	459	18	26
https://m.cafe.naver.com/ca-fe/web/cafes/10503958/articles/363133	그림그리는기린: 74년 금형 이탈레리 4호 전차 (부제: 이 제품은 제발 사지마세요)	662	12	11
https://m.cafe.naver.com/ca-fe/web/cafes/10503958/articles/363113	Kiwiman강신금: [TAMIYA] 1/35 Sd.kfz2 KLEINES KETTENCRAFTRAD - OLD KIT 개조	317	24	6
https://m.cafe.naver.com/ca-fe/web/cafes/10503958/articles/362951	M16A1: [AFV 제작기]타미야 35190 M4 셔먼 초기형 제작기	309	5	2
https://m.cafe.naver.com/ca-fe/web/cafes/10503958/articles/362928	DORI: [작업기] K-600 장애물개척전차 제작기 #2	259	13	1
https://m.cafe.naver.com/ca-fe/web/cafes/10503958/articles/362910	eliet: 타미야1/16 타이거1 조립	231	5	2
https://m.cafe.naver.com/ca-fe/web/cafes/10503958/articles/362895	norara016: I ❤️ KIT US C-RAM조립 했습니다.	324	10	7
https://m.cafe.naver.com/ca-fe/web/cafes/10503958/articles/362892	그림그리는기린: 아카데미 4호 전차(신형)를 단포신 pz iv f1 으로 개조하자!(3)	229	4	0
https://m.cafe.naver.com/ca-fe/web/cafes/10503958/articles/362891	정아인파파: 반다이 1/15  4호 돌격포(RC) 쉐라첸 드뎌 장착!^^	207	6	4
https://m.cafe.naver.com/ca-fe/web/cafes/10503958/articles/362888	술병자리: 1/16 RC탱크 헝롱 M1A2 나토색 재도색	140	5	0
https://m.cafe.naver.com/ca-fe/web/cafes/10503958/articles/362879	DORI: [작업기] K-600 장애물개척전차 제작기 #1	367	19	13
https://m.cafe.naver.com/ca-fe/web/cafes/10503958/articles/362860	다쓰붸이다: 독일 3, 4, 4돌, 5, 6호 전차...#4. + T34/76	261	8	2
https://m.cafe.naver.com/ca-fe/web/cafes/10503958/articles/362767	나노회장: 한국전 디오라마 제작 중입니다_4	356	12	3
https://m.cafe.naver.com/ca-fe/web/cafes/10503958/articles/362756	88mm전차포로굽는고기: 즈베즈다 T-62 초벌도색	292	8	19
https://m.cafe.naver.com/ca-fe/web/cafes/10503958/articles/362752	다쓰붸이다: 독일 3, 4, 4돌, 5, 6호 전차...#3.	350	13	2
https://m.cafe.naver.com/ca-fe/web/cafes/10503958/articles/362744	그림그리는기린: 아카데미 4호 전차(신형)를 단포신 pz iv f1 형태로 개조하자!(1)	153	3	0
https://m.cafe.naver.com/ca-fe/web/cafes/10503958/articles/362743	Phantom: H3 모델 K153 쇼바 높이 및 본넷 수정해주었습니다.	397	15	9
https://m.cafe.naver.com/ca-fe/web/cafes/10503958/articles/362697	다쓰붸이다: 독일 3, 4, 4돌, 5, 6호 전차...#2.	238	13	5
https://m.cafe.naver.com/ca-fe/web/cafes/10503958/articles/362687	니오: 1/35 JLTV 실내 도색 해봤습니다	478	20	20
https://m.cafe.naver.com/ca-fe/web/cafes/10503958/articles/362066	임당: 타미야 퀴벨바겐 제작기	324	7	2
https://m.cafe.naver.com/ca-fe/web/cafes/10503958/articles/362052	브란덴부르크: 이탈레리 M24 채피 조립.. 아 완성하고 싶습니다..	673	12	18
https://m.cafe.naver.com/ca-fe/web/cafes/10503958/articles/362048	COVE: 셔먼 이지에잇	310	10	2
https://m.cafe.naver.com/ca-fe/web/cafes/10503958/articles/362018	DORI: [작업기]1/72 K9A1 (GGC scalefactory) #3	250	11	10
https://m.cafe.naver.com/ca-fe/web/cafes/10503958/articles/362009	kovak: #3 1/72 TRUMPETER T-62 BDD Mod.1984(하지만 이제 넌 T-62A야^^) 1 차 도색 feat.붓도색은 처음이라...	200	9	6
https://m.cafe.naver.com/ca-fe/web/cafes/10503958/articles/362004	Poca: T-72B3M에 대한 고찰	297	9	9
https://m.cafe.naver.com/ca-fe/web/cafes/10503958/articles/361990	M16A1: 아카데미 하노마그 제작기	566	9	10
https://m.cafe.naver.com/ca-fe/web/cafes/10503958/articles/361982	카틀레야꽃: 카틀레야 판터 G!!!!	247	3	4
https://m.cafe.naver.com/ca-fe/web/cafes/10503958/articles/361938	임당: 타미야 SU-85 제작기[1]	346	9	13
https://m.cafe.naver.com/ca-fe/web/cafes/10503958/articles/361925	DORI: [작업기]1/72 K9A1 (GGC scalefactory) #2	254	10	8
https://m.cafe.naver.com/ca-fe/web/cafes/10503958/articles/361911	산바람: GGC 1/72 스케일 한국군 기갑 조립완료	448	16	11
https://m.cafe.naver.com/ca-fe/web/cafes/10503958/articles/361907	브란덴부르크: 드래곤 셔먼 파이어 플라이 조립완성!	526	17	21
https://m.cafe.naver.com/ca-fe/web/cafes/10503958/articles/361895	뿌릉: K311A1 with conversion 자이툰부대	500	16	6
https://m.cafe.naver.com/ca-fe/web/cafes/10503958/articles/361892	DORI: [작업기]1/72 K9A1 (GGC scalefactory) #1	209	5	2
https://m.cafe.naver.com/ca-fe/web/cafes/10503958/articles/361858	한반도70: 1/35 AFV CLUB(아카데미 재포장) '워커불독'	437	12	10
https://m.cafe.naver.com/ca-fe/web/cafes/10503958/articles/361842	취미청년: 초보의 1/35 K9[디오라마용] 제작기입니다.	332	9	1
https://m.cafe.naver.com/ca-fe/web/cafes/10503958/articles/361798	주말모델러: 저의 첫 3d printing 폭망사....	490	7	4
https://m.cafe.naver.com/ca-fe/web/cafes/10503958/articles/361753	타키온71v천안: RFM 1/35 M1240A1 제작중#1	390	14	25
https://m.cafe.naver.com/ca-fe/web/cafes/10503958/articles/361735	깐깐징어: Trumpeter 1/35 TOS-1A Солнцепёк작업기	348	11	4
https://m.cafe.naver.com/ca-fe/web/cafes/10503958/articles/331268	정진우: 일만 계속 벌리는듯 하지만... 아카데미 닷지 제작중입니다	544	13	8
https://m.cafe.naver.com/ca-fe/web/cafes/10503958/articles/331257	민이얌: K2 desert version (오만 수출형) - 3	400	22	8
https://m.cafe.naver.com/ca-fe/web/cafes/10503958/articles/331222	Africa: 1/35 [아카데미] 하노마그 Sd.kfz.251/10 AUSF.C 마지막 제작기	339	11	5
https://m.cafe.naver.com/ca-fe/web/cafes/10503958/articles/331217	아산곰씨: M47과 M48A5 조립 완료 했습니다.	634	10	0
https://m.cafe.naver.com/ca-fe/web/cafes/10503958/articles/331190	한반도70: 1/35 타미야 셔먼과 전차병	341	12	32
https://m.cafe.naver.com/ca-fe/web/cafes/10503958/articles/331180	M16A1: 타미야 35382 MP40 STG44 재작기	167	3	4
https://m.cafe.naver.com/ca-fe/web/cafes/10503958/articles/331179	Yellow chease: 오랜만에 만들어서 그런가 완전 감 잃었네요.	294	8	5
https://m.cafe.naver.com/ca-fe/web/cafes/10503958/articles/331169	Yellow chease: 내부 구현이 마음에 안들게 나오네요....	369	8	1
https://m.cafe.naver.com/ca-fe/web/cafes/10503958/articles/331162	DORI: K-153 기갑수색차량 작업중...	362	13	3
https://m.cafe.naver.com/ca-fe/web/cafes/10503958/articles/331160	M16A1: 타미야 35382 G43 제작기	176	8	6
https://m.cafe.naver.com/ca-fe/web/cafes/10503958/articles/331159	블랙판더: KF51 Panther 4세대 MBT	435	13	4
https://m.cafe.naver.com/ca-fe/web/cafes/10503958/articles/331134	가조립퍼: AFV Club FV4005 Stage II	313	10	1
https://m.cafe.naver.com/ca-fe/web/cafes/10503958/articles/331130	M16A1: 타미야 M36 전차,독일군 북아프리카 군단 도색	222	5	4
https://m.cafe.naver.com/ca-fe/web/cafes/10503958/articles/331128	akfl9014 새우깡: 우크라이나 T-64 계열 전차 도색 완료	288	11	0
https://m.cafe.naver.com/ca-fe/web/cafes/10503958/articles/331101	정아인파파: 1/16  비르벨빈트(RC) 컨버전 중 가조 사진 몇장 올려봅니다.	264	9	27
https://m.cafe.naver.com/ca-fe/web/cafes/10503958/articles/331099	Africa: 1/35 [아카데미] 하노마그 Sd.kfz.251/1 AUSF.C 마지막 제작기	319	10	4
https://m.cafe.naver.com/ca-fe/web/cafes/10503958/articles/331054	Africa: 1/35 [아카데미] 하노마그 Sd.kfz.251/10 AUSF.C 제작기-1	446	9	10
https://m.cafe.naver.com/ca-fe/web/cafes/10503958/articles/331008	jump7221: 헝롱 1/16 M26 퍼싱 개조^^	321	5	2
https://m.cafe.naver.com/ca-fe/web/cafes/10503958/articles/330992	한반도70: 1/32  하비보스 스핏파이어	270	14	6
https://m.cafe.naver.com/ca-fe/web/cafes/10503958/articles/330981	Africa: 1/35 [아카데미] 하노마그 Sd.kfz.251/1 AUSF.C 제작기-1	367	10	11
https://m.cafe.naver.com/ca-fe/web/cafes/10503958/articles/330599	jump7221: 타콤 1/16 윌리스찦 조립^^	205	11	0
https://m.cafe.naver.com/ca-fe/web/cafes/10503958/articles/330590	Poca: RPG T-80U에 대한 고찰에 대한 고찰	417	11	17
https://m.cafe.naver.com/ca-fe/web/cafes/10503958/articles/330569	정진우: 아카데미 1/35 OT-34/76 조립	289	9	0
https://m.cafe.naver.com/ca-fe/web/cafes/10503958/articles/330568	정진우: 레벨 1/35 M48A2CG 조립	272	13	3
https://m.cafe.naver.com/ca-fe/web/cafes/10503958/articles/330562	갑쓰: 타미야 1/48 JGSDF Light Armored Vehicle 제작기	230	11	2
https://m.cafe.naver.com/ca-fe/web/cafes/10503958/articles/330550	깐깐징어: [AFV제작기]1/35 Tiger Model T-90M 제작기 -2 (T-90 시리즈)	317	15	4
https://m.cafe.naver.com/ca-fe/web/cafes/10503958/articles/330544	불다트: Flakpanzer IV Wirbelwind 세번째	161	11	0
https://m.cafe.naver.com/ca-fe/web/cafes/10503958/articles/330542	DORI: 2023.06.16. 작업일지..	454	14	9
https://m.cafe.naver.com/ca-fe/web/cafes/10503958/articles/330496	M16A1: 트럼페터 KV1 제작기	312	13	6
https://m.cafe.naver.com/ca-fe/web/cafes/10503958/articles/330490	요가파이어: 하비보스 티거2 70% 완료.	341	11	22
https://m.cafe.naver.com/ca-fe/web/cafes/10503958/articles/330487	M16A1: 이탈레리 M47 패튼 제작기!!	342	10	12
https://m.cafe.naver.com/ca-fe/web/cafes/10503958/articles/330486	Kiwiman: 아미타이거 시범부대 창설식 디오라마	671	23	14
https://m.cafe.naver.com/ca-fe/web/cafes/10503958/articles/330472	불다트: Flakpanzer IV Wirbelwind 두번째	230	5	2
https://m.cafe.naver.com/ca-fe/web/cafes/10503958/articles/330470	쿠마몽: 1/72 K136 구룡 제작기	384	13	1
https://m.cafe.naver.com/ca-fe/web/cafes/10503958/articles/330453	불다트: Flakpanzer IV Wirbelwind	158	3	2
https://m.cafe.naver.com/ca-fe/web/cafes/10503958/articles/330447	Kiwiman: [GGC] 1/35 K-21 I.F.V. 보병전투차	523	15	9
https://m.cafe.naver.com/ca-fe/web/cafes/10503958/articles/330446	Kiwiman: [LIAM/H3 MODELS] 1/35 K153 기갑수색 전술차량	458	11	6
https://m.cafe.naver.com/ca-fe/web/cafes/10503958/articles/330433	사리곰탕면: 이놈의 취미… 참~ 사서 고생한다! [K9A1]	625	13	16
https://m.cafe.naver.com/ca-fe/web/cafes/10503958/articles/330417	푸용: Trumpeter 1/35 AN/TPY-2 RADAR (1)	375	6	4
https://m.cafe.naver.com/ca-fe/web/cafes/10503958/articles/330411	jump7221: 1/16  윌리스찦 프레임 조립	259	6	0
https://m.cafe.naver.com/ca-fe/web/cafes/10503958/articles/329839	Poca: RPG T-80U에 대한 고찰	620	17	17
https://m.cafe.naver.com/ca-fe/web/cafes/10503958/articles/329803	화랑모델: 1/35 해병대 KAAV 상륙장갑차	274	6	0
https://m.cafe.naver.com/ca-fe/web/cafes/10503958/articles/329773	하늘색: 컨셉 변경	217	7	2
https://m.cafe.naver.com/ca-fe/web/cafes/10503958/articles/329766	Africa: 1/35 Hobby Boss 대한민국 해병대 KAVV-A1 & KAVVR 2대 통합 마지막 제작기	336	12	4
https://m.cafe.naver.com/ca-fe/web/cafes/10503958/articles/329744	슈렉: k311a1 두번째 작업기	609	24	24
https://m.cafe.naver.com/ca-fe/web/cafes/10503958/articles/329743	불다트: 타이거 전차 아홉번째	317	5	4
https://m.cafe.naver.com/ca-fe/web/cafes/10503958/articles/329690	퐝: M49A2C FUEL TANKER 제작 1	202	6	3
https://m.cafe.naver.com/ca-fe/web/cafes/10503958/articles/329681	Bro: SAS Jeep pt.1 (사서고생)	240	12	2
https://m.cafe.naver.com/ca-fe/web/cafes/10503958/articles/329670	M16A1: 타미야 35252 킹타이거 티거2 & 피규어 도색기	322	8	12
https://m.cafe.naver.com/ca-fe/web/cafes/10503958/articles/329643	브란덴부르크: 1:35 쿠르스크 판터 D형 거의 다 만들었습니다.	415	27	20
https://m.cafe.naver.com/ca-fe/web/cafes/10503958/articles/329628	바람지기: [제작기] KV-2 : (1) 리뷰 및 작업시작	398	13	8
https://m.cafe.naver.com/ca-fe/web/cafes/10503958/articles/329604	불다트: 3호 돌격포 B형	202	5	4
https://m.cafe.naver.com/ca-fe/web/cafes/10503958/articles/329596	취미청년: [아카데미 ,K200A1 1/35] 생애 처음 만들어보는 밀리터리 모형입니다.	466	23	14
https://m.cafe.naver.com/ca-fe/web/cafes/10503958/articles/329595	깐깐징어: 1/35 Tiger Model T-90M 제작기 -1 (T-90 시리즈)	752	16	20
https://m.cafe.naver.com/ca-fe/web/cafes/10503958/articles/329565	Africa: 1/35 Hobby Boss 대한민국 해병대 KAVV-A1 & KAVVR 2대 통합 제작기-3	325	10	3
https://m.cafe.naver.com/ca-fe/web/cafes/10503958/articles/329563	슈렉: K311A1 입니다	559	29	11
https://m.cafe.naver.com/ca-fe/web/cafes/10503958/articles/329550	M16A1: 타미야 35252 티거2(킹타이거) 제작기	296	6	13
https://m.cafe.naver.com/ca-fe/web/cafes/10503958/articles/329549	88mm전차포로굽는고기: 타미야 티거1 제작기	382	9	14
https://m.cafe.naver.com/ca-fe/web/cafes/10503958/articles/329507	나노회장: 한국전 디오라마 제작 중입니다.	352	11	4
https://m.cafe.naver.com/ca-fe/web/cafes/10503958/articles/329489	타키온71v천안: 브롱코 M1224 MaxxPro MRAP #4	373	17	26
https://m.cafe.naver.com/ca-fe/web/cafes/10503958/articles/329104	시뇨: 이번엔 넘 맘에 드는 이 두 킷 조합으로 작업해 봅니다.	393	19	26
https://m.cafe.naver.com/ca-fe/web/cafes/10503958/articles/329089	Africa: 1/35 Hobby Boss AAVP-7A1 RAM/RS w/EAAK 한국해병대 버젼 제작기-1	457	12	24
https://m.cafe.naver.com/ca-fe/web/cafes/10503958/articles/329053	요가파이어: Takom. 타콤! 1/35 3호 돌격포 웨더링1.	362	18	50
https://m.cafe.naver.com/ca-fe/web/cafes/10503958/articles/329052	모형광: Leopard 2A4M CAN - 12	160	8	6
https://m.cafe.naver.com/ca-fe/web/cafes/10503958/articles/329037	DORI: [작업기]K311A1 제작기#1	364	7	2
https://m.cafe.naver.com/ca-fe/web/cafes/10503958/articles/329009	기러기아빠: (디오라마)부서진 집 만들어 보았습니다.	315	14	4
https://m.cafe.naver.com/ca-fe/web/cafes/10503958/articles/328980	불다트: 타이거 전차 아홉번째 도색 3	216	7	10
https://m.cafe.naver.com/ca-fe/web/cafes/10503958/articles/328978	바쁘다바빠: B1 "Centauro"  AFV 조립	221	7	2
https://m.cafe.naver.com/ca-fe/web/cafes/10503958/articles/328976	바쁘다바빠: willys jeep 제작	222	8	4
https://m.cafe.naver.com/ca-fe/web/cafes/10503958/articles/328962	요가파이어: Takom. 타콤! 1/35 3호돌격포 2차도색	285	12	32
https://m.cafe.naver.com/ca-fe/web/cafes/10503958/articles/328960	Africa: 1/35 Hobby Boss AAVR-7A1 대한민국 해병대 버젼 제작기-1	387	7	2
https://m.cafe.naver.com/ca-fe/web/cafes/10503958/articles/328957	Africa: 1/35 아카데미 BMP-3 IFV (feat. trumpeter) 제작기 마지막	300	13	7
https://m.cafe.naver.com/ca-fe/web/cafes/10503958/articles/328955	패튼77: 건트럭 만드는중입니다	372	13	12
https://m.cafe.naver.com/ca-fe/web/cafes/10503958/articles/328942	M16A1: 타미야 35331 1식 호니 전차 제작기,도색	217	12	14
https://m.cafe.naver.com/ca-fe/web/cafes/10503958/articles/328907	요가파이어: Takom 타콤! 1/35 3호돌격포 1차 도색	221	16	21
https://m.cafe.naver.com/ca-fe/web/cafes/10503958/articles/328906	designpower: [TRUMPETER] M1A2 Abrams MBT 프라모델 의뢰작업중 조립	227	1	2
https://m.cafe.naver.com/ca-fe/web/cafes/10503958/articles/328903	불다트: 3호 돌격포	199	7	7
https://m.cafe.naver.com/ca-fe/web/cafes/10503958/articles/328897	브란덴부르크: 1:35 그레이 하운드 장갑차 타이어 웨더링	439	31	36
https://m.cafe.naver.com/ca-fe/web/cafes/10503958/articles/328894	토종손: 1/35 아카데미 2호전차 룩스L 제작 - 2 (내 마음 대로)	307	15	4
https://m.cafe.naver.com/ca-fe/web/cafes/10503958/articles/328889	M16A1: 타미야 35247 독일군 짬통수레 제작기	234	10	17
https://m.cafe.naver.com/ca-fe/web/cafes/10503958/articles/328336	DORI: [작업기]1/35 BMP-3 IFV (Rok Army ver.) #1	286	14	4
https://m.cafe.naver.com/ca-fe/web/cafes/10503958/articles/328321	기러기아빠: 1/35 German Tiger1 Mid Ver. Painting, Academy (part2)	274	15	4
https://m.cafe.naver.com/ca-fe/web/cafes/10503958/articles/328315	M16A1: 타미야 M5A1,두돈반 도색기	284	11	6
https://m.cafe.naver.com/ca-fe/web/cafes/10503958/articles/328309	정아인파파: (타콤)  1/16  1호 전차 RC 컨버전 중	319	9	22
https://m.cafe.naver.com/ca-fe/web/cafes/10503958/articles/328261	까도: 워리어 장갑차 초벌	349	24	31
https://m.cafe.naver.com/ca-fe/web/cafes/10503958/articles/328237	민이얌: K2 GF (웨더링..)	273	14	4
https://m.cafe.naver.com/ca-fe/web/cafes/10503958/articles/328203	가조립퍼: 1/35 Centurion Mk5/1 RAAC	408	9	3
https://m.cafe.naver.com/ca-fe/web/cafes/10503958/articles/328192	민이얌: k2 & m1a2 - 3 (데칼짜집기~)	315	13	14
https://m.cafe.naver.com/ca-fe/web/cafes/10503958/articles/328161	M16A1: 타미야 M5A1 경전차 재작기 1	273	11	8
https://m.cafe.naver.com/ca-fe/web/cafes/10503958/articles/328152	최형사: 타콤 3호 n형 그리고..	382	13	4
https://m.cafe.naver.com/ca-fe/web/cafes/10503958/articles/328127	민이얌: k2 & m1a2 - 2	291	11	6
https://m.cafe.naver.com/ca-fe/web/cafes/10503958/articles/328109	M16A1: 타미야 35218 미군 두돈반 제작기	382	6	14
https://m.cafe.naver.com/ca-fe/web/cafes/10503958/articles/328104	요가파이어: TAMIYA 1/35 Jagdpanzer Marder I 도색2.	341	20	8
https://m.cafe.naver.com/ca-fe/web/cafes/10503958/articles/328090	바람지기: 아카데미 타이거1 후기형 지메리트 코팅	368	11	10
https://m.cafe.naver.com/ca-fe/web/cafes/10503958/articles/328080	getoboiaiden: Mongolian BT-7 (1/35, Tamiya)	352	14	3
https://m.cafe.naver.com/ca-fe/web/cafes/10503958/articles/328068	AMM: 1/35 TAKOM MAUS V2 RePaint 걸판 쿠로모리미네 위장버전 도전4번째 이야기	323	15	4
https://m.cafe.naver.com/ca-fe/web/cafes/10503958/articles/328067	요가파이어: TAMIYA 1/35 Jagdpanzer Marder I 도색기1.	186	11	2
https://m.cafe.naver.com/ca-fe/web/cafes/10503958/articles/328058	불다트: 타이거 전차 여덜번째 도색 2	252	10	3
https://m.cafe.naver.com/ca-fe/web/cafes/10503958/articles/328039	바비킴이밥익힘: 1/24 퀴벨바겐 제작기 #3	275	19	8
https://m.cafe.naver.com/ca-fe/web/cafes/10503958/articles/328024	매니악7: 작은 비넷 만들기	310	10	6
https://m.cafe.naver.com/ca-fe/web/cafes/10503958/articles/327436	매니악7: 탱크 하부 웨더링 연습	352	19	8
https://m.cafe.naver.com/ca-fe/web/cafes/10503958/articles/327429	요가파이어: Takom 1/35 야크트티거 이것 저것 추가.	259	9	4
https://m.cafe.naver.com/ca-fe/web/cafes/10503958/articles/327426	아주 먼 옛날: 이타레리 1/72	177	9	2
https://m.cafe.naver.com/ca-fe/web/cafes/10503958/articles/327387	불다트: 타이거 전차 여섯번째	317	5	1
https://m.cafe.naver.com/ca-fe/web/cafes/10503958/articles/327365	요가파이어: Takom 1/35야크트티거 조립기1.	291	10	10
https://m.cafe.naver.com/ca-fe/web/cafes/10503958/articles/327352	AMM: 1/35 Takom Maus V2 걸판 쿠로모리미네 버전 2번째 제작기(feat 좀 망함)	202	5	2
https://m.cafe.naver.com/ca-fe/web/cafes/10503958/articles/327349	dolph: [제작기] k-55 자주포	448	5	2
https://m.cafe.naver.com/ca-fe/web/cafes/10503958/articles/327347	88mm전차포로굽는고기: 타콤 1/35 T29E3	344	9	3
https://m.cafe.naver.com/ca-fe/web/cafes/10503958/articles/327317	getoboiaiden: Sd.kfz 7/1 w/ 20mm Flak (1/35, Tamiya)	351	14	8
https://m.cafe.naver.com/ca-fe/web/cafes/10503958/articles/327313	타키온71v천안: 아카데미 1/35 K9FIN 모카리 #2	471	28	21
https://m.cafe.naver.com/ca-fe/web/cafes/10503958/articles/327306	가조립퍼: Centurion Mk5/1 RAAC	235	12	4
https://m.cafe.naver.com/ca-fe/web/cafes/10503958/articles/327300	브란덴부르크: 60트럭을 베트남형으로 만들어 볼까합니다..	456	13	12
https://m.cafe.naver.com/ca-fe/web/cafes/10503958/articles/327296	모형광: Leopard 2A4M CAN - 07	207	11	6
https://m.cafe.naver.com/ca-fe/web/cafes/10503958/articles/327290	88mm전차포로굽는고기: 아리에테 조립끝	323	14	12
https://m.cafe.naver.com/ca-fe/web/cafes/10503958/articles/327253	기러기아빠: Rusian Tank KV2 weathering, Trumpeter (part3)	283	18	10
https://m.cafe.naver.com/ca-fe/web/cafes/10503958/articles/327229	DORI: [작업기]1/35 K-21 IFV (GGC factory) #3	334	12	5
https://m.cafe.naver.com/ca-fe/web/cafes/10503958/articles/327209	모형광: Leopard 2A4M CAN - 06	294	8	8
https://m.cafe.naver.com/ca-fe/web/cafes/10503958/articles/327207	패튼77: 오랜만에 페인팅 중입니다	256	5	1
https://m.cafe.naver.com/ca-fe/web/cafes/10503958/articles/327172	불다트: 타이거 전차 다섯번째	316	7	4
https://m.cafe.naver.com/ca-fe/web/cafes/10503958/articles/327140	에디: 72스케일 M4A2 셔먼 웨더링 과정 영상입니다.	315	15	13
https://m.cafe.naver.com/ca-fe/web/cafes/10503958/articles/326526	매니악7: 이중 치핑 테스트	189	4	4
https://m.cafe.naver.com/ca-fe/web/cafes/10503958/articles/326419	요가파이어: 아카데미 1/35 야크트판터 제작기	350	12	2
https://m.cafe.naver.com/ca-fe/web/cafes/10503958/articles/326396	매니악7: 아카데미 즈베즈다 4호전차 단포신 세부명암 도색	330	15	11
https://m.cafe.naver.com/ca-fe/web/cafes/10503958/articles/326332	브란덴부르크: 중국산 모터라이즈 1:35 AAV7A1 도색 + 데칼링 + 웨더링 후 짐 싣기 작업중	581	31	29
https://m.cafe.naver.com/ca-fe/web/cafes/10503958/articles/326330	불다트: 타이거 I 초기형 두번째	190	4	2
https://m.cafe.naver.com/ca-fe/web/cafes/10503958/articles/326329	요가파이어: 아카데미 1/35 야크트판터 제작기.	384	12	13
https://m.cafe.naver.com/ca-fe/web/cafes/10503958/articles/326309	시뇨: 씬레드라인, 태평양전쟁 어느 섬에서	528	23	39
https://m.cafe.naver.com/ca-fe/web/cafes/10503958/articles/326288	매니악7: 아카데미 즈베즈아 4호전차 단포신	334	14	13
https://m.cafe.naver.com/ca-fe/web/cafes/10503958/articles/326251	칭밍티엔: 올해 목표  디오라마 진행 중 사진 몇장	333	18	12
https://m.cafe.naver.com/ca-fe/web/cafes/10503958/articles/326232	요가파이어: 아카데미 1/35 야크트판터 제작기	288	6	4
https://m.cafe.naver.com/ca-fe/web/cafes/10503958/articles/326229	DORI: [작업기] K-715 (Tractor) 제작기 #6	257	7	10
https://m.cafe.naver.com/ca-fe/web/cafes/10503958/articles/326220	정대박: T 54 제작기 2	184	11	11
https://m.cafe.naver.com/ca-fe/web/cafes/10503958/articles/326202	된장맛사탕: 참사 속 기적적으로 살아 남은 모형들	542	14	16
https://m.cafe.naver.com/ca-fe/web/cafes/10503958/articles/326153	까도: 기본도색 완료	309	16	14
https://m.cafe.naver.com/ca-fe/web/cafes/10503958/articles/326134	까도: m1a2  m1a2 sep v2  게파트  m60a3 1차도색	434	21	27
https://m.cafe.naver.com/ca-fe/web/cafes/10503958/articles/326102	사루인: [Academy] 1/35 King Tiger Part.2	269	12	4
https://m.cafe.naver.com/ca-fe/web/cafes/10503958/articles/326096	여보미안해: RFM 1/35 M1A1/A2 Abrams w/Full Interior & Workable Tracks 2 in 1 제작#1	670	26	26
https://m.cafe.naver.com/ca-fe/web/cafes/10503958/articles/326091	jump7221: 1/16  레오파드2A6  살벌한 기어박스.^^	393	2	8
https://m.cafe.naver.com/ca-fe/web/cafes/10503958/articles/326083	까도: m60a3	332	8	10
https://m.cafe.naver.com/ca-fe/web/cafes/10503958/articles/326080	또다른 MAUS: 복귀작) T90A	432	9	4
https://m.cafe.naver.com/ca-fe/web/cafes/10503958/articles/325644	요가파이어: 아카데미(즈베즈다) 1/35 판터	255	11	4
https://m.cafe.naver.com/ca-fe/web/cafes/10503958/articles/325612	벼리: 아카데미과학 1/35 M2A2 브래들리 &  Tiger-1 초기형 제작기03	259	11	6
https://m.cafe.naver.com/ca-fe/web/cafes/10503958/articles/325596	사루인: [Academy] 1/35 King Tiger Part.1	318	16	14
https://m.cafe.naver.com/ca-fe/web/cafes/10503958/articles/325595	떼할로프: [D코퍼레이션]K55A1 제작기 3(feat. K2, M47)	431	6	6
https://m.cafe.naver.com/ca-fe/web/cafes/10503958/articles/325591	요가파이어: 아카데미(즈베즈다) 1/35 판터.	272	8	0
https://m.cafe.naver.com/ca-fe/web/cafes/10503958/articles/325581	시뇨: 한손에 묵직한 대물, Ch-47d 치누크 80프로 공정 중	625	22	30
https://m.cafe.naver.com/ca-fe/web/cafes/10503958/articles/325578	까도: m1a2 안테나	357	9	23
https://m.cafe.naver.com/ca-fe/web/cafes/10503958/articles/325567	매니악7: 동계 위장 타이거 진행중	317	16	15
https://m.cafe.naver.com/ca-fe/web/cafes/10503958/articles/325552	요가파이어: 아카데미(즈베즈다) 1/35 판터	336	12	4
https://m.cafe.naver.com/ca-fe/web/cafes/10503958/articles/325538	시뇨: 무려 1/35 치누크	827	25	28
https://m.cafe.naver.com/ca-fe/web/cafes/10503958/articles/325534	퐝: 페트리어트 도색	337	7	7
https://m.cafe.naver.com/ca-fe/web/cafes/10503958/articles/325531	eliet: 타미야 게파드 16/1 조립완성!	377	7	31
https://m.cafe.naver.com/ca-fe/web/cafes/10503958/articles/325515	조드건: 독일 대공포 차량 만들어 봤습니다.	319	7	5
https://m.cafe.naver.com/ca-fe/web/cafes/10503958/articles/325506	까도: m1a2   아카데미과학  멩 1/35	420	9	17
https://m.cafe.naver.com/ca-fe/web/cafes/10503958/articles/325501	브란덴부르크: 1:35 타미야 6파운드포 구해서 베드포드 건 포티에 탑재 (feat. ㅈㅇ하비)	386	13	16
https://m.cafe.naver.com/ca-fe/web/cafes/10503958/articles/325484	DORI: [작업기]GGC Factory K55A1 컨버젼 킷 제작기 #2	248	11	2
https://m.cafe.naver.com/ca-fe/web/cafes/10503958/articles/325483	DORI: [작업기] K-715 (Tractor) 제작기 #4	224	7	1
https://m.cafe.naver.com/ca-fe/web/cafes/10503958/articles/325479	기갑척탄병: [AFV제작기] 타미야 M51 슈퍼셔먼 1/16 R/C	302	10	6
https://m.cafe.naver.com/ca-fe/web/cafes/10503958/articles/325474	까도: m1a2 지옥트랙	338	9	18
https://m.cafe.naver.com/ca-fe/web/cafes/10503958/articles/325468	다쓰붸이다: K2 흑표(사막위장)...#2.	262	8	3
https://m.cafe.naver.com/ca-fe/web/cafes/10503958/articles/325036	LX: [르클레르 시리에 1작업기 - 7] The time is NOW ! C'est maintenant!	189	6	0
https://m.cafe.naver.com/ca-fe/web/cafes/10503958/articles/324989	jump7221: 셔먼 이지에잇 개조^^	218	5	0
https://m.cafe.naver.com/ca-fe/web/cafes/10503958/articles/324977	매니악7: 아카데미 룩스 위장 및 듀얼치핑 진행	390	12	6
https://m.cafe.naver.com/ca-fe/web/cafes/10503958/articles/324952	까도: m3a3 브래들리	377	8	19
https://m.cafe.naver.com/ca-fe/web/cafes/10503958/articles/324946	난바: 1/35 독일 5호전차 판터 G형 최후 생산형	310	9	2
https://m.cafe.naver.com/ca-fe/web/cafes/10503958/articles/324895	하루나기: 아카데미과학 3호전차 N형 조립.	634	12	5
https://m.cafe.naver.com/ca-fe/web/cafes/10503958/articles/324863	매니악7: 치핑중입니다	348	13	18
https://m.cafe.naver.com/ca-fe/web/cafes/10503958/articles/324827	너구링: 새로운 취미생활의 시작. K200A1.[2탄] 스압.	489	21	23
https://m.cafe.naver.com/ca-fe/web/cafes/10503958/articles/324814	까도: AAVP7  m1a2 에이브람스	303	9	24
https://m.cafe.naver.com/ca-fe/web/cafes/10503958/articles/324791	흐르룰로: 1/35 Bt42 & 1/48 M8	275	5	8
https://m.cafe.naver.com/ca-fe/web/cafes/10503958/articles/324778	88mm전차포로굽는고기: M107 거의완성	408	13	23
https://m.cafe.naver.com/ca-fe/web/cafes/10503958/articles/324762	M1A2 SEP V3: M48A5 하체 조립	347	11	2
https://m.cafe.naver.com/ca-fe/web/cafes/10503958/articles/324755	하루나기: 아카데미과학 2호전차 조립.	638	10	3
https://m.cafe.naver.com/ca-fe/web/cafes/10503958/articles/324736	쿠마몽: 1/35 K131 제작 (자작)	433	15	8
https://m.cafe.naver.com/ca-fe/web/cafes/10503958/articles/324730	동호회장: Bmw 사이드카	290	10	0
https://m.cafe.naver.com/ca-fe/web/cafes/10503958/articles/324717	너구링: 새로운 취미생활의 시작. K200A1.[1탄]	853	36	64
https://m.cafe.naver.com/ca-fe/web/cafes/10503958/articles/324707	다쓰붸이다: K131 군토나...#1.	410	11	3
https://m.cafe.naver.com/ca-fe/web/cafes/10503958/articles/324686	자해9단: [트럼페터]우크라이나 T-84BM 오플롯 기본도색	270	15	8
https://m.cafe.naver.com/ca-fe/web/cafes/10503958/articles/324608	다쓰붸이다: K55A1...#2.	313	8	5
https://m.cafe.naver.com/ca-fe/web/cafes/10503958/articles/324599	하루나기: 1/35 하비보스 1호전차 조립.	404	11	5
https://m.cafe.naver.com/ca-fe/web/cafes/10503958/articles/323828	MQ16AS1: 타미야 T34,SU122,T62 전차 도색	205	8	4
https://m.cafe.naver.com/ca-fe/web/cafes/10503958/articles/323824	까도: 독일전차 1차 초벌	313	12	32
https://m.cafe.naver.com/ca-fe/web/cafes/10503958/articles/323818	까도: 아카데미과학 마가크6b	484	21	8
https://m.cafe.naver.com/ca-fe/web/cafes/10503958/articles/323812	MQ16AS1: 타미야 T34 76 1943 제작기	251	3	2
https://m.cafe.naver.com/ca-fe/web/cafes/10503958/articles/323797	민이얌: K2 - 1 (with K brothers  & kaga 3flight deck)	355	15	8
https://m.cafe.naver.com/ca-fe/web/cafes/10503958/articles/323789	88mm전차포로굽는고기: IS-2 궤도조립	230	5	8
https://m.cafe.naver.com/ca-fe/web/cafes/10503958/articles/323786	MQ16AS1: 타미야 SU-122 조립기	180	6	0
https://m.cafe.naver.com/ca-fe/web/cafes/10503958/articles/323780	시뇨: 멀티테스킹, M60a1/ 레전드 현대미보병 / 불금 예약하세요~	633	27	30
https://m.cafe.naver.com/ca-fe/web/cafes/10503958/articles/323773	주뇨니: RFM 1/35 M1A2 SEP TUSK1 #2	332	13	8
https://m.cafe.naver.com/ca-fe/web/cafes/10503958/articles/323770	까도: 아크트판더	333	12	8
https://m.cafe.naver.com/ca-fe/web/cafes/10503958/articles/323769	가리산: 디오라마  까진 아니더라도	362	10	5
https://m.cafe.naver.com/ca-fe/web/cafes/10503958/articles/323763	MQ16AS1: 타미야 T62 재작기	194	6	0
https://m.cafe.naver.com/ca-fe/web/cafes/10503958/articles/323749	88mm전차포로굽는고기: IS-2,T-62도색	328	10	9
https://m.cafe.naver.com/ca-fe/web/cafes/10503958/articles/323729	88mm전차포로굽는고기: 트럼페터 T-62제조중입니다	312	9	10
https://m.cafe.naver.com/ca-fe/web/cafes/10503958/articles/323717	까도: 아크트 판터	324	8	5
https://m.cafe.naver.com/ca-fe/web/cafes/10503958/articles/323704	jump7221: I LOVE KIT 1/16 셔먼 이지에잇과  빵형이네요.	379	4	2
https://m.cafe.naver.com/ca-fe/web/cafes/10503958/articles/323692	시뇨: 흥미진진한 치핑의 세계, 타콤 T-69 ii 이라크 탱크, 걸프전 데저트스톰 모드	462	20	26
https://m.cafe.naver.com/ca-fe/web/cafes/10503958/articles/323686	좀비사촌: Academy 1/35 German Tiger I Late Ver._포탑과 바디 웨더링	261	12	16
https://m.cafe.naver.com/ca-fe/web/cafes/10503958/articles/323650	rtur: 킹타이거 내부재현 제작중	587	13	22
https://m.cafe.naver.com/ca-fe/web/cafes/10503958/articles/323647	까도: 킹타이거 브래들리	270	9	13
https://m.cafe.naver.com/ca-fe/web/cafes/10503958/articles/323218	jump7221: 1/16  퓨리 소대와 워대디	404	4	4
https://m.cafe.naver.com/ca-fe/web/cafes/10503958/articles/323157	LX: [르클레르 시리에 1작업기 - 2] 늦게 귀가후 올리는 작업	209	6	8
https://m.cafe.naver.com/ca-fe/web/cafes/10503958/articles/323156	MQ16AS1: 아카데미 M113A1,월남전 피규어 도색	345	11	8
https://m.cafe.naver.com/ca-fe/web/cafes/10503958/articles/323150	민이얌: K1E1 - 3 (살육?의 현장>.<)	534	14	16
https://m.cafe.naver.com/ca-fe/web/cafes/10503958/articles/323116	smk1207: 타미야 T-65 궤도조립	257	10	8
https://m.cafe.naver.com/ca-fe/web/cafes/10503958/articles/323098	Africa: AFV CLUB 1/35 M730/MIM-72 Chaparral 마지막 제작기	411	7	4
https://m.cafe.naver.com/ca-fe/web/cafes/10503958/articles/323079	LX: [르클레르 시리에 1 작업기 - 1] 자기전에 오늘 한 작업 모음~	286	5	4
https://m.cafe.naver.com/ca-fe/web/cafes/10503958/articles/323070	DORI: [작업기] K-715 (Tractor) 제작기 #1	359	11	11
https://m.cafe.naver.com/ca-fe/web/cafes/10503958/articles/323056	smk1207: 타미야 T-65A 조립중	292	8	10
https://m.cafe.naver.com/ca-fe/web/cafes/10503958/articles/322986	Africa: Trumpeter 1/35 FAUN SLT-56 독일 전차수송트럭 제작기-1	483	11	7
https://m.cafe.naver.com/ca-fe/web/cafes/10503958/articles/322983	Africa: AFV CLUB 1/35 M730/MIM-72 Chaparral 제작기-1	219	10	5
https://m.cafe.naver.com/ca-fe/web/cafes/10503958/articles/322976	민이얌: K1E1 - 2	522	15	24
https://m.cafe.naver.com/ca-fe/web/cafes/10503958/articles/322936	브란덴부르크: 1:35 타미야 4호 D형..이틀만에 제작 및 기본 도색을 마쳐봤습니다.	528	30	32
https://m.cafe.naver.com/ca-fe/web/cafes/10503958/articles/322930	벼리: 아카데미과학 1/35 M2A2 브래들리 작업기02(구동 테스트)	434	12	17
https://m.cafe.naver.com/ca-fe/web/cafes/10503958/articles/322920	타키온71v천안: MENG 1/35 메르카바 MK3 조립만 완료 ㅎ	320	13	4
https://m.cafe.naver.com/ca-fe/web/cafes/10503958/articles/322910	kenneth: 1/35 ITALERI  1/4 ton. 4x4 Ambulance Jeep 01	290	6	4
https://m.cafe.naver.com/ca-fe/web/cafes/10503958/articles/322895	시뇨: 한주간 조립한 세 가지 키트 소개합니다.	424	17	6
https://m.cafe.naver.com/ca-fe/web/cafes/10503958/articles/322889	패튼77: M4A3E8 제작중, 도색 작업	346	12	18
https://m.cafe.naver.com/ca-fe/web/cafes/10503958/articles/322879	앵무조개: m1070에 올라갈 m1a2 제작중입니다.	402	11	9
https://m.cafe.naver.com/ca-fe/web/cafes/10503958/articles/322865	에펨맨: K2 흑표전차 제작중 2	482	17	8
https://m.cafe.naver.com/ca-fe/web/cafes/10503958/articles/322383	소다SODA: SABRE M1278 JLTV-1	486	10	15
https://m.cafe.naver.com/ca-fe/web/cafes/10503958/articles/322287	주뇨니: 보더모델 1/35 Leopard2A6 #3	339	12	12
https://m.cafe.naver.com/ca-fe/web/cafes/10503958/articles/322260	브란덴부르크: 타미야 1:35 센츄리온 데칼작업 + 유화 초벌로 더럽히고 있습니다.(새해에도 화이팅입니다)	507	22	20
https://m.cafe.naver.com/ca-fe/web/cafes/10503958/articles/322252	MQ16AS: 타미야 35096 제작기	312	7	8
https://m.cafe.naver.com/ca-fe/web/cafes/10503958/articles/322209	영국산 오리너구리: 백교님 나눔 인증&간단한 키트리뷰	207	4	8
https://m.cafe.naver.com/ca-fe/web/cafes/10503958/articles/322201	정대박: 한국 전쟁 센츄리온 포탑 완성	227	4	9
https://m.cafe.naver.com/ca-fe/web/cafes/10503958/articles/322198	DORI: [작업기] Def Model K131  제작기 #2	224	8	2
https://m.cafe.naver.com/ca-fe/web/cafes/10503958/articles/322158	Africa: 아카데미 1/35 K9FN 'Moukari' 제작기-1	280	3	3
https://m.cafe.naver.com/ca-fe/web/cafes/10503958/articles/322156	Africa: AFV CLUB 1/35 M1130 스트라이커 지휘차량 제작기-1	229	5	9
https://m.cafe.naver.com/ca-fe/web/cafes/10503958/articles/322155	Africa: 아카데미 1/35 M47 PATTON 한국군 해병대 제작기-1	269	2	3
https://m.cafe.naver.com/ca-fe/web/cafes/10503958/articles/322154	Africa: 1/35 아카데미 MAGACH 7C 'Gimel' 제작기-1	176	7	0
https://m.cafe.naver.com/ca-fe/web/cafes/10503958/articles/322128	주뇨니: 보더모델 1/35 Leopard2A6 #2	328	12	10
https://m.cafe.naver.com/ca-fe/web/cafes/10503958/articles/322024	초보곰손아재: [1/35]Soviet Rocket launcher BM-13 Katyusha / ZVEZDA(FIN)	339	13	6
https://m.cafe.naver.com/ca-fe/web/cafes/10503958/articles/321989	타키온71v천안: MENG 1/35 메르카바 MK3 일단 시작.. ㅎ	291	7	2
https://m.cafe.naver.com/ca-fe/web/cafes/10503958/articles/321937	kwang82: HUMVEE M11151제작기	387	11	13
https://m.cafe.naver.com/ca-fe/web/cafes/10503958/articles/321931	DORI: [작업기] 1/35 방탄굴삭기(HX220) 제작기 #1	333	13	6
https://m.cafe.naver.com/ca-fe/web/cafes/10503958/articles/321918	MQ16AS: 타미야 처질전차 브러쉬 작업	329	4	2
https://m.cafe.naver.com/ca-fe/web/cafes/10503958/articles/321858	베토벤중독자: 1:35예전에 만들다 중단한 K2흑표 구동탱크 입니다	453	10	3
https://m.cafe.naver.com/ca-fe/web/cafes/10503958/articles/321286	Tigermask: TAMIYA 1/35 8ton Semi Track Sd.Kfz7	307	6	8
https://m.cafe.naver.com/ca-fe/web/cafes/10503958/articles/321226	흑담: 디오라마 작업 근황	828	49	58
https://m.cafe.naver.com/ca-fe/web/cafes/10503958/articles/321222	초보곰손아재: [1/35] T-44M / Miniart-(3-FIN)	320	8	4
https://m.cafe.naver.com/ca-fe/web/cafes/10503958/articles/321207	사리곰탕면: U.S MP-Motorcycle 1/35 (미니아트 멸치회치기 ㅋ)	388	13	13
https://m.cafe.naver.com/ca-fe/web/cafes/10503958/articles/321205	초보곰손아재: [1/35] T-44M / Miniart-2	279	6	6
https://m.cafe.naver.com/ca-fe/web/cafes/10503958/articles/321175	하늘색: 멩 휘펫, 기본 도색 끝!	228	9	7
https://m.cafe.naver.com/ca-fe/web/cafes/10503958/articles/321124	DSpore: 배보다 배꼽이 더 큰 아카데미 우주선 제작기 Feat. 데후제약 - 차체	743	21	22
https://m.cafe.naver.com/ca-fe/web/cafes/10503958/articles/321120	기갑척탄병: 이탈레리 Sd.kfz 234/4	558	15	18
https://m.cafe.naver.com/ca-fe/web/cafes/10503958/articles/321101	멋진파이: 타미야 1/16 킹타이거 제작중입니다	381	8	4
https://m.cafe.naver.com/ca-fe/web/cafes/10503958/articles/321095	란에보5: 아카데미 1/35 M-51 슈퍼셔먼	570	10	7
https://m.cafe.naver.com/ca-fe/web/cafes/10503958/articles/321081	Tigermask: TAMIYA 1/35 German 8ton Semi Track Sd.Kfz7	323	10	4
https://m.cafe.naver.com/ca-fe/web/cafes/10503958/articles/321060	칭밍티엔: 1/35  아카데미 Jade 제작중간 사진 몇장	384	10	8
https://m.cafe.naver.com/ca-fe/web/cafes/10503958/articles/321018	시뇨: 러우전쟁 재현에 탁월한 트럼페터 t-72b1	746	22	22
https://m.cafe.naver.com/ca-fe/web/cafes/10503958/articles/320973	모형광: M113 ADATS - 14	310	15	12
https://m.cafe.naver.com/ca-fe/web/cafes/10503958/articles/320963	하늘색: 조립 끝!	248	7	9
https://m.cafe.naver.com/ca-fe/web/cafes/10503958/articles/320954	고양이별: 타미야 1/48 헤쳐 중기형 #1	290	5	2
https://m.cafe.naver.com/ca-fe/web/cafes/10503958/articles/320941	시뇨: 이슬람 무장단체 w/ 멩 픽업트럭	617	12	13
https://m.cafe.naver.com/ca-fe/web/cafes/10503958/articles/320936	MQ16AS: 아카데미 M113A1 제작	345	3	0
https://m.cafe.naver.com/ca-fe/web/cafes/10503958/articles/320048	김수웅: 1/35 [타미야] SAS Jeep 제작기 #2	390	12	10
https://m.cafe.naver.com/ca-fe/web/cafes/10503958/articles/319970	에펨맨: 아카데미 K200A1 구성품 조립이랑 웨더링	448	13	6
https://m.cafe.naver.com/ca-fe/web/cafes/10503958/articles/319969	모형광: M113 ADATS - 11	270	15	2
https://m.cafe.naver.com/ca-fe/web/cafes/10503958/articles/319957	쿠마몽: 1/35 US C-RAM with HEMTT A3 제작기#1	532	15	4
https://m.cafe.naver.com/ca-fe/web/cafes/10503958/articles/319947	흐르룰로: 1/48 KV-1 제작기 2	193	6	7
https://m.cafe.naver.com/ca-fe/web/cafes/10503958/articles/319936	에펨맨: 아카데미 K200A1 마스킹졸 쓰다가 조졌네용 ㅠㅠ	537	4	6
https://m.cafe.naver.com/ca-fe/web/cafes/10503958/articles/319888	좀비사촌: RYEFIELD 1/35 M4A3E8 Sherman `Easy Eight` Rice's Red Devils Korean War 거의다 끝나가네요.	392	18	12
https://m.cafe.naver.com/ca-fe/web/cafes/10503958/articles/319886	김수웅: 1/35 [타미야] SAS Jeep 제작 중	368	12	9
https://m.cafe.naver.com/ca-fe/web/cafes/10503958/articles/319881	dyd: 이번에는 사막으로~~~	177	6	3
https://m.cafe.naver.com/ca-fe/web/cafes/10503958/articles/319844	Gaya: AFV 클럽 1/35  M1126 스트라이커	386	22	10
https://m.cafe.naver.com/ca-fe/web/cafes/10503958/articles/319812	시뇨: 그동안 꽃길만 걸었던가, 아카데미 재포장 이탈레리 레오파드 2a6	564	17	18
https://m.cafe.naver.com/ca-fe/web/cafes/10503958/articles/319800	다쓰붸이다: T-72...#1.	363	8	14
https://m.cafe.naver.com/ca-fe/web/cafes/10503958/articles/319796	아트맨: 1:35  K55A1 작업중	536	11	2
https://m.cafe.naver.com/ca-fe/web/cafes/10503958/articles/319767	88mm전차포로굽는고기: 국산셔먼 짬뽕	483	4	2
https://m.cafe.naver.com/ca-fe/web/cafes/10503958/articles/319732	가조립퍼: 1/35 AMX 50B	404	17	4
https://m.cafe.naver.com/ca-fe/web/cafes/10503958/articles/319727	대곶의 사나이: 간만의 제작 아카데미야크트판터.	545	11	9
https://m.cafe.naver.com/ca-fe/web/cafes/10503958/articles/319723	다쓰붸이다: 야크트판터 G1...#2.	430	17	15
https://m.cafe.naver.com/ca-fe/web/cafes/10503958/articles/319713	도색린이: 수퍼샤먼 M-51	381	10	5
https://m.cafe.naver.com/ca-fe/web/cafes/10503958/articles/319687	블랙판더: 라이필드모델 M1 Assault Breacher Vehicle	545	7	3
https://m.cafe.naver.com/ca-fe/web/cafes/10503958/articles/319686	DORI: M142 HIMARS 제작중입니다..	640	13	5
https://m.cafe.naver.com/ca-fe/web/cafes/10503958/articles/319017	love letter: 하노마그 제작기 입니다.(마무리 작업 중)	469	5	0
https://m.cafe.naver.com/ca-fe/web/cafes/10503958/articles/319016	love letter: 하노마그 제작기 입니다.(4부)	237	3	0
https://m.cafe.naver.com/ca-fe/web/cafes/10503958/articles/319015	love letter: 하노마그 제작기 입니다.(3부)	165	2	0
https://m.cafe.naver.com/ca-fe/web/cafes/10503958/articles/319014	love letter: 하노마그 제작기 입니다.(2부)	178	2	1
https://m.cafe.naver.com/ca-fe/web/cafes/10503958/articles/319013	love letter: 하노마그 제작기 입니다.(1부)	239	3	0
https://m.cafe.naver.com/ca-fe/web/cafes/10503958/articles/319008	난바: 아카데미 1/35 K9FIN "Moukari" 제작 #1	290	6	0
https://m.cafe.naver.com/ca-fe/web/cafes/10503958/articles/318980	폐인희동이: M3 Stuart RC 작업 중입니다.	219	3	2
https://m.cafe.naver.com/ca-fe/web/cafes/10503958/articles/318952	좀비사촌: RYEFIELD 1/35 M4A3E8 Sherman `Easy Eight`  Rice's Red Devils Korean War	621	32	22
https://m.cafe.naver.com/ca-fe/web/cafes/10503958/articles/318947	아카보병: M966 험머 토우미사일형-진행중3	583	20	20
https://m.cafe.naver.com/ca-fe/web/cafes/10503958/articles/318944	떼할로프: 1/35 아카데미 M60A1 w passive armor 제작 마지막	490	28	13
https://m.cafe.naver.com/ca-fe/web/cafes/10503958/articles/318879	jump7221: 열심히 나사 조이고 있네요.	421	6	8
https://m.cafe.naver.com/ca-fe/web/cafes/10503958/articles/318863	시뇨: Bmr-3m 러시아 현용, 멩 제품입니다	419	15	16
https://m.cafe.naver.com/ca-fe/web/cafes/10503958/articles/318861	다쓰붸이다: K1A2...#2.	455	13	14
https://m.cafe.naver.com/ca-fe/web/cafes/10503958/articles/318818	다쓰붸이다: K1A2...#1.	302	11	4
https://m.cafe.naver.com/ca-fe/web/cafes/10503958/articles/318799	jump7221: 노가다의 결과물^^	471	9	2
https://m.cafe.naver.com/ca-fe/web/cafes/10503958/articles/318794	브란덴부르크: 1:35 타미야 센츄리온 피규어 탑재 및 초벌도색 완료	593	15	22
https://m.cafe.naver.com/ca-fe/web/cafes/10503958/articles/318792	jump7221: 심심풀이 땅콩^^	280	5	4
https://m.cafe.naver.com/ca-fe/web/cafes/10503958/articles/318773	88mm전차포로굽는고기: 오늘 열씸히뛰었습니다	289	12	11
https://m.cafe.naver.com/ca-fe/web/cafes/10503958/articles/318752	형석스: 하비보스 킹타이거 제작중입니다.	402	10	8
https://m.cafe.naver.com/ca-fe/web/cafes/10503958/articles/318746	가브리엘70: 아카데미  sd.kfz.251 하노마그를 활용한 비넷 (1)	792	21	11
https://m.cafe.naver.com/ca-fe/web/cafes/10503958/articles/318061	한반도70: [프라탑 허물기] 현재진행형	543	16	10
https://m.cafe.naver.com/ca-fe/web/cafes/10503958/articles/318045	DORI: [작업기]현무-2 발사차량(TEL) 제작기 #16	331	8	4
https://m.cafe.naver.com/ca-fe/web/cafes/10503958/articles/318041	오리군: ZVEZDA 1/72는 디테일이 좋네요ㄷㄷㄷ	516	12	8
https://m.cafe.naver.com/ca-fe/web/cafes/10503958/articles/318031	모형광: M113 ADATS - 05	285	9	4
https://m.cafe.naver.com/ca-fe/web/cafes/10503958/articles/317976	시뇨: 첨으로 만들어 보는 1차세계대전 탱크, 휘펫, 멩	764	16	33
https://m.cafe.naver.com/ca-fe/web/cafes/10503958/articles/317971	Tigermask: TAMIYA 1/35 Panzer Kampfwagen2 Ausf.F/G	411	5	16
https://m.cafe.naver.com/ca-fe/web/cafes/10503958/articles/317965	낭만소년: Tank Desant On Small Village	144	4	4
https://m.cafe.naver.com/ca-fe/web/cafes/10503958/articles/317939	떼할로프: 일감 몰아치기(M47, M60A1, K2, MH-6)	404	7	5
https://m.cafe.naver.com/ca-fe/web/cafes/10503958/articles/317928	jump7221: 1/16 셔먼 이지에잇 가조^^	398	8	14
https://m.cafe.naver.com/ca-fe/web/cafes/10503958/articles/317901	Yellow chease: 이번에 산 프라모델은 완벽히 실패인거 같네요.	524	3	4
https://m.cafe.naver.com/ca-fe/web/cafes/10503958/articles/317881	다쓰붸이다: Jagdpanther G1...#4.	340	17	6
https://m.cafe.naver.com/ca-fe/web/cafes/10503958/articles/317844	다쓰붸이다: JagdPanther...#3.	314	12	3
https://m.cafe.naver.com/ca-fe/web/cafes/10503958/articles/317811	많이 쎈츄리온: 아카데미 판터 G형 제작기 -1	353	14	2
https://m.cafe.naver.com/ca-fe/web/cafes/10503958/articles/317809	다쓰붸이다: Jagdpanther G1...#2.	373	10	4
https://m.cafe.naver.com/ca-fe/web/cafes/10503958/articles/317773	조드건: 아카데미 U.S.ARMY M36B1 GMC	435	3	9
https://m.cafe.naver.com/ca-fe/web/cafes/10503958/articles/317753	DORI: [작업기]현무-2 발사차량(TEL) 제작기 #15	337	6	11
https://m.cafe.naver.com/ca-fe/web/cafes/10503958/articles/317742	가조립퍼: Meng 1/35 Chieftain MK10 웨더링.	431	15	9
https://m.cafe.naver.com/ca-fe/web/cafes/10503958/articles/317724	나자리노: K9A1 차체 위장무늬 도색(지렁이부터,,,,)	505	15	7
https://m.cafe.naver.com/ca-fe/web/cafes/10503958/articles/317719	정아인파파: 1/16  sd.kfz.9 famo & sd.ah.116 trailer(RC) 제작 중 한컷 입니다.^^	326	8	4
https://m.cafe.naver.com/ca-fe/web/cafes/10503958/articles/317188	대곶의 사나이: 타미야1/16 rc탱크 4호전차 도색기 part 1	164	5	3
https://m.cafe.naver.com/ca-fe/web/cafes/10503958/articles/317164	kwang82: Sd.kfz 232 SCHWERER PANZERSPAHWAGEN 키트 제작 -2	163	7	3
https://m.cafe.naver.com/ca-fe/web/cafes/10503958/articles/317139	Yellow chease: 퀴벨바겐 도색중입니다	154	3	3
https://m.cafe.naver.com/ca-fe/web/cafes/10503958/articles/317135	jump7221: 쌩노가다.^^	241	5	6
https://m.cafe.naver.com/ca-fe/web/cafes/10503958/articles/317116	Yellow chease: 1/16 퀴벨바겐 경첩 제작	190	7	1
https://m.cafe.naver.com/ca-fe/web/cafes/10503958/articles/317112	문산똘복이: 티란5  작업중입니당! ^^	155	12	12
https://m.cafe.naver.com/ca-fe/web/cafes/10503958/articles/317088	브란덴부르크: 오늘의 작업 - 1:35 드래곤 M2 하프트랙 + 미군 보병 도색	496	20	45
https://m.cafe.naver.com/ca-fe/web/cafes/10503958/articles/317077	Yellow chease: 퀴벨바겐의 각 파츠별 조립이 끝났습니다!	148	8	3
https://m.cafe.naver.com/ca-fe/web/cafes/10503958/articles/317065	카틀레야꽃: Academy K1A2 (7편)	240	5	4
https://m.cafe.naver.com/ca-fe/web/cafes/10503958/articles/317050	좀비사촌: Academy 1/24 US Army 1/4ton 4x4 Utility Truck 마무리 제작기	323	19	13
https://m.cafe.naver.com/ca-fe/web/cafes/10503958/articles/317030	떼할로프: 1/35 아카데미 K2흑표 제작 2	492	6	2
https://m.cafe.naver.com/ca-fe/web/cafes/10503958/articles/317027	Yellow chease: 퀴벨바겐 조립 시작!	272	6	5
https://m.cafe.naver.com/ca-fe/web/cafes/10503958/articles/317019	jump7221: 험난한 알씨의길^^	353	3	6
https://m.cafe.naver.com/ca-fe/web/cafes/10503958/articles/316989	DORI: [작업기]1/35 K-1 ARV(구난전차) 제작기 #10	368	15	22
https://m.cafe.naver.com/ca-fe/web/cafes/10503958/articles/316984	떼할로프: 1/35 아카데미 K2흑표 제작 1	358	10	10
https://m.cafe.naver.com/ca-fe/web/cafes/10503958/articles/316983	다쓰붸이다: Jagdpanther G1...#1.	417	14	9
https://m.cafe.naver.com/ca-fe/web/cafes/10503958/articles/316979	흥타스틱: 즈베즈다 UAZ-3909 VAN	586	12	21
https://m.cafe.naver.com/ca-fe/web/cafes/10503958/articles/316978	jump7221: 1/16  셔먼 서스펜션 가동식 개조	269	4	2
https://m.cafe.naver.com/ca-fe/web/cafes/10503958/articles/316955	dyd: 코사크 기병과 독일 오토바이	235	8	1
https://m.cafe.naver.com/ca-fe/web/cafes/10503958/articles/316929	kwang82: Sd.kfz 232 SCHWERER PANZERSPAHWAGEN 키트 제작	263	9	4
https://m.cafe.naver.com/ca-fe/web/cafes/10503958/articles/316385	DORI: [작업기]1/35 K-1 ARV(구난전차) 제작기 #9	325	15	22
https://m.cafe.naver.com/ca-fe/web/cafes/10503958/articles/316370	좀비사촌: Academy 1/24 US Army 1/4ton 4x4 Utility Truck, Hasegawa 1/24 1/4t 4x4 Truck (Cal.50 M2 Machine Gun) w/Blonde Girl's Figure 네번째	291	10	9
https://m.cafe.naver.com/ca-fe/web/cafes/10503958/articles/316314	카틀레야꽃: Academy K1A2 (3편)	283	7	4
https://m.cafe.naver.com/ca-fe/web/cafes/10503958/articles/316292	DORI: [작업기]1/35 K-1 ARV(구난전차) 제작기 #8	276	11	4
https://m.cafe.naver.com/ca-fe/web/cafes/10503958/articles/316284	아카보병: M966 험머 토우미사일형-진행중	352	8	10
https://m.cafe.naver.com/ca-fe/web/cafes/10503958/articles/316255	sohnhk970214: AFV 워싱을 처음 도전해 봤습니다. (질문)	337	8	4
https://m.cafe.naver.com/ca-fe/web/cafes/10503958/articles/316229	떼할로프: 1/35 아카데미 M47패튼 2	430	4	8
https://m.cafe.naver.com/ca-fe/web/cafes/10503958/articles/316174	떼할로프: 1/35 아카데미 M47패튼 1	440	10	6
https://m.cafe.naver.com/ca-fe/web/cafes/10503958/articles/316167	DORI: [작업기]1/35 K-1 ARV(구난전차) 제작기 #7	210	7	4
https://m.cafe.naver.com/ca-fe/web/cafes/10503958/articles/316080	카틀레야꽃: Academy K1A2 (2편)	361	5	3
https://m.cafe.naver.com/ca-fe/web/cafes/10503958/articles/316032	카틀레야꽃: Academy K1A2 (1화)!!!!!!	289	7	10
https://m.cafe.naver.com/ca-fe/web/cafes/10503958/articles/316015	칭밍티엔: [제작기가 아니라, 제작 중 한 컷 올립니다]  디오  "불시검문"	407	23	21
https://m.cafe.naver.com/ca-fe/web/cafes/10503958/articles/316010	시뇨: T-34/76 초기형, 타미야	332	15	16
https://m.cafe.naver.com/ca-fe/web/cafes/10503958/articles/315992	카틀레야꽃: RFM M1A1 (막간 2)	327	4	12
https://m.cafe.naver.com/ca-fe/web/cafes/10503958/articles/315975	좀비사촌: Academy 1/24 US Army 1/4ton 4x4 Utility Truck, Hasegawa 1/24 1/4t 4x4 Truck (Cal.50 M2 Machine Gun) w/Blonde Girl's Figure 세번째 제작기	292	4	13
https://m.cafe.naver.com/ca-fe/web/cafes/10503958/articles/315937	BaRim: 아카데미 1/35 판터 G형 #1	301	14	8
https://m.cafe.naver.com/ca-fe/web/cafes/10503958/articles/315934	DORI: [작업기]1/35 K-1 ARV(구난전차) 제작기 #6	351	21	5
https://m.cafe.naver.com/ca-fe/web/cafes/10503958/articles/315918	브란덴부르크: 족제비님 이틀간 부재로 원없이 프라를 만들고 도색해봤습니다.	558	23	39
https://m.cafe.naver.com/ca-fe/web/cafes/10503958/articles/315908	72스케일 오리너구리: 조국을 위해! T-34 vs ferdinand 제작기 #2	221	8	4
https://m.cafe.naver.com/ca-fe/web/cafes/10503958/articles/315870	72스케일 오리너구리: 조국을 위해! T-34 vs ferdinand 제작기 #1	271	13	5
https://m.cafe.naver.com/ca-fe/web/cafes/10503958/articles/315330	레흐: 나스호른 디오라마 제작중 입니다	471	12	5
https://m.cafe.naver.com/ca-fe/web/cafes/10503958/articles/315329	DORI: [작업기]1/35 K-1 ARV(구난전차) 제작기 #4	391	11	4
https://m.cafe.naver.com/ca-fe/web/cafes/10503958/articles/315323	kwang82: GERMAN MOTORCYCLE 1/35 제작 중	237	9	6
https://m.cafe.naver.com/ca-fe/web/cafes/10503958/articles/315318	jump7221: 디피 야크트판터 심장이식	295	5	0
https://m.cafe.naver.com/ca-fe/web/cafes/10503958/articles/315298	다쓰붸이다: K9A1 별매품 비교제작...#3.	317	9	8
https://m.cafe.naver.com/ca-fe/web/cafes/10503958/articles/315285	지나가는 과객: 타미야 T72M1 제작 #2	264	6	6
https://m.cafe.naver.com/ca-fe/web/cafes/10503958/articles/315272	chariesk: 장갑속이 원래 비어있나요?	745	3	9
https://m.cafe.naver.com/ca-fe/web/cafes/10503958/articles/315260	시뇨: 주말연휴 세 대의 독일 전차 와 함께	432	10	6
https://m.cafe.naver.com/ca-fe/web/cafes/10503958/articles/315252	72스케일 오리너구리: 영국에 미치다 이탈리아전선 디오라마 만들기 #3	317	15	10
https://m.cafe.naver.com/ca-fe/web/cafes/10503958/articles/315213	다쓰붸이다: K9A1 별매품 비교제작...#2.	509	9	8
https://m.cafe.naver.com/ca-fe/web/cafes/10503958/articles/315203	자해9단: (T-34/76) 으아아 작업중 트러블 발생 긴급복구ㅠㅠ	316	9	9
https://m.cafe.naver.com/ca-fe/web/cafes/10503958/articles/315197	다쓰붸이다: K9A1...#1.	293	7	14
https://m.cafe.naver.com/ca-fe/web/cafes/10503958/articles/315194	토종손: 타미야 1/35 4호전차 G형 제작기	273	10	5
https://m.cafe.naver.com/ca-fe/web/cafes/10503958/articles/315190	브란덴부르크: B32B1 셔먼 구난 차량 하부를 업그레이드 중입니다	383	13	24
https://m.cafe.naver.com/ca-fe/web/cafes/10503958/articles/315188	지나가는 과객: 타미야 T72M1  시작합니다 #1	302	8	9
https://m.cafe.naver.com/ca-fe/web/cafes/10503958/articles/315103	자해9단: [AFV클럽] T-34/76 1942 Factory 112 Full Interior Kit (5)	279	10	8
https://m.cafe.naver.com/ca-fe/web/cafes/10503958/articles/315049	레흐: 타미야 킹 타이거 유화 웨더링 과정 입니다	485	17	12
https://m.cafe.naver.com/ca-fe/web/cafes/10503958/articles/315026	일본기 고인물: 저는 조립식 궤도와 인연이 없는 듯 합니다	411	3	2
https://m.cafe.naver.com/ca-fe/web/cafes/10503958/articles/315024	141오퍼레이터: 요즘 방송하면서 만들고있는 M113A2입니다.	439	7	3
https://m.cafe.naver.com/ca-fe/web/cafes/10503958/articles/314910	Tigermask: TAMIYA 1/35 GERMAN Sd.kfz.250/9	344	6	16
https://m.cafe.naver.com/ca-fe/web/cafes/10503958/articles/314185	카틀레야꽃: 험비 3일차입니다!!!!	225	9	6
https://m.cafe.naver.com/ca-fe/web/cafes/10503958/articles/314168	Bro: 공구류 도색 및 데칼링	204	3	2
https://m.cafe.naver.com/ca-fe/web/cafes/10503958/articles/314164	인아크: 1/35 object.195 -새로운 도전 레진3D	374	8	10
https://m.cafe.naver.com/ca-fe/web/cafes/10503958/articles/314080	명인만두: Italeri 1/9 German Infantry soldier	326	23	10
https://m.cafe.naver.com/ca-fe/web/cafes/10503958/articles/314060	Sturmpanzer VI: 1/35 오비옉트 279	314	5	6
https://m.cafe.naver.com/ca-fe/web/cafes/10503958/articles/314044	카틀레야꽃: 험비 계속 만들고 있습니다.	346	7	3
https://m.cafe.naver.com/ca-fe/web/cafes/10503958/articles/314035	여보미안해: Hobbyboss 1/35 M1070 Gun Truck #3 도색	656	18	28
https://m.cafe.naver.com/ca-fe/web/cafes/10503958/articles/313943	카틀레야꽃: 험비 만드는중입니다!	295	7	5
https://m.cafe.naver.com/ca-fe/web/cafes/10503958/articles/313940	kwang82: 베이스제작	162	3	2
https://m.cafe.naver.com/ca-fe/web/cafes/10503958/articles/313903	브란덴부르크: K1 전차 부대 이동기.. 수기사-> 20사단-> 6사단 으로 최종 전출	1636	13	16
https://m.cafe.naver.com/ca-fe/web/cafes/10503958/articles/313902	시뇨: 슈타이어 RS0, 손바닥 만한 귀요미	291	10	9
https://m.cafe.naver.com/ca-fe/web/cafes/10503958/articles/313887	아카보병: 흑표 조립완성	349	3	6
https://m.cafe.naver.com/ca-fe/web/cafes/10503958/articles/313866	Bro: 기본도색 90%	262	5	2
https://m.cafe.naver.com/ca-fe/web/cafes/10503958/articles/313835	다쓰붸이다: 미육군 1/4톤...#1.	304	8	6
https://m.cafe.naver.com/ca-fe/web/cafes/10503958/articles/313832	가조립퍼: 1/35 AMX 30 B	396	8	2
https://m.cafe.naver.com/ca-fe/web/cafes/10503958/articles/313828	Tigermask: TAMIYA 1/35 GERMAN Sd.kfz.250/9	203	4	2
https://m.cafe.naver.com/ca-fe/web/cafes/10503958/articles/313783	시뇨: Bergetiger / fehrmann f13 tiger	322	9	4
https://m.cafe.naver.com/ca-fe/web/cafes/10503958/articles/313742	시뇨: Steyr rs0 독일군 트랙터	389	16	16
https://m.cafe.naver.com/ca-fe/web/cafes/10503958/articles/313733	시뇨: M10 gmc & m7 priest	450	19	25
https://m.cafe.naver.com/ca-fe/web/cafes/10503958/articles/313720	브란덴부르크: 1:35 트럼페터 BRDM 소련 시절 해군형으로 도색하고 있습니다 ^^	302	12	18
https://m.cafe.naver.com/ca-fe/web/cafes/10503958/articles/313249	레흐: 판터 III (Panther III) 재도장	361	14	5
https://m.cafe.naver.com/ca-fe/web/cafes/10503958/articles/313239	Harlock: 타미야 킹타이거 조립(3)	262	5	2
https://m.cafe.naver.com/ca-fe/web/cafes/10503958/articles/313229	브란덴부르크: 집사람 2시간 외출중 .. 간이 배밖에 나온 과감한 도색작업	666	17	26
https://m.cafe.naver.com/ca-fe/web/cafes/10503958/articles/313217	다쓰붸이다: 킹 타이거, 505중전차대대...#1.	381	7	7
https://m.cafe.naver.com/ca-fe/web/cafes/10503958/articles/313203	Tigermask: TAMIYA 1/35 GERMAN Sd.kfz.250/3 GREIF	257	8	8
https://m.cafe.naver.com/ca-fe/web/cafes/10503958/articles/313184	Bro: M3A2 + M4A3	506	9	12
https://m.cafe.naver.com/ca-fe/web/cafes/10503958/articles/313181	Harlock: 타이거 킹타이거 조립(2)	263	9	6
https://m.cafe.naver.com/ca-fe/web/cafes/10503958/articles/313169	DORI: [작업기]1/35 K-1 ARV(구난전차) 제작기 #1	396	19	18
https://m.cafe.naver.com/ca-fe/web/cafes/10503958/articles/313159	Tigermask: TAMIYA 1/35 GERMAN Sd.kfz.250/3 GREIF	207	8	13
https://m.cafe.naver.com/ca-fe/web/cafes/10503958/articles/313157	다쓰붸이다: K9A1 빌덴제품 사용...#2.	546	13	7
https://m.cafe.naver.com/ca-fe/web/cafes/10503958/articles/313147	루크 스카이워커: 하세가와 1/72 Sd.kfz.234/1 조립기-0	246	8	6
https://m.cafe.naver.com/ca-fe/web/cafes/10503958/articles/313142	Harlock: 타미야 킹타이거 조립(1)	406	11	6
https://m.cafe.naver.com/ca-fe/web/cafes/10503958/articles/313114	다쓰붸이다: K9A1 빌덴제품 사용...#1.	422	16	20
https://m.cafe.naver.com/ca-fe/web/cafes/10503958/articles/313088	좀비사촌: ITALERI 1/9 U.S. Army WW II WLA 750 Military motorcycles 두번째 제작기	247	9	11
https://m.cafe.naver.com/ca-fe/web/cafes/10503958/articles/313069	가조립퍼: 트럼페터 1/35 E100	286	10	2
https://m.cafe.naver.com/ca-fe/web/cafes/10503958/articles/313030	다쓰붸이다: 무서운 호냥이...#6.	287	2	5
https://m.cafe.naver.com/ca-fe/web/cafes/10503958/articles/313025	나자리노: Academy 1/35 K200A1 제작기 #1 장갑차 궤도작업	391	11	4
https://m.cafe.naver.com/ca-fe/web/cafes/10503958/articles/312999	Tigermask: TAMIYA 1/35 GERMAN Sd.kfz.250/3 GREIF	224	9	8
https://m.cafe.naver.com/ca-fe/web/cafes/10503958/articles/312992	Bro: 독일군	254	11	5
https://m.cafe.naver.com/ca-fe/web/cafes/10503958/articles/312983	광팔이: 가을버전 디오라마 3	292	8	10
https://m.cafe.naver.com/ca-fe/web/cafes/10503958/articles/312341	88mm전차포로굽는고기: 티거2 현대화 개량작업 반응장갑	430	8	16
https://m.cafe.naver.com/ca-fe/web/cafes/10503958/articles/312336	광팔이: 가을버전 제작기	165	6	0
https://m.cafe.naver.com/ca-fe/web/cafes/10503958/articles/312315	안양해피민: 완전 초보 아카데미 K9 제작중입니다.	396	13	15
https://m.cafe.naver.com/ca-fe/web/cafes/10503958/articles/312314	여보미안해: 1/35 RFM STURMTIGER #3 제작기	299	20	26
https://m.cafe.naver.com/ca-fe/web/cafes/10503958/articles/312312	88mm전차포로굽는고기: 티거2 현대화 개수형	259	7	4
https://m.cafe.naver.com/ca-fe/web/cafes/10503958/articles/312309	명인만두: Miniart 1/35 Repairing of Pz.Kpfw.IV.H (diorama big set) 피규어도색완료	598	31	45
https://m.cafe.naver.com/ca-fe/web/cafes/10503958/articles/312290	일본기 고인물: 아카데미 판터G형-3	325	12	8
https://m.cafe.naver.com/ca-fe/web/cafes/10503958/articles/312197	Tigermask: TAMIYA 1/35 GERMAN  Sd.kfz.250/3 GREIF	315	11	5
https://m.cafe.naver.com/ca-fe/web/cafes/10503958/articles/312157	명인만두: Miniart 1/35 Repairing of Pz.Kpfw.IV.H (diorama big set) 소품웨더링완료	378	28	21
https://m.cafe.naver.com/ca-fe/web/cafes/10503958/articles/312136	레흐: 호랑이들에게 승무원을 탑승 시켰습니다	329	9	0
https://m.cafe.naver.com/ca-fe/web/cafes/10503958/articles/312123	여보미안해: [AFV제작기] 1/35 RFM STURMTIGER #2 제작기	370	17	13
https://m.cafe.naver.com/ca-fe/web/cafes/10503958/articles/312089	광팔이: 좌충우돌 우당탕탕 - 디오라마 제작기(4)	299	13	6
https://m.cafe.naver.com/ca-fe/web/cafes/10503958/articles/312020	흥타스틱: M88A1 제작기2	295	11	14
https://m.cafe.naver.com/ca-fe/web/cafes/10503958/articles/312013	다쓰붸이다: TYPE 10...#1.	289	8	15
https://m.cafe.naver.com/ca-fe/web/cafes/10503958/articles/312007	민이얌: 오직 자신의 만족을 위한 모델링..	427	9	12
https://m.cafe.naver.com/ca-fe/web/cafes/10503958/articles/311996	Tigermask: TAMIYA 1/35 GULASCHKANONE GERMAN FIELD KITCHEN	285	7	9
https://m.cafe.naver.com/ca-fe/web/cafes/10503958/articles/311978	norara016: M911트레일러 제작중 입니다.	373	11	1
https://m.cafe.naver.com/ca-fe/web/cafes/10503958/articles/311974	Gaya: 라이필드모델 m4a3e8	368	10	1
https://m.cafe.naver.com/ca-fe/web/cafes/10503958/articles/311973	광팔이: 간단 비넷 제작기	165	4	4
https://m.cafe.naver.com/ca-fe/web/cafes/10503958/articles/311952	여보미안해: 1/35 RFM STURMTIGER #1 제작기	380	24	20
https://m.cafe.naver.com/ca-fe/web/cafes/10503958/articles/311576	다쓰붸이다: Königstiger...#4.	211	6	4
https://m.cafe.naver.com/ca-fe/web/cafes/10503958/articles/311558	삭발투혼 SakBal2Hon: K9 Moukari	309	13	9
https://m.cafe.naver.com/ca-fe/web/cafes/10503958/articles/311546	88mm전차포로굽는고기: 타미야 퍼싱 도색중	295	12	18
https://m.cafe.naver.com/ca-fe/web/cafes/10503958/articles/311531	88mm전차포로굽는고기: 타미야 퍼싱 도색	326	8	6
https://m.cafe.naver.com/ca-fe/web/cafes/10503958/articles/311498	광팔이: 좌충 우돌 우당탕탕 - 디오라마 제작기(1)	330	8	18
https://m.cafe.naver.com/ca-fe/web/cafes/10503958/articles/311487	다쓰붸이다: Pzkpfw V. Panther G...#2.	262	7	6
https://m.cafe.naver.com/ca-fe/web/cafes/10503958/articles/311448	정아인파파: 타미야 1/16(RC)  킹타이거, 타이거1  디테일-업 중 한컷!	500	8	10
https://m.cafe.naver.com/ca-fe/web/cafes/10503958/articles/311446	명인만두: Miniart 1/35 Repairing of Pz.Kpfw.IV.H (diorama big set)위장무늬 진행	370	20	12
https://m.cafe.naver.com/ca-fe/web/cafes/10503958/articles/311426	다쓰붸이다: Pzkpfw V. Panther G...#1	243	8	11
https://m.cafe.naver.com/ca-fe/web/cafes/10503958/articles/311410	자해9단: [AFV클럽] T-34/76 1942 Factory 112 Full Interior Kit (1)	231	8	4
https://m.cafe.naver.com/ca-fe/web/cafes/10503958/articles/311395	초보곰손아재: [1/35] Pz.Kpfw.II Luchs Ausf.L / 아카데미(ASUKA)-3(FIN)	500	22	6
https://m.cafe.naver.com/ca-fe/web/cafes/10503958/articles/311393	주뇨니: 아카데미 1/35 M48A5K #3	346	16	4
https://m.cafe.naver.com/ca-fe/web/cafes/10503958/articles/311365	캐스트럴: 장난을 해봤는데....	400	6	5
https://m.cafe.naver.com/ca-fe/web/cafes/10503958/articles/311348	다쓰붸이다: Königstiger...#3.	243	8	5
https://m.cafe.naver.com/ca-fe/web/cafes/10503958/articles/311343	좀비사촌: ITALERI 1/9 U.S. Army WW II WLA 750 Military motorcycles	445	16	12
https://m.cafe.naver.com/ca-fe/web/cafes/10503958/articles/311321	다쓰붸이다: Königstiger...#2.	253	11	3
https://m.cafe.naver.com/ca-fe/web/cafes/10503958/articles/311312	아쿠넷: RFM Strumtiger 주행? 테스트	328	10	1
https://m.cafe.naver.com/ca-fe/web/cafes/10503958/articles/311305	stalin1879: 타콤 판터 A형 후기형 내부 제작중...	285	12	4
https://m.cafe.naver.com/ca-fe/web/cafes/10503958/articles/311302	뽁뽁이: 아카데미 M1A1 2003 이라크, 초보의 웨더링	329	17	11
https://m.cafe.naver.com/ca-fe/web/cafes/10503958/articles/311280	명인만두: Miniart 1/35 Repairing of Pz.Kpfw.IV.H (diorama big set)차체조립완료, 포탑조립중	283	11	9
https://m.cafe.naver.com/ca-fe/web/cafes/10503958/articles/310778	떼할로프: 1/35 타미야 M5A1 제작2	306	8	2
https://m.cafe.naver.com/ca-fe/web/cafes/10503958/articles/310763	여보미안해: 1/35 T-90A 어뮤징하비 제작기 #4	564	22	31
https://m.cafe.naver.com/ca-fe/web/cafes/10503958/articles/310741	텅호: 흑표만드는김에 처음으로 국군전차병도 만들어봣습니다	358	12	1
https://m.cafe.naver.com/ca-fe/web/cafes/10503958/articles/310739	흐르룰로: M114 장갑차 제작기 2	299	7	1
https://m.cafe.naver.com/ca-fe/web/cafes/10503958/articles/310735	레이스트라: 흑표 재도색!!!!	353	5	6
https://m.cafe.naver.com/ca-fe/web/cafes/10503958/articles/310606	88mm전차포로굽는고기: 지옥의 보더티거	719	8	28
https://m.cafe.naver.com/ca-fe/web/cafes/10503958/articles/310605	찐계란: 아카데미 M1025 무장수송 차량 (험비)	661	16	3
https://m.cafe.naver.com/ca-fe/web/cafes/10503958/articles/310596	Glatorian: 2년전에 도색했던 M113 내부 모습	497	7	4
https://m.cafe.naver.com/ca-fe/web/cafes/10503958/articles/310595	동호회장: kv-1치핑중	306	8	6
https://m.cafe.naver.com/ca-fe/web/cafes/10503958/articles/310578	흐르룰로: M114 장갑차 작업기 1	297	10	6
https://m.cafe.naver.com/ca-fe/web/cafes/10503958/articles/310561	명인만두: Miniart 1/35 CAEN 1944 (Diorama big set) 베이스 제작중	294	21	19
https://m.cafe.naver.com/ca-fe/web/cafes/10503958/articles/310558	여보미안해: 1/35 T-90A 어뮤징하비 제작기 #3	357	19	15
https://m.cafe.naver.com/ca-fe/web/cafes/10503958/articles/310540	일본기 고인물: 1/35 아카데미 판터 찌메리트 코팅작업	340	11	6
https://m.cafe.naver.com/ca-fe/web/cafes/10503958/articles/310539	떼할로프: 1/35 타미야 M5A1 제작1	360	10	5
https://m.cafe.naver.com/ca-fe/web/cafes/10503958/articles/310530	초보곰손아재: [1/35] Pz.Kpfw.II  Luchs Ausf.L / 아카데미(ASUKA)	386	13	5
https://m.cafe.naver.com/ca-fe/web/cafes/10503958/articles/310526	다쓰붸이다: Tiger im Schlamm...#7.	285	19	7
https://m.cafe.naver.com/ca-fe/web/cafes/10503958/articles/310502	다쓰붸이다: Tiger im Schlamm...#6.	256	7	4
https://m.cafe.naver.com/ca-fe/web/cafes/10503958/articles/310493	명인만두: Miniart 1/35 CAEN 1944 (Diorama big set) 피규어 & 장비 완성	354	28	24
https://m.cafe.naver.com/ca-fe/web/cafes/10503958/articles/310457	88mm전차포로굽는고기: 보더모델 티거1 한정판	458	6	8
https://m.cafe.naver.com/ca-fe/web/cafes/10503958/articles/310445	다쓰붸이다: Tiger im Schlamm...#5.	316	15	20
https://m.cafe.naver.com/ca-fe/web/cafes/10503958/articles/310035	브란덴부르크: 1:35 월남전형 아카데미 포드 MUTT M151 디테일 업 및 병력 탑승개조	636	34	31
https://m.cafe.naver.com/ca-fe/web/cafes/10503958/articles/310033	Social234: 2s7 제작기#6	224	10	9
https://m.cafe.naver.com/ca-fe/web/cafes/10503958/articles/310020	다쓰붸이다: Tiger I late-Normandy Campaign...#5.	268	17	5
https://m.cafe.naver.com/ca-fe/web/cafes/10503958/articles/310013	동두천대장: 트럼페터 T-80B 간단 제작기	231	9	5
https://m.cafe.naver.com/ca-fe/web/cafes/10503958/articles/309982	다쓰붸이다: Tiger I late-Normandy Campaign...#4.	268	8	9
https://m.cafe.naver.com/ca-fe/web/cafes/10503958/articles/309977	격수: 이탈레리 Sd. Kfz. 234/3 ( 색칠3 )	231	13	8
https://m.cafe.naver.com/ca-fe/web/cafes/10503958/articles/309971	다쓰붸이다: Tiger I late-Normandy Campaign...#3.	248	10	3
https://m.cafe.naver.com/ca-fe/web/cafes/10503958/articles/309948	하루나기: [생존신고] 조립만 하는데 3년 걸렸네요.^^;	486	8	3
https://m.cafe.naver.com/ca-fe/web/cafes/10503958/articles/309911	88mm전차포로굽는고기: 트럼펫 T-55	348	6	2
https://m.cafe.naver.com/ca-fe/web/cafes/10503958/articles/309889	불고미: M2A3,M3A3 도색	307	7	4
https://m.cafe.naver.com/ca-fe/web/cafes/10503958/articles/309874	명인만두: Miniart 1/35 CAEN 1944 (Diorama big set) 피규어헤드 도색	449	16	21
https://m.cafe.naver.com/ca-fe/web/cafes/10503958/articles/309859	다쓰붸이다: Tiger I late-Normandy Campaign...#2.	289	11	6
https://m.cafe.naver.com/ca-fe/web/cafes/10503958/articles/309856	chariesk: RFM TIGER I Tunisi.. full interior	405	13	3
https://m.cafe.naver.com/ca-fe/web/cafes/10503958/articles/309852	라이어스 병장: 타미야 브룸바	401	17	5
https://m.cafe.naver.com/ca-fe/web/cafes/10503958/articles/309823	브란덴부르크: 주말을 갈아넣은 월남전 시절 Firebase 감시탑 제작	661	35	32
https://m.cafe.naver.com/ca-fe/web/cafes/10503958/articles/309819	Social234: 2s7 pion 제작#5	227	8	6
https://m.cafe.naver.com/ca-fe/web/cafes/10503958/articles/309783	다쓰붸이다: Tiger I late-Normandy Campaign...#1.	287	6	5
https://m.cafe.naver.com/ca-fe/web/cafes/10503958/articles/309765	명인만두: Miniart 1/35 CAEN 1944 (Diorama big set)	449	29	37
https://m.cafe.naver.com/ca-fe/web/cafes/10503958/articles/309753	Social234: 2s7 제작#4	202	7	4
https://m.cafe.naver.com/ca-fe/web/cafes/10503958/articles/309749	패튼77: 아카데미 M1025험비	614	23	14
https://m.cafe.naver.com/ca-fe/web/cafes/10503958/articles/309159	니오: 1/35 trumpeter mk.23 mtvr 트럭 만들고 있내요	455	12	9
https://m.cafe.naver.com/ca-fe/web/cafes/10503958/articles/309144	앤더슨: ACADEMY_스튜어트허니_M3_1/35	290	9	6
https://m.cafe.naver.com/ca-fe/web/cafes/10503958/articles/309111	Tigermask: TAMIYA 1/35 B.M.W.R75 WITH SIDE CAR	262	5	6
https://m.cafe.naver.com/ca-fe/web/cafes/10503958/articles/309108	제씨선수: 1/48 Tiger	348	8	0
https://m.cafe.naver.com/ca-fe/web/cafes/10503958/articles/309092	브란덴부르크: 모노그램 1:35 M48A2 월남 필링으로 먹선/유화/데칼링	419	19	15
https://m.cafe.naver.com/ca-fe/web/cafes/10503958/articles/309088	박염소: 트럼페터 M270 MLRS 제작기-3	542	13	14
https://m.cafe.naver.com/ca-fe/web/cafes/10503958/articles/309066	88mm전차포로굽는고기: 이탈레리 레오파르트2a4	510	12	7
https://m.cafe.naver.com/ca-fe/web/cafes/10503958/articles/309029	격수: 이탈레리 Sd. Kfz. 234/3 (색칠1)	201	8	2
https://m.cafe.naver.com/ca-fe/web/cafes/10503958/articles/309002	맨드라미최: 오랫만에 조립해봤습니다. 역시 즐겁네요.	383	11	9
https://m.cafe.naver.com/ca-fe/web/cafes/10503958/articles/308986	레흐: 동계 위장 마지막 전차 작업중	271	11	9
https://m.cafe.naver.com/ca-fe/web/cafes/10503958/articles/308940	스고이: 1/35 T-80U RUSSIAN MBT Abandoned type 제작기.4	731	26	22
https://m.cafe.naver.com/ca-fe/web/cafes/10503958/articles/308928	88mm전차포로굽는고기: 멩모델 티거2	459	9	16
https://m.cafe.naver.com/ca-fe/web/cafes/10503958/articles/308917	모형광: 1/35 M2 BRADLEY IFV - 07	360	16	4
https://m.cafe.naver.com/ca-fe/web/cafes/10503958/articles/308881	격수: 이탈레리 Sd. Kfz. 234/3 (조립2)	223	4	2
https://m.cafe.naver.com/ca-fe/web/cafes/10503958/articles/308878	박염소: 트럼페터 M270 MLRS 제작기-2	426	7	3
https://m.cafe.naver.com/ca-fe/web/cafes/10503958/articles/308871	명인만두: RFM 1/35 STURMMTIGER 차체조립완료	487	20	20
https://m.cafe.naver.com/ca-fe/web/cafes/10503958/articles/308840	브란덴부르크: 1:35 험비 차량 업그레이드 (예비 타이어 걸이 자작등) 및 톤업	498	22	23
https://m.cafe.naver.com/ca-fe/web/cafes/10503958/articles/308829	초보곰손아재: [1/35] CHIEFTAIN Mk.2 / TAKOM [Fin]	428	15	12
https://m.cafe.naver.com/ca-fe/web/cafes/10503958/articles/308794	뿌릉: ACADEMY KIA2 제작#2	387	8	10
https://m.cafe.naver.com/ca-fe/web/cafes/10503958/articles/308743	레흐: 아카데미 판터 G 및 기갑 척탄병 도장	351	17	14
https://m.cafe.naver.com/ca-fe/web/cafes/10503958/articles/308130	레흐: 타이거 1 성채작전용 동계위장 - 필터링, 워싱 데칼작업을 했습니다	272	11	2
https://m.cafe.naver.com/ca-fe/web/cafes/10503958/articles/308114	동두천대장: 아카데미t34 85 베를린 전투 모형	450	10	7
https://m.cafe.naver.com/ca-fe/web/cafes/10503958/articles/308088	스고이: 1/35 T-80U RUSSIAN MBT Abandoned type 제작기.3	350	20	21
https://m.cafe.naver.com/ca-fe/web/cafes/10503958/articles/308080	브란덴부르크: 좀 일찍 퇴근후 1:35 아카데미 3호전차 데칼링 및 웨더링	568	17	18
https://m.cafe.naver.com/ca-fe/web/cafes/10503958/articles/308063	다쓰붸이다: PaK 36, PaK 40...#2.	335	15	17
https://m.cafe.naver.com/ca-fe/web/cafes/10503958/articles/308040	레흐: 아카데미 타이거 1 성채작전용 (동계위장)	345	14	12
https://m.cafe.naver.com/ca-fe/web/cafes/10503958/articles/308029	뿌릉: 뻘짓! 루비콘 다이캐스팅 완구 한국군용으로 도색해 보기#3	333	9	4
https://m.cafe.naver.com/ca-fe/web/cafes/10503958/articles/308007	다쓰붸이다: PaK 36, PaK 40...#1.	313	11	10
https://m.cafe.naver.com/ca-fe/web/cafes/10503958/articles/307949	술병자리: 1/16  RC탱크 타이거1  사막도색 마무리중	186	5	1
https://m.cafe.naver.com/ca-fe/web/cafes/10503958/articles/307935	M1A2 SEP V3: 도색 예정인 놈들 입니다.	390	9	6
https://m.cafe.naver.com/ca-fe/web/cafes/10503958/articles/307931	흥타스틱: 정말 간만의 제작기 올려봅니다	389	20	22
https://m.cafe.naver.com/ca-fe/web/cafes/10503958/articles/307930	모형광: 1/35 M2 BRADLEY IFV - 04	332	15	4
https://m.cafe.naver.com/ca-fe/web/cafes/10503958/articles/307921	브란덴부르크: 트럼페터 구판 M1A2 에이브럼스 조립 및 초벌도색 완료	351	13	15
https://m.cafe.naver.com/ca-fe/web/cafes/10503958/articles/307869	스고이: 1/35 T-80U RUSSIAN MBT Abandoned type 제작기.2	377	21	9
https://m.cafe.naver.com/ca-fe/web/cafes/10503958/articles/307856	Deadpilot1124: 1:72 BTR-80 제작기-4	194	3	1
https://m.cafe.naver.com/ca-fe/web/cafes/10503958/articles/307830	stalin1879: 아카데미 판터 G형 찌메리트 코팅 추가....	332	8	0
https://m.cafe.naver.com/ca-fe/web/cafes/10503958/articles/307807	반짝쿠키: 드레곤 1/35 Tiger I Late Production w/Zimmerit 조립 중	372	8	16
https://m.cafe.naver.com/ca-fe/web/cafes/10503958/articles/307787	브란덴부르크: 틈틈이 아카데미 1:35 3호 전차 먹선 및 궤도 작업 완료	492	21	24
https://m.cafe.naver.com/ca-fe/web/cafes/10503958/articles/307261	자해9단: [아카데미] 티거 후기형 제작중입니다	385	11	12
https://m.cafe.naver.com/ca-fe/web/cafes/10503958/articles/307204	peoplehuman2: 아카데미 1/35 m-51 슈퍼셔먼1	289	6	1
https://m.cafe.naver.com/ca-fe/web/cafes/10503958/articles/307195	바쁘다바빠: 조립후 오랜만에 도색작업하네요	272	8	8
https://m.cafe.naver.com/ca-fe/web/cafes/10503958/articles/307189	M1A2 SEP V3: 오늘도 자주포........-	447	9	9
https://m.cafe.naver.com/ca-fe/web/cafes/10503958/articles/307163	산바람: IDF Magach 6B GAL 제작중	302	10	4
https://m.cafe.naver.com/ca-fe/web/cafes/10503958/articles/307160	pju1977: M113 장갑차 전선의 택시-마무리 작업중(10)	301	5	3
https://m.cafe.naver.com/ca-fe/web/cafes/10503958/articles/307159	산바람: Ukraine 주력전차 T-64BM Bulat 조립중	249	13	1
https://m.cafe.naver.com/ca-fe/web/cafes/10503958/articles/307155	Feena Fam: 베르게 다섯번째입니다.	252	10	2
https://m.cafe.naver.com/ca-fe/web/cafes/10503958/articles/307133	브란덴부르크: 마나님의 외출 소식에 오랫만에 브러쉬 작업들어갑니다.	477	14	20
https://m.cafe.naver.com/ca-fe/web/cafes/10503958/articles/307129	젊은남자: 러시아 bmpt  터미네이터 만들고있습니다	524	12	4
https://m.cafe.naver.com/ca-fe/web/cafes/10503958/articles/307078	s9255: 72:1 메르카바 워싱 및 드라이브러싱 진행 중	379	10	7
https://m.cafe.naver.com/ca-fe/web/cafes/10503958/articles/307051	Tigermask: TAMIYA M5A1 U.S.LIGHT TANK	368	11	6
https://m.cafe.naver.com/ca-fe/web/cafes/10503958/articles/307040	pju1977: M113 장갑차-전선의 택시 상판 조립(9)	318	7	0
https://m.cafe.naver.com/ca-fe/web/cafes/10503958/articles/307027	가조립퍼: 1/35 IS-4	462	6	4
https://m.cafe.naver.com/ca-fe/web/cafes/10503958/articles/307014	그냥남자: 백수 처리1탄	452	12	22
https://m.cafe.naver.com/ca-fe/web/cafes/10503958/articles/307009	Feena Fam: 베르게판터 네번째입니다.	286	8	4
https://m.cafe.naver.com/ca-fe/web/cafes/10503958/articles/307004	다쓰붸이다: Bergepanzer2...#4.	478	20	28
https://m.cafe.naver.com/ca-fe/web/cafes/10503958/articles/306999	pju1977: M113 장갑차-전선의 택시제작기-군인 만들기(8)	359	5	4
https://m.cafe.naver.com/ca-fe/web/cafes/10503958/articles/306984	브란덴부르크: 선거날 열심히 작업을.. 1:35 트럼페터 BRDM장갑차 통신형을 포탑형으로 개장	383	15	25
https://m.cafe.naver.com/ca-fe/web/cafes/10503958/articles/306973	모형광: 1/35 M2 BRADLEY IFV - 01	346	6	6
https://m.cafe.naver.com/ca-fe/web/cafes/10503958/articles/306465	DORI: [작업기]1/35 M270(A1) MLRS #3	347	11	9
https://m.cafe.naver.com/ca-fe/web/cafes/10503958/articles/306442	명인만두: RFM 1/35 PANZER III 도색완료	524	25	22
https://m.cafe.naver.com/ca-fe/web/cafes/10503958/articles/306432	키다리아저씨: M50A1 ONTOS 디오라마 제작기	279	11	6
https://m.cafe.naver.com/ca-fe/web/cafes/10503958/articles/306352	다쓰붸이다: black panther...#2.	485	15	6
https://m.cafe.naver.com/ca-fe/web/cafes/10503958/articles/306332	모형광: 1/35 Russian T-80U MBT - 05	446	15	12
https://m.cafe.naver.com/ca-fe/web/cafes/10503958/articles/306265	falcon82: 타미야m113지휘장갑차	382	11	6
https://m.cafe.naver.com/ca-fe/web/cafes/10503958/articles/306257	떼할로프: 1/35 Flakpanzer IV Wirbelwind(4)	340	10	2
https://m.cafe.naver.com/ca-fe/web/cafes/10503958/articles/306248	다쓰붸이다: T-80UK...#2.	371	10	1
https://m.cafe.naver.com/ca-fe/web/cafes/10503958/articles/306222	TizerOdeng: [Tiger Train] RFM Tiger initial	418	8	6
https://m.cafe.naver.com/ca-fe/web/cafes/10503958/articles/306200	다쓰붸이다: black panther...#1.	238	6	2
https://m.cafe.naver.com/ca-fe/web/cafes/10503958/articles/306199	fxssh7358: 1/4 k-9자주포제작기	723	25	31
https://m.cafe.naver.com/ca-fe/web/cafes/10503958/articles/306185	KLNM02ㅣ공이: 아카데미 K1A1#3(완결)	486	9	7
https://m.cafe.naver.com/ca-fe/web/cafes/10503958/articles/306184	바람지기: M1117 : 조립 작업 (2)	262	4	7
https://m.cafe.naver.com/ca-fe/web/cafes/10503958/articles/306158	평범한 괴짜: K311A1 닷지 실패작	576	2	4
https://m.cafe.naver.com/ca-fe/web/cafes/10503958/articles/306154	뿌릉: 미루던 도색을 시작합니다.	267	12	10
https://m.cafe.naver.com/ca-fe/web/cafes/10503958/articles/306153	브란덴부르크: 아카데미 3호전차 유휴 부품으로 후방 스페어캔 수납 구조물 자작	443	16	23
https://m.cafe.naver.com/ca-fe/web/cafes/10503958/articles/306123	88mm전차포로굽는고기: 미니하비 T-72 제작기	300	4	15
https://m.cafe.naver.com/ca-fe/web/cafes/10503958/articles/306103	브란덴부르크: 1:35 아프리카군단 증원 중.. 3호전차와 전차병, 큐벨바겐 사막형 조립완성 (feat 프라탑 뽀개기)	508	16	13
https://m.cafe.naver.com/ca-fe/web/cafes/10503958/articles/306079	88mm전차포로굽는고기: 미니하비 T-72	310	5	6
https://m.cafe.naver.com/ca-fe/web/cafes/10503958/articles/306069	모형광: 1/35 M60A3 PATTON - 11	511	18	16
https://m.cafe.naver.com/ca-fe/web/cafes/10503958/articles/305324	명준아빠: [tamiya] 1/35 British Special Air Service JEEP -1	337	12	3
https://m.cafe.naver.com/ca-fe/web/cafes/10503958/articles/305310	DDT: 군프라 초보의 제작기_카고트럭	353	4	3
https://m.cafe.naver.com/ca-fe/web/cafes/10503958/articles/305262	레흐: 타미야 4호전차 J 형 (3)	293	12	6
https://m.cafe.naver.com/ca-fe/web/cafes/10503958/articles/305256	M1A2 SEP V3: K2 흑표	455	8	1
https://m.cafe.naver.com/ca-fe/web/cafes/10503958/articles/305242	술병자리: 1/16 RC탱크 헝롱 타이거1 전차병 도색하기	143	2	1
https://m.cafe.naver.com/ca-fe/web/cafes/10503958/articles/305241	여보미안해: TAKOM 1/35 M114 A1E1 CRV 제작기 #1	418	16	16
https://m.cafe.naver.com/ca-fe/web/cafes/10503958/articles/305218	사리곰탕면: Miniart M3 LEE	447	9	8
https://m.cafe.naver.com/ca-fe/web/cafes/10503958/articles/305198	대웅대웅: K9  포상 디오라마	653	12	1
https://m.cafe.naver.com/ca-fe/web/cafes/10503958/articles/305183	레흐: 타미야 4호전차 J형 (2)	358	10	10
https://m.cafe.naver.com/ca-fe/web/cafes/10503958/articles/305153	자해9단: [트럼페터]Karl Gerat 041 #3 수송캐리어 앞 -3	207	2	4
https://m.cafe.naver.com/ca-fe/web/cafes/10503958/articles/305120	난바: 아카데미 M-12 155mm	366	8	1
https://m.cafe.naver.com/ca-fe/web/cafes/10503958/articles/305111	다쓰붸이다: 드래곤 비트만 타이거...#6.	463	16	9
https://m.cafe.naver.com/ca-fe/web/cafes/10503958/articles/305078	명인만두: RFM 1/35 M1240A1 M-ATV M153 CROWS ll(Full interior Build) - part4	691	18	4
https://m.cafe.naver.com/ca-fe/web/cafes/10503958/articles/305033	베토벤중독자: T-34 탱크 1/16 트럼펱 조립중입니다.	551	10	11
https://m.cafe.naver.com/ca-fe/web/cafes/10503958/articles/305027	형팔이: 레벨 레오파르트 2 a6	344	11	2
https://m.cafe.naver.com/ca-fe/web/cafes/10503958/articles/305019	다쓰붸이다: 드래곤 비트만 타이거...#5.	456	14	3
https://m.cafe.naver.com/ca-fe/web/cafes/10503958/articles/305018	브란덴부르크: 1:35 트럼페터 피라냐 장갑차 조립완성	457	11	16
https://m.cafe.naver.com/ca-fe/web/cafes/10503958/articles/305012	다쓰붸이다: 드래곤 비트만 타이거...#4.	316	7	3
https://m.cafe.naver.com/ca-fe/web/cafes/10503958/articles/304991	레흐: 타미야 4호전차 J 형 (1)	399	8	12
https://m.cafe.naver.com/ca-fe/web/cafes/10503958/articles/304300	88mm전차포로굽는고기: 타미야 르클레르	434	5	0
https://m.cafe.naver.com/ca-fe/web/cafes/10503958/articles/304298	88mm전차포로굽는고기: 트럼펫is7	207	4	4
https://m.cafe.naver.com/ca-fe/web/cafes/10503958/articles/304292	김가네: 트럼페터 1/35 kv-1 조립완료(21.12.30)	292	9	3
https://m.cafe.naver.com/ca-fe/web/cafes/10503958/articles/304213	다쓰붸이다: M2...#5.	259	6	0
https://m.cafe.naver.com/ca-fe/web/cafes/10503958/articles/304170	모형광: 1/35 Russian T-80U MBT - 01	524	10	15
https://m.cafe.naver.com/ca-fe/web/cafes/10503958/articles/304167	88mm전차포로굽는고기: 한방침 이게 진짜 좋군요	716	4	2
https://m.cafe.naver.com/ca-fe/web/cafes/10503958/articles/304151	다쓰붸이다: M966...#6.	294	2	2
https://m.cafe.naver.com/ca-fe/web/cafes/10503958/articles/304138	다쓰붸이다: M966...#5.	286	5	0
https://m.cafe.naver.com/ca-fe/web/cafes/10503958/articles/304122	우카루스: 한파로 인해서 인형만 끄적끄적 거리고있네요..	538	8	22
https://m.cafe.naver.com/ca-fe/web/cafes/10503958/articles/304106	다쓰붸이다: M2...#4.	365	10	5
https://m.cafe.naver.com/ca-fe/web/cafes/10503958/articles/304103	뿌릉: 날이 추우니 조립만 하고 있습니다.	356	7	2
https://m.cafe.naver.com/ca-fe/web/cafes/10503958/articles/304092	프몰러: m4a3e8 sherman	359	12	4
https://m.cafe.naver.com/ca-fe/web/cafes/10503958/articles/304090	88mm전차포로굽는고기: 어찌어찌 재작중인 is-2	357	8	3
https://m.cafe.naver.com/ca-fe/web/cafes/10503958/articles/304088	레흐: 드래곤 판터 2 90% 공정률(?)	284	10	6
https://m.cafe.naver.com/ca-fe/web/cafes/10503958/articles/304076	다쓰붸이다: M2...#3.	326	9	15
https://m.cafe.naver.com/ca-fe/web/cafes/10503958/articles/304066	KLNM02ㅣ공이: 아카데미 K1A1#1	469	7	2
https://m.cafe.naver.com/ca-fe/web/cafes/10503958/articles/304063	다쓰붸이다: M2...#2.	334	12	4
https://m.cafe.naver.com/ca-fe/web/cafes/10503958/articles/304033	다쓰붸이다: M2...#1.	247	9	2
https://m.cafe.naver.com/ca-fe/web/cafes/10503958/articles/304020	우루로: 와 아카데미 워리어 장갑차	463	8	4
https://m.cafe.naver.com/ca-fe/web/cafes/10503958/articles/303638	모형광: 1/35 M60A3 PATTON - 07	437	15	7
https://m.cafe.naver.com/ca-fe/web/cafes/10503958/articles/303620	다쓰붸이다: M1A1 Op. "Desert Storm"...#1.	297	5	1
https://m.cafe.naver.com/ca-fe/web/cafes/10503958/articles/303453	스고이: 1/35 m113 gulf war 제작기.1	464	12	9
https://m.cafe.naver.com/ca-fe/web/cafes/10503958/articles/303416	88mm전차포로굽는고기: 다시태어나는 T-90	465	8	11
https://m.cafe.naver.com/ca-fe/web/cafes/10503958/articles/303399	Vintage Model: 만원의 행복, 아카데미 4호 전차(구판)	469	12	16
https://m.cafe.naver.com/ca-fe/web/cafes/10503958/articles/303398	구기: T-55A 1/35 Tamiya	488	19	15
https://m.cafe.naver.com/ca-fe/web/cafes/10503958/articles/303397	DORI: [작업기]K-136A1 '구룡' #3 (Feat.K711)	356	10	0
https://m.cafe.naver.com/ca-fe/web/cafes/10503958/articles/303389	명인만두: Miniart T-55a mod 1981 차체&포탑 웨더링중입니다.	386	26	20
https://m.cafe.naver.com/ca-fe/web/cafes/10503958/articles/303354	밀리터리전차: T-34-85 berlin 중간?단계	233	8	1
https://m.cafe.naver.com/ca-fe/web/cafes/10503958/articles/303351	88mm전차포로굽는고기: 서기장동지3 거의 완성	236	10	5
https://m.cafe.naver.com/ca-fe/web/cafes/10503958/articles/303346	88mm전차포로굽는고기: M10 디오라마	309	9	4
https://m.cafe.naver.com/ca-fe/web/cafes/10503958/articles/303324	모형광: 1/35 M60A3 PATTON - 06	360	14	6
https://m.cafe.naver.com/ca-fe/web/cafes/10503958/articles/303323	레흐: 이타렐리 엘레판트 작업중 입니다	322	16	15
https://m.cafe.naver.com/ca-fe/web/cafes/10503958/articles/303313	착한탱크: (1번째 디오라마) "돌격" 리메이크 (제작02)	313	9	4
https://m.cafe.naver.com/ca-fe/web/cafes/10503958/articles/303303	명인만두: Miniart T-55a mod 1981 위장무늬 & 외부도색	367	23	24
https://m.cafe.naver.com/ca-fe/web/cafes/10503958/articles/303302	88mm전차포로굽는고기: 독처칠7 거의 완성	284	9	2
https://m.cafe.naver.com/ca-fe/web/cafes/10503958/articles/303295	BlackPanther: 타콤 KM9 ACE	533	13	11
https://m.cafe.naver.com/ca-fe/web/cafes/10503958/articles/303272	그림그리는기린: 아카데미(Academy pz iv) 구판 4호 전차 제작 도중 찍은 사진들~	325	10	2
https://m.cafe.naver.com/ca-fe/web/cafes/10503958/articles/303266	집사: 도색대기중인 아이들	357	6	2
https://m.cafe.naver.com/ca-fe/web/cafes/10503958/articles/303259	투덜이스머프: M1070 Truck Tractor & M1000 HET Semi-Trailer 제작기 17	261	3	2
https://m.cafe.naver.com/ca-fe/web/cafes/10503958/articles/302741	인아크: Meng 1/35 T-72B3제작중	341	12	8
https://m.cafe.naver.com/ca-fe/web/cafes/10503958/articles/302709	명인만두: Miniart T-55a mod 1981 차체조립	470	29	31
https://m.cafe.naver.com/ca-fe/web/cafes/10503958/articles/302689	모형광: 1/35 M60A3 PATTON - 02	351	8	4
https://m.cafe.naver.com/ca-fe/web/cafes/10503958/articles/302595	88mm전차포로굽는고기: 타미야처칠 도색 끝	272	5	4
https://m.cafe.naver.com/ca-fe/web/cafes/10503958/articles/302574	88mm전차포로굽는고기: 트럼펫은 진짜 노가다입니다	669	4	23
https://m.cafe.naver.com/ca-fe/web/cafes/10503958/articles/302547	mansa: Jagdpanther 제작중입니다.	498	17	12
https://m.cafe.naver.com/ca-fe/web/cafes/10503958/articles/302545	모형광: 1/35 M60A3 PATTON - 01	506	9	6
https://m.cafe.naver.com/ca-fe/web/cafes/10503958/articles/302530	88mm전차포로굽는고기: 타미야 처칠7	270	2	0
https://m.cafe.naver.com/ca-fe/web/cafes/10503958/articles/302527	제씨선수: 골동품 반다이 1/48 tiger	529	9	17
https://m.cafe.naver.com/ca-fe/web/cafes/10503958/articles/302520	카틀레야 마법무기고: K511A1(M35A2) 제작기-조립	420	6	6
https://m.cafe.naver.com/ca-fe/web/cafes/10503958/articles/302484	Deadpilot1124: 1/72 BTR-80 제작기-2	209	7	0
https://m.cafe.naver.com/ca-fe/web/cafes/10503958/articles/302473	Deadpilot1124: 1:72 BTR-80 제작기-1	175	4	1
https://m.cafe.naver.com/ca-fe/web/cafes/10503958/articles/302465	다쓰붸이다: 이지에잇...#4.	312	12	4
https://m.cafe.naver.com/ca-fe/web/cafes/10503958/articles/302458	패튼77: 스트라이커 만드는중 #2	341	7	6
https://m.cafe.naver.com/ca-fe/web/cafes/10503958/articles/302441	명인만두: Miniart T-55a mod 1981 트랜스밋션&룸 조립및 도색	529	24	16
https://m.cafe.naver.com/ca-fe/web/cafes/10503958/articles/302424	window001: 미군 피겨 도색,  nato brown 도료 문제?	272	1	2
https://m.cafe.naver.com/ca-fe/web/cafes/10503958/articles/301954	현봉씨: 아카데미 타이거1 제작중입니다	341	16	13
https://m.cafe.naver.com/ca-fe/web/cafes/10503958/articles/301951	다쓰붸이다: K2 흑표...#7.	347	10	3
https://m.cafe.naver.com/ca-fe/web/cafes/10503958/articles/301950	다쓰붸이다: M113A1 NASA Astronaut Rescue...#7.	201	7	0
https://m.cafe.naver.com/ca-fe/web/cafes/10503958/articles/301935	프몰러: M4A3E8 sherman 'Fury'	454	10	2
https://m.cafe.naver.com/ca-fe/web/cafes/10503958/articles/301893	독성지 천안호랑이: 타미야 셔먼	557	11	6
https://m.cafe.naver.com/ca-fe/web/cafes/10503958/articles/301873	다쓰붸이다: M113A1 NASA Astronaut Rescue...#6.	229	6	0
https://m.cafe.naver.com/ca-fe/web/cafes/10503958/articles/301853	88mm전차포로굽는고기: 토터스 조립시작	260	4	4
https://m.cafe.naver.com/ca-fe/web/cafes/10503958/articles/301770	에어브람스: 트럼페티 챌린져2  완성했습니다.	261	13	8
https://m.cafe.naver.com/ca-fe/web/cafes/10503958/articles/301768	브란덴부르크: M42 더스터 추가 도색.. 디테일 도색..	309	16	16
https://m.cafe.naver.com/ca-fe/web/cafes/10503958/articles/301762	다쓰붸이다: 아카데미 V2 TUSK II...#5.	339	10	13
https://m.cafe.naver.com/ca-fe/web/cafes/10503958/articles/301748	레흐: 현재 디오라마 작업중 입니다	388	12	13
https://m.cafe.naver.com/ca-fe/web/cafes/10503958/articles/301734	그림그리는기린: (academy) M3 스튜어트 경전차 내부 인형과 함께 (2)	300	7	14
https://m.cafe.naver.com/ca-fe/web/cafes/10503958/articles/301732	시뇨: 주말동안 공장 많이 돌렸어요ㅎㅎ	587	16	19
https://m.cafe.naver.com/ca-fe/web/cafes/10503958/articles/301686	우카루스: 베르게판터 제작기 2	283	11	15
https://m.cafe.naver.com/ca-fe/web/cafes/10503958/articles/301685	브란덴부르크: M42 더스터 유화 및 피그먼트 하이라이팅 작업	362	17	17
https://m.cafe.naver.com/ca-fe/web/cafes/10503958/articles/301645	우카루스: 멩 베르게판터 제작기...	332	14	8
https://m.cafe.naver.com/ca-fe/web/cafes/10503958/articles/301644	다쓰붸이다: M4A2...#4.	419	10	7
https://m.cafe.naver.com/ca-fe/web/cafes/10503958/articles/301630	sh2944: 1/35  Panzersp&#228;hwagen Sd.Kfz.234/2  -1	344	11	8
https://m.cafe.naver.com/ca-fe/web/cafes/10503958/articles/301597	명인만두: 1:35 155mm k-55 90%진행	786	24	55
https://m.cafe.naver.com/ca-fe/web/cafes/10503958/articles/301593	다쓰붸이다: M4A2...#3.	454	7	6
https://m.cafe.naver.com/ca-fe/web/cafes/10503958/articles/301218	산바람: 하비보스 Merkava mk.3D  도색중 - 하이라이팅과 워싱	342	14	4
https://m.cafe.naver.com/ca-fe/web/cafes/10503958/articles/301187	스고이: 1/35 afvclub m5a1제작기.	578	25	17
https://m.cafe.naver.com/ca-fe/web/cafes/10503958/articles/301180	불다트: m48a5k 네번째 이야기	329	3	2
https://m.cafe.naver.com/ca-fe/web/cafes/10503958/articles/301170	다쓰붸이다: Pzkpfw V. Panther G...#1.	334	7	4
https://m.cafe.naver.com/ca-fe/web/cafes/10503958/articles/301131	명인만두: 1:35 155mm k-55 자주포 조립~	464	17	12
https://m.cafe.naver.com/ca-fe/web/cafes/10503958/articles/301083	다큰곰: 1/35 Jagdpanzer 38(t) Hetzer	412	10	12
https://m.cafe.naver.com/ca-fe/web/cafes/10503958/articles/301075	명인만두: 1:35 155mm k-55 자주포 조립중입니다.	535	15	4
https://m.cafe.naver.com/ca-fe/web/cafes/10503958/articles/301057	다쓰붸이다: 아카데미(즈베즈다) SU-100...#3.	411	5	2
https://m.cafe.naver.com/ca-fe/web/cafes/10503958/articles/301046	다쓰붸이다: 아카데미(즈베즈다) SU-100...#2.	350	10	3
https://m.cafe.naver.com/ca-fe/web/cafes/10503958/articles/301038	choimoo: 아카 M1151 험비 제작기 #1  (백교님 나눔키트)	400	10	0
https://m.cafe.naver.com/ca-fe/web/cafes/10503958/articles/301033	다쓰붸이다: 아카데미(즈베즈다) SU-100...#1.	518	6	2
https://m.cafe.naver.com/ca-fe/web/cafes/10503958/articles/301021	흑담: 생존 신고겸 올해 마지막 디오라마 작업 시작했습니다~~	653	28	38
https://m.cafe.naver.com/ca-fe/web/cafes/10503958/articles/301007	88mm전차포로굽는고기: 에이불암수 제작	354	5	1
https://m.cafe.naver.com/ca-fe/web/cafes/10503958/articles/300992	다쓰붸이다: 이지에잇...#3.	292	12	2
https://m.cafe.naver.com/ca-fe/web/cafes/10503958/articles/300955	그림그리는기린: (Academy) M3 스튜어트 경전차  내부 인형과 함께 (1)	549	15	6
https://m.cafe.naver.com/ca-fe/web/cafes/10503958/articles/300917	다쓰붸이다: 이지에잇...#2.	414	14	7
https://m.cafe.naver.com/ca-fe/web/cafes/10503958/articles/300906	차실장: Panzer II Ausf.F North Africa (2호전차 F형 북아프리카) 1/35 [아카데미] 제작기	591	19	24
https://m.cafe.naver.com/ca-fe/web/cafes/10503958/articles/300887	레흐: 4호 돌격포 1차 데칼 작업 완성	248	12	5
https://m.cafe.naver.com/ca-fe/web/cafes/10503958/articles/300854	다쓰붸이다: 이지에잇...#1.	465	10	30
https://m.cafe.naver.com/ca-fe/web/cafes/10503958/articles/300850	시뇨: 프라 월동준비, 김장을 담그는 심정으로	504	11	21
https://m.cafe.naver.com/ca-fe/web/cafes/10503958/articles/300474	다쓰붸이다: ZBD-86B 중국 인민해방군 장갑차...#2.	310	9	10
https://m.cafe.naver.com/ca-fe/web/cafes/10503958/articles/300473	88mm전차포로굽는고기: 트럼펫 티거	272	4	3
https://m.cafe.naver.com/ca-fe/web/cafes/10503958/articles/300464	DORI: [작업기]1/35 K105A1(차륜형 자주포)#2	447	12	6
https://m.cafe.naver.com/ca-fe/web/cafes/10503958/articles/300442	반잠수식: Trumpeter 1/35 S-300V 9S32 #1	352	5	9
https://m.cafe.naver.com/ca-fe/web/cafes/10503958/articles/300436	태우니: 이번엔 여유를 갖고 재도전 하렵니다.ㅎㅎㅎ (마지막에 나눔정보 있음.)	414	11	18
https://m.cafe.naver.com/ca-fe/web/cafes/10503958/articles/300432	다쓰붸이다: ZBD-86B 중국 인민해방군 장갑차...#1.	312	11	8
https://m.cafe.naver.com/ca-fe/web/cafes/10503958/articles/300411	falcon82: 1/35험비 통신장비차량	441	11	2
https://m.cafe.naver.com/ca-fe/web/cafes/10503958/articles/300397	카틀레야 마법무기고: M2A2 브래들리 1화	297	10	13
https://m.cafe.naver.com/ca-fe/web/cafes/10503958/articles/300345	시뇨: 타미야 이지에잇 넘 흐뭇하네요	623	13	6
https://m.cafe.naver.com/ca-fe/web/cafes/10503958/articles/300344	레흐: 4호 돌격포 진행상황	250	7	6
https://m.cafe.naver.com/ca-fe/web/cafes/10503958/articles/300308	종프라: Tiger i 최후기형 1/35	398	12	4
https://m.cafe.naver.com/ca-fe/web/cafes/10503958/articles/300306	태우니: 급한 성격에 폭망 할뻔한거..겨우살림 ㅡㅡ;;	642	13	14
https://m.cafe.naver.com/ca-fe/web/cafes/10503958/articles/300242	시뇨: 매혹적인 AFV pics 그리고 프라모델 재현	877	18	11
https://m.cafe.naver.com/ca-fe/web/cafes/10503958/articles/300217	은빛달: 아카데미 1/35 K2 블랙팬서	480	11	7
https://m.cafe.naver.com/ca-fe/web/cafes/10503958/articles/300211	하루나기: 타미야 97식 치하전차 조립.	580	11	14
https://m.cafe.naver.com/ca-fe/web/cafes/10503958/articles/300209	88mm전차포로굽는고기: T-54 디오라마 제작중	307	8	3
https://m.cafe.naver.com/ca-fe/web/cafes/10503958/articles/300186	산바람: 하비보스 Merkava mk.3D 조립완료	407	16	5
https://m.cafe.naver.com/ca-fe/web/cafes/10503958/articles/300174	레흐: 4호 돌격포 도장중	357	12	14
https://m.cafe.naver.com/ca-fe/web/cafes/10503958/articles/300146	블라곰: 1/35 Mk. A Whippet	433	19	23
https://m.cafe.naver.com/ca-fe/web/cafes/10503958/articles/300123	yoodly: 드래곤 4호 전차 F2형	449	6	8
https://m.cafe.naver.com/ca-fe/web/cafes/10503958/articles/299636	designpower: Tiger I Early Ver. w/Interior 프라모델 제작중	254	4	0
https://m.cafe.naver.com/ca-fe/web/cafes/10503958/articles/299626	명인만두: RFM 1:35 tiger I (full.interior)마지막 작업기~	696	20	39
https://m.cafe.naver.com/ca-fe/web/cafes/10503958/articles/299624	IlluLions: 타미야 셔먼 초기형을 만들었습니다.	230	3	4
https://m.cafe.naver.com/ca-fe/web/cafes/10503958/articles/299613	태우니: 아카4호 일단 밑도장만...	293	12	4
https://m.cafe.naver.com/ca-fe/web/cafes/10503958/articles/299608	IlluLions: 타미야 m41불독입니다!	255	13	10
https://m.cafe.naver.com/ca-fe/web/cafes/10503958/articles/299603	산바람: 하비보스 Merkava mk.3D 제작중	278	9	2
https://m.cafe.naver.com/ca-fe/web/cafes/10503958/articles/299595	다쓰붸이다: 아카데미 타이거1 후기형...#4.	305	9	4
https://m.cafe.naver.com/ca-fe/web/cafes/10503958/articles/299582	명인만두: RFM 1:35 tiger I (full.interior) 동계위장작업	669	25	21
https://m.cafe.naver.com/ca-fe/web/cafes/10503958/articles/299571	다쓰붸이다: 아카데미 타이거1 후기형...#3.	271	10	2
https://m.cafe.naver.com/ca-fe/web/cafes/10503958/articles/299558	다쓰붸이다: 아카데미 타이거1 후기형...#2.	347	6	4
https://m.cafe.naver.com/ca-fe/web/cafes/10503958/articles/299532	명인만두: RFM 1:35 tiger I (full.interior) 궤도조립&도색->치핑작업	480	17	3
https://m.cafe.naver.com/ca-fe/web/cafes/10503958/articles/299511	다쓰붸이다: 아카데미 타이거1 후기형...#1.	444	7	9
https://m.cafe.naver.com/ca-fe/web/cafes/10503958/articles/299496	칭밍티엔: 1/144위그선 + 80톤 화차 + 킹타이거등  왕잡다. 마무리 노력 중.	412	12	12
https://m.cafe.naver.com/ca-fe/web/cafes/10503958/articles/299486	M1A2 SEP V3: 비교.......	467	6	8
https://m.cafe.naver.com/ca-fe/web/cafes/10503958/articles/299472	goodboy06: rfm 챌린저 2 rc화 3	204	3	0
https://m.cafe.naver.com/ca-fe/web/cafes/10503958/articles/299419	M1A2 SEP V3: 프랑스.......	352	6	1
https://m.cafe.naver.com/ca-fe/web/cafes/10503958/articles/299401	칭밍티엔: 타콤  1/144  소련 비행정 LUN-Class EKRANOPLAN  (AFV인지 잘 모르겠습니다)	513	15	29
https://m.cafe.naver.com/ca-fe/web/cafes/10503958/articles/299392	명인만두: RFM 1:35 tiger I (full.interior) 위장무늬작업	650	26	22
https://m.cafe.naver.com/ca-fe/web/cafes/10503958/articles/299384	북극곰: [AFV제작] 1/35 WESPE MODELS사의 OPEL BLITZ TRUCK - 1 ton 1937년 풀레진	285	11	10
https://m.cafe.naver.com/ca-fe/web/cafes/10503958/articles/299366	베토벤중독자: 추석때 조립해본 1/35 M4A3E8sherman사진 올려봅니다.	381	11	5
https://m.cafe.naver.com/ca-fe/web/cafes/10503958/articles/298935	명인만두: RFM 1:35 tiger I (full.interior) 포탑내부진행2	544	18	5
https://m.cafe.naver.com/ca-fe/web/cafes/10503958/articles/298917	혜린아빠: [제작기] 시가 디오라마(#2)	376	21	32
https://m.cafe.naver.com/ca-fe/web/cafes/10503958/articles/298913	산바람: 아카데미2호전차 하반신 조립중	323	12	2
https://m.cafe.naver.com/ca-fe/web/cafes/10503958/articles/298867	다쓰붸이다: 아카데미 K9...The '자주'포...ㅋㅋㅋ #2.	475	17	38
https://m.cafe.naver.com/ca-fe/web/cafes/10503958/articles/298861	88mm전차포로굽는고기: 워썬더 디오라마 제작시작	306	9	13
https://m.cafe.naver.com/ca-fe/web/cafes/10503958/articles/298856	베토벤중독자: M60 1/35 아카데미 건전지구동입니다.	443	8	3
https://m.cafe.naver.com/ca-fe/web/cafes/10503958/articles/298850	다쓰붸이다: 아카데미 K9...#1.	266	6	2
https://m.cafe.naver.com/ca-fe/web/cafes/10503958/articles/298849	베토벤중독자: T-72 트럼페터1/35 탱크 조립사진 올립니다.	476	10	7
https://m.cafe.naver.com/ca-fe/web/cafes/10503958/articles/298848	reformed17: 아카데미 1/35 칠레군 M51 슈퍼 셔먼 제작기 #1	532	10	7
https://m.cafe.naver.com/ca-fe/web/cafes/10503958/articles/298828	명인만두: RFM 1:35 tiger I (full.interior) 포탑내부진행	610	15	12
https://m.cafe.naver.com/ca-fe/web/cafes/10503958/articles/298783	잉카50: 아카데미과학 1/35 독일 2호전차 F형 북아프리카	419	14	11
https://m.cafe.naver.com/ca-fe/web/cafes/10503958/articles/298780	88mm전차포로굽는고기: T-90 98%조립	411	7	8
https://m.cafe.naver.com/ca-fe/web/cafes/10503958/articles/298769	다쓰붸이다: 아카데미 V2 TUSK II...#4.	387	13	14
https://m.cafe.naver.com/ca-fe/web/cafes/10503958/articles/298759	모형광: Leopard 2A4M CAN - 01	280	5	1
https://m.cafe.naver.com/ca-fe/web/cafes/10503958/articles/298753	브란덴부르크: AFV클럽 1:35 발렌타인 전차 유화로 사막 위장도색 (기본 3색 위장 완료)	411	11	14
https://m.cafe.naver.com/ca-fe/web/cafes/10503958/articles/298738	88mm전차포로굽는고기: 로커스트 거의 완성	236	11	10
https://m.cafe.naver.com/ca-fe/web/cafes/10503958/articles/298735	블랙판더: IDF Namer 중장갑수송장갑차 조립기	372	13	2
https://m.cafe.naver.com/ca-fe/web/cafes/10503958/articles/298729	은빛달: 아카데미 1/35 M40A3 Walker Bulldog	355	7	1
https://m.cafe.naver.com/ca-fe/web/cafes/10503958/articles/298728	다쓰붸이다: 아카데미 V2 TUSK II...#3.	407	13	18
https://m.cafe.naver.com/ca-fe/web/cafes/10503958/articles/298310	M1A2 SEP V3: 한국군 삼형제......	321	5	1
https://m.cafe.naver.com/ca-fe/web/cafes/10503958/articles/298300	다큰곰: 7년만에 조립 완료한 IDF M60A1 Blaser	477	14	14
https://m.cafe.naver.com/ca-fe/web/cafes/10503958/articles/298298	88mm전차포로굽는고기: 아카데미 코브라킹	320	6	2
https://m.cafe.naver.com/ca-fe/web/cafes/10503958/articles/298249	프라사랑7516: [Master box]sd.kfz.2 Type 170vk Mercedes-Benz Car NO.2	174	8	4
https://m.cafe.naver.com/ca-fe/web/cafes/10503958/articles/298211	은빛달: 아카데미 1/35 M60A1 Passive Armor 제작기#1	381	8	3
https://m.cafe.naver.com/ca-fe/web/cafes/10503958/articles/298195	DSpore: 불용전차 비르벨빈트	517	14	17
https://m.cafe.naver.com/ca-fe/web/cafes/10503958/articles/298188	날개달린푸우: 궤도 질문요!!!!	342	0	17
https://m.cafe.naver.com/ca-fe/web/cafes/10503958/articles/298105	smk1207: 아카데미 타이거 초기버전 제작중	352	11	8
https://m.cafe.naver.com/ca-fe/web/cafes/10503958/articles/298097	bronzoo: 첫 AFV 도색	337	11	7
https://m.cafe.naver.com/ca-fe/web/cafes/10503958/articles/298088	날개달린푸우: 안녕하세요 탱크초보 인사드립니다	372	6	22
https://m.cafe.naver.com/ca-fe/web/cafes/10503958/articles/298083	브란덴부르크: 월남전 북베트남군 전차병 입수 .. 응옌키의 만돌린	420	15	16
https://m.cafe.naver.com/ca-fe/web/cafes/10503958/articles/298063	Tigermask: TAMIYA GERMAN 8WHEELED HEAVY ARMORED CAR	244	6	7
https://m.cafe.naver.com/ca-fe/web/cafes/10503958/articles/298044	88mm전차포로굽는고기: 게이원 도색준비중	216	4	5
https://m.cafe.naver.com/ca-fe/web/cafes/10503958/articles/298019	보물주인: M1240A1 MATV 제작_중간	369	12	8
https://m.cafe.naver.com/ca-fe/web/cafes/10503958/articles/298015	격수: 아카데미 M51 슈퍼셔먼	659	20	15
https://m.cafe.naver.com/ca-fe/web/cafes/10503958/articles/297987	산바람: WAFFENTRAGER AUF E-100 with FLAK40 128mm ZWILLINGSFLAK 기본도색과 치핑	361	17	6
https://m.cafe.naver.com/ca-fe/web/cafes/10503958/articles/297978	JM korea: 분노의 질주 포니탱크 만들기 아카 포니 시리즈 끝판왕~ ㅋㅋ	591	20	18
https://m.cafe.naver.com/ca-fe/web/cafes/10503958/articles/297939	에어브람스: 판터D 성채전투 1/35  붓도색 완료	442	14	10
https://m.cafe.naver.com/ca-fe/web/cafes/10503958/articles/297919	브란덴부르크: 트럼펫 구금형 이라크군형 69식 전차를 북베트남군 T54로 변경 조립완성	375	15	12
https://m.cafe.naver.com/ca-fe/web/cafes/10503958/articles/297914	칭밍티엔: [Meng]  D9R with Slat Armor & 미니아트 IDF 인형	464	13	15
https://m.cafe.naver.com/ca-fe/web/cafes/10503958/articles/297434	다쓰붸이다: 아카데미 1/35 스트라이커 장갑차...#2.	697	18	21
https://m.cafe.naver.com/ca-fe/web/cafes/10503958/articles/297414	다쓰붸이다: 아카데미 1/35 스트라이커 장갑차...#1.	514	14	14
https://m.cafe.naver.com/ca-fe/web/cafes/10503958/articles/297412	노커트: 보더모델 타이거 초기형 제작03	253	6	2
https://m.cafe.naver.com/ca-fe/web/cafes/10503958/articles/297389	몽이아버지: 밀리터리 입문했습니다. 입문작으로 아카데미 K-9 자주포 작업중입니다	506	26	22
https://m.cafe.naver.com/ca-fe/web/cafes/10503958/articles/297383	다쓰붸이다: 육군정비창...#8.	439	13	3
https://m.cafe.naver.com/ca-fe/web/cafes/10503958/articles/297377	산바람: WAFFENTRAGER AUF E-100 with FLAK40 128mm ZWILLINGSFLAK 조립완료	221	6	2
https://m.cafe.naver.com/ca-fe/web/cafes/10503958/articles/297372	다쓰붸이다: K105A1...#1.	730	15	20
https://m.cafe.naver.com/ca-fe/web/cafes/10503958/articles/297367	뱅기매니아: 1/72 M1A2 터스크 타이거모델 조립	354	7	4
https://m.cafe.naver.com/ca-fe/web/cafes/10503958/articles/297329	다쓰붸이다: 육군정비창...#7.	413	16	10
https://m.cafe.naver.com/ca-fe/web/cafes/10503958/articles/297291	카틀레야 기사단국: Academy) M113A1 제작기 4편	338	5	8
https://m.cafe.naver.com/ca-fe/web/cafes/10503958/articles/297290	88mm전차포로굽는고기: 아카데미 1/35 티거2	348	9	2
https://m.cafe.naver.com/ca-fe/web/cafes/10503958/articles/297284	DORI: [작업기]1/35 K1E1(ROK Army Ver.) #3	397	10	3
https://m.cafe.naver.com/ca-fe/web/cafes/10503958/articles/297276	다쓰붸이다: 육군 정비창...#6.	560	16	16
https://m.cafe.naver.com/ca-fe/web/cafes/10503958/articles/297266	브란덴부르크: AFV클럽 1:35 더스터 대공전차 조립완료..	647	25	36
https://m.cafe.naver.com/ca-fe/web/cafes/10503958/articles/297263	구기: T34/85 1945 Ryefield 1/35	430	11	11
https://m.cafe.naver.com/ca-fe/web/cafes/10503958/articles/297246	명인만두: 호밀빵1:35 jagdpanther g2 90%진행	592	29	27
https://m.cafe.naver.com/ca-fe/web/cafes/10503958/articles/297237	DORI: [작업기]1/35 전차수송차량(HET) 제작기 #9	263	14	4
https://m.cafe.naver.com/ca-fe/web/cafes/10503958/articles/297236	흥타스틱: 타콤 TYPHOON-K 제작기2	259	11	6
https://m.cafe.naver.com/ca-fe/web/cafes/10503958/articles/297234	악트로스: m26 제작중입니다.	238	6	1
https://m.cafe.naver.com/ca-fe/web/cafes/10503958/articles/297232	다쓰붸이다: 육군 정비창...#5.	300	10	1
https://m.cafe.naver.com/ca-fe/web/cafes/10503958/articles/296867	바람지기: 사하라 전차대 -M3 Lee(1)	354	9	7
https://m.cafe.naver.com/ca-fe/web/cafes/10503958/articles/296857	명인만두: 호밀빵1:35 jagdpanther g2 디테일업 및 치핑	455	22	7
https://m.cafe.naver.com/ca-fe/web/cafes/10503958/articles/296847	브란덴부르크: 으아악.. 개조 실수.. 부품분실로 땜빵하다..	436	21	20
https://m.cafe.naver.com/ca-fe/web/cafes/10503958/articles/296840	하루나기: 아카데미과학 M7 PRIEST 조립 [1]	504	10	11
https://m.cafe.naver.com/ca-fe/web/cafes/10503958/articles/296822	명인만두: 호밀빵1:35 jagdpanther g2 내부 색분할완료	374	12	13
https://m.cafe.naver.com/ca-fe/web/cafes/10503958/articles/296818	팔복이: K511A1 가조립 및 도색	466	11	30
https://m.cafe.naver.com/ca-fe/web/cafes/10503958/articles/296788	명인만두: 호밀빵1:35 jagdpanther g2 조립100%완료!	356	13	13
https://m.cafe.naver.com/ca-fe/web/cafes/10503958/articles/296786	다쓰붸이다: Heikendorf Panther(하이켄도르프 판터)...#11.	431	16	21
https://m.cafe.naver.com/ca-fe/web/cafes/10503958/articles/296774	DSpore: 1/16 타콤 94식 전차	392	6	7
https://m.cafe.naver.com/ca-fe/web/cafes/10503958/articles/296768	브란덴부르크: Duster 포탑 제작 및 이에 맞춘 베트남전 피규어 개조 및 완성	292	11	27
https://m.cafe.naver.com/ca-fe/web/cafes/10503958/articles/296766	노커트: 보더모델 타이거 초기형 제작02	304	6	15
https://m.cafe.naver.com/ca-fe/web/cafes/10503958/articles/296737	브란덴부르크: M42 Duster조립 조립..및 차체에 맞춘 전차병 제작	351	16	18
https://m.cafe.naver.com/ca-fe/web/cafes/10503958/articles/296721	산바람: 바펜트리거 조립완료	273	7	5
https://m.cafe.naver.com/ca-fe/web/cafes/10503958/articles/296713	다쓰붸이다: Heikendorf Panther(하이켄도르프 판터)...#10.	203	3	3
https://m.cafe.naver.com/ca-fe/web/cafes/10503958/articles/296673	다쓰붸이다: 타미야 하노마그 장갑차...#3.	314	10	10
https://m.cafe.naver.com/ca-fe/web/cafes/10503958/articles/296664	다쓰붸이다: 아카데미 M966...#2.	318	10	3
https://m.cafe.naver.com/ca-fe/web/cafes/10503958/articles/296656	구기: Tiger I Mid-Production Otto Carius 1/35	726	17	27
https://m.cafe.naver.com/ca-fe/web/cafes/10503958/articles/296646	다쓰붸이다: 아카데미 M966...#1.	281	9	6
https://m.cafe.naver.com/ca-fe/web/cafes/10503958/articles/296571	명인만두: 호밀빵1:35 jagdpanther g2 멀고도 먼 조립과정	478	23	32
https://m.cafe.naver.com/ca-fe/web/cafes/10503958/articles/296562	다쓰붸이다: 타미야 하노마그 장갑차...#2.	481	14	20
https://m.cafe.naver.com/ca-fe/web/cafes/10503958/articles/296049	도색 뉴비: AMX-30B 제작기 4-채색	256	10	5
https://m.cafe.naver.com/ca-fe/web/cafes/10503958/articles/296034	동이리: 아카데미 M1A2 TUSK 만들기(5)	399	7	6
https://m.cafe.naver.com/ca-fe/web/cafes/10503958/articles/296025	초보곰손아재: [1/35] M47/G PATTON (TAKOM) - 3편/END	439	18	15
https://m.cafe.naver.com/ca-fe/web/cafes/10503958/articles/295997	다쓰붸이다: Heikendorf Panther(하이켄도르프 판터)...#5.	271	10	18
https://m.cafe.naver.com/ca-fe/web/cafes/10503958/articles/295980	노커트: 드래곤 1/35 복 타이거 제작03	149	9	6
https://m.cafe.naver.com/ca-fe/web/cafes/10503958/articles/295967	카틀레야 기사단국: Academy) M113A1 Vietnam War	500	16	24
https://m.cafe.naver.com/ca-fe/web/cafes/10503958/articles/295955	DORI: [작업기]1/35 K-10 (탄약보급장갑차) 작업기 #1	403	17	4
https://m.cafe.naver.com/ca-fe/web/cafes/10503958/articles/295934	브란덴부르크: 1:35 M42 duster 제작 시작! 차체 제작시작..	265	14	28
https://m.cafe.naver.com/ca-fe/web/cafes/10503958/articles/295911	다쓰붸이다: Heikendorf Panther(하이켄도르프 판터)...#4.	209	10	5
https://m.cafe.naver.com/ca-fe/web/cafes/10503958/articles/295908	탭댄스제조기: [제작중] 디오라마 Gehenna	280	16	8
https://m.cafe.naver.com/ca-fe/web/cafes/10503958/articles/295868	초보곰손아재: [1/35] M47/G PATTON (TAKOM) - 2편	398	11	8
https://m.cafe.naver.com/ca-fe/web/cafes/10503958/articles/295854	차고 주인: 격납고 최종조립 대기중!(1/72 Academy F-14A)	366	6	4
https://m.cafe.naver.com/ca-fe/web/cafes/10503958/articles/295826	Tigermask: TAMYA JAPAN Type61TANK 90mm GUN	411	9	18
https://m.cafe.naver.com/ca-fe/web/cafes/10503958/articles/295795	DSpore: 1/72 Pz.kpfw.I + Flak38 = Flakpanzer I (2)	287	9	14
https://m.cafe.naver.com/ca-fe/web/cafes/10503958/articles/295792	레흐: 아카데미 4호 돌격포 조립	379	8	18
https://m.cafe.naver.com/ca-fe/web/cafes/10503958/articles/295788	DORI: [작업기]1/35 전차수송차량(HET) 제작기 #4	318	12	3
https://m.cafe.naver.com/ca-fe/web/cafes/10503958/articles/295781	SD70ACe: FV4005 (1)	262	6	6
https://m.cafe.naver.com/ca-fe/web/cafes/10503958/articles/295715	DSpore: 1/72 Pz.kpfw.I + Flak38 = Flakpanzer I	336	16	12
https://m.cafe.naver.com/ca-fe/web/cafes/10503958/articles/295108	성더슨: RC CENTURION-MK.III 구동부와 차체를 마쳤습니다.	309	9	10
https://m.cafe.naver.com/ca-fe/web/cafes/10503958/articles/295093	다쓰붸이다: Heikendorf Panther(하이켄도르프 판터)...#2.	377	10	19
https://m.cafe.naver.com/ca-fe/web/cafes/10503958/articles/295082	성더슨: 타미야  1/25 R C Centurion Mk III R/C탱크(무선조종)언박싱	520	9	16
https://m.cafe.naver.com/ca-fe/web/cafes/10503958/articles/295069	카틀레야 설계국: K1A1 작업기(4)	322	10	25
https://m.cafe.naver.com/ca-fe/web/cafes/10503958/articles/295046	다쓰붸이다: Heikendorf Panther...#1.	313	8	11
https://m.cafe.naver.com/ca-fe/web/cafes/10503958/articles/295024	브란덴부르크: 1:35 초기형 티이거 궤도 작업 및 유화 덧칠	435	19	26
https://m.cafe.naver.com/ca-fe/web/cafes/10503958/articles/295004	카틀레야 설계국: K1A1 작업기(3)	223	7	6
https://m.cafe.naver.com/ca-fe/web/cafes/10503958/articles/294966	나름MM: 동시작업	409	12	20
https://m.cafe.naver.com/ca-fe/web/cafes/10503958/articles/294954	스고이: 국군 기갑 떼샷올리고갑니다.	744	33	32
https://m.cafe.naver.com/ca-fe/web/cafes/10503958/articles/294951	카틀레야 설계국: K1A1 작업기 : 2	376	14	10
https://m.cafe.naver.com/ca-fe/web/cafes/10503958/articles/294910	GammaBlue: K200A1 계열 장갑차	677	15	10
https://m.cafe.naver.com/ca-fe/web/cafes/10503958/articles/294907	우카루스: 트럼페터 스트라이커 제작기 2번째	239	11	14
https://m.cafe.naver.com/ca-fe/web/cafes/10503958/articles/294904	카틀레야 설계국: K1A1 작업기 (1)	446	11	30
https://m.cafe.naver.com/ca-fe/web/cafes/10503958/articles/294903	도색 뉴비: AMX-30B2 제작기(부제:노멀 AMX-30B로 컨버전)	200	6	2
https://m.cafe.naver.com/ca-fe/web/cafes/10503958/articles/294888	지난스: k9자주포 도색 완료입니다	246	12	4
https://m.cafe.naver.com/ca-fe/web/cafes/10503958/articles/294879	보물주인: 미완성 2점 (1차도색, 조립완료)	266	16	19
https://m.cafe.naver.com/ca-fe/web/cafes/10503958/articles/294878	지난스: k9 자주포 1차도색 및 위장무늬 완료입니다ㅎ	237	8	5
https://m.cafe.naver.com/ca-fe/web/cafes/10503958/articles/294874	노커트: 드래곤 1/35 복 타이거 제작01	265	12	16
https://m.cafe.naver.com/ca-fe/web/cafes/10503958/articles/294870	정아인파파: 타미야 1/16 Leopard 2 A6M, A7 제작 중 한컷(RC)	529	10	13
https://m.cafe.naver.com/ca-fe/web/cafes/10503958/articles/294798	명인만두: RFM 1:35 sherman full interior 90%완료	588	27	38
https://m.cafe.naver.com/ca-fe/web/cafes/10503958/articles/294401	이한기: 꾸준히 디테일업 되는 M1151 험비	480	13	13
https://m.cafe.naver.com/ca-fe/web/cafes/10503958/articles/294400	DSpore: 1/16 하비보스 타이거 작업재개 (초스압)	822	35	51
https://m.cafe.naver.com/ca-fe/web/cafes/10503958/articles/294397	카틀레야 설계국: 아카데미 "Gu-Pan" 4호전차 도색 작업기 - 1화	222	6	9
https://m.cafe.naver.com/ca-fe/web/cafes/10503958/articles/294395	명인만두: RFM 1:35 sherman full interior 풍화현상을 묘사해봤습니다.	453	18	36
https://m.cafe.naver.com/ca-fe/web/cafes/10503958/articles/294390	명인만두: RFM 1:35 sherman full interior 내부도색을 완료했습니다.	321	13	16
https://m.cafe.naver.com/ca-fe/web/cafes/10503958/articles/294383	A Few Good Men: 말린 찰흙을 갈아서 흙 만들어 붙이고...	421	12	22
https://m.cafe.naver.com/ca-fe/web/cafes/10503958/articles/294371	브란덴부르크: 비오는 날.. 1:35 쿠르스크전 티이거 기본 도색 및 정말 많은 휠 도색 조립	340	14	28
https://m.cafe.naver.com/ca-fe/web/cafes/10503958/articles/294346	명인만두: RFM 1:35 sherman full interior 도색 시작~!	434	16	15
https://m.cafe.naver.com/ca-fe/web/cafes/10503958/articles/294288	명인만두: RFM 1:35 sherman full interior 포탑조립완료	455	18	16
https://m.cafe.naver.com/ca-fe/web/cafes/10503958/articles/294275	다쓰붸이다: 아카데미 M4A3...#11.	500	12	17
https://m.cafe.naver.com/ca-fe/web/cafes/10503958/articles/294261	여보미안해: [AFV제작기] RFM. M1240A1 M-ATV - #2	552	13	30
https://m.cafe.naver.com/ca-fe/web/cafes/10503958/articles/294236	다쓰붸이다: 아카데미 M4A3...#10.	270	12	11
https://m.cafe.naver.com/ca-fe/web/cafes/10503958/articles/294187	흥타스틱: 베스페 완성직전에 고비네요ㅠㅜ	519	23	24
https://m.cafe.naver.com/ca-fe/web/cafes/10503958/articles/294150	주말모델러: M113 A1 제작기 -3	343	18	16
https://m.cafe.naver.com/ca-fe/web/cafes/10503958/articles/294138	산바람: 처칠 도색과정	484	24	13
https://m.cafe.naver.com/ca-fe/web/cafes/10503958/articles/294110	여보미안해: RFM. M1240A1 M-ATV - #1	502	19	24
https://m.cafe.naver.com/ca-fe/web/cafes/10503958/articles/294104	명인만두: RFM 1:35 sherman full interior 하부조립완료	642	28	39
https://m.cafe.naver.com/ca-fe/web/cafes/10503958/articles/294097	쑤안: 아이들과 함께 아크릴 붓도색하기 (타미야 1/48 GAZ-67)	362	11	15
https://m.cafe.naver.com/ca-fe/web/cafes/10503958/articles/294095	초보곰손아재: [AFV조립] MENG [1/35] FRENCH AUF1 TA 155mm 자주포(2)	425	15	26
https://m.cafe.naver.com/ca-fe/web/cafes/10503958/articles/294083	쿠마몽: 1/35 Russian KrAZ-260B Tractor with 5P85TE TEL S-300PMU	342	13	7
https://m.cafe.naver.com/ca-fe/web/cafes/10503958/articles/293517	stalin1879: 아카데미 M36잭슨 내부 재현형 제작중....	446	9	4
https://m.cafe.naver.com/ca-fe/web/cafes/10503958/articles/293511	주말모델러: M113 A1 VIETNAM WAR 제작기-1	300	21	22
https://m.cafe.naver.com/ca-fe/web/cafes/10503958/articles/293510	다쓰붸이다: 이타렐리 M923 트럭...#6.	330	11	23
https://m.cafe.naver.com/ca-fe/web/cafes/10503958/articles/293491	부산 모델러: 흑표 완성까지 10%정도 남았습니다	375	9	13
https://m.cafe.naver.com/ca-fe/web/cafes/10503958/articles/293457	다쓰붸이다: 이타렐리 M923 트럭...#5.	332	10	23
https://m.cafe.naver.com/ca-fe/web/cafes/10503958/articles/293428	산바람: 처칠 디오라마 시작	258	13	5
https://m.cafe.naver.com/ca-fe/web/cafes/10503958/articles/293414	팡진: RFM M1240A1 진도조금 나갔습니다.	438	11	0
https://m.cafe.naver.com/ca-fe/web/cafes/10503958/articles/293407	DORI: [작업기]1/35 K-55 S.P.H #1	347	17	8
https://m.cafe.naver.com/ca-fe/web/cafes/10503958/articles/293390	다쓰붸이다: 이타렐리 M923 트럭...#4.	274	7	17
https://m.cafe.naver.com/ca-fe/web/cafes/10503958/articles/293383	까뜰레야스크 설계국: 카틀레야 설계국 T34/76 : 살려주세요~	261	5	10
https://m.cafe.naver.com/ca-fe/web/cafes/10503958/articles/293380	벼리진다네: 1/72 드래곤 M4A3 (105mm)VVSS	197	6	10
https://m.cafe.naver.com/ca-fe/web/cafes/10503958/articles/293371	브란덴부르크: 1:35 아카데미 쿠르스크전 티이거 궤도 바퀴빼고 조립 완료	585	17	45
https://m.cafe.naver.com/ca-fe/web/cafes/10503958/articles/293348	다쓰붸이다: 이타렐리 M923 트럭...#3.	238	9	8
https://m.cafe.naver.com/ca-fe/web/cafes/10503958/articles/293337	패튼77: 1/35 타미야 야크트판터 입니다	358	12	10
https://m.cafe.naver.com/ca-fe/web/cafes/10503958/articles/293325	까뜰레야스크 설계국: 카틀레야 설계국 T34/76 2편 : 색깔이 야해!!!	261	10	16
https://m.cafe.naver.com/ca-fe/web/cafes/10503958/articles/293323	보물주인: 초보전차_V2	337	12	13
https://m.cafe.naver.com/ca-fe/web/cafes/10503958/articles/293314	앙투완: 1/35 아카데미(즈베즈다) 엘레펀트 제작기(1) (찌메리트 코팅 및 크기비교)	630	11	7
https://m.cafe.naver.com/ca-fe/web/cafes/10503958/articles/293308	다쓰붸이다: 이타렐리 M923트럭...#2.	303	9	5
https://m.cafe.naver.com/ca-fe/web/cafes/10503958/articles/293293	까뜰레야스크 설계국: Academy) T-34/76	323	8	23
https://m.cafe.naver.com/ca-fe/web/cafes/10503958/articles/293287	DSpore: 아카데미 티거 ver. 베르게	606	18	14
https://m.cafe.naver.com/ca-fe/web/cafes/10503958/articles/292390	명인만두: RFM 1:35 PANTHER Ausf.G 절개부분 미부착파츠진행및 위장무늬 톤(명도.채도)다운	336	18	25
https://m.cafe.naver.com/ca-fe/web/cafes/10503958/articles/292388	M1A2 SEP V3: 레오파드2a4.......	279	5	3
https://m.cafe.naver.com/ca-fe/web/cafes/10503958/articles/292387	소년아재: AFV CLUB 1/35 IDF M109 1982 Rochev	494	13	9
https://m.cafe.naver.com/ca-fe/web/cafes/10503958/articles/292384	뿌릉: 트럼펫터 Ramka BMPT  제작#1	225	8	4
https://m.cafe.naver.com/ca-fe/web/cafes/10503958/articles/292348	다쓰붸이다: 아카데미 킹 타이거...#5.	346	17	23
https://m.cafe.naver.com/ca-fe/web/cafes/10503958/articles/292343	다쓰붸이다: 육군 정비창...#2.(K1&M48)	641	5	16
https://m.cafe.naver.com/ca-fe/web/cafes/10503958/articles/292330	stalin1879: 아카데미 M36잭슨 내부 도색 및 조립 완료....	274	8	8
https://m.cafe.naver.com/ca-fe/web/cafes/10503958/articles/292327	A Few Good Men: Sherman 탱크	246	8	7
https://m.cafe.naver.com/ca-fe/web/cafes/10503958/articles/292301	다쓰붸이다: K1 & M60	332	7	10
https://m.cafe.naver.com/ca-fe/web/cafes/10503958/articles/292300	팡진: RFM M1240A1 만들면서 감탄중.	374	13	9
https://m.cafe.naver.com/ca-fe/web/cafes/10503958/articles/292115	초보곰손아재: MENG [1/35] FRENCH AUF1 TA 155mm 자주포(1)	414	16	14
https://m.cafe.naver.com/ca-fe/web/cafes/10503958/articles/292072	명인만두: RFM 1:35 PANTHER Ausf.G 끝나갑니다ㅎㅎ	549	27	35
https://m.cafe.naver.com/ca-fe/web/cafes/10503958/articles/292047	흥타스틱: WESPE 운전석 인테리어 완성 올려봅니다	322	23	31
https://m.cafe.naver.com/ca-fe/web/cafes/10503958/articles/292018	구기: German medium tank Pz.kpfw.III ausf.j 1/35 Ryefield	420	14	21
https://m.cafe.naver.com/ca-fe/web/cafes/10503958/articles/291998	쑤안: 어우 드래곤 M270 MLRS...	324	6	7
https://m.cafe.naver.com/ca-fe/web/cafes/10503958/articles/291958	A Few Good Men: Sherman 탱크	328	11	10
https://m.cafe.naver.com/ca-fe/web/cafes/10503958/articles/291942	브란덴부르크: 1:35 프리스트 엘 알라메인 버젼으로 위장 초벌 도색 및 데칼작업	289	12	12
https://m.cafe.naver.com/ca-fe/web/cafes/10503958/articles/291937	술병자리: 1/16 RC 6륜트럭 도색하기	267	8	3
https://m.cafe.naver.com/ca-fe/web/cafes/10503958/articles/291916	주뇨니: 아카데미 1/35 K1A1 #3	297	16	17
https://m.cafe.naver.com/ca-fe/web/cafes/10503958/articles/291890	다쓰붸이다: 아카데미 M4A3...#8.	406	17	17
https://m.cafe.naver.com/ca-fe/web/cafes/10503958/articles/291331	M1A2 SEP V3: 아들의 두번째 도색.......	369	10	9
https://m.cafe.naver.com/ca-fe/web/cafes/10503958/articles/291326	choimoo0907: AFV CLUB 1/35 M1126 스트라이커 제작기 #1	300	10	5
https://m.cafe.naver.com/ca-fe/web/cafes/10503958/articles/291308	명인만두: RFM 1:35 PANTHER Ausf.G 하부헐 내부묘사	410	13	22
https://m.cafe.naver.com/ca-fe/web/cafes/10503958/articles/291290	제씨선수: 라이필드모델 1/35 Sherman M4E3A8	691	17	29
https://m.cafe.naver.com/ca-fe/web/cafes/10503958/articles/291208	레흐: 현용전차 데칼작업중 입니다	272	10	11
https://m.cafe.naver.com/ca-fe/web/cafes/10503958/articles/291195	다쓰붸이다: 아카데미 킹 타이거...#3.	442	14	25
https://m.cafe.naver.com/ca-fe/web/cafes/10503958/articles/291190	마샤들과아빠곰: sd.kfz1/7 도색과 몇가지	341	9	9
https://m.cafe.naver.com/ca-fe/web/cafes/10503958/articles/291165	소다SODA: 아카데미 1/35 m1151 험비-8	453	15	9
https://m.cafe.naver.com/ca-fe/web/cafes/10503958/articles/291143	명인만두: RFM 1:35 PANTHER Ausf.G 헐-내부 색분할&가조립	442	14	14
https://m.cafe.naver.com/ca-fe/web/cafes/10503958/articles/291132	다쓰붸이다: 아카데미 킹 타이거...#2.	489	10	32
https://m.cafe.naver.com/ca-fe/web/cafes/10503958/articles/291109	니오: 1/35 [tigermodel]pantsir s1 제작기	207	7	4
https://m.cafe.naver.com/ca-fe/web/cafes/10503958/articles/291068	본드쏟았다: 아카데미 벌지셔먼 제작기	458	14	6
https://m.cafe.naver.com/ca-fe/web/cafes/10503958/articles/291064	다쓰붸이다: 아카데미 킹 타이거...#1.	517	12	9
https://m.cafe.naver.com/ca-fe/web/cafes/10503958/articles/291062	사루인: [Academy] 1/35 Merkava Mk.III Part.2	185	10	10
https://m.cafe.naver.com/ca-fe/web/cafes/10503958/articles/291044	mansa: M1A2 제작기입니다.	408	11	8
https://m.cafe.naver.com/ca-fe/web/cafes/10503958/articles/291013	명인만두: RFM 1:35 PANTHER Ausf.G 하부헐.조립	617	20	49
https://m.cafe.naver.com/ca-fe/web/cafes/10503958/articles/290991	DORI: [작업기]1/35 T-80U (R.O.K.Army Ver.) #1	476	12	17
https://m.cafe.naver.com/ca-fe/web/cafes/10503958/articles/290968	모형광: 1/35 러시아 2S6M 퉁구스카 - 17	262	11	13
https://m.cafe.naver.com/ca-fe/web/cafes/10503958/articles/290962	M1A2 SEP V3: 코로나로 작업량 증가!!!!!!!!	300	7	6
https://m.cafe.naver.com/ca-fe/web/cafes/10503958/articles/290961	자해9단: 타미야 su-85 제작중입니다	274	8	21
https://m.cafe.naver.com/ca-fe/web/cafes/10503958/articles/290471	다쓰붸이다: 아카데미 T-34/85 베를린 1945...#4.	255	7	4
https://m.cafe.naver.com/ca-fe/web/cafes/10503958/articles/290468	DORI: [작업기]1/35 K513A1(Feul tanker) #3	282	11	3
https://m.cafe.naver.com/ca-fe/web/cafes/10503958/articles/290459	레흐: 타미야 레오파르트 1 A4 기본 도장	207	8	6
https://m.cafe.naver.com/ca-fe/web/cafes/10503958/articles/290457	브란덴부르크: 휴지통에서 찾은 내 부품.. 우여곡절끝에 조립 완성해봤습니다.	388	13	16
https://m.cafe.naver.com/ca-fe/web/cafes/10503958/articles/290453	여보미안해: 1/35 3호, 4호전차 브룸베어 아카데미 #3	384	15	11
https://m.cafe.naver.com/ca-fe/web/cafes/10503958/articles/290443	인아크: T-34-85 70%완성	226	7	7
https://m.cafe.naver.com/ca-fe/web/cafes/10503958/articles/290431	부산 모델러: 아카데미 킹타이거 조립해 봤습니다	281	8	3
https://m.cafe.naver.com/ca-fe/web/cafes/10503958/articles/290430	다쓰붸이다: 아카데미 T-34/85 베를린 1945...#3.	272	6	3
https://m.cafe.naver.com/ca-fe/web/cafes/10503958/articles/290429	다쓰붸이다: 아카데미 M4A3...#7.	195	7	8
https://m.cafe.naver.com/ca-fe/web/cafes/10503958/articles/290417	정아인파파: 1/16  88mm flak 37용  운반 차량(케리어??!)  가조립	305	8	6
https://m.cafe.naver.com/ca-fe/web/cafes/10503958/articles/290401	다쓰붸이다: 아카데미 T-34/85 베를린 1945...#2.	392	13	5
https://m.cafe.naver.com/ca-fe/web/cafes/10503958/articles/290391	다쓰붸이다: 아카데미 T-34/85 베를린 1945...#1.	324	10	18
https://m.cafe.naver.com/ca-fe/web/cafes/10503958/articles/290387	여보미안해: 1/35 3호, 4호전차 브룸베어 아카데미 #2	369	17	24
https://m.cafe.naver.com/ca-fe/web/cafes/10503958/articles/290384	명인만두: RFM 1:35 PANTHER Ausf.G 에칭지옥ㅋㅋㅋㅋㅋ	527	15	21
https://m.cafe.naver.com/ca-fe/web/cafes/10503958/articles/290383	마차: 트리플작업	188	6	2
https://m.cafe.naver.com/ca-fe/web/cafes/10503958/articles/290364	다쓰붸이다: 아카데미 M4A3...#6.	342	9	8
https://m.cafe.naver.com/ca-fe/web/cafes/10503958/articles/290353	DORI: [작업기]1/35 K513A1(Feul tanker) #2	333	8	12
https://m.cafe.naver.com/ca-fe/web/cafes/10503958/articles/290346	여보미안해: 1/35 3호, 4호전차 브룸베어 아카데미 #1	405	9	18
https://m.cafe.naver.com/ca-fe/web/cafes/10503958/articles/290310	홍천꿀장애: M48A3K 실차 도색하고 왔어요^^	726	22	34
https://m.cafe.naver.com/ca-fe/web/cafes/10503958/articles/290300	소다SODA: 아카데미 1/35 m1151 험비-6	531	25	17
https://m.cafe.naver.com/ca-fe/web/cafes/10503958/articles/289657	소다SODA: 아카데미 1/35 m1151 험비-5	547	15	9
https://m.cafe.naver.com/ca-fe/web/cafes/10503958/articles/289639	글픽카드요: 오늘의 일과	465	14	3
https://m.cafe.naver.com/ca-fe/web/cafes/10503958/articles/289634	나름MM: 1/35 PzKpfw III Ausf G Early, 1/35 P204 (f)	336	17	10
https://m.cafe.naver.com/ca-fe/web/cafes/10503958/articles/289613	캐스트럴: 오작 M36잭슨	343	10	3
https://m.cafe.naver.com/ca-fe/web/cafes/10503958/articles/289590	여보미안해: TAKOM 1/35 PANTHER EARLY #6..	630	20	45
https://m.cafe.naver.com/ca-fe/web/cafes/10503958/articles/289576	도색 뉴비: VK 72.01K 제작 1	222	11	6
https://m.cafe.naver.com/ca-fe/web/cafes/10503958/articles/289525	여보미안해: TAKOM 1/35 PANTHER EARLY #5..	379	13	17
https://m.cafe.naver.com/ca-fe/web/cafes/10503958/articles/289508	다쓰붸이다: 아카데미 K-9 자주포...모터이식...#2.	408	10	9
https://m.cafe.naver.com/ca-fe/web/cafes/10503958/articles/289479	falcon82: 판다 m-atv	273	5	6
https://m.cafe.naver.com/ca-fe/web/cafes/10503958/articles/289466	stalin1879: 아카데미 비르벨빈트 조립중?탑승 병사 추가....	257	8	8
https://m.cafe.naver.com/ca-fe/web/cafes/10503958/articles/289465	팔복이: 아카데미과학 1/35 M1A1에이브람스 도색	459	8	17
https://m.cafe.naver.com/ca-fe/web/cafes/10503958/articles/289462	여보미안해: TAKOM 1/35 PANTHER EARLY #4..	291	15	13
https://m.cafe.naver.com/ca-fe/web/cafes/10503958/articles/289458	다쓰붸이다: 아카데미 K-9 자주포...모터이식...#1.	386	7	8
https://m.cafe.naver.com/ca-fe/web/cafes/10503958/articles/289454	본드쏟았다: 아카데미 1/72 스트라이커 제작기	322	10	9
https://m.cafe.naver.com/ca-fe/web/cafes/10503958/articles/289402	여보미안해: TAKOM 1/35 PANTHER EARLY #3..	303	14	15
https://m.cafe.naver.com/ca-fe/web/cafes/10503958/articles/289361	글픽카드요: 헷쳐 조립 완료 !	307	10	5
https://m.cafe.naver.com/ca-fe/web/cafes/10503958/articles/289341	팔복이: 아카데미과학 1/35 팔라딘 도색	404	11	12
https://m.cafe.naver.com/ca-fe/web/cafes/10503958/articles/289335	푸띤: 트럼페터 1/35 IS-3M	319	10	12
https://m.cafe.naver.com/ca-fe/web/cafes/10503958/articles/289332	다쓰붸이다: M1151 무장험비 with Mk.47 MOD0 40mm AGL...#4.	434	17	24
https://m.cafe.naver.com/ca-fe/web/cafes/10503958/articles/289301	다쓰붸이다: M1151 무장험비 with Mk.47 MOD0 40mm AGL...#3.	460	14	17
https://m.cafe.naver.com/ca-fe/web/cafes/10503958/articles/288430	흥타스틱: 타미야 베스페 마지막 제작기	230	13	10
https://m.cafe.naver.com/ca-fe/web/cafes/10503958/articles/288385	yoodly: 미니아트 4호 전차 H형 Vomag, 초기형 1943 6월 #1	458	12	17
https://m.cafe.naver.com/ca-fe/web/cafes/10503958/articles/288376	패 튼: [1:35] 아카데미과학 티거 중기형 내부재현	456	13	11
https://m.cafe.naver.com/ca-fe/web/cafes/10503958/articles/288365	모형광: 1/35 러시아 2S6M 퉁구스카 - 11	257	14	8
https://m.cafe.naver.com/ca-fe/web/cafes/10503958/articles/288340	마샤들과아빠곰: t-55 model 1598 전동식 조립시작합니다	247	10	9
https://m.cafe.naver.com/ca-fe/web/cafes/10503958/articles/288336	레흐: 1차 웨더링 작업을 끝냈습니다	227	10	10
https://m.cafe.naver.com/ca-fe/web/cafes/10503958/articles/288330	여보미안해: Meng M2A3 브래들리 BUSK3 #3	407	13	11
https://m.cafe.naver.com/ca-fe/web/cafes/10503958/articles/288286	designpower: M1070 Truck Tractor & M1000 HETS 프라모델 조립중	264	6	2
https://m.cafe.naver.com/ca-fe/web/cafes/10503958/articles/288250	AK47: 하비갤러리 1/35 M107 #1	409	10	3
https://m.cafe.naver.com/ca-fe/web/cafes/10503958/articles/288241	바스틸79: 1/35 무선조종 프로젝트 6호 전차 티거 - 테스트 1 포탑 + 스모크 장치	585	10	11
https://m.cafe.naver.com/ca-fe/web/cafes/10503958/articles/288235	다쓰붸이다: 아카데미 K1A1 모터라이즈...(하지만 모터 제거...)...#3.	304	11	8
https://m.cafe.naver.com/ca-fe/web/cafes/10503958/articles/288220	정아인파파: (1/16)  88mm FlaK 37	500	9	12
https://m.cafe.naver.com/ca-fe/web/cafes/10503958/articles/288209	시뇨: 따꼼 AMX-13/75	349	12	14
https://m.cafe.naver.com/ca-fe/web/cafes/10503958/articles/288195	다쓰붸이다: 아카데미 K1A1 모터라이즈...(하지만 모터 제거...)...#2.	359	11	11
https://m.cafe.naver.com/ca-fe/web/cafes/10503958/articles/288178	다쓰붸이다: 아카데미 K1A1 모터라이즈...(하지만 모터 제거...)...#1.	312	6	4
https://m.cafe.naver.com/ca-fe/web/cafes/10503958/articles/288164	DORI: [작업기]현무-2 발사차량(TEL) 제작기 #14	379	13	9
https://m.cafe.naver.com/ca-fe/web/cafes/10503958/articles/288155	고파: 아카데미 M1025 험비 1/35 추가 작업(더럽히기?)	419	7	15
https://m.cafe.naver.com/ca-fe/web/cafes/10503958/articles/288096	falcon82: 아카데미과학 토우 험비	402	9	10
https://m.cafe.naver.com/ca-fe/web/cafes/10503958/articles/288075	다쓰붸이다: 아카데미 M2A2...#3.	420	22	26
https://m.cafe.naver.com/ca-fe/web/cafes/10503958/articles/288074	여보미안해: Meng 브래들리 M2A3 BUSK3 #2..	533	13	26
https://m.cafe.naver.com/ca-fe/web/cafes/10503958/articles/287524	형팔이: 아카데미 m1a2	364	9	8
https://m.cafe.naver.com/ca-fe/web/cafes/10503958/articles/287521	AK47: 아카데미 1/35 엘레펀트 Final	419	15	5
https://m.cafe.naver.com/ca-fe/web/cafes/10503958/articles/287465	벼리진다네: [AFV제작기] 티게르 1 초기형 -아프리카 부대 (2)	200	7	5
https://m.cafe.naver.com/ca-fe/web/cafes/10503958/articles/287458	다쓰붸이다: 아카데미 K-9 자주포...#2.	404	11	25
https://m.cafe.naver.com/ca-fe/web/cafes/10503958/articles/287454	DORI: [작업기]현무-2 발사차량(TEL) 제작기 #13	270	14	7
https://m.cafe.naver.com/ca-fe/web/cafes/10503958/articles/287417	생활의지혜 CLUB S: 독일군 3호 전차 밀리터리 디오라마 작업기 #2	323	21	30
https://m.cafe.naver.com/ca-fe/web/cafes/10503958/articles/287409	다쓰붸이다: 아카데미 K-9 자주포....#1.	453	12	12
https://m.cafe.naver.com/ca-fe/web/cafes/10503958/articles/287408	DSpore: 1/16 하비보스 타이거 차체 후면 작업(2), 사이드 스커트, OVM(1)	284	11	19
https://m.cafe.naver.com/ca-fe/web/cafes/10503958/articles/287399	크리시: 아카데미 T-90A 가조립	325	8	8
https://m.cafe.naver.com/ca-fe/web/cafes/10503958/articles/287357	크리시: 일본 90식 전차	437	11	11
https://m.cafe.naver.com/ca-fe/web/cafes/10503958/articles/287344	M1A2 SEP V3: 3총사	285	5	3
https://m.cafe.naver.com/ca-fe/web/cafes/10503958/articles/287327	흑담: 작업 근황 및 작업 계획(?)	582	19	18
https://m.cafe.naver.com/ca-fe/web/cafes/10503958/articles/287294	다쓰붸이다: 아카데미 레오파드2A4...#3.	694	13	19
https://m.cafe.naver.com/ca-fe/web/cafes/10503958/articles/287288	여보미안해: Hobbyboss 1/35 M911 C-HET	660	14	10
https://m.cafe.naver.com/ca-fe/web/cafes/10503958/articles/287284	다쓰붸이다: 아카데미 레오파드2A4...#2.	513	16	12
https://m.cafe.naver.com/ca-fe/web/cafes/10503958/articles/287257	쑤안: 아카데미 1/35 M1151 험비 제작중	505	16	18
https://m.cafe.naver.com/ca-fe/web/cafes/10503958/articles/287255	연우아빠: T34 85 연우아빠 신상원편	406	11	21
https://m.cafe.naver.com/ca-fe/web/cafes/10503958/articles/287250	brisk7: 나팔수 1/72 JS-3	252	6	5
https://m.cafe.naver.com/ca-fe/web/cafes/10503958/articles/287249	박스줍는총각: KV-1제작기 5일차	181	6	6
https://m.cafe.naver.com/ca-fe/web/cafes/10503958/articles/287245	brisk7: 나팔수 KV-1 (1941)	282	9	3
https://m.cafe.naver.com/ca-fe/web/cafes/10503958/articles/286736	AK47: 아카데미 1/35 K1A2	370	16	7
https://m.cafe.naver.com/ca-fe/web/cafes/10503958/articles/286734	AK47: 아카데미 1/35 M4A3 셔먼 105mm FINANL	331	11	6
https://m.cafe.naver.com/ca-fe/web/cafes/10503958/articles/286732	조립만하는 남자: [DR6458] 1/35 WWII Sd.Kfz.173 Jagdpanther Ausf.G1 Early Production - Smart Kit 조립 완성	407	17	15
https://m.cafe.naver.com/ca-fe/web/cafes/10503958/articles/286729	다쓰붸이다: K1A2...두번째...#2.	253	8	9
https://m.cafe.naver.com/ca-fe/web/cafes/10503958/articles/286716	다쓰붸이다: K1A2...두번째...#1.	281	10	12
https://m.cafe.naver.com/ca-fe/web/cafes/10503958/articles/286669	yoodly: 드래곤 3호 전차 H형 초기형	408	10	8
https://m.cafe.naver.com/ca-fe/web/cafes/10503958/articles/286665	산바람: 3호전차 치핑 및 워싱.. 베이스 작업	358	15	7
https://m.cafe.naver.com/ca-fe/web/cafes/10503958/articles/286640	흥타스틱: 타미야 베스페 제작기 두번째	319	14	19
https://m.cafe.naver.com/ca-fe/web/cafes/10503958/articles/286635	falcon82: 아카데미 m151	367	7	9
https://m.cafe.naver.com/ca-fe/web/cafes/10503958/articles/286616	다쓰붸이다: 아카데미 PzKpw VI. Tiger-I (Late)...#4.	347	12	14
https://m.cafe.naver.com/ca-fe/web/cafes/10503958/articles/286582	벼리진다네: 티게르 1 초기형 -아프리카 부대	298	6	4
https://m.cafe.naver.com/ca-fe/web/cafes/10503958/articles/286551	DORI: [작업기]현무-2 발사차량(TEL) 제작기 #9	270	12	6
https://m.cafe.naver.com/ca-fe/web/cafes/10503958/articles/286544	AK47: 아카데미 1/35 M4A3 셔먼 105mm  #2	345	11	8
https://m.cafe.naver.com/ca-fe/web/cafes/10503958/articles/286532	연우아빠: M60A1 블레이져 연우아빠 신상원편	296	9	6
https://m.cafe.naver.com/ca-fe/web/cafes/10503958/articles/286523	생활의지혜 CLUB S: 독일군 3호 전차 밀리터리 디오라마 제작기 #1(Panzer III  military diorama work)	340	19	22
https://m.cafe.naver.com/ca-fe/web/cafes/10503958/articles/286509	형팔이: 험비 m1151	432	12	3
https://m.cafe.naver.com/ca-fe/web/cafes/10503958/articles/286489	다쓰붸이다: 패트레이버 특형 지휘차(타미야 쿠벨바겐) 만들어보기...#1	263	7	2
https://m.cafe.naver.com/ca-fe/web/cafes/10503958/articles/286484	박스줍는총각: 3.1절기념 KV-1만들기	203	6	2
https://m.cafe.naver.com/ca-fe/web/cafes/10503958/articles/286479	모형광: 1/35 러시아 2S6M 퉁구스카 - 08	214	5	4
https://m.cafe.naver.com/ca-fe/web/cafes/10503958/articles/286448	AK47: 아카데미 1/35 M4A3 셔먼 105mm  #1	511	11	3
https://m.cafe.naver.com/ca-fe/web/cafes/10503958/articles/285861	산바람: 아카데미 3호전차 디오라마 제작준비	248	8	7
https://m.cafe.naver.com/ca-fe/web/cafes/10503958/articles/285828	다쓰붸이다: K2 흑표...국군버전...도하 훈련컨셉......#4.	459	7	22
https://m.cafe.naver.com/ca-fe/web/cafes/10503958/articles/285823	바스틸79: 1/35 무선조종 프로젝트 야크트티거 포르쉐 - 테스트 1 + 스모크 장치	406	10	16
https://m.cafe.naver.com/ca-fe/web/cafes/10503958/articles/285805	명인만두: academy 1:35 해병대상륙장갑차 진행중입니다^^	443	13	29
https://m.cafe.naver.com/ca-fe/web/cafes/10503958/articles/285788	DSpore: 1/16 하비보스 타이거 차체 전면부 작업(1)	345	8	20
https://m.cafe.naver.com/ca-fe/web/cafes/10503958/articles/285777	박스줍는총각: 트럼페터 1/35 KV-1 초보제작 해봅니다.	302	5	10
https://m.cafe.naver.com/ca-fe/web/cafes/10503958/articles/285766	팔복이: K2흑표전차 도색과정	453	13	15
https://m.cafe.naver.com/ca-fe/web/cafes/10503958/articles/285723	akfl9014 새우깡: 1/35 PT-91 90% 완료	307	9	9
https://m.cafe.naver.com/ca-fe/web/cafes/10503958/articles/285713	레흐: 킹 타이거 1차 웨더링 작업	321	6	18
https://m.cafe.naver.com/ca-fe/web/cafes/10503958/articles/285648	프몰러: K2 black panter 제작기	345	10	9
https://m.cafe.naver.com/ca-fe/web/cafes/10503958/articles/285636	레흐: 프레지던트 데이 연휴에 한 작업들 - 오일 페인팅	283	13	9
https://m.cafe.naver.com/ca-fe/web/cafes/10503958/articles/285588	흥타스틱: TAMIYA WESPE 제작기1	466	7	14
https://m.cafe.naver.com/ca-fe/web/cafes/10503958/articles/285544	팔복이: K2흑표전차 일반판 만들고 있습니다	345	8	8
https://m.cafe.naver.com/ca-fe/web/cafes/10503958/articles/285512	명인만두: academy1:35 K1A1 차체하부 피그먼트 작업 해줬습니다.	408	14	15
https://m.cafe.naver.com/ca-fe/web/cafes/10503958/articles/285507	자해9단: (폰카주의) T-35 [초보의 두번째 도전]	245	7	8
https://m.cafe.naver.com/ca-fe/web/cafes/10503958/articles/285477	DORI: [작업기]현무-2 발사차량(TEL) 제작기 #6	320	16	4
https://m.cafe.naver.com/ca-fe/web/cafes/10503958/articles/285469	yoodly: 드래곤 T-34/76 Mod.1942 Formochka (No. 6487)	288	8	8
https://m.cafe.naver.com/ca-fe/web/cafes/10503958/articles/285465	M1A2 SEP V3: 세계 3대 전차	501	4	1
https://m.cafe.naver.com/ca-fe/web/cafes/10503958/articles/285447	DSpore: 새해맞이 큰 일(?) 저질렀습니다.	788	14	21
https://m.cafe.naver.com/ca-fe/web/cafes/10503958/articles/285033	형팔이: 하비보스 1호전차 F형	324	5	4
https://m.cafe.naver.com/ca-fe/web/cafes/10503958/articles/285032	하루나기: Rommel and German Tank Crew, DAK, WWII era	378	7	8
https://m.cafe.naver.com/ca-fe/web/cafes/10503958/articles/285024	M1A2 SEP V3: 2021년 새로운 세계 10대 전차	1629	10	11
https://m.cafe.naver.com/ca-fe/web/cafes/10503958/articles/285019	브란덴부르크: 아프리카 군단 지휘부 통신/감청 중대 구상	498	9	17
https://m.cafe.naver.com/ca-fe/web/cafes/10503958/articles/285018	팔복이: K2흑표 도색하고 있습니다	297	7	8
https://m.cafe.naver.com/ca-fe/web/cafes/10503958/articles/285014	모형광: 1/35 러시아 2S6M 퉁구스카 - 05	229	3	6
https://m.cafe.naver.com/ca-fe/web/cafes/10503958/articles/285007	마샤들과아빠곰: 아카데미 독일4호 대공전차 조립과 도색	366	10	12
https://m.cafe.naver.com/ca-fe/web/cafes/10503958/articles/285006	흑담: 이번주 작업진도입니다~	329	10	20
https://m.cafe.naver.com/ca-fe/web/cafes/10503958/articles/285004	Rainyday: [AFV제작기] Ryefield 1/35 M1A1/A2 Abrams w/Full Interior & Workable Tracks 2 in 1(6)	392	5	9
https://m.cafe.naver.com/ca-fe/web/cafes/10503958/articles/284968	M1A2 SEP V3: 간만에 조립한 레오	381	8	3
https://m.cafe.naver.com/ca-fe/web/cafes/10503958/articles/284911	팔복이: K2흑표 브라운 도색	402	9	8
https://m.cafe.naver.com/ca-fe/web/cafes/10503958/articles/284805	뉴마린: Trumperter 1/35 USMC LAV-A2 제작기-4(기본도색)	531	9	12
https://m.cafe.naver.com/ca-fe/web/cafes/10503958/articles/284791	반잠수식: 1/35 Trumpeter T-72B1#4	395	4	7
https://m.cafe.naver.com/ca-fe/web/cafes/10503958/articles/284780	소다SODA: 아카데미 1/35 m1151 험비-4	596	12	14
https://m.cafe.naver.com/ca-fe/web/cafes/10503958/articles/284779	DORI: [작업기]현무-2 발사차량(TEL) 제작기 #3	303	8	8
https://m.cafe.naver.com/ca-fe/web/cafes/10503958/articles/284769	도색 뉴비: 어뮤징하비 1/35 컨커러 조립기	339	7	8
https://m.cafe.naver.com/ca-fe/web/cafes/10503958/articles/284768	산바람: SHERMAN M4A3(105mm) HVSS  도색~	323	18	19
https://m.cafe.naver.com/ca-fe/web/cafes/10503958/articles/284762	앤더슨: M36B1 과 K200A1	331	6	4
https://m.cafe.naver.com/ca-fe/web/cafes/10503958/articles/284718	일상크로키: [아카데미]HETZER 1/35 제작중 2	357	14	8
https://m.cafe.naver.com/ca-fe/web/cafes/10503958/articles/284690	흥타스틱: Takom - Russian typhoon-k	528	10	6
https://m.cafe.naver.com/ca-fe/web/cafes/10503958/articles/284019	브란덴부르크: 드디어 에어 브러쉬를 가동시키다.. 궤도를 묶어보다..	581	10	26
https://m.cafe.naver.com/ca-fe/web/cafes/10503958/articles/284016	가조립퍼: 타콤1/35 T14 아르마타	345	7	4
https://m.cafe.naver.com/ca-fe/web/cafes/10503958/articles/283982	레흐: SU-85 웨더링 중 - 유화 웨더링	328	11	11
https://m.cafe.naver.com/ca-fe/web/cafes/10503958/articles/283967	브란덴부르크: 1:35 하노마그 조립 마무리 및 차체 도색 준비완료.. (feat 복분자)	344	10	6
https://m.cafe.naver.com/ca-fe/web/cafes/10503958/articles/283952	뉴마린: Trumperter 1/35 USMC LAV-A2 제작기-3(조립완료)	388	12	11
https://m.cafe.naver.com/ca-fe/web/cafes/10503958/articles/283914	가조립퍼: 타콤 1/35 T14 ARMATA	436	7	6
https://m.cafe.naver.com/ca-fe/web/cafes/10503958/articles/283815	명준아빠: 아카데미 T-34 제작기 #1	766	15	22
https://m.cafe.naver.com/ca-fe/web/cafes/10503958/articles/283811	형팔이: 타미야 10HP	304	5	6
https://m.cafe.naver.com/ca-fe/web/cafes/10503958/articles/283800	사랑해: 이탈레리 미스트랄 대공미사일 득템	370	6	2
https://m.cafe.naver.com/ca-fe/web/cafes/10503958/articles/283771	인아크: 1/35 challenger2 TES 제작중..	470	8	4
https://m.cafe.naver.com/ca-fe/web/cafes/10503958/articles/283768	브란덴부르크: 1:35 URAL4320트럭 소련화 유화 도색중 발견한..유화 피그먼트 조합	404	11	10
https://m.cafe.naver.com/ca-fe/web/cafes/10503958/articles/283732	DORI: [작업기] 군용 코란도 (지휘관 차량) 제작기 #3	563	16	11
https://m.cafe.naver.com/ca-fe/web/cafes/10503958/articles/283720	우루로: 파모트레일러 본체 조립 막바지입니다	342	5	4
https://m.cafe.naver.com/ca-fe/web/cafes/10503958/articles/283706	hj2757: 점보셔먼 도착!!	538	5	10
https://m.cafe.naver.com/ca-fe/web/cafes/10503958/articles/283682	DSpore: 3호전차 3종 비교제작기 (라이필드, 아카데미, 타콤) 3. 트랙 조립	936	21	23
https://m.cafe.naver.com/ca-fe/web/cafes/10503958/articles/283677	일상크로키: 아카데미 성채전투 타이거 제작기 2	456	10	13
https://m.cafe.naver.com/ca-fe/web/cafes/10503958/articles/283664	모형광: 1/35 러시아 2S6M 퉁구스카 - 02	337	6	4
https://m.cafe.naver.com/ca-fe/web/cafes/10503958/articles/283603	DORI: [작업기] 군용 코란도 (지휘관 차량) 제작기 #2	550	11	6
https://m.cafe.naver.com/ca-fe/web/cafes/10503958/articles/283592	문산똘복이: LAV III  작업중입니당!	354	12	14
https://m.cafe.naver.com/ca-fe/web/cafes/10503958/articles/283158	연우아빠: 프랑스 전차 FT17	311	11	8
https://m.cafe.naver.com/ca-fe/web/cafes/10503958/articles/283144	브란덴부르크: 러시아 전차 색상 올리브 필 변화주기	442	17	33
https://m.cafe.naver.com/ca-fe/web/cafes/10503958/articles/283133	DORI: [작업기]1/35 K-9 ' Thunder ' S.P.H #2-1	366	9	12
https://m.cafe.naver.com/ca-fe/web/cafes/10503958/articles/283127	민짱이요: 1/35 M-977 HEMTT	299	9	3
https://m.cafe.naver.com/ca-fe/web/cafes/10503958/articles/283080	DriftKing: 1/72 러시아 다목적 땅끄 [MT-LB]	321	7	6
https://m.cafe.naver.com/ca-fe/web/cafes/10503958/articles/283009	akfl9014 새우깡: 폴란드 PT-91 85% 완성	343	6	6
https://m.cafe.naver.com/ca-fe/web/cafes/10503958/articles/283002	타바스코맨: [1:48] GAZ-67B 러시아 필드카 과정입니다.	188	5	5
https://m.cafe.naver.com/ca-fe/web/cafes/10503958/articles/282984	일상크로키: (miniart)GEMAN TANK CREW NORMANDY 1942 조립	456	9	13
https://m.cafe.naver.com/ca-fe/web/cafes/10503958/articles/282955	akfl9014 새우깡: 폴란드 PT-91 전차 만들기 입니다. (1)	282	5	6
https://m.cafe.naver.com/ca-fe/web/cafes/10503958/articles/282945	산바람: RFM 첼린저2 테스형 제작#3	290	14	12
https://m.cafe.naver.com/ca-fe/web/cafes/10503958/articles/282872	PLAON: m60a2 패튼 제작중입니다^^	359	8	7
https://m.cafe.naver.com/ca-fe/web/cafes/10503958/articles/282814	반잠수식: 1/35 Trumpeter T-72B1#2	351	6	13
https://m.cafe.naver.com/ca-fe/web/cafes/10503958/articles/282809	노커트: 드래곤 1/72 판터 G형 제작기 05(끝)	211	4	6
https://m.cafe.naver.com/ca-fe/web/cafes/10503958/articles/282808	형팔이: 이타레리 타이거	336	9	13
https://m.cafe.naver.com/ca-fe/web/cafes/10503958/articles/282786	문성호: 이탈레리 1/35 야크트 판터	437	13	10
https://m.cafe.naver.com/ca-fe/web/cafes/10503958/articles/282775	JOLLYROGER: MENG 1/35 PICK UP TOYOTA	403	10	16
https://m.cafe.naver.com/ca-fe/web/cafes/10503958/articles/282746	반잠수식: 1/35 Trumpeter T-72B1#1	233	6	5
https://m.cafe.naver.com/ca-fe/web/cafes/10503958/articles/282737	형팔이: 이타렐리 타이거	278	4	6
https://m.cafe.naver.com/ca-fe/web/cafes/10503958/articles/281937	가조립퍼: 1/35 A39 토터스 디테일업	327	14	4
https://m.cafe.naver.com/ca-fe/web/cafes/10503958/articles/281900	까칠한박선생: 아카데미과학 K2 흑표 1/35 RC 컨버팅 3편	416	8	9
https://m.cafe.naver.com/ca-fe/web/cafes/10503958/articles/281899	초보곰손아재: [AFVCLUB] 1/35 M42A1 DUSTER	387	11	16
https://m.cafe.naver.com/ca-fe/web/cafes/10503958/articles/281873	엄구스: 아카제 m36b1 제작기	415	17	10
https://m.cafe.naver.com/ca-fe/web/cafes/10503958/articles/281843	로카미: M1A2 V2TUSK 2 포신이 휘었네요	598	3	19
https://m.cafe.naver.com/ca-fe/web/cafes/10503958/articles/281840	레흐: 아타레리 4호 구축전차 랑 웨더링	365	11	8
https://m.cafe.naver.com/ca-fe/web/cafes/10503958/articles/281830	제주도 청년: 오랜만에 조립한 전차들	429	6	5
https://m.cafe.naver.com/ca-fe/web/cafes/10503958/articles/281825	바람지기: 2호 전차. 비넷	383	14	10
https://m.cafe.naver.com/ca-fe/web/cafes/10503958/articles/281813	마샤들과아빠곰: 두번째 조립들어갑니다~	268	6	4
https://m.cafe.naver.com/ca-fe/web/cafes/10503958/articles/281812	독성지 천안호랑이: AFV M35A1	305	6	5
https://m.cafe.naver.com/ca-fe/web/cafes/10503958/articles/281767	까칠한박선생: 아카데미과학 K2 흑표 1/35 RC 컨버팅 2편	487	6	8
https://m.cafe.naver.com/ca-fe/web/cafes/10503958/articles/281735	노커트: 드래곤 1/72 판터 G형 제작기 03	179	4	2
https://m.cafe.naver.com/ca-fe/web/cafes/10503958/articles/281634	엄구스: 두개 동시에 작업하고있습니다^^	513	10	18
https://m.cafe.naver.com/ca-fe/web/cafes/10503958/articles/281626	형팔이: 타미야 그라이프	330	6	5
https://m.cafe.naver.com/ca-fe/web/cafes/10503958/articles/281617	카틀레야: M1A2 V2 - Tusk 2 개조 성공!!!	440	7	18
https://m.cafe.naver.com/ca-fe/web/cafes/10503958/articles/281581	우루로: 이번에 조립할 키트는 파모트레일러 입니다	445	5	5
https://m.cafe.naver.com/ca-fe/web/cafes/10503958/articles/281575	흥타스틱: M1128 MGS STRYKER 마지막 제작기	495	9	12
https://m.cafe.naver.com/ca-fe/web/cafes/10503958/articles/281574	카틀레야: M1A2 개조 제작기	391	9	4
https://m.cafe.naver.com/ca-fe/web/cafes/10503958/articles/281573	유부: 귀여운 메탈슬러그 탱크입니다. 웨더링 전 사진남겨요.	567	14	25
https://m.cafe.naver.com/ca-fe/web/cafes/10503958/articles/280706	다쓰붸이다: 미육군 기계화보병차량 M2A2, M1151...#5.	583	11	11
https://m.cafe.naver.com/ca-fe/web/cafes/10503958/articles/280650	norara016: 간단한 베이스 만들고 있습니다~	306	10	19
https://m.cafe.naver.com/ca-fe/web/cafes/10503958/articles/280644	우루로: M109A2 진짜 조립하다가 뚜껑열리네요	693	8	15
https://m.cafe.naver.com/ca-fe/web/cafes/10503958/articles/280637	주뇨니: 아카데미 1/35 K2 흑표 #5	368	17	23
https://m.cafe.naver.com/ca-fe/web/cafes/10503958/articles/280631	choimoo0907: 아카데미 M1151증가장갑형	393	8	6
https://m.cafe.naver.com/ca-fe/web/cafes/10503958/articles/280605	레흐: 6대 전차에 먹선넣고 워싱을 했습니다	444	13	14
https://m.cafe.naver.com/ca-fe/web/cafes/10503958/articles/280576	다쓰붸이다: 미육군 기계화 보병차량 M1151 장갑형 험비...#4.	547	11	5
https://m.cafe.naver.com/ca-fe/web/cafes/10503958/articles/280571	카틀레야: 4호전차 제작기 2-B편	268	2	9
https://m.cafe.naver.com/ca-fe/web/cafes/10503958/articles/280569	카틀레야: 4호전차 제작기 2편	278	1	4
https://m.cafe.naver.com/ca-fe/web/cafes/10503958/articles/280539	인아크: 1/35 Finnish army K9 Moukari	271	7	7
https://m.cafe.naver.com/ca-fe/web/cafes/10503958/articles/280522	스트라이: 밤피르 판터 1차 도색	336	6	4
https://m.cafe.naver.com/ca-fe/web/cafes/10503958/articles/280512	유부: 건덕의 밀리터리 도전기. 화이트 타이거 거의 다 되어갑니다	322	9	12
https://m.cafe.naver.com/ca-fe/web/cafes/10503958/articles/280511	독일산 오리너구리: 드디어 완성!(3호전차 제작기 #4 끝)	458	17	14
https://m.cafe.naver.com/ca-fe/web/cafes/10503958/articles/280505	카틀레야: 아카데미 4호전차 구판	379	9	2
https://m.cafe.naver.com/ca-fe/web/cafes/10503958/articles/280504	하루나기: 즈베즈다 독일4호전차 E형.  Pz.Kpfw.IV Ausf.E	894	11	8
https://m.cafe.naver.com/ca-fe/web/cafes/10503958/articles/280493	도색 뉴비: strv 103 완성	293	12	3
https://m.cafe.naver.com/ca-fe/web/cafes/10503958/articles/280478	닐리리얌: 필터링과함께 저세상 가버린 타미야 헷져 1/48	367	5	9
https://m.cafe.naver.com/ca-fe/web/cafes/10503958/articles/280427	다쓰붸이다: 앤트로포이드 작전...#3.(메르세데스 170V 카브리올레)	150	6	15
https://m.cafe.naver.com/ca-fe/web/cafes/10503958/articles/280425	주뇨니: 아카데미 1/35 K2 흑표 #4	327	15	7
https://m.cafe.naver.com/ca-fe/web/cafes/10503958/articles/280394	다쓰붸이다: 미육군 기계화 보병차량 M2A2 브래들리...#3.	482	10	15
https://m.cafe.naver.com/ca-fe/web/cafes/10503958/articles/279711	독일산 오리너구리: (3호전차)#3포탑의 조립	252	6	6
https://m.cafe.naver.com/ca-fe/web/cafes/10503958/articles/279694	Sir제이: K2 흑표 모델러 에디션 제작기	528	10	17
https://m.cafe.naver.com/ca-fe/web/cafes/10503958/articles/279678	주뇨니: 아카데미 K2 흑표 #1	274	10	11
https://m.cafe.naver.com/ca-fe/web/cafes/10503958/articles/279672	독일산 오리너구리: (아카데미3호전차)#2 차체완성	311	12	21
https://m.cafe.naver.com/ca-fe/web/cafes/10503958/articles/279669	흥타스틱: M1128 MGS STRYKER 엔진 제작	372	16	23
https://m.cafe.naver.com/ca-fe/web/cafes/10503958/articles/279664	madgun76김순오: 타미야 1/48 Wirbelwind 도색2	342	13	5
https://m.cafe.naver.com/ca-fe/web/cafes/10503958/articles/279662	KUMAKUMA: 1/35 4호전차	864	22	29
https://m.cafe.naver.com/ca-fe/web/cafes/10503958/articles/279660	하루나기: 아카데미과학 독일3호전차 J형 "북아프리카" Pz.Kpfw.III Ausf.J	811	7	11
https://m.cafe.naver.com/ca-fe/web/cafes/10503958/articles/279625	불다트: K 200 장갑차	523	5	14
https://m.cafe.naver.com/ca-fe/web/cafes/10503958/articles/279602	햇살조은: 1/72 트럼페터 셔면전자 2대 가조립 완성^^	325	9	16
https://m.cafe.naver.com/ca-fe/web/cafes/10503958/articles/279598	madgun76김순오: 타미야 1/48 Wirbelwind 조립1	342	8	7
https://m.cafe.naver.com/ca-fe/web/cafes/10503958/articles/279584	레흐: 아카데미 맹수들을 조립중 입니다	680	12	13
https://m.cafe.naver.com/ca-fe/web/cafes/10503958/articles/279583	이면지 메이커: 1/35 전차병 도색시도 해보았습니다	387	13	21
https://m.cafe.naver.com/ca-fe/web/cafes/10503958/articles/279567	문산똘복이: 쉐리덴 작업중 입니당!	561	24	46
https://m.cafe.naver.com/ca-fe/web/cafes/10503958/articles/279538	A T S: M113A1 베트남전	455	7	6
https://m.cafe.naver.com/ca-fe/web/cafes/10503958/articles/279527	독일산 오리너구리: (아카데미 3호전차)#1 궤도및바퀴	328	12	6
https://m.cafe.naver.com/ca-fe/web/cafes/10503958/articles/279524	우루로: 타미야 대공포 만들고 있습니다	527	10	12
https://m.cafe.naver.com/ca-fe/web/cafes/10503958/articles/279488	Siaka: 아카데미 1/35 K9FIN "Moukari" [2] 포탑 조립	463	6	5
https://m.cafe.naver.com/ca-fe/web/cafes/10503958/articles/279485	우카루스: 아카데미 K9 자주포 모카리.. 자재는 검증된걸 씁시다.	638	11	14
https://m.cafe.naver.com/ca-fe/web/cafes/10503958/articles/279443	DSpore: Jagdpanzer 38(t) Hetzer 초기형 기본도색	399	11	18
https://m.cafe.naver.com/ca-fe/web/cafes/10503958/articles/278430	madgun76김순오: 아카데미 도저셔먼 장비류	429	12	6
https://m.cafe.naver.com/ca-fe/web/cafes/10503958/articles/278382	허리손: 아카데미 m60a2 작업중입니다.	711	21	18
https://m.cafe.naver.com/ca-fe/web/cafes/10503958/articles/278376	다쓰붸이다: K1A2...#4.	437	11	11
https://m.cafe.naver.com/ca-fe/web/cafes/10503958/articles/278332	madgun76김순오: 아카데미 1/35 도저셔먼 워싱	361	12	3
https://m.cafe.naver.com/ca-fe/web/cafes/10503958/articles/278290	레흐: 타콤 3호전차 M 형 (쉬르젠 장착형) 조립중	395	9	18
https://m.cafe.naver.com/ca-fe/web/cafes/10503958/articles/278268	madgun76김순오: 아카데미1/35 도저 셔먼 필터링	364	15	9
https://m.cafe.naver.com/ca-fe/web/cafes/10503958/articles/278226	람보139: 티란5에대한 짦은이야기	578	9	11
https://m.cafe.naver.com/ca-fe/web/cafes/10503958/articles/278204	다쓰붸이다: K1A2...#3	561	14	11
https://m.cafe.naver.com/ca-fe/web/cafes/10503958/articles/278202	madgun76김순오: 아카데미 105미리 도저셔먼 제작	415	12	18
https://m.cafe.naver.com/ca-fe/web/cafes/10503958/articles/278158	규환아빠: 1/35 디오라마 제작~~	549	17	39
https://m.cafe.naver.com/ca-fe/web/cafes/10503958/articles/278145	독일산 오리너구리: 오스프리제작기 3-자잘한 부품들의 조립	261	8	5
https://m.cafe.naver.com/ca-fe/web/cafes/10503958/articles/278124	도색 뉴비: T-10 프로세스	213	9	11
https://m.cafe.naver.com/ca-fe/web/cafes/10503958/articles/278105	새냠이 고2 미추홀구: TAMIYA M41 워커불독!!! (pt.2) (마무리)	165	9	4
https://m.cafe.naver.com/ca-fe/web/cafes/10503958/articles/278069	Rainyday: Ryefield 1/35 M1A1/A2 Abrams w/Full Interior & Workable Tracks 2 in 1(5)	338	10	8
https://m.cafe.naver.com/ca-fe/web/cafes/10503958/articles/278048	새냠이 고2 미추홀구: TAMIYA M41 워커불독!!! (pt.1)	310	11	10
https://m.cafe.naver.com/ca-fe/web/cafes/10503958/articles/278032	다쓰붸이다: K1A2...#2.	349	12	6
https://m.cafe.naver.com/ca-fe/web/cafes/10503958/articles/278022	앙투완: 아카데미 4호전차 구금형 vs 신금형 비교제작기(1)	716	26	16
https://m.cafe.naver.com/ca-fe/web/cafes/10503958/articles/278008	M1A2 SEP V3: 하비보스 메르카바 MK4에 사용할 체인커트 구슬	562	7	10
https://m.cafe.naver.com/ca-fe/web/cafes/10503958/articles/278003	브란덴부르크: 1:35 스크래치 빌딩 자작 전차 AMX35 탐조등 및 스커트 장착	558	26	30
https://m.cafe.naver.com/ca-fe/web/cafes/10503958/articles/277966	다쓰붸이다: K1A2...#1.	349	9	4
https://m.cafe.naver.com/ca-fe/web/cafes/10503958/articles/277241	생활의지혜 CLUB S: 하비보스 킹타이거 전차 (Panzerkampfwagen Tiger Ausf. B )	440	14	10
https://m.cafe.naver.com/ca-fe/web/cafes/10503958/articles/277203	DSpore: RFM 베르게였던 타이거 중기형	775	18	15
https://m.cafe.naver.com/ca-fe/web/cafes/10503958/articles/277176	Rainyday: Ryefield 1/35 M1A1/A2 Abrams w/Full Interior & Workable Tracks 2 in 1(3)	307	9	8
https://m.cafe.naver.com/ca-fe/web/cafes/10503958/articles/277165	우카루스: 초보의 첫걸음 M60A2 PATTON	459	17	24
https://m.cafe.naver.com/ca-fe/web/cafes/10503958/articles/277145	다쓰붸이다: 5호전차 판터D형(핑크팬더)....#3.	320	14	12
https://m.cafe.naver.com/ca-fe/web/cafes/10503958/articles/277132	브란덴부르크: 1/35 저 세상 전차.. 드디어 조립완성입니다. 이름은 AMX50으로 명명하였습니다.	611	25	15
https://m.cafe.naver.com/ca-fe/web/cafes/10503958/articles/277109	다쓰붸이다: 흑표...#4.	464	8	4
https://m.cafe.naver.com/ca-fe/web/cafes/10503958/articles/277090	브란덴부르크: 오늘도 조금씩 사부작.. 포탑 전면을 바꾸어주다.	396	7	23
https://m.cafe.naver.com/ca-fe/web/cafes/10503958/articles/277011	구른담: 타미야 1/35 Stug.III ausf G. Finnish Army - 5)막바지 도색 및 웨더링	301	5	7
https://m.cafe.naver.com/ca-fe/web/cafes/10503958/articles/276992	레흐: 타미야 판터 D MS 08 소대 카렌 조슈아 컨셉	253	7	8
https://m.cafe.naver.com/ca-fe/web/cafes/10503958/articles/276988	햇살조은: 하세가와 HIGH SPEED TRACTOR M5 기본도색 완성작^^ 피규어 작업중	260	9	5
https://m.cafe.naver.com/ca-fe/web/cafes/10503958/articles/276960	DORI: [작업기]1/35 K-2 ' Black Panther ' MBT #2	372	7	5
https://m.cafe.naver.com/ca-fe/web/cafes/10503958/articles/276935	Rainyday: Ryefield 1/35 M1A1/A2 Abrams w/Full Interior & Workable Tracks 2 in 1(2)	266	3	1
https://m.cafe.naver.com/ca-fe/web/cafes/10503958/articles/276926	브란덴부르크: 1:35 자작전차 증가장갑 장착.. 현재 진척률 90%입니다.	489	18	17
https://m.cafe.naver.com/ca-fe/web/cafes/10503958/articles/276924	잴리: 1/16 US M-ATV MRAP No8 마지막	411	15	16
https://m.cafe.naver.com/ca-fe/web/cafes/10503958/articles/276921	다쓰붸이다: 흑표...#3.	476	10	5
https://m.cafe.naver.com/ca-fe/web/cafes/10503958/articles/276918	Rainyday: Ryefield 1/35 M1A1/A2 Abrams w/Full Interior & Workable Tracks 2 in 1(1)	336	8	0
https://m.cafe.naver.com/ca-fe/web/cafes/10503958/articles/276916	DSpore: 복귀작입니다. 아카데미 Tiger-I "Tunisian Initial"	756	16	16
https://m.cafe.naver.com/ca-fe/web/cafes/10503958/articles/276903	브란덴부르크: 집사람 외출을 틈탄 82식 장갑차량 위장도색 완료	558	13	23
https://m.cafe.naver.com/ca-fe/web/cafes/10503958/articles/276403	designpower: 해병대 상륙장갑차 프라모델 제작중 AAVP-7A1 w/EAAK	464	4	11
https://m.cafe.naver.com/ca-fe/web/cafes/10503958/articles/276402	투덜이스머프: M1070 Truck Tractor & M1000 HET Semi-Trailer 제작기 14	249	4	2
https://m.cafe.naver.com/ca-fe/web/cafes/10503958/articles/276385	주뇨니: 아카데미 M1A1 에이브람스 #8	368	23	19
https://m.cafe.naver.com/ca-fe/web/cafes/10503958/articles/276383	바스틸79: 1/35 무선조종 프로젝트 페르디난트-2	459	12	2
https://m.cafe.naver.com/ca-fe/web/cafes/10503958/articles/276372	SUMIF: [작업] 1/35 Academy Tiger-1 Early-[세부도색]	376	6	1
https://m.cafe.naver.com/ca-fe/web/cafes/10503958/articles/276339	SD70ACe: Waffentrager Auf E-100 제작기 2	454	17	3
https://m.cafe.naver.com/ca-fe/web/cafes/10503958/articles/276322	가조립퍼: 1/35 object268	253	6	2
https://m.cafe.naver.com/ca-fe/web/cafes/10503958/articles/276317	브란덴부르크: 트럼페터 1:35 82식 지휘통신차량 조립완성	462	10	20
https://m.cafe.naver.com/ca-fe/web/cafes/10503958/articles/276313	예쁜반달여우아빠: 1/6 윌리스	528	16	20
https://m.cafe.naver.com/ca-fe/web/cafes/10503958/articles/276209	흥타스틱: AFV CLUB M1132 STRYKER	419	11	12
https://m.cafe.naver.com/ca-fe/web/cafes/10503958/articles/276208	jump7221: 타미야  1/16  레오파드2 차체 조립중	340	3	6
https://m.cafe.naver.com/ca-fe/web/cafes/10503958/articles/276206	구기: German Tiger1 Tunisian initial 1/35	517	17	18
https://m.cafe.naver.com/ca-fe/web/cafes/10503958/articles/276156	SUMIF: [작업] [﻿1/35] Academy Tiger-1 Early - 기본도색 및 휠 도색	460	7	5
https://m.cafe.naver.com/ca-fe/web/cafes/10503958/articles/276140	살라딘: 아카데미 M36B1 GMC	399	5	6
https://m.cafe.naver.com/ca-fe/web/cafes/10503958/articles/276133	가조립퍼: 1/35 object 268	301	6	6
https://m.cafe.naver.com/ca-fe/web/cafes/10503958/articles/276099	하비스토리hobbystory: tiger 1 초기형 첫 디오라마 제작중	328	7	8
https://m.cafe.naver.com/ca-fe/web/cafes/10503958/articles/276093	주뇨니: 아카데미 M1A1 에이브람스 #7	210	3	2
https://m.cafe.naver.com/ca-fe/web/cafes/10503958/articles/276090	잴리: 1/16 US M-ATV MRAP No5	307	13	15
https://m.cafe.naver.com/ca-fe/web/cafes/10503958/articles/276081	도색 뉴비: STB-1 가조립 완료	216	4	0
https://m.cafe.naver.com/ca-fe/web/cafes/10503958/articles/276048	독일산 오리너구리: V22오스프리제작기-2몸체~프로펠러조립	313	8	5
https://m.cafe.naver.com/ca-fe/web/cafes/10503958/articles/275421	혜린아빠: [디오라마 제작기] 4호전차 디오라마 (#2. 도색, 베이스)	440	8	4
https://m.cafe.naver.com/ca-fe/web/cafes/10503958/articles/275418	jump7221: 1/16  M551 쉐리단 조립중	428	5	2
https://m.cafe.naver.com/ca-fe/web/cafes/10503958/articles/275410	구기: T34/76 1/35	311	7	6
https://m.cafe.naver.com/ca-fe/web/cafes/10503958/articles/275376	잴리: 1/16 US M-ATV MRAP No3	446	8	14
https://m.cafe.naver.com/ca-fe/web/cafes/10503958/articles/275342	날개달린푸우: 비오는날 도색중입니다~^^	314	6	8
https://m.cafe.naver.com/ca-fe/web/cafes/10503958/articles/275312	뱅기매니아: 만원의 행복 도전합니다	251	3	0
https://m.cafe.naver.com/ca-fe/web/cafes/10503958/articles/275304	이루릴: 1/35 구일본군 전차를 작업중입니다.	549	16	22
https://m.cafe.naver.com/ca-fe/web/cafes/10503958/articles/275299	쌍도끼: 아카데미 1/35 헬기 작업중3	442	6	5
https://m.cafe.naver.com/ca-fe/web/cafes/10503958/articles/275272	아비터: M3 Lee(그랜트)소생 진행	361	2	2
https://m.cafe.naver.com/ca-fe/web/cafes/10503958/articles/275261	다쓰붸이다: 4호전차와 T34..........#4.	597	11	10
https://m.cafe.naver.com/ca-fe/web/cafes/10503958/articles/275192	KUMAKUMA: 아카데미 3호전차 조립	1133	18	23
https://m.cafe.naver.com/ca-fe/web/cafes/10503958/articles/275180	소다SODA: 아카데미 1/35 m1151 험비-1	989	14	4
https://m.cafe.naver.com/ca-fe/web/cafes/10503958/articles/275171	다쓰붸이다: 4호전차와 T34...........#3.	290	8	1
https://m.cafe.naver.com/ca-fe/web/cafes/10503958/articles/275166	바람지기: M-18 조립 작업 (2)	197	4	0
https://m.cafe.naver.com/ca-fe/web/cafes/10503958/articles/275157	주뇨니: 아카데미 M1A1 에이브람스 #4	276	7	7
https://m.cafe.naver.com/ca-fe/web/cafes/10503958/articles/275084	쌍도끼: 아카데미 헬기 작업중3	299	10	2
https://m.cafe.naver.com/ca-fe/web/cafes/10503958/articles/275080	햇살조은: MK l "Male" British Tank 제작중	200	6	9
https://m.cafe.naver.com/ca-fe/web/cafes/10503958/articles/275043	가조립퍼: OKB 1/72 AMX 50 120 조립중	277	5	0
https://m.cafe.naver.com/ca-fe/web/cafes/10503958/articles/275026	바람지기: M18 헬캣 - 조립작업	401	6	7
https://m.cafe.naver.com/ca-fe/web/cafes/10503958/articles/274976	도색 뉴비: 13/75 프라이밍은 끝났습니다	343	8	1
https://m.cafe.naver.com/ca-fe/web/cafes/10503958/articles/274427	브란덴부르크: 집사람 외출과 동시에 도색 작업들을 실시하였습니다.	614	20	25
https://m.cafe.naver.com/ca-fe/web/cafes/10503958/articles/274391	spdlaem: Kv-1, T-34-76, Panther Ausf.G, Scharnhorst	488	9	15
https://m.cafe.naver.com/ca-fe/web/cafes/10503958/articles/274381	브란덴부르크: 한참을 만들고 있는 1:35 M8 그레이 하운드 장갑차	562	6	11
https://m.cafe.naver.com/ca-fe/web/cafes/10503958/articles/274343	이루릴: 1/35 T-34/76 도색중입니다.	559	24	29
https://m.cafe.naver.com/ca-fe/web/cafes/10503958/articles/274307	madgun76김순오: 아카 헤처 베이스 위장	308	4	1
https://m.cafe.naver.com/ca-fe/web/cafes/10503958/articles/274306	주뇨니: 아카데미 M1A1 에이브람스 #1	460	9	5
https://m.cafe.naver.com/ca-fe/web/cafes/10503958/articles/274250	madgun76김순오: 아카데미 헤처 베이스만들기	544	14	8
https://m.cafe.naver.com/ca-fe/web/cafes/10503958/articles/274247	젊은남자: 멩 FV510 워리어 가조립	365	4	0
https://m.cafe.naver.com/ca-fe/web/cafes/10503958/articles/274228	쑤안: M60 AVLB 교량전차 제작중	445	5	2
https://m.cafe.naver.com/ca-fe/web/cafes/10503958/articles/274203	AK47: 아카데미 1/35 M3 GRANT	472	11	6
https://m.cafe.naver.com/ca-fe/web/cafes/10503958/articles/274171	AK47: 이탈렐리 1/35 M110A2 203mm곡사포 구합니다	396	1	0
https://m.cafe.naver.com/ca-fe/web/cafes/10503958/articles/274139	중3남학생: 독일3호전차 북아프리카 전선	450	9	5
https://m.cafe.naver.com/ca-fe/web/cafes/10503958/articles/274123	가조립퍼: 1/35 Conqueror MKII	289	6	1
https://m.cafe.naver.com/ca-fe/web/cafes/10503958/articles/274088	생활의지혜 CLUB S: 큰 디오라마 베이스 만들기 진행중	435	14	20
https://m.cafe.naver.com/ca-fe/web/cafes/10503958/articles/274081	도색 뉴비: 타미야 amx-13/75 제작중	216	2	1
https://m.cafe.naver.com/ca-fe/web/cafes/10503958/articles/273989	람보139: 건들건들 골드에디션구입	727	6	8
https://m.cafe.naver.com/ca-fe/web/cafes/10503958/articles/273985	슈퍼방글: 타미야 M4A3E8	280	7	2
https://m.cafe.naver.com/ca-fe/web/cafes/10503958/articles/273944	흥타스틱: 키네틱 맥스프로 인테리어 완성	380	14	14
https://m.cafe.naver.com/ca-fe/web/cafes/10503958/articles/273938	라덱: 1/35 Panther-M	473	3	0
https://m.cafe.naver.com/ca-fe/web/cafes/10503958/articles/273874	야보르: [ACADEMY] 1/35 K1A1 조립 완료	735	11	15
https://m.cafe.naver.com/ca-fe/web/cafes/10503958/articles/273027	대항해시대: 미니아트 1/35 french street 디오라마 제작기 - 1	347	8	9
https://m.cafe.naver.com/ca-fe/web/cafes/10503958/articles/273022	M1A2 SEP V3: 폭우가 내리는 날 나토3색 뿌려 봤습니다.	444	7	4
https://m.cafe.naver.com/ca-fe/web/cafes/10503958/articles/273013	정아인파파: 1/16 FAMO(풀메탈) 제작 중입니다.	560	5	8
https://m.cafe.naver.com/ca-fe/web/cafes/10503958/articles/272993	다쓰붸이다: K2 흑표 사막형...#1.	763	5	12
https://m.cafe.naver.com/ca-fe/web/cafes/10503958/articles/272971	쑤안: 드래곤 M60 AVLB 교량전차 제작중	391	5	2
https://m.cafe.naver.com/ca-fe/web/cafes/10503958/articles/272967	쿠마몽: 1/35 천궁 제작기 # 2	355	9	2
https://m.cafe.naver.com/ca-fe/web/cafes/10503958/articles/272949	jump7221: 타미야 1/16 게파드 포탑조립 시작 ^^	290	3	2
https://m.cafe.naver.com/ca-fe/web/cafes/10503958/articles/272922	JSK: 탱알못 무조건 따라하기 팬저탱크 2	513	7	3
https://m.cafe.naver.com/ca-fe/web/cafes/10503958/articles/272859	타냥: K1E1을 만들어 보려 합니다	576	8	8
https://m.cafe.naver.com/ca-fe/web/cafes/10503958/articles/272851	M1A2 SEP V3: 소소한 개조........	390	5	2
https://m.cafe.naver.com/ca-fe/web/cafes/10503958/articles/272831	HetallicA: 1/35 M3A1 스튜어트 경전차 (아카데미)	478	13	2
https://m.cafe.naver.com/ca-fe/web/cafes/10503958/articles/272807	AK47: 아카데미 1/35 M4A3 (76)W	430	9	7
https://m.cafe.naver.com/ca-fe/web/cafes/10503958/articles/272766	쿠마몽: 1/35  천궁 제작기	504	9	4
https://m.cafe.naver.com/ca-fe/web/cafes/10503958/articles/272764	AK47: 이타렐리 1/35 퓨리	421	3	1
https://m.cafe.naver.com/ca-fe/web/cafes/10503958/articles/272667	푸엥카레: 아카데미 티거1 내부재현 #2	406	8	1
https://m.cafe.naver.com/ca-fe/web/cafes/10503958/articles/272630	연우아빠: 미니 디오라마 하나 작업중입니다. ^^ 연우아빠신상원편	319	13	17
https://m.cafe.naver.com/ca-fe/web/cafes/10503958/articles/272612	소다SODA: 미군 피규어 -2	429	7	11
https://m.cafe.naver.com/ca-fe/web/cafes/10503958/articles/272604	라덱: 1/35 M48 PIP	468	10	3
https://m.cafe.naver.com/ca-fe/web/cafes/10503958/articles/272603	흥타스틱: 키네틱 MRAP MAXXPRO 두번째 올려봅니다!	351	6	2
https://m.cafe.naver.com/ca-fe/web/cafes/10503958/articles/272582	푸엥카레: 아카데미 타이거 초기 내부재현형	238	2	0
https://m.cafe.naver.com/ca-fe/web/cafes/10503958/articles/271884	젊은남자: FV510 워리어 입니다	234	5	3
https://m.cafe.naver.com/ca-fe/web/cafes/10503958/articles/271883	AK47: 아카데미 1/35 IDF M-51	460	10	8
https://m.cafe.naver.com/ca-fe/web/cafes/10503958/articles/271859	차실장: BERGERPANZER TIGER I 1/35 [Rye Field Model] 제작기 #1 조립편	757	19	19
https://m.cafe.naver.com/ca-fe/web/cafes/10503958/articles/271752	브란덴부르크: 아카데미 1:35 구형 Mutt 베트남 형으로 도색	566	11	13
https://m.cafe.naver.com/ca-fe/web/cafes/10503958/articles/271726	제주도 청년: 데칼 붙이다 든 생각	472	3	2
https://m.cafe.naver.com/ca-fe/web/cafes/10503958/articles/271692	JSK: 탱알못 무조건 따라하기 팬저탱크 1	619	9	13
https://m.cafe.naver.com/ca-fe/web/cafes/10503958/articles/271646	레흐: 아카데미 4호전차 제작기 2	430	8	10
https://m.cafe.naver.com/ca-fe/web/cafes/10503958/articles/271645	레흐: 아카데미 4호전차 제작기 1	337	6	5
https://m.cafe.naver.com/ca-fe/web/cafes/10503958/articles/271597	아리랑81: 1/35 M-ATV MRAP _ 2	372	5	5
https://m.cafe.naver.com/ca-fe/web/cafes/10503958/articles/271585	jhpark373: Merkava MK.IID 밑도색 작업	397	4	0
https://m.cafe.naver.com/ca-fe/web/cafes/10503958/articles/271576	아리랑81: 1/35 M3 GRANT _ 1	357	9	12
https://m.cafe.naver.com/ca-fe/web/cafes/10503958/articles/271537	리본S: Kv-2 상부 작업중 한컷	340	17	25
https://m.cafe.naver.com/ca-fe/web/cafes/10503958/articles/271530	브란덴부르크: 유화로 톤 주고 M113하단 베트남의 붉은 진흙 묘사해보기	485	10	13
https://m.cafe.naver.com/ca-fe/web/cafes/10503958/articles/271477	AK47: 아카데미 1/35 K1 (88전차) 자작기 # 5	817	16	23
https://m.cafe.naver.com/ca-fe/web/cafes/10503958/articles/271475	Kalbi: M48A5 동계 위장 도색	409	9	9
https://m.cafe.naver.com/ca-fe/web/cafes/10503958/articles/271456	흑담: 아홉번째 디오라마 제작기 Part.1 (스압주의)	871	31	45
https://m.cafe.naver.com/ca-fe/web/cafes/10503958/articles/271453	가조립퍼: 라이필드 셔먼 이지에잇	637	10	5
https://m.cafe.naver.com/ca-fe/web/cafes/10503958/articles/271452	브란덴부르크: M113 인테리어 도색, 도배 및 세부 도색, 유화 적용 시작	614	13	17
https://m.cafe.naver.com/ca-fe/web/cafes/10503958/articles/271411	M1A2 SEP V3: 2일만에 조립 완료한 마가크......	563	6	1
https://m.cafe.naver.com/ca-fe/web/cafes/10503958/articles/271390	흥타스틱: 키네틱 맥스프로 제작중 올려봅니다^^;	450	8	6
https://m.cafe.naver.com/ca-fe/web/cafes/10503958/articles/270685	브란덴부르크: 주말을 틈타 M113 신나게 달려봅니다. 메울 구멍은 많지만 즐겁네요!!	442	9	12
https://m.cafe.naver.com/ca-fe/web/cafes/10503958/articles/270662	판저모에: AIRFIX 1/35 타이거 초기형 [4. 웨더링과 마무리]	360	6	0
https://m.cafe.naver.com/ca-fe/web/cafes/10503958/articles/270644	jhpark373: 새벽에 메르카바 mk2D 만들는 중입니다	479	4	1
https://m.cafe.naver.com/ca-fe/web/cafes/10503958/articles/270616	madgun76김순오: 아카데미 1/35 타이거 1 베이스작업	290	5	0
https://m.cafe.naver.com/ca-fe/web/cafes/10503958/articles/270608	jump7221: 1/16 타미야 레오파드2A6	440	3	5
https://m.cafe.naver.com/ca-fe/web/cafes/10503958/articles/270607	jump7221: 1/16 타미야 M1A2	551	5	2
https://m.cafe.naver.com/ca-fe/web/cafes/10503958/articles/270603	M1A2 SEP V3: 호빌밭 챌린저2 하체	431	2	6
https://m.cafe.naver.com/ca-fe/web/cafes/10503958/articles/270597	세윤아빠: 1950 KOREAN WAR- SUMMER = 베이스 작업	425	16	35
https://m.cafe.naver.com/ca-fe/web/cafes/10503958/articles/270589	madgun76김순오: 타이거 베이스 제작	282	6	1
https://m.cafe.naver.com/ca-fe/web/cafes/10503958/articles/270569	톰켓: (RYEFIELD) M4 sherman full interior kit 입니다.	550	6	6
https://m.cafe.naver.com/ca-fe/web/cafes/10503958/articles/270530	madgun76김순오: 아카데미 1/35 타이거 초기형	618	10	6
https://m.cafe.naver.com/ca-fe/web/cafes/10503958/articles/270507	판저모에: AIRFIX 1/35 타이거 초기형 [3. 본체도장]	321	5	3
https://m.cafe.naver.com/ca-fe/web/cafes/10503958/articles/270494	미국해군: 세미나1/35 M-16 장갑차	546	6	6
https://m.cafe.naver.com/ca-fe/web/cafes/10503958/articles/270454	쿠마몽: 1/35 현무2 제작기 # 2	521	16	7
https://m.cafe.naver.com/ca-fe/web/cafes/10503958/articles/270447	AK47: 아카데미 1/35 K1 (88전차) 자작기 # 4	453	5	2
https://m.cafe.naver.com/ca-fe/web/cafes/10503958/articles/270439	세윤아빠: 1950 KOREAN WAR- SUMMER 제작중입니다.	720	32	40
https://m.cafe.naver.com/ca-fe/web/cafes/10503958/articles/270386	판저모에: AIRFIX 1/35 타이거 초기형 [2. 상부조립]	303	4	7
https://m.cafe.naver.com/ca-fe/web/cafes/10503958/articles/270348	사루인: [Academy] 1/35 M163 Vulcan -WIP-	305	10	2
https://m.cafe.naver.com/ca-fe/web/cafes/10503958/articles/269721	Kalbi: Revell M47 Patton	420	12	8
https://m.cafe.naver.com/ca-fe/web/cafes/10503958/articles/269626	Kalbi: 전차 탐조등 커버(쿠킹랩)	268	3	7
https://m.cafe.naver.com/ca-fe/web/cafes/10503958/articles/269610	이도현: 항상 건프라 조립만하다가 첫번째 도색입니다	374	5	9
https://m.cafe.naver.com/ca-fe/web/cafes/10503958/articles/269552	흥타스틱: AFV클럽 M1132 스트라이커 제작중입니다!	310	6	6
https://m.cafe.naver.com/ca-fe/web/cafes/10503958/articles/269540	KUMAKUMA: 1/35 M4A3E8 korea war ver.	753	18	30
https://m.cafe.naver.com/ca-fe/web/cafes/10503958/articles/269536	지우아범: 1/35 hillbilly gun truck 제작중입니다	212	3	0
https://m.cafe.naver.com/ca-fe/web/cafes/10503958/articles/269407	바스틸79: 1/35 무선조종 프로젝트 게쉬츠바겐 티거 - 도색, 웨더링	517	22	26
https://m.cafe.naver.com/ca-fe/web/cafes/10503958/articles/269384	소소한 프라만들기: 중국산 유사 야크트티거 가조립	731	8	3
https://m.cafe.naver.com/ca-fe/web/cafes/10503958/articles/269350	DORI: [작업기]1/35 K-9 ' Thunder ' S.P.H #3	385	9	6
https://m.cafe.naver.com/ca-fe/web/cafes/10503958/articles/269334	leekaav: k1a1 근황입니다 ㅎㅎㅎ	404	5	3
https://m.cafe.naver.com/ca-fe/web/cafes/10503958/articles/269324	투덜이스머프: M1070 Truck Tractor & M1000 HET Semi-Trailer 제작기 13	246	3	3
https://m.cafe.naver.com/ca-fe/web/cafes/10503958/articles/269296	레흐: 현재 작업중 입니다 (2)	447	6	1
https://m.cafe.naver.com/ca-fe/web/cafes/10503958/articles/269290	Glatorian: M47 패튼 바탕 도색	607	11	20
https://m.cafe.naver.com/ca-fe/web/cafes/10503958/articles/269288	라덱: 1/35 T-34/100 월탱 버전	352	8	7
https://m.cafe.naver.com/ca-fe/web/cafes/10503958/articles/269236	레흐: 현재 작업중 입니다	320	11	4
https://m.cafe.naver.com/ca-fe/web/cafes/10503958/articles/269183	AK47: 중국군 83식152mm 자주포	342	1	2
https://m.cafe.naver.com/ca-fe/web/cafes/10503958/articles/269176	난자완스: 마토 티거 도색 시작 ㅎ	514	7	2
https://m.cafe.naver.com/ca-fe/web/cafes/10503958/articles/269153	AK47: 트럼페터 1/35 AS90 SPH	537	12	9
https://m.cafe.naver.com/ca-fe/web/cafes/10503958/articles/268332	투덜이스머프: M1070 Truck Tractor & M1000 HET Semi-Trailer 제작기 번외  [ 바퀴를 달다 ]	344	6	14
https://m.cafe.naver.com/ca-fe/web/cafes/10503958/articles/268331	가조립퍼: 1/35 Object 704	455	6	8
https://m.cafe.naver.com/ca-fe/web/cafes/10503958/articles/268263	DORI: [작업기]1/35 K-2 ' Black Panther ' MBT #1	435	8	5
https://m.cafe.naver.com/ca-fe/web/cafes/10503958/articles/268251	AK47: 아카데미 1/35 K2 MBT RAIN	485	9	13
https://m.cafe.naver.com/ca-fe/web/cafes/10503958/articles/268250	우루로: m40 자주포 마무리 했습니다	408	8	2
https://m.cafe.naver.com/ca-fe/web/cafes/10503958/articles/268221	sunnyside: 아카데미 해쳐 1/35 캔스프레이 도색	614	7	9
https://m.cafe.naver.com/ca-fe/web/cafes/10503958/articles/268217	이면지 메이커: K1A1제작기 입니다 pt.2	439	13	25
https://m.cafe.naver.com/ca-fe/web/cafes/10503958/articles/268216	레흐: 나머지 키트 데칼 작업하고 있습니다	242	3	4
https://m.cafe.naver.com/ca-fe/web/cafes/10503958/articles/268178	로카미: 술김에...	585	4	12
https://m.cafe.naver.com/ca-fe/web/cafes/10503958/articles/268160	산바람: [Takom] M60A1 증가장갑형 조립 및 기본도색	458	10	7
https://m.cafe.naver.com/ca-fe/web/cafes/10503958/articles/268151	김가네: 1/72 야크트티거 제작중	307	8	0
https://m.cafe.naver.com/ca-fe/web/cafes/10503958/articles/268083	레흐: 현재 킹타이거 데칼작업중 입니다(호랑이 문신 적용)	318	8	10
https://m.cafe.naver.com/ca-fe/web/cafes/10503958/articles/268077	하루나기: 독일 Panzer 제작 근황 보고.	605	21	23
https://m.cafe.naver.com/ca-fe/web/cafes/10503958/articles/268068	브란덴부르크: 아카데미 흑표 지형작업 끝.. 이제 검정 지렁이만 칠하면 마무리네요.	936	18	55
https://m.cafe.naver.com/ca-fe/web/cafes/10503958/articles/268066	fifalc: 드래곤 m2a1 105mm포 조립 했습니다.	588	8	11
https://m.cafe.naver.com/ca-fe/web/cafes/10503958/articles/268054	coconut 프라모델: 아카데미 M151A2 제작기#1	481	1	2
https://m.cafe.naver.com/ca-fe/web/cafes/10503958/articles/268040	TizerOdeng: D.Rodeng큰액자) 51년 3월, After Battle of Happy Valley	405	11	16
https://m.cafe.naver.com/ca-fe/web/cafes/10503958/articles/268028	연우아빠: 1/35 아카데미 슈퍼셔먼 연우아빠신상원편	256	9	8
https://m.cafe.naver.com/ca-fe/web/cafes/10503958/articles/267408	우루로: 역시 명불허전 타미야의 조립성은	768	6	2
https://m.cafe.naver.com/ca-fe/web/cafes/10503958/articles/267353	KLNM02ㅣ공이: 아카데미 M48A5K패튼#2	343	1	6
https://m.cafe.naver.com/ca-fe/web/cafes/10503958/articles/267287	제주도 청년: 고수님들 질문 있습니다	189	0	5
https://m.cafe.naver.com/ca-fe/web/cafes/10503958/articles/267251	고수혜: 판다하비 1:35 maxxpro dash 작업중 입니다.	321	1	2
https://m.cafe.naver.com/ca-fe/web/cafes/10503958/articles/267241	연우아빠: 타미야 마크4전차 작업중 연우아빠 신상원편	208	5	8
https://m.cafe.naver.com/ca-fe/web/cafes/10503958/articles/267218	TizerOdeng: 셔먼전차 HVSS 트랙과 T34 트랙 만드는 중입니다 (FRIUL)	502	5	11
https://m.cafe.naver.com/ca-fe/web/cafes/10503958/articles/267176	연우아빠: 타미야 MK4 탱크 작업중	267	3	6
https://m.cafe.naver.com/ca-fe/web/cafes/10503958/articles/267144	바스틸79: 1/35 무선조종 프로젝트 4호전차 H형-1	558	14	12
https://m.cafe.naver.com/ca-fe/web/cafes/10503958/articles/267128	고수혜: 아카데미 m1a2 sep v2 재도색	523	6	4
https://m.cafe.naver.com/ca-fe/web/cafes/10503958/articles/267095	브란덴부르크: BTR70용 MA7 포탑 조립 및 데칼 그리고 기본 도색	296	8	12
https://m.cafe.naver.com/ca-fe/web/cafes/10503958/articles/267029	AK47: 아카데미 1/35 K9 SPH	744	10	2
https://m.cafe.naver.com/ca-fe/web/cafes/10503958/articles/266976	미국해군: 타미야 1/35  M4A3E8셔먼전차제작 중입니다	371	2	1
https://m.cafe.naver.com/ca-fe/web/cafes/10503958/articles/266973	새싹멤버: 셔먼 기본 도색 마무리 하였습니다	438	10	6
https://m.cafe.naver.com/ca-fe/web/cafes/10503958/articles/266960	고수혜: 아카데미 M1151 (외모 우선주의)험비 입니다.	1101	18	13
https://m.cafe.naver.com/ca-fe/web/cafes/10503958/articles/266958	카리나킴: 페르만 전투단 제작기 2 (에칭조립/치메리트벗겨짐/피탄자국)	677	11	14
https://m.cafe.naver.com/ca-fe/web/cafes/10503958/articles/266911	카리나킴: 페르만 전투단 제작기 1 (기본조립)	620	13	13
https://m.cafe.naver.com/ca-fe/web/cafes/10503958/articles/266907	AK47: 아카데미 1/35 M2A2 브래들리 장갑차	662	10	6
https://m.cafe.naver.com/ca-fe/web/cafes/10503958/articles/266855	AK47: 아카데미 1/35 K1A1 ROKMC	520	12	8
https://m.cafe.naver.com/ca-fe/web/cafes/10503958/articles/266109	고수혜: 아카데미 m1151 험비 차고 조절 해 봤습니다.	557	1	2
https://m.cafe.naver.com/ca-fe/web/cafes/10503958/articles/266098	구기: Jagdpanther Ausf. G1 제작	465	5	8
https://m.cafe.naver.com/ca-fe/web/cafes/10503958/articles/266075	dyd: M1151 험비 제작기 - 5	371	6	6
https://m.cafe.naver.com/ca-fe/web/cafes/10503958/articles/266026	구기: JS-2	581	16	17
https://m.cafe.naver.com/ca-fe/web/cafes/10503958/articles/265982	브란덴부르크: 1:35 BTR70 장갑차 데칼 작업 및 먹선 작업 했습니다.	389	6	17
https://m.cafe.naver.com/ca-fe/web/cafes/10503958/articles/265972	Rainyday: MENG MODEL M3A3 Bradley w/BUSK III 1/35	619	1	4
https://m.cafe.naver.com/ca-fe/web/cafes/10503958/articles/265955	초보곰손아재: 1/35 미니아트 티란-4 LATE TYPE(MA37041)	441	6	21
https://m.cafe.naver.com/ca-fe/web/cafes/10503958/articles/265946	정아인파파: 1/16레오파르드1A5 도색 전 사진(영상 포함) 몇장 찍어봅니다.	384	6	8
https://m.cafe.naver.com/ca-fe/web/cafes/10503958/articles/265935	혜린아빠: [제작기] 독일군 디오라마(미제) 3-1. 베이스	519	10	12
https://m.cafe.naver.com/ca-fe/web/cafes/10503958/articles/265930	Alexa65: 라이필드 M1240 실내.	577	7	10
https://m.cafe.naver.com/ca-fe/web/cafes/10503958/articles/265913	AK47: 아카데미 1/35 M163발칸 M113 부품 구합니다	430	0	1
https://m.cafe.naver.com/ca-fe/web/cafes/10503958/articles/265872	dyd: M1151 험비 제작기 - 4	359	4	2
https://m.cafe.naver.com/ca-fe/web/cafes/10503958/articles/265850	구른담: Academy 1/35 Sturmpanzer IV Brummbaer #3	299	6	6
https://m.cafe.naver.com/ca-fe/web/cafes/10503958/articles/265842	연우아빠: 1/48 M4A3E8 셔먼 이지에잇 작업중_연우아빠 신상원편	269	8	9
https://m.cafe.naver.com/ca-fe/web/cafes/10503958/articles/265839	spdlaem: 여러거지 제작기 feat.에어브러쉬 첫사용 ^0^	336	5	6
https://m.cafe.naver.com/ca-fe/web/cafes/10503958/articles/265834	다이브1: [Trumpeter] 1/35 MARS (for German)	364	2	1
https://m.cafe.naver.com/ca-fe/web/cafes/10503958/articles/265816	AK47: 하비갤러리 1/35 K1 (88전차)	653	5	4
https://m.cafe.naver.com/ca-fe/web/cafes/10503958/articles/265815	곰팅이: T-34/76 with mine roller(지뢰제거기)	372	3	5
https://m.cafe.naver.com/ca-fe/web/cafes/10503958/articles/265811	AK47: 아카데미 1/35 LVTP-7	437	10	3
https://m.cafe.naver.com/ca-fe/web/cafes/10503958/articles/265761	야보르: 1/35 Object 252U Defender.	670	24	25
https://m.cafe.naver.com/ca-fe/web/cafes/10503958/articles/265189	불다트: m48a5 네번째 이야기	383	3	0
https://m.cafe.naver.com/ca-fe/web/cafes/10503958/articles/265173	pluie19: 1/35 아카데미 AFV들	634	6	6
https://m.cafe.naver.com/ca-fe/web/cafes/10503958/articles/265142	고수혜: 드디어 판다 m-atv 조립까지 끝냈습니다.	545	5	6
https://m.cafe.naver.com/ca-fe/web/cafes/10503958/articles/265124	구른담: Academy 1/35 Sturmpanzer IV Brummbaer #1	385	6	6
https://m.cafe.naver.com/ca-fe/web/cafes/10503958/articles/265108	브란덴부르크: 어제도 퇴근해서 사부작 댔습니다 ^^ 장구류 주렁주렁 매달기	589	13	12
https://m.cafe.naver.com/ca-fe/web/cafes/10503958/articles/265099	스고이: 1/35 Willys jeep 비넷 제작기.5	332	22	24
https://m.cafe.naver.com/ca-fe/web/cafes/10503958/articles/265073	브란덴부르크: 1:35 큐벨바겐 조립 완성 및 남는 퍼티 자투리로 T62용 소품 만들기	555	12	14
https://m.cafe.naver.com/ca-fe/web/cafes/10503958/articles/265055	dyd: M38A1 제작기 -3	342	3	7
https://m.cafe.naver.com/ca-fe/web/cafes/10503958/articles/265044	알밤: 1/48 마틸다	584	10	22
https://m.cafe.naver.com/ca-fe/web/cafes/10503958/articles/265033	불다트: m48a5 세번째 이야기	449	3	0
https://m.cafe.naver.com/ca-fe/web/cafes/10503958/articles/265031	투덜이스머프: M1070 Truck Tractor & M1000 HET Semi-Trailer 제작기 4	187	3	2
https://m.cafe.naver.com/ca-fe/web/cafes/10503958/articles/265007	구구n: 독일 KSK 제작기 - 비넷으로 변경	531	8	18
https://m.cafe.naver.com/ca-fe/web/cafes/10503958/articles/264969	불다트: m48a5	278	3	10
https://m.cafe.naver.com/ca-fe/web/cafes/10503958/articles/264953	흑담: 여섯번째 디오라마 제작기 Part.5	587	20	26
https://m.cafe.naver.com/ca-fe/web/cafes/10503958/articles/264949	라덱: 군용 AMB	397	6	4
https://m.cafe.naver.com/ca-fe/web/cafes/10503958/articles/264934	바람지기: Panther. A.  (이탈레리) - (1) 조립작업 및 지메리트	271	2	8
https://m.cafe.naver.com/ca-fe/web/cafes/10503958/articles/264927	흥타스틱: M1129 스트라이커 내부가 끝났습니다	634	25	39
https://m.cafe.naver.com/ca-fe/web/cafes/10503958/articles/264921	브란덴부르크: 즈베즈다 BTR70 장갑차 타이어 볼륨업 작업	419	13	16
https://m.cafe.naver.com/ca-fe/web/cafes/10503958/articles/264894	산바람: 아카데미 브룸바 수령 및 조립	600	9	8
https://m.cafe.naver.com/ca-fe/web/cafes/10503958/articles/264871	윤쭈꾸미: 아카데미 k2 흑표 제작중	778	15	11
https://m.cafe.naver.com/ca-fe/web/cafes/10503958/articles/264275	고수혜: 오랫만의 프라조립	463	5	7
https://m.cafe.naver.com/ca-fe/web/cafes/10503958/articles/264272	쑤안: 아카데미 K2 흑표 무한궤도 붓도색	704	7	12
https://m.cafe.naver.com/ca-fe/web/cafes/10503958/articles/264226	짬프라모델러: 한국 육군 장비제작기 (K1A2, M548A1, long tom, LVTP-7)	525	5	4
https://m.cafe.naver.com/ca-fe/web/cafes/10503958/articles/264192	브란덴부르크: 흑표 조립 완료.. 이러다 버릇 나빠지겠네요 ㅋ	1069	16	38
https://m.cafe.naver.com/ca-fe/web/cafes/10503958/articles/264189	TizerOdeng: 셔먼 M4A3E8? 제작 중간 입니다.	556	17	16
https://m.cafe.naver.com/ca-fe/web/cafes/10503958/articles/264188	KLNM02ㅣ공이: 아카데미 킹타이거#1	407	4	4
https://m.cafe.naver.com/ca-fe/web/cafes/10503958/articles/264179	스고이: 1/35 Willys jeep 디오라마 제작기	618	15	24
https://m.cafe.naver.com/ca-fe/web/cafes/10503958/articles/264173	백면서생: [TRUMPETER] T-80BV 72Scale_05	181	3	0
https://m.cafe.naver.com/ca-fe/web/cafes/10503958/articles/264167	쌍열포전차: 1/48 타미야 킹타이거 제작기 (5) [최종편]	197	3	2
https://m.cafe.naver.com/ca-fe/web/cafes/10503958/articles/264152	쌍열포전차: 1/48 타미야 킹타이거 제작기 (4)	159	0	0
https://m.cafe.naver.com/ca-fe/web/cafes/10503958/articles/264148	푸엥카레: k2 2일차	175	0	0
https://m.cafe.naver.com/ca-fe/web/cafes/10503958/articles/264143	정아인파파: 타미야 1/16 레오파드2A6 제작 중입니다.	843	5	6
https://m.cafe.naver.com/ca-fe/web/cafes/10503958/articles/264140	흑담: 타미야 보병 세트 작업	679	21	18
https://m.cafe.naver.com/ca-fe/web/cafes/10503958/articles/264136	주뇨니: 아카데미 K2 흑표 #4	291	7	17
https://m.cafe.naver.com/ca-fe/web/cafes/10503958/articles/264135	투덜이스머프: M1070 Truck Tractor & M1000 HET Semi-Trailer 제작기 1	189	2	6
https://m.cafe.naver.com/ca-fe/web/cafes/10503958/articles/264089	Alexa65: 아카데미 험비 증가장갑형.	427	7	16
https://m.cafe.naver.com/ca-fe/web/cafes/10503958/articles/264067	푸엥카레: 아카데미 K2 BlackPanther	281	0	0
https://m.cafe.naver.com/ca-fe/web/cafes/10503958/articles/264040	즐겁게 취미: 아카데미 K511A1트럭	653	4	9
https://m.cafe.naver.com/ca-fe/web/cafes/10503958/articles/264024	신호등: 1/6 US 1/4 ton 4X4 Truck "Willys Jeep" 07	303	13	11
https://m.cafe.naver.com/ca-fe/web/cafes/10503958/articles/264010	빡구: 점점 고철로 되고있네요..	639	1	2
https://m.cafe.naver.com/ca-fe/web/cafes/10503958/articles/263511	마이쿠미: 벤츠 악트로스	768	2	3
https://m.cafe.naver.com/ca-fe/web/cafes/10503958/articles/263510	안녕클레오파트라: erc-90f1 lynx 제작기	374	3	8
https://m.cafe.naver.com/ca-fe/web/cafes/10503958/articles/263484	압텔룽: 타미야 1/48 Js-2	537	4	6
https://m.cafe.naver.com/ca-fe/web/cafes/10503958/articles/263478	희망이아빠: &#65279;하세가와 1/72 German Railway gun K5(E) Leopold 작업 중 (1)	259	8	8
https://m.cafe.naver.com/ca-fe/web/cafes/10503958/articles/263458	designpower: King Tiger 프라모델 제작의뢰 작업중	492	6	3
https://m.cafe.naver.com/ca-fe/web/cafes/10503958/articles/263425	독성지 천안호랑이: 두돈반 회생성공	720	0	2
https://m.cafe.naver.com/ca-fe/web/cafes/10503958/articles/263417	Acht Acht: ??	273	3	8
https://m.cafe.naver.com/ca-fe/web/cafes/10503958/articles/263398	하루나기: 아카데미과학 Pz.Kpfw.35(t) #1.	781	7	7
https://m.cafe.naver.com/ca-fe/web/cafes/10503958/articles/263393	주뇨니: 아카데미 K2 흑표 #2	459	7	11
https://m.cafe.naver.com/ca-fe/web/cafes/10503958/articles/263391	AK47: 아카데미 1/35 타이거1 초기형 # 2	550	17	4
https://m.cafe.naver.com/ca-fe/web/cafes/10503958/articles/263366	민짱이요: 방콕에서의 이틀 작업 결과.	398	5	4
https://m.cafe.naver.com/ca-fe/web/cafes/10503958/articles/263362	흑담: 여섯 번째 디오라마 제작기 Part.3	566	12	14
https://m.cafe.naver.com/ca-fe/web/cafes/10503958/articles/263338	소소한 프라만들기: 아카데미1/35 4호 H형 기본도색 완료	483	4	14
https://m.cafe.naver.com/ca-fe/web/cafes/10503958/articles/263321	윤쭈꾸미: 라이필드 m1240 m-atv-4	939	19	11
https://m.cafe.naver.com/ca-fe/web/cafes/10503958/articles/263275	은형아빠: m51슈퍼셔먼과 m4a3벌지로 한국전쟁 이지에잇 도전기.	742	12	16
https://m.cafe.naver.com/ca-fe/web/cafes/10503958/articles/263259	하루나기: 아카데미과학 2호전차 룩스 #1.	847	5	11
https://m.cafe.naver.com/ca-fe/web/cafes/10503958/articles/263250	신호등: 1/6 US 1/4 ton 4X4 Truck "Willys Jeep" 06	191	7	3
https://m.cafe.naver.com/ca-fe/web/cafes/10503958/articles/263229	네모메모: [월드 탱크 뮤지엄...]엘레판트(코끼리) 살리기	313	5	7
https://m.cafe.naver.com/ca-fe/web/cafes/10503958/articles/263223	KLNM02ㅣ공이: 미하일비트만 티거#3	397	6	13
https://m.cafe.naver.com/ca-fe/web/cafes/10503958/articles/262412	술병자리: 헝롱 챌린저2 업글및 도색완성	358	2	5
https://m.cafe.naver.com/ca-fe/web/cafes/10503958/articles/262389	냐자: 르클레르 도색	376	5	7
https://m.cafe.naver.com/ca-fe/web/cafes/10503958/articles/262388	구기: German schwerer plattformwagen vignette	348	3	2
https://m.cafe.naver.com/ca-fe/web/cafes/10503958/articles/262324	산바람: KV-2 디오라마 제작 6	431	12	21
https://m.cafe.naver.com/ca-fe/web/cafes/10503958/articles/262323	날개달린푸우: 내사랑 밀리터리 완성했습니다 ㅎㅎ	443	6	13
https://m.cafe.naver.com/ca-fe/web/cafes/10503958/articles/262317	kkajin: 라테의 위장도색...	439	6	0
https://m.cafe.naver.com/ca-fe/web/cafes/10503958/articles/262315	하루나기: 하비보스 M26 퍼싱 제작기 #1.	488	2	2
https://m.cafe.naver.com/ca-fe/web/cafes/10503958/articles/262292	풍림화산: 2년 동안 방치하던 아카데미 1 /35 독일육군중전차 타이거(티거)-1 (초기-내부재현형) Panzerkampfwagen Tiger Ausf. E 다시 조립 시작 - 조립기 3	503	3	0
https://m.cafe.naver.com/ca-fe/web/cafes/10503958/articles/262286	브란덴부르크: 하루종일 냄새안나는 작업만 했네요.	731	6	15
https://m.cafe.naver.com/ca-fe/web/cafes/10503958/articles/262284	술병자리: 헝롱 챌린저2  도색중입니다	377	5	2
https://m.cafe.naver.com/ca-fe/web/cafes/10503958/articles/262282	백면서생: [TRUMPETER] T-80BV 72Scale_02	261	4	4
https://m.cafe.naver.com/ca-fe/web/cafes/10503958/articles/262260	착한탱크: (두번째 디오라마) "검문소" 제작중 #4	528	9	10
https://m.cafe.naver.com/ca-fe/web/cafes/10503958/articles/262216	AK47: 아카데미 1/35 타이거1 후기형 # 2	404	6	9
https://m.cafe.naver.com/ca-fe/web/cafes/10503958/articles/262166	AK47: 아카데미 1/35 타이거1 후기형 # 1	602	6	10
https://m.cafe.naver.com/ca-fe/web/cafes/10503958/articles/262144	산바람: KV-2 디오라마 제작 5	476	17	25
https://m.cafe.naver.com/ca-fe/web/cafes/10503958/articles/262127	벼리: 1/35 타미야 stug.3 호!! 일명 돌격포... 작업기07	381	9	18
https://m.cafe.naver.com/ca-fe/web/cafes/10503958/articles/262122	가난한 모델러: 안테나 만들기 (1/35-한국군 안테나) Ver.3	664	12	13
https://m.cafe.naver.com/ca-fe/web/cafes/10503958/articles/261469	dyd: T62(이집트), M48(이스라엘) 제작기 - 3	524	7	10
https://m.cafe.naver.com/ca-fe/web/cafes/10503958/articles/261459	하루나기: 아카데미과학 M1A2 TUSK2 1/35 #1	715	4	5
https://m.cafe.naver.com/ca-fe/web/cafes/10503958/articles/261452	AK47: 트럼페터 1/35 M915 트럭 #1	543	8	1
https://m.cafe.naver.com/ca-fe/web/cafes/10503958/articles/261398	이세형81: 올해 마지막 제작기입니다 ( K2 black panter)	282	4	2
https://m.cafe.naver.com/ca-fe/web/cafes/10503958/articles/261390	날아라한우: 이탈레리 p40 알렌하비 sig33	224	1	3
https://m.cafe.naver.com/ca-fe/web/cafes/10503958/articles/261350	KUMAKUMA: &#8234;1/72 pzkpfw iii Ausf. L &#8236; 조립	515	9	24
https://m.cafe.naver.com/ca-fe/web/cafes/10503958/articles/261344	너 숙청: 이탈리아(트롤)전차 carro armarto m13/40 (Tamiya)	383	1	6
https://m.cafe.naver.com/ca-fe/web/cafes/10503958/articles/261339	이세형81: 올해 마지막 작업인거 같습니다 (K2 흑표)	294	6	3
https://m.cafe.naver.com/ca-fe/web/cafes/10503958/articles/261315	dyd: T62(이집트), M48(이스라엘) 제작기 - 2	446	6	6
https://m.cafe.naver.com/ca-fe/web/cafes/10503958/articles/261288	브란덴부르크: 1:35 드래곤 쉴카 대공전차 궤도작업 및 기본도색 도립완료.. 이제 더럽힐일만 남있네요..	399	11	10
https://m.cafe.naver.com/ca-fe/web/cafes/10503958/articles/261286	이세형81: 올해 마지막 조립인것 같습니다	301	1	2
https://m.cafe.naver.com/ca-fe/web/cafes/10503958/articles/261209	sh2944: USSR SCUD-B SRBM -2	516	11	2
https://m.cafe.naver.com/ca-fe/web/cafes/10503958/articles/261187	M1A2 SEP V3: 2019년 마지막.......	430	1	1
https://m.cafe.naver.com/ca-fe/web/cafes/10503958/articles/261099	민짱이요: WWII German T-34/76 747(r)	517	7	4
https://m.cafe.naver.com/ca-fe/web/cafes/10503958/articles/261042	혜린아빠: [제작기] 독일군 디오라마(미제) 2-1. 사물 도색(피규어#1)	498	10	16
https://m.cafe.naver.com/ca-fe/web/cafes/10503958/articles/260993	바스틸79: 1/35 무선조종 프로젝트 게쉬츠바겐 티거	664	8	10
https://m.cafe.naver.com/ca-fe/web/cafes/10503958/articles/260990	산바람: kv-2 디오라마 제작 1	353	7	3
https://m.cafe.naver.com/ca-fe/web/cafes/10503958/articles/260962	구구n: KSK 디오라마 제작기 2 [건물 디테일업, 피규어 다리]	527	8	18
https://m.cafe.naver.com/ca-fe/web/cafes/10503958/articles/260954	rudghl0: 1/16  소비에트 SU-100	639	10	12
https://m.cafe.naver.com/ca-fe/web/cafes/10503958/articles/260951	흥타스틱: TRUMPETER M1129 STRYKER 조립중입니다	464	3	8
https://m.cafe.naver.com/ca-fe/web/cafes/10503958/articles/260168	수덕 김선생: TIGER MODEL 의 T-90MS 눈물의 미완성	1050	6	21
https://m.cafe.naver.com/ca-fe/web/cafes/10503958/articles/260149	브란덴부르크: 전시회 작품에 영감받아 1:35 SU122자주포를 개칠해봤습니다..	619	19	42
https://m.cafe.naver.com/ca-fe/web/cafes/10503958/articles/260126	주뇨니: 아카데미 K1A2 제작기 #7	622	14	17
https://m.cafe.naver.com/ca-fe/web/cafes/10503958/articles/260089	수덕 김선생: M1A2 완성을 위한 브롱코 빅풋 궤도 작업기	427	7	6
https://m.cafe.naver.com/ca-fe/web/cafes/10503958/articles/260075	브란덴부르크: 드래곤 1:35 쉴카 조종석 도색 및 외관 추가 도색	424	9	22
https://m.cafe.naver.com/ca-fe/web/cafes/10503958/articles/260074	람모: 아카데미 1/35 T-34/85 베를린 조립, 차체 및 궤도	237	4	7
https://m.cafe.naver.com/ca-fe/web/cafes/10503958/articles/260056	nausia: 디오라마 <이오지마 1945> 제작기 2 - 일본군	567	15	17
https://m.cafe.naver.com/ca-fe/web/cafes/10503958/articles/260034	흥타스틱: 브롱코 MAXXPRO MRAP 제작중입니다	400	6	6
https://m.cafe.naver.com/ca-fe/web/cafes/10503958/articles/260012	AK47: 그동안 조립품들	1076	15	10
https://m.cafe.naver.com/ca-fe/web/cafes/10503958/articles/259979	Waterloo: 즈베즈다1/72 킹티거 도색	400	2	2
https://m.cafe.naver.com/ca-fe/web/cafes/10503958/articles/259963	AK47: 아카데미 M2A2	665	3	6
https://m.cafe.naver.com/ca-fe/web/cafes/10503958/articles/259952	쓰삐빵빵: 1/35 타미야 M48A3 제작기 #1	946	11	15
https://m.cafe.naver.com/ca-fe/web/cafes/10503958/articles/259916	불다트: m48a5k	495	4	6
https://m.cafe.naver.com/ca-fe/web/cafes/10503958/articles/259912	차실장: U.S. Navy PBR 31 Mk.II PATROL BOAT RIVER PIBBER 1/35 [TAMIYA] 제작기 #02	498	10	14
https://m.cafe.naver.com/ca-fe/web/cafes/10503958/articles/259893	람모: 타콤 1/35 PL-01 조립완료	370	4	8
https://m.cafe.naver.com/ca-fe/web/cafes/10503958/articles/259883	수덕 김선생: 아카데미 M1A2 Tusk 2_ 수성 마스킹 졸을 이용한 나토 3색 도색	1179	13	20
https://m.cafe.naver.com/ca-fe/web/cafes/10503958/articles/259826	차실장: KM900 Light Armored Vehicle [DEF.MODEL] 제작기 #02	500	14	7
https://m.cafe.naver.com/ca-fe/web/cafes/10503958/articles/259813	람모: 타콤 1/35 PL-01 궤도조립	256	4	4
https://m.cafe.naver.com/ca-fe/web/cafes/10503958/articles/259130	차실장: KM900 Light Armored Vehicle [DEF.MODEL] 제작기 #01	682	15	38
https://m.cafe.naver.com/ca-fe/web/cafes/10503958/articles/259128	초보곰손아재: [AFV35050] Germen leFH18 105mm Howitzer	262	6	10
https://m.cafe.naver.com/ca-fe/web/cafes/10503958/articles/259124	산바람: [DRAGON]4호전차 J후기형 - 조립완료	333	2	9
https://m.cafe.naver.com/ca-fe/web/cafes/10503958/articles/259089	브란덴부르크: 드래곤 1:35 소련군 대공전차 쉴카 제작 시작하였습니다.	455	7	13
https://m.cafe.naver.com/ca-fe/web/cafes/10503958/articles/259061	TizerOdeng: D로뎅의 과거의 과오 (Fieseler) 잔반작업 중 1	318	4	6
https://m.cafe.naver.com/ca-fe/web/cafes/10503958/articles/259056	DSpore: 아카데미 Tiger I 초기형(내부재현형) 도색 완료	1004	27	42
https://m.cafe.naver.com/ca-fe/web/cafes/10503958/articles/259055	dnjsxn09: 1/35 M4a3 셔먼에 기관총..☆	518	1	2
https://m.cafe.naver.com/ca-fe/web/cafes/10503958/articles/259015	DORI: [작업기]1/35 K711A1 #2	559	0	13
https://m.cafe.naver.com/ca-fe/web/cafes/10503958/articles/258965	M1A2 SEP V3: 기분 도색 끝.........	363	4	3
https://m.cafe.naver.com/ca-fe/web/cafes/10503958/articles/258950	KUMAKUMA: ZVEZDA SU-100 조립	642	13	8
https://m.cafe.naver.com/ca-fe/web/cafes/10503958/articles/258945	산바람: 드래곤 4호전차 J 후기형 조립 마지막	371	10	2
https://m.cafe.naver.com/ca-fe/web/cafes/10503958/articles/258926	네모메모: [2호 전차 화력강화형...] 제작기...	314	5	6
https://m.cafe.naver.com/ca-fe/web/cafes/10503958/articles/258924	쿠마몽: 1/35 차륜형 대공포  제작기 # 2	889	10	12
https://m.cafe.naver.com/ca-fe/web/cafes/10503958/articles/258863	M1A2 SEP V3: 작업중인 M1 2대.......	448	2	6
https://m.cafe.naver.com/ca-fe/web/cafes/10503958/articles/258762	TizerOdeng: zveda 3544 인해전술에 추가투입 중 (즐맘얼힘4)	538	14	28
https://m.cafe.naver.com/ca-fe/web/cafes/10503958/articles/258709	DSpore: 아카데미 Tiger I 초기형(내부재현형) 컷어웨이	853	17	21
https://m.cafe.naver.com/ca-fe/web/cafes/10503958/articles/258702	KUMAKUMA: 1/35 Zvezda SU-100	556	8	10
https://m.cafe.naver.com/ca-fe/web/cafes/10503958/articles/258198	M1A2 SEP V3: 차기 디오라마에 올린 가시 철조망 만들어 봤습니다.	485	6	6
https://m.cafe.naver.com/ca-fe/web/cafes/10503958/articles/258169	walter1939: 타미야 is-2 제작기	360	4	1
https://m.cafe.naver.com/ca-fe/web/cafes/10503958/articles/258149	M1A2 SEP V3: 러시아 전차	524	7	3
https://m.cafe.naver.com/ca-fe/web/cafes/10503958/articles/258140	TizerOdeng: 어항에 녹조 낀 표현은 크레파스가 좋은 것 같아요 (의견피셜)	986	4	19
https://m.cafe.naver.com/ca-fe/web/cafes/10503958/articles/258123	차실장: U.S. Navy PBR 31 Mk.II PATROL BOAT RIVER PIBBER 1/35 [TAMIYA] 제작기 #01	912	26	29
https://m.cafe.naver.com/ca-fe/web/cafes/10503958/articles/258097	M1A2 SEP V3: 차기 디오라마에 사용할 나무뼈대 만들어 봤습니다	387	5	5
https://m.cafe.naver.com/ca-fe/web/cafes/10503958/articles/258073	주뇨니: 아카데미 K1A2 제작기 #1	716	7	16
https://m.cafe.naver.com/ca-fe/web/cafes/10503958/articles/257991	walter1939: 서페이서 그건 놀라운마법.../타미야 티거1 후기형 제작중입니다	443	1	4
https://m.cafe.naver.com/ca-fe/web/cafes/10503958/articles/257990	DSpore: 아카데미 Tiger I 초기형(내부재현형) 차체내부	523	15	18
https://m.cafe.naver.com/ca-fe/web/cafes/10503958/articles/257940	주말모델러: [MENG] KING TIGER PORSCHE TURRET TYPE - Weathering	515	9	10
https://m.cafe.naver.com/ca-fe/web/cafes/10503958/articles/257925	M1A2 SEP V3: 도색에 들어가기전 K2 깃발 만들어	430	2	3
https://m.cafe.naver.com/ca-fe/web/cafes/10503958/articles/257920	스고이: Academy 1/35 xk-2 blackpanther 제작기3	556	8	21
https://m.cafe.naver.com/ca-fe/web/cafes/10503958/articles/257907	수덕 김선생: 아카데미 M1151 + 레전드 사 US Crew set + 레전드사 O-GPK	578	8	16
https://m.cafe.naver.com/ca-fe/web/cafes/10503958/articles/257903	M1A2 SEP V3: 허접 베이스	234	4	1
https://m.cafe.naver.com/ca-fe/web/cafes/10503958/articles/257878	생활의지혜 CLUB S: 스탈린 중전차(JS-3M) 밀리터리 프라모델 작업기	410	7	4
https://m.cafe.naver.com/ca-fe/web/cafes/10503958/articles/257820	M1A2 SEP V3: 기본 도색 완료	410	3	1
https://m.cafe.naver.com/ca-fe/web/cafes/10503958/articles/257052	leekaav: ㅎㅎ아카데미 티거1 ㅎㅎ궤도 및 보기륜 장착!!^^	472	8	6
https://m.cafe.naver.com/ca-fe/web/cafes/10503958/articles/257003	1M: 1/35 타미야 3호전차 Ausf.N	384	5	0
https://m.cafe.naver.com/ca-fe/web/cafes/10503958/articles/257000	브란덴부르크: 히어로사 1:35 큐벨바겐 데칼및 유화 워싱	313	14	16
https://m.cafe.naver.com/ca-fe/web/cafes/10503958/articles/256939	브란덴부르크: 1:32 폴크스바겐 비틀 대전형 유화+피그먼트 더럽히기	352	6	10
https://m.cafe.naver.com/ca-fe/web/cafes/10503958/articles/256920	쿠마몽: 1/35 K600 장애물 개척 전차 제작기 # 7	452	10	14
https://m.cafe.naver.com/ca-fe/web/cafes/10503958/articles/256919	사랑해: 판다모델 m109a7 자주포 제작중	559	4	6
https://m.cafe.naver.com/ca-fe/web/cafes/10503958/articles/256916	희재: 이탈레리 M998A1 제작중입니다	353	4	2
https://m.cafe.naver.com/ca-fe/web/cafes/10503958/articles/256912	leekaav: 아카데미 티거 1 근황입니다.....ㅠㅠ	525	1	14
https://m.cafe.naver.com/ca-fe/web/cafes/10503958/articles/256909	모형광: Panzerhaubitze 2000 -06	201	3	0
https://m.cafe.naver.com/ca-fe/web/cafes/10503958/articles/256901	sh2944: KING TIGER (H) 1945 -1	244	7	2
https://m.cafe.naver.com/ca-fe/web/cafes/10503958/articles/256877	므흣1111: 트라이 1호 이틀째 만들어보았습니다	264	0	2
https://m.cafe.naver.com/ca-fe/web/cafes/10503958/articles/256869	kum4k: 유화워싱? 첫시도해봤습니다	426	3	3
https://m.cafe.naver.com/ca-fe/web/cafes/10503958/articles/256861	불다트: cv90 조립 첫번째 이야기	296	2	4
https://m.cafe.naver.com/ca-fe/web/cafes/10503958/articles/256850	kum4k: 단색이라 색감을좀 다양하게 줘보려 시도해봣습니다	187	3	4
https://m.cafe.naver.com/ca-fe/web/cafes/10503958/articles/256821	구기: German 88mm Flak 36, 18. Dragon 1/35	507	8	12
https://m.cafe.naver.com/ca-fe/web/cafes/10503958/articles/256784	므흣1111: 트라이스타 1호전차 만들고있습니다	407	6	10
https://m.cafe.naver.com/ca-fe/web/cafes/10503958/articles/256779	흥타스틱: 키네틱 US MRAP RG-31 MK.5 제작중입니다	505	4	6
https://m.cafe.naver.com/ca-fe/web/cafes/10503958/articles/256725	M1A2 SEP V3: 조립 완료했습니다.	398	6	4
https://m.cafe.naver.com/ca-fe/web/cafes/10503958/articles/256714	kum4k: M4A2 1/76 데칼 마감재작업완료햇습니다	134	0	1
https://m.cafe.naver.com/ca-fe/web/cafes/10503958/articles/256340	하얀섬: 타콤 1/72 오브젝트 279	317	3	3
https://m.cafe.naver.com/ca-fe/web/cafes/10503958/articles/256299	그림그리는기린: 아카데미 티거 찌메리트(만) 완성...	700	0	8
https://m.cafe.naver.com/ca-fe/web/cafes/10503958/articles/256291	maestro: 계란비행기F5E.....2	340	8	18
https://m.cafe.naver.com/ca-fe/web/cafes/10503958/articles/256279	쿠마몽: 1/35 K600 장애물 개척 전차 제작기 #3	600	15	15
https://m.cafe.naver.com/ca-fe/web/cafes/10503958/articles/256260	므흣1111: Marder III Ausf.H - Sd.Kfz.138 조립중입니다	321	7	6
https://m.cafe.naver.com/ca-fe/web/cafes/10503958/articles/256252	미니마린: K1A2 전차 베이스 만들기 도전!!- 07	375	7	9
https://m.cafe.naver.com/ca-fe/web/cafes/10503958/articles/256224	KUMAKUMA: JS-7 제작기	553	14	18
https://m.cafe.naver.com/ca-fe/web/cafes/10503958/articles/256161	쿠마몽: 1/35  K600 장애물 개척 전차  제작기 #2	513	11	11
https://m.cafe.naver.com/ca-fe/web/cafes/10503958/articles/256157	불다트: Sweden Strv 103c 전차 도색기 세번째 이야기	297	3	2
https://m.cafe.naver.com/ca-fe/web/cafes/10503958/articles/256101	톰켓: (Takom) Jgdpanther G1 Full interior 1	642	24	22
https://m.cafe.naver.com/ca-fe/web/cafes/10503958/articles/256085	쿠마몽: 1/35 K600 장애물 개척 전차 제작기 #1	1319	26	26
https://m.cafe.naver.com/ca-fe/web/cafes/10503958/articles/256043	sh2944: Kv-2 "The Monster" -3	259	6	4
https://m.cafe.naver.com/ca-fe/web/cafes/10503958/articles/256030	착한탱크: (두번째 디오라마)  "검문소"  제작중 #1	1021	9	16
https://m.cafe.naver.com/ca-fe/web/cafes/10503958/articles/255901	sh2944: Kv-2 "The Monster" -2	358	5	0
https://m.cafe.naver.com/ca-fe/web/cafes/10503958/articles/255883	M1A2 SEP V3: m1과 함께 올라갈 m113	499	4	8
https://m.cafe.naver.com/ca-fe/web/cafes/10503958/articles/255879	예쁜반달여우아빠: 티삼사 디오라마 제작기~~	608	15	22
https://m.cafe.naver.com/ca-fe/web/cafes/10503958/articles/255275	불다트: Sweden Strv 103c 전차	426	3	6
https://m.cafe.naver.com/ca-fe/web/cafes/10503958/articles/255200	불다트: T-62 마지막 이야기	463	14	14
https://m.cafe.naver.com/ca-fe/web/cafes/10503958/articles/255171	바스틸79: 1/35 무선조종 프로젝트 6호 전차 티거II-2	487	13	6
https://m.cafe.naver.com/ca-fe/web/cafes/10503958/articles/255169	바당: 도색은 못 하고 조립만..	516	7	12
https://m.cafe.naver.com/ca-fe/web/cafes/10503958/articles/255150	흥타스틱: AFV HUSKY MK3 제작중입니다!	425	3	8
https://m.cafe.naver.com/ca-fe/web/cafes/10503958/articles/255131	jamesjc: 레벨 1/76 베스페	407	8	11
https://m.cafe.naver.com/ca-fe/web/cafes/10503958/articles/255110	사랑해: Meng pzh2000 add-on armor 조립중	340	2	1
https://m.cafe.naver.com/ca-fe/web/cafes/10503958/articles/255091	msgteum: K511A1 제작기	848	11	26
https://m.cafe.naver.com/ca-fe/web/cafes/10503958/articles/255078	Travelmate: 하비보스 타이거 II 조립완료	637	5	9
https://m.cafe.naver.com/ca-fe/web/cafes/10503958/articles/254980	초코파이: K2흑표전차 왕초보 도전기! -2	695	6	5
https://m.cafe.naver.com/ca-fe/web/cafes/10503958/articles/254979	흑담: 다섯번째 디오라마 제작기 Part.3	870	23	53
https://m.cafe.naver.com/ca-fe/web/cafes/10503958/articles/254890	불다트: t-62 네번째 이야기	217	5	10
https://m.cafe.naver.com/ca-fe/web/cafes/10503958/articles/254862	초코파이: 완전 초보의 밀리터리프라 첫 도전입니다~!	426	7	6
https://m.cafe.naver.com/ca-fe/web/cafes/10503958/articles/254853	곰프밀리터리: 베트남전 특수부대 제작기	660	26	20
https://m.cafe.naver.com/ca-fe/web/cafes/10503958/articles/254827	바이리19: HEMTT장갑	412	3	1
https://m.cafe.naver.com/ca-fe/web/cafes/10503958/articles/254807	곰프밀리터리: 베트남 '정글 페트롤' 제작기	415	5	6
https://m.cafe.naver.com/ca-fe/web/cafes/10503958/articles/254806	곰프밀리터리: M113 VIETNAM 제작기	490	23	14
https://m.cafe.naver.com/ca-fe/web/cafes/10503958/articles/254791	baedical: 불면증 시간 보내기 위한 4호전차 조립	561	4	2
https://m.cafe.naver.com/ca-fe/web/cafes/10503958/articles/254755	불다트: t-62 세번째 이야기	364	8	14
https://m.cafe.naver.com/ca-fe/web/cafes/10503958/articles/254013	구기: Panther G	494	18	12
https://m.cafe.naver.com/ca-fe/web/cafes/10503958/articles/253995	혼종밀덕: 초보의 T-34/85 동계버젼 제작기 2편(차체 상부!)	300	3	0
https://m.cafe.naver.com/ca-fe/web/cafes/10503958/articles/253967	불다트: T-62	251	3	2
https://m.cafe.naver.com/ca-fe/web/cafes/10503958/articles/253951	dyd: M1120(사드) 제작기 - 2	394	5	8
https://m.cafe.naver.com/ca-fe/web/cafes/10503958/articles/253934	수전증모델러: 1/35 ICM Model T 1917 -2.[제작기,완성]	194	6	0
https://m.cafe.naver.com/ca-fe/web/cafes/10503958/articles/253919	혼종밀덕: 초보의 T-34/85 동계위장 간편하게 만들기 1편(치핑)	355	2	4
https://m.cafe.naver.com/ca-fe/web/cafes/10503958/articles/253874	designpower: 프라모델 제작 도색중 AAVP-7A1 / PANTHER / BMP-3	504	5	4
https://m.cafe.naver.com/ca-fe/web/cafes/10503958/articles/253845	늑대수컷: 1/35 [Amusing Hobby] E-100	540	5	4
https://m.cafe.naver.com/ca-fe/web/cafes/10503958/articles/253835	쿠마몽: 1/35 M109A7	879	8	6
https://m.cafe.naver.com/ca-fe/web/cafes/10503958/articles/253826	제국: KV-1 독일군 운용형	358	1	2
https://m.cafe.naver.com/ca-fe/web/cafes/10503958/articles/253743	구기: 1/35 German Schwimmwagen	436	9	10
https://m.cafe.naver.com/ca-fe/web/cafes/10503958/articles/253692	불다트: 중단 되었던 작업을 시작 하였습니다.	579	2	14
https://m.cafe.naver.com/ca-fe/web/cafes/10503958/articles/253690	AK47: 디코퍼레이션M4A3E8	571	3	4
https://m.cafe.naver.com/ca-fe/web/cafes/10503958/articles/253660	흑담: 다섯번째 디오라마 제작기 No. 1	1015	27	29
https://m.cafe.naver.com/ca-fe/web/cafes/10503958/articles/253659	바브리언: British M3 STUART HONEY 제작(4)	449	6	11
https://m.cafe.naver.com/ca-fe/web/cafes/10503958/articles/253609	바브리언: British M3 STUART HONEY 제작(3)	346	7	4
https://m.cafe.naver.com/ca-fe/web/cafes/10503958/articles/253608	AK47: 아카데미K1A2전차	613	6	5
https://m.cafe.naver.com/ca-fe/web/cafes/10503958/articles/253587	정아인파파: (타미야)1/16 레오파드1 A4(and A5)디테일 작업 중.^^	675	7	18
https://m.cafe.naver.com/ca-fe/web/cafes/10503958/articles/253562	바브리언: British M3 STUART HONEY  제작(2)	442	7	2
https://m.cafe.naver.com/ca-fe/web/cafes/10503958/articles/252920	모형광: 1/35 TYPE 10 TANK  01	382	0	5
https://m.cafe.naver.com/ca-fe/web/cafes/10503958/articles/252890	가조립퍼: takom 1/35 T34/30	438	0	5
https://m.cafe.naver.com/ca-fe/web/cafes/10503958/articles/252824	생활의지혜 CLUB S: 독일군 티거전차(tiger1 tank) 작업기	431	1	16
https://m.cafe.naver.com/ca-fe/web/cafes/10503958/articles/252787	baedical: 갖고 놀려고 조립해 보았습니다	688	1	19
https://m.cafe.naver.com/ca-fe/web/cafes/10503958/articles/252711	칭밍티엔: 타미아 Tiran-5	554	1	12
https://m.cafe.naver.com/ca-fe/web/cafes/10503958/articles/252688	183Factory: Academy 1/35 KingTiger 제작기 - 3	388	0	10
https://m.cafe.naver.com/ca-fe/web/cafes/10503958/articles/252672	구른담: 1/35 요동포탑 셔먼(M4A1 w/FL-10) 04.포탑 수선 및 디테일 작업	274	0	7
https://m.cafe.naver.com/ca-fe/web/cafes/10503958/articles/252088	람모: 타미야 1/35 킹타이거 아르덴 전선 박스오픈	586	0	14
https://m.cafe.naver.com/ca-fe/web/cafes/10503958/articles/252085	designpower: 프라모델 제작 작업중 조립 GERMAN PANTHER TYPE G	327	0	0
https://m.cafe.naver.com/ca-fe/web/cafes/10503958/articles/252014	구른담: 1/35 요동포탑 셔먼(M4A1 w/FL-10) 02.차체 엔진부 상판 개조	193	0	2
https://m.cafe.naver.com/ca-fe/web/cafes/10503958/articles/252013	구른담: 1/35 요동포탑 셔먼(M4A1 w/FL-10) 01.포탑링 자작 및 차체 상부 개조	340	0	5
https://m.cafe.naver.com/ca-fe/web/cafes/10503958/articles/251944	람모: 드래곤 1/35 포르쉐 킹 타이거 찌메리트버전 2in1 조립시작	411	0	14
https://m.cafe.naver.com/ca-fe/web/cafes/10503958/articles/251926	밀레니엄: [AFV} 1/6 U.S. 1/4 Ton 4x4 Truck 제작기	424	0	16
https://m.cafe.naver.com/ca-fe/web/cafes/10503958/articles/251799	sh2944: Flak panzer GEPARD 보수 및 부분 재도색 작업기	196	0	8
https://m.cafe.naver.com/ca-fe/web/cafes/10503958/articles/250964	람모: 1/35 BMP-3 조립완료	366	2	8
https://m.cafe.naver.com/ca-fe/web/cafes/10503958/articles/250920	람모: 1/35 BMP-3 차체조립끝, 포탑조립 시작	280	2	8
https://m.cafe.naver.com/ca-fe/web/cafes/10503958/articles/250839	람모: 1/35 BMP-3 연결식트랙 조립 및 차체완성	309	3	11
https://m.cafe.naver.com/ca-fe/web/cafes/10503958/articles/250222	톰켓: (RFM) Tiger Mid Production- Full interior 작업기 01	434	1	14
https://m.cafe.naver.com/ca-fe/web/cafes/10503958/articles/250157	람모: 1/16 타이거 중기형 조립 끝	414	0	17
https://m.cafe.naver.com/ca-fe/web/cafes/10503958/articles/250119	칭밍티엔: 미니아트 건물 + 타콤 M3 공정전차 + 타미아 골리앗 + 기타 잡다	640	0	14
https://m.cafe.naver.com/ca-fe/web/cafes/10503958/articles/250070	람모: 1/16 타이거 중기형 트랙 조립	295	0	4
https://m.cafe.naver.com/ca-fe/web/cafes/10503958/articles/250060	RUSHK: 1/16 HENG LONG  PANTHER TYPE G Tank Repainting (1/16 헝롱 판터 전차 재도색)	366	0	3
https://m.cafe.naver.com/ca-fe/web/cafes/10503958/articles/250022	람모: 1/16 타이거 중기형 휠 축 조립 (악전고투)	363	0	15
https://m.cafe.naver.com/ca-fe/web/cafes/10503958/articles/250020	바람지기: [AFV제작] tiger 1 late : (5) 기본도색 및 웨더링 (이탈레리 킷)	313	0	7
https://m.cafe.naver.com/ca-fe/web/cafes/10503958/articles/249963	람모: 하비보스 1/16 타이거 중기형 박스오픈 및 휠 조립	440	0	19
https://m.cafe.naver.com/ca-fe/web/cafes/10503958/articles/249283	designpower: 프라모델 제작 조립중  King Tiger	662	0	5
https://m.cafe.naver.com/ca-fe/web/cafes/10503958/articles/249168	람모: 1/16 4호전차 포신조립 ①	282	0	9
https://m.cafe.naver.com/ca-fe/web/cafes/10503958/articles/249055	람모: 1/16 4호전차 쉬르첸 장착 및 차체 조립 끝	287	0	20
https://m.cafe.naver.com/ca-fe/web/cafes/10503958/articles/248878	타냥: 1/35 Leopard 2 a7 (2)	465	0	6
https://m.cafe.naver.com/ca-fe/web/cafes/10503958/articles/248328	커은담: Dragon 1/72 m2a2w/ERA	265	1	5
https://m.cafe.naver.com/ca-fe/web/cafes/10503958/articles/248280	날아라한우: 아탈레리 스태그 하운드	432	0	5
https://m.cafe.naver.com/ca-fe/web/cafes/10503958/articles/248141	람모: 1/16 4호전차 캐터필러 조립	402	0	9
https://m.cafe.naver.com/ca-fe/web/cafes/10503958/articles/247955	Bernhard Schmidt: Takom 1/35 Leopard C2 Mexas Part.3	217	0	2
https://m.cafe.naver.com/ca-fe/web/cafes/10503958/articles/247954	Bernhard Schmidt: Takom 1/35 Leopard C2 Mexas Part.2	141	0	4
https://m.cafe.naver.com/ca-fe/web/cafes/10503958/articles/247953	Bernhard Schmidt: Takom 1/35 Leopard C2 Mexas Part.1	125	0	3
https://m.cafe.naver.com/ca-fe/web/cafes/10503958/articles/247935	바이리19: 1/35 Mk.23 MTVR 카고트럭	339	0	4
https://m.cafe.naver.com/ca-fe/web/cafes/10503958/articles/247919	RUSHK: 1:16 Tiger Tank 리페인팅 작업 (heng long 헝롱탱크)	416	0	7
https://m.cafe.naver.com/ca-fe/web/cafes/10503958/articles/247909	람모: 1/16 4호전차 전면부 장갑 부착, 보조트랙 조립	320	0	15
https://m.cafe.naver.com/ca-fe/web/cafes/10503958/articles/247334	람모: 1/16 4호전차 리어패널 조립	398	0	9
https://m.cafe.naver.com/ca-fe/web/cafes/10503958/articles/247206	designpower: JAGDPANTHER Late Version 프라모델 제작중 조립	391	0	4
https://m.cafe.naver.com/ca-fe/web/cafes/10503958/articles/247169	노커트: 하비보스 1/35 중국군 ZTZ 99A 전차 제작 03번 끝!	433	0	10
https://m.cafe.naver.com/ca-fe/web/cafes/10503958/articles/247042	산바람: 1/16 RC king tiger 작업중	306	0	7
https://m.cafe.naver.com/ca-fe/web/cafes/10503958/articles/247041	designpower: M548A1 제작중 조립	453	0	7
https://m.cafe.naver.com/ca-fe/web/cafes/10503958/articles/246536	람모: 1/16 4호전차 J형, 시작은 런너확인 및 배치부터	295	0	15
https://m.cafe.naver.com/ca-fe/web/cafes/10503958/articles/246520	nut200: USSR T-34/76 "no 183 factory product" #3	367	0	10
https://m.cafe.naver.com/ca-fe/web/cafes/10503958/articles/246460	피아노맨70: [AFV제작기] 프로잭트 Czterej pancerni i pies (weathering 完)	301	0	6
https://m.cafe.naver.com/ca-fe/web/cafes/10503958/articles/246339	nut200: USSR T-34/76 "no 183 factory product" #2	267	0	6
https://m.cafe.naver.com/ca-fe/web/cafes/10503958/articles/246285	designpower: AAVP-7A1 w/EAAK 작업중	415	1	2
https://m.cafe.naver.com/ca-fe/web/cafes/10503958/articles/245469	designpower: Panther Ausf.G 제작중	287	0	0
https://m.cafe.naver.com/ca-fe/web/cafes/10503958/articles/245138	산바람: 이라크전 디오라마 #1	626	1	35
https://m.cafe.naver.com/ca-fe/web/cafes/10503958/articles/245059	sh2944: trumpeter KV-2 -1	301	0	5
https://m.cafe.naver.com/ca-fe/web/cafes/10503958/articles/245058	sh2944: Ka, Boom!! -1	252	0	1
https://m.cafe.naver.com/ca-fe/web/cafes/10503958/articles/245033	designpower: K2 흑표전차 제작중 조립	641	0	8
https://m.cafe.naver.com/ca-fe/web/cafes/10503958/articles/244989	designpower: M4A3E8 SHERMAN 프라모델 제작중 조립	404	0	0
https://m.cafe.naver.com/ca-fe/web/cafes/10503958/articles/244522	도리냥: [작업기]1/35 K55A1 (R.O.K.Army Ver) 제작기1	578	0	14
https://m.cafe.naver.com/ca-fe/web/cafes/10503958/articles/244419	산바람: T-34/76 디오라마 제작 #8	675	0	10
https://m.cafe.naver.com/ca-fe/web/cafes/10503958/articles/244406	wooz: MENG WWT 001 티거1	527	0	6
https://m.cafe.naver.com/ca-fe/web/cafes/10503958/articles/244355	칭밍티엔: 드레곤 헌팅 타이거  막바지.	434	0	10
https://m.cafe.naver.com/ca-fe/web/cafes/10503958/articles/244248	야보르: [TAMIYA] 1/35 M4A3E8 한국전 셔먼	782	0	11
https://m.cafe.naver.com/ca-fe/web/cafes/10503958/articles/243459	덴마크커피: 퓨리 & 티거 #2	507	0	4
https://m.cafe.naver.com/ca-fe/web/cafes/10503958/articles/243388	덴마크커피: 퓨리 & 티거 #1	674	0	13
https://m.cafe.naver.com/ca-fe/web/cafes/10503958/articles/243377	산바람: T-34/76 디오라마 제작 #6	411	0	9
https://m.cafe.naver.com/ca-fe/web/cafes/10503958/articles/243292	sh2944: K2 흑표 TUSK2 패널 장착버전-3	476	0	9
https://m.cafe.naver.com/ca-fe/web/cafes/10503958/articles/243223	날아라한우: 타미야 sas jeep 조립	474	0	2
https://m.cafe.naver.com/ca-fe/web/cafes/10503958/articles/243167	모형광: 1/35 A-222 BEREG - 11	486	0	6
https://m.cafe.naver.com/ca-fe/web/cafes/10503958/articles/242353	sh2944: TIGER ver Fehrmann- enemy fornt in 디오라마 제작기 2	256	0	2
https://m.cafe.naver.com/ca-fe/web/cafes/10503958/articles/242217	백면서생: Leopard2 _ 04	316	0	6
https://m.cafe.naver.com/ca-fe/web/cafes/10503958/articles/242157	TRUENO: 타미야 호르히 수송차 (구금형의 딜레마)	667	0	9
https://m.cafe.naver.com/ca-fe/web/cafes/10503958/articles/242104	모형광: 1/35 A-222 BEREG - 8	317	0	2
https://m.cafe.naver.com/ca-fe/web/cafes/10503958/articles/242065	산바람: T-34/76 디오라마 제작 #3	454	0	5
https://m.cafe.naver.com/ca-fe/web/cafes/10503958/articles/242044	오리군: Modelcollect 1/72 T-72B3 victory parade ver. 기본도색 완료	348	0	3
https://m.cafe.naver.com/ca-fe/web/cafes/10503958/articles/241982	sh2944: TIGER ver Fehrmann- enemy fornt in 디오라마 제작기 1	377	0	6
https://m.cafe.naver.com/ca-fe/web/cafes/10503958/articles/241316	sh2944: 생쥐전차 마우스 비넷 -1	357	0	7
https://m.cafe.naver.com/ca-fe/web/cafes/10503958/articles/241312	모형광: 1/35 A-222 BEREG - 6	279	0	6
https://m.cafe.naver.com/ca-fe/web/cafes/10503958/articles/241298	designpower: [TRUMPETER]  Russian BMP-3 작업중	470	0	0
https://m.cafe.naver.com/ca-fe/web/cafes/10503958/articles/241240	바비킴이밥익힘: 피그먼트를 이용한 간단한 웨더링	991	4	6
https://m.cafe.naver.com/ca-fe/web/cafes/10503958/articles/241227	갓댐타이거: 디오라마 한번 만들어 봅니다 허접하지만. . .	403	0	6
https://m.cafe.naver.com/ca-fe/web/cafes/10503958/articles/241186	가조립퍼: 1/72 Pz Kpfw VI 88mm	319	0	1
https://m.cafe.naver.com/ca-fe/web/cafes/10503958/articles/241128	건우2: AAVP-7A1 내부제작중	615	2	8
https://m.cafe.naver.com/ca-fe/web/cafes/10503958/articles/240672	야보르: M4A3E8 Korean War 중간 보고	762	3	9
https://m.cafe.naver.com/ca-fe/web/cafes/10503958/articles/240671	야보르: StuG III 진행중...	590	0	13
https://m.cafe.naver.com/ca-fe/web/cafes/10503958/articles/240664	오텍: German Schwimmwagen - 작업기#2	403	0	9
https://m.cafe.naver.com/ca-fe/web/cafes/10503958/articles/240604	가조립퍼: 즈베즈다 1/72 T14 아르마타 작업중.	345	0	2
https://m.cafe.naver.com/ca-fe/web/cafes/10503958/articles/240603	nausia: 아카데미 M1151 험비	1019	1	26
https://m.cafe.naver.com/ca-fe/web/cafes/10503958/articles/240559	designpower: M48A3 PATTON 제작중 조립	593	0	0
https://m.cafe.naver.com/ca-fe/web/cafes/10503958/articles/240466	사일라: 1/35, 1/48 K9자주포 제작중...	467	0	6
https://m.cafe.naver.com/ca-fe/web/cafes/10503958/articles/240459	가조립퍼: 즈베즈다 1/72 T90 95% 완성 입니다.	346	0	5
https://m.cafe.naver.com/ca-fe/web/cafes/10503958/articles/240453	Night Fury: [AFV 제작기] 1/35 아카데미 "38T 헤쳐" 조립 완성 및 비교..	452	1	14
https://m.cafe.naver.com/ca-fe/web/cafes/10503958/articles/239922	차실장: GTK Boxer sgSanKfz [Revell] 제작기 #01	538	1	14
https://m.cafe.naver.com/ca-fe/web/cafes/10503958/articles/239820	차실장: M3 LEE Early 제작기 #04	504	0	10
https://m.cafe.naver.com/ca-fe/web/cafes/10503958/articles/239776	sh2944: Tiger-1 Ver MID-3	373	0	3
https://m.cafe.naver.com/ca-fe/web/cafes/10503958/articles/239774	sh2944: 1/35 JSU-152 (Dragon)-2	327	0	5
https://m.cafe.naver.com/ca-fe/web/cafes/10503958/articles/239767	벼리: 1/35 타미야 stug.3 호!! 일명 돌격포... 작업기06	317	0	11
https://m.cafe.naver.com/ca-fe/web/cafes/10503958/articles/239406	프라전차: 1/48 타미야 킹타이거 제작기 (2)	235	0	4
https://m.cafe.naver.com/ca-fe/web/cafes/10503958/articles/239078	모형광: 1/35 A-222 BEREG - 2	306	0	8
https://m.cafe.naver.com/ca-fe/web/cafes/10503958/articles/239010	모 아니면 도: 스웨덴 보병전투차 CV9040B	495	0	14
https://m.cafe.naver.com/ca-fe/web/cafes/10503958/articles/238984	파즈: 아카데미 신제품 1/35 판터G 제작기01	1445	0	32
https://m.cafe.naver.com/ca-fe/web/cafes/10503958/articles/238489	sh2944: T-34/76  Ver.1942-1	454	0	4
https://m.cafe.naver.com/ca-fe/web/cafes/10503958/articles/238377	RUSHK: 1:16 Heng Long RC Tiger Tank 리패인팅 제작기 -- PART 1	604	0	10
https://m.cafe.naver.com/ca-fe/web/cafes/10503958/articles/238289	야보르: 셔먼, 3돌 진행중	564	0	16
https://m.cafe.naver.com/ca-fe/web/cafes/10503958/articles/238254	차실장: M3 LEE [TAKOM] 1/35 제작기 #02	1208	0	30
https://m.cafe.naver.com/ca-fe/web/cafes/10503958/articles/238129	노보트니: 1/35 Meng Russian GAZ 233115 SPN SPV 'Tiger-M'	506	0	10
https://m.cafe.naver.com/ca-fe/web/cafes/10503958/articles/237165	designpower: [ACADEMY] German Tiger-I 제작중 조립	518	0	4
https://m.cafe.naver.com/ca-fe/web/cafes/10503958/articles/237142	야보르: M1A2 페이딩 적용	652	1	3
https://m.cafe.naver.com/ca-fe/web/cafes/10503958/articles/237140	날아라한우: 아카데미 스튜어트 3	377	0	0
https://m.cafe.naver.com/ca-fe/web/cafes/10503958/articles/237139	날아라한우: 아카데미 스튜어트 2	259	0	4
https://m.cafe.naver.com/ca-fe/web/cafes/10503958/articles/237042	날아라한우: 아카데미 스튜어트	331	0	2
https://m.cafe.naver.com/ca-fe/web/cafes/10503958/articles/236911	칭밍티엔: [나팔수 : Soviet 2A3 Kondensator 20 406mm SPH] - > 간단하게 대구경 자주포	730	0	19
https://m.cafe.naver.com/ca-fe/web/cafes/10503958/articles/236893	스고이: [Meng]1/35 T-90 제작기2.	460	0	3
https://m.cafe.naver.com/ca-fe/web/cafes/10503958/articles/236079	구른담: 파인몰드 1/72 오이 초중전차 #01	279	0	2
https://m.cafe.naver.com/ca-fe/web/cafes/10503958/articles/235007	야보르: Pz.kpfw.I Ausf.A	510	0	7
https://m.cafe.naver.com/ca-fe/web/cafes/10503958/articles/234992	산바람: M1A2 / M2A3 작업중	230	0	0
https://m.cafe.naver.com/ca-fe/web/cafes/10503958/articles/233898	모형광: M1A2 V2 - 3	616	0	10
https://m.cafe.naver.com/ca-fe/web/cafes/10503958/articles/233763	풍림화산: TAMIYA(타미야) British Infantry Tank Matilda Mk.III / IV 35300  영국군 보병전차 마틸다2 NO.300/35300 조립중	340	1	4
https://m.cafe.naver.com/ca-fe/web/cafes/10503958/articles/233739	junmyo: [BRONCO] 1/35 M1114 Up-Armored Tactical Vehicle 제작기 #1	415	0	4
https://m.cafe.naver.com/ca-fe/web/cafes/10503958/articles/233714	풍림화산: 타미야(TAMIYA) 1/35 German Panzerkampfwagen 독일군 3호전차, 4호전차 3호 돌격포 비교샷	425	0	6
https://m.cafe.naver.com/ca-fe/web/cafes/10503958/articles/233687	야보르: T-34/76 ~ing 도색중..	569	0	24
https://m.cafe.naver.com/ca-fe/web/cafes/10503958/articles/233594	스고이: [트럼페터]1/35 SAM-6 제작기.	353	0	3
https://m.cafe.naver.com/ca-fe/web/cafes/10503958/articles/233584	sh2944: Tiger-1 Ver MID(부제:배기구에서 배기가스가 나오도록 재현해보자!)-1	390	0	8
https://m.cafe.naver.com/ca-fe/web/cafes/10503958/articles/233519	모형광: M1A2 V2 - 2	563	0	4
https://m.cafe.naver.com/ca-fe/web/cafes/10503958/articles/232808	Night Fury: [AFV 제작기] 네번째 E-100(드래곤 마우스터렛) 제작중 + 트럼페터 야이백 근황..	368	1	6
https://m.cafe.naver.com/ca-fe/web/cafes/10503958/articles/232728	차실장: M1126 STRYKER 1/35 [아카데미(AFV CLUB 재포장)] 제작기 #02 조립	780	0	16
https://m.cafe.naver.com/ca-fe/web/cafes/10503958/articles/232714	junmyo: [ZVEZDA] 1/35 Russian 152mm Self-Propelled Howitzer MSTA-S (2S19) 제작기 #1	351	0	10
https://m.cafe.naver.com/ca-fe/web/cafes/10503958/articles/232653	프라전차: 1/48 타미야 킹타이거 제작기 (1)	482	0	2
https://m.cafe.naver.com/ca-fe/web/cafes/10503958/articles/232557	차실장: M1126 STRYKER 1/35 [아카데미(AFV CLUB 재포장)] 제작기 #01 조립	848	0	25
https://m.cafe.naver.com/ca-fe/web/cafes/10503958/articles/232546	야보르: Panzerwerfer 42 조립중..	596	0	5
https://m.cafe.naver.com/ca-fe/web/cafes/10503958/articles/231665	생활의지혜 CLUB S: 이라크 전차 디오라마 작업기	643	0	31
https://m.cafe.naver.com/ca-fe/web/cafes/10503958/articles/231659	Night Fury: [AFV 제작기] 트럼페터 야크트팬저 E-100 제작중..90%	369	0	6
https://m.cafe.naver.com/ca-fe/web/cafes/10503958/articles/231559	차실장: BMW R75 with Sidecar 1/35 [ITALERI]	669	0	28
https://m.cafe.naver.com/ca-fe/web/cafes/10503958/articles/231257	junmyo: [TRUMPETER] 1/35 M142 HIMARS (High Mobility Artillery Rocket System) 제작기 #2	417	0	5
https://m.cafe.naver.com/ca-fe/web/cafes/10503958/articles/231253	구른담: 아카데미 1/72 Me163B/S 코메트 #3	258	0	16
https://m.cafe.naver.com/ca-fe/web/cafes/10503958/articles/230633	스고이: [아카데미]1/35 t-34/76 Pskov, Recovered in 2006 제작기 #1.	319	0	10
https://m.cafe.naver.com/ca-fe/web/cafes/10503958/articles/230486	RUSHK: M1A2 에이브람스 1/16 HengLong RC 전차 리페인팅 작품 - 1일차	526	1	9
https://m.cafe.naver.com/ca-fe/web/cafes/10503958/articles/230386	햄버거: [TAMIYA] 판터 G 후기형 제작기	508	0	6
https://m.cafe.naver.com/ca-fe/web/cafes/10503958/articles/229750	designpower: [ACADEMY] K2 & K511A1 1/35 작업중	661	0	4
https://m.cafe.naver.com/ca-fe/web/cafes/10503958/articles/229714	김꽃내: 1/72 나팔수(트럼페터/Trumpeter) T26E3 재도색	239	0	1
https://m.cafe.naver.com/ca-fe/web/cafes/10503958/articles/229666	junmyo: [TRUMPETER] 1/35 THAAD (Terminal High Altitude Area Defence) 제작기 #5	344	0	9
https://m.cafe.naver.com/ca-fe/web/cafes/10503958/articles/229623	햄버거: [DRAGON] 판터 A 후기형 제작 Pt.01	554	0	4
https://m.cafe.naver.com/ca-fe/web/cafes/10503958/articles/229618	야보르: T-34/76 조립	527	0	20
https://m.cafe.naver.com/ca-fe/web/cafes/10503958/articles/228980	모형광: 1/35 M109A6 PALADIN-1	731	0	32
https://m.cafe.naver.com/ca-fe/web/cafes/10503958/articles/228950	차실장: M113A1 1/35 [아카데미] 제작기 #04 마무리	1144	1	25
https://m.cafe.naver.com/ca-fe/web/cafes/10503958/articles/228916	도연이아빠: 출장때 연습한 M5A1입니다 ㅋㅋ	461	0	11
https://m.cafe.naver.com/ca-fe/web/cafes/10503958/articles/228902	nausia: 비넷 <노르망디 탈출> - 베이스 제작기	741	3	50
https://m.cafe.naver.com/ca-fe/web/cafes/10503958/articles/228759	생활의지혜 CLUB S: 1/35 6호 B형 킹타이거 전차(king tiger tank)	635	0	18
https://m.cafe.naver.com/ca-fe/web/cafes/10503958/articles/228211	junmyo: [TRUMPETER] 1/35 THAAD (Terminal High Altitude Area Defence) 제작기 #3	301	0	2
https://m.cafe.naver.com/ca-fe/web/cafes/10503958/articles/228157	햄버거: [DRAGON] 판터 A 초기형 제작 Pt.01	430	0	6
https://m.cafe.naver.com/ca-fe/web/cafes/10503958/articles/227924	산바람: [1/35]Luchs 비넷 제작중#2	399	0	3
https://m.cafe.naver.com/ca-fe/web/cafes/10503958/articles/227891	산바람: 1/35 Luchs 비넷 제작중	388	0	9
https://m.cafe.naver.com/ca-fe/web/cafes/10503958/articles/227804	junmyo: [TRUMPETER] 1/35 THAAD (Terminal High Altitude Area Defence) 제작기 #2	342	0	7
https://m.cafe.naver.com/ca-fe/web/cafes/10503958/articles/227190	차실장: M113A1 1/35 [아카데미] 제작기 #01	1159	2	36
https://m.cafe.naver.com/ca-fe/web/cafes/10503958/articles/227185	artmong: ACADEMY] M4A3	486	0	9
https://m.cafe.naver.com/ca-fe/web/cafes/10503958/articles/227170	오텍: 아카데미 독일 전차 leopard 2A6 작업기 #1	499	0	8
https://m.cafe.naver.com/ca-fe/web/cafes/10503958/articles/227105	junmyo: [ACADEMY] 1/35 U.S ARMY M1A2 V2 TUSK2 제작기 #1	417	0	4
https://m.cafe.naver.com/ca-fe/web/cafes/10503958/articles/227017	야보르: King Tiger	736	0	15
https://m.cafe.naver.com/ca-fe/web/cafes/10503958/articles/226239	칭밍티엔: 가성비 高 - 하비보스(나팔수) 킹타이거	1172	0	27
https://m.cafe.naver.com/ca-fe/web/cafes/10503958/articles/226238	도연이아빠: MENG WWT  셔먼 도색 #1	463	0	3
https://m.cafe.naver.com/ca-fe/web/cafes/10503958/articles/226237	칭밍티엔: 아카데미 K2 (무당벌레 버젼)	787	0	12
https://m.cafe.naver.com/ca-fe/web/cafes/10503958/articles/226228	구른담: 이탈레리 1/35 Autoblinda AB40 ~Ragazza e Autoblinda~ #05	152	0	4
https://m.cafe.naver.com/ca-fe/web/cafes/10503958/articles/226207	차실장: M4A1 Sherman 1/72 [ITALERI] #01 조립	725	1	27
https://m.cafe.naver.com/ca-fe/web/cafes/10503958/articles/226137	도연이아빠: WWT  꼬마 전차들. .	347	0	6
https://m.cafe.naver.com/ca-fe/web/cafes/10503958/articles/226072	차실장: Pz.Kpfw.I Ausf.A 1/35 [DRAGON] 제작기 #02 도색	615	1	15
https://m.cafe.naver.com/ca-fe/web/cafes/10503958/articles/226060	HANJIN GTC: 드디어 완성했습니다.	662	0	15
https://m.cafe.naver.com/ca-fe/web/cafes/10503958/articles/225908	구른담: 이탈레리 1/35 Autoblinda AB40 ~Ragazza e Autoblinda~ #04	308	0	0
https://m.cafe.naver.com/ca-fe/web/cafes/10503958/articles/225468	차실장: LVTP-7 R.O.K. Marine Corps [아카데미] 제작기 #05 마무리	829	1	19
https://m.cafe.naver.com/ca-fe/web/cafes/10503958/articles/225369	차실장: LVTP-7 R.O.K. Marine Corps [아카데미] 제작기 #04 웨더링	1141	2	19
https://m.cafe.naver.com/ca-fe/web/cafes/10503958/articles/225273	도연이아빠: 건프라 전문 모형인의 세번째 밀리터리 도전 웨더링 다운 웨더링을  해보고 싶다 #3	412	0	4
https://m.cafe.naver.com/ca-fe/web/cafes/10503958/articles/225225	designpower: German 12.8cm Selbstfahrlafette L/61 "STURER EMIL" 조립	463	0	6
https://m.cafe.naver.com/ca-fe/web/cafes/10503958/articles/225064	도연이아빠: 건프라 전문 모형인의 세번째 밀리터리 도전 웨더링 다운 웨더링을  해보고 싶다 #2	287	0	0
https://m.cafe.naver.com/ca-fe/web/cafes/10503958/articles/224951	차실장: LVTP-7 R.O.K. Marine Corps [아카데미] 제작기 #03 도색	1494	2	38
https://m.cafe.naver.com/ca-fe/web/cafes/10503958/articles/224374	마미손: US M4 Sherman(Early Prod)디오라마 제작기 #2	757	0	16
https://m.cafe.naver.com/ca-fe/web/cafes/10503958/articles/224352	칭밍티엔: 아카데미 K2 흑표, 맘대로 도색.	1223	0	13
https://m.cafe.naver.com/ca-fe/web/cafes/10503958/articles/224343	junmyo: [TRUMPETER] 1/35 BMP-3 (UAE) w/ERA 제작기 #2	362	0	4
https://m.cafe.naver.com/ca-fe/web/cafes/10503958/articles/224158	사드러지다: 1/35 BT-42 케이조쿠 고교 버전 제작기	555	0	21
https://m.cafe.naver.com/ca-fe/web/cafes/10503958/articles/224059	가난한 모델러: M1A2 ABRAMS V2 U.S.ARMY 1/35 (ACADEMY) - [3.완성]	639	0	6
https://m.cafe.naver.com/ca-fe/web/cafes/10503958/articles/224058	가난한 모델러: M1A2 ABRAMS V2 U.S.ARMY 1/35 (ACADEMY) - [2.도색]	403	1	1
https://m.cafe.naver.com/ca-fe/web/cafes/10503958/articles/224057	가난한 모델러: M1A2 ABRAMS V2 U.S.ARMY 1/35 (ACADEMY) - [1.조립]	361	1	1
https://m.cafe.naver.com/ca-fe/web/cafes/10503958/articles/224047	생활의지혜 CLUB S: 독일 4호 전차(Panzer IV) 작업기 1탄	427	0	12
https://m.cafe.naver.com/ca-fe/web/cafes/10503958/articles/224042	산바람: M1A2 Tusk2 도색중(웨더링#1)	473	0	4
https://m.cafe.naver.com/ca-fe/web/cafes/10503958/articles/224034	마미손: US M4 Sherman(Early Prod)디오라마 제작기 #1	415	0	5
https://m.cafe.naver.com/ca-fe/web/cafes/10503958/articles/224011	도연이아빠: 후지미 1/76 독일  3호 돌격전차 #2	313	0	8
https://m.cafe.naver.com/ca-fe/web/cafes/10503958/articles/223278	구른담: 아카데미(AFVCLUB) 1/35 M41A3 워커불독 경전차 #03	300	0	2
https://m.cafe.naver.com/ca-fe/web/cafes/10503958/articles/223223	구른담: 아카데미(AFVCLUB) 1/35 M41A3 워커불독 경전차 #02	334	0	6
https://m.cafe.naver.com/ca-fe/web/cafes/10503958/articles/223222	구른담: 아카데미(AFVCLUB) 1/35 M41A3 워커불독 경전차 #01	253	0	4
https://m.cafe.naver.com/ca-fe/web/cafes/10503958/articles/223131	차실장: T-34 85 No112 Factory Production [아카데미] 1/35 제작기 #02	833	0	22
https://m.cafe.naver.com/ca-fe/web/cafes/10503958/articles/222006	풍림화산: 가조립 완성 타미야(TAMIYA) 1/35 German Panzerkampfwagen III(판처캄프바겐 3) 독일 윤군 III호 전차 L 형	356	0	3
https://m.cafe.naver.com/ca-fe/web/cafes/10503958/articles/221912	바람지기: 타이거 후기형(이탈레리)	373	0	6
https://m.cafe.naver.com/ca-fe/web/cafes/10503958/articles/221798	차실장: T-34 85 No112 Factory Production [아카데미] 1/35 제작기 #01	761	1	22
https://m.cafe.naver.com/ca-fe/web/cafes/10503958/articles/221739	생활의지혜 CLUB S: 아카데미 1/35 판터 전차 프라모델 작업	473	0	30
https://m.cafe.naver.com/ca-fe/web/cafes/10503958/articles/221615	차실장: M8 LIGHT ARMORED CAR GREYHOUND [타미야] w US M8 Greyhound Crew set [레전드]#04	522	0	24
https://m.cafe.naver.com/ca-fe/web/cafes/10503958/articles/221577	오텍: M3 stuart honey Tank 작업기 #1	310	0	2
https://m.cafe.naver.com/ca-fe/web/cafes/10503958/articles/220612	junmyo: [ITALERI] 1/35 M1120 HEMTT LHS 제작기 #2	366	0	6
https://m.cafe.naver.com/ca-fe/web/cafes/10503958/articles/220582	햄버거: [Amusing Hobby] GERMAN T-34 VK3002(DB)	438	0	4
https://m.cafe.naver.com/ca-fe/web/cafes/10503958/articles/220558	junmyo: [ITALERI] 1/35 M1120 HEMTT LHS 제작기 #1	350	0	2
https://m.cafe.naver.com/ca-fe/web/cafes/10503958/articles/220412	designpower: M4A3 Sherman with M1 Dozer Blade 조립	329	0	2
https://m.cafe.naver.com/ca-fe/web/cafes/10503958/articles/220105	바람지기: 타미야3호 L형 : (3) 장비품 작업 등	347	0	8
https://m.cafe.naver.com/ca-fe/web/cafes/10503958/articles/220047	칭밍티엔: 즈베즈다 T-14	724	0	4
https://m.cafe.naver.com/ca-fe/web/cafes/10503958/articles/219474	가난한 모델러: K2 "Black Panther" R.O.K.ARMY MBT 1/35 (ACADEMY) - [1.조립]	343	0	4
https://m.cafe.naver.com/ca-fe/web/cafes/10503958/articles/219427	designpower: [ACADEMY] M-12 155mm 제작중 조립	507	0	8
https://m.cafe.naver.com/ca-fe/web/cafes/10503958/articles/219325	바람지기: 타미야3호 L형 : (2) 기본색 도장	264	0	9
https://m.cafe.naver.com/ca-fe/web/cafes/10503958/articles/219291	바람지기: 타미야 3호 L형 : (1) 조립 시작	259	0	7
https://m.cafe.naver.com/ca-fe/web/cafes/10503958/articles/218542	차실장: M8 LIGHT ARMORED CAR GREYHOUND [타미야] #03	892	1	16
https://m.cafe.naver.com/ca-fe/web/cafes/10503958/articles/218413	백면서생: Leopard 2 _ 01	398	0	4
https://m.cafe.naver.com/ca-fe/web/cafes/10503958/articles/218400	모형광: K2 흑표 - 4	780	0	10
https://m.cafe.naver.com/ca-fe/web/cafes/10503958/articles/218380	바비킴이밥익힘: 팬저그레이 기본도색 법	1646	2	7
https://m.cafe.naver.com/ca-fe/web/cafes/10503958/articles/218354	돌아온엔비: k2 흑표 조립하기 (해치와 기관총 레일 마운트 제작)	721	0	4
https://m.cafe.naver.com/ca-fe/web/cafes/10503958/articles/218289	팜페레: K2 흑표[1/20] 제작 - 1	594	0	7
https://m.cafe.naver.com/ca-fe/web/cafes/10503958/articles/218201	sh2944: 1/35 R.O.K MBT Black panther -3(흑표전차 R.C conversion)	370	0	7
https://m.cafe.naver.com/ca-fe/web/cafes/10503958/articles/218100	Cooger: 즈베즈다 1/35 T-14 아르마타 제작 중간 보고...	406	0	6
https://m.cafe.naver.com/ca-fe/web/cafes/10503958/articles/217411	바람지기: T-90 : (3)조립 작업 완료	370	0	2
https://m.cafe.naver.com/ca-fe/web/cafes/10503958/articles/217372	할게없어: 1/72 M1A2 ABRAMS 두가지 버전 제작기 - 1	669	1	9
https://m.cafe.naver.com/ca-fe/web/cafes/10503958/articles/217322	희망이아빠: 아카데미 1/35 LVTP-7 작업 중 (2) - 위장 도색 (1)	407	1	4
https://m.cafe.naver.com/ca-fe/web/cafes/10503958/articles/217312	후이초초: German King Tiger 개봉과 조립,녹처리 노가다 중	592	1	23
https://m.cafe.naver.com/ca-fe/web/cafes/10503958/articles/217268	풍림화산: 아카데미 1/35 돌격포 4호 돌격포 Sturmgesch&uuml;tz IV	413	0	6
https://m.cafe.naver.com/ca-fe/web/cafes/10503958/articles/217220	sh2944: 1/35 R.O.K MBT Black panther -1(흑표전차 R.C conversion)	496	0	13
https://m.cafe.naver.com/ca-fe/web/cafes/10503958/articles/217208	모형광: K2 흑표	652	0	4
https://m.cafe.naver.com/ca-fe/web/cafes/10503958/articles/216633	RedHunter: 1/35 61식 승무원 도색 완료..	461	0	18
https://m.cafe.naver.com/ca-fe/web/cafes/10503958/articles/216550	희망이아빠: 아카데미 1/35 LVTP-7 작업 중 (1) - 조립 및 서페	542	1	13
https://m.cafe.naver.com/ca-fe/web/cafes/10503958/articles/216524	차실장: 독일 75밀리 대전차포와 피규어 입니다.	909	1	32
https://m.cafe.naver.com/ca-fe/web/cafes/10503958/articles/216487	백면서생: [ACE 72:1] Leopard 1 A5 05	258	0	2
https://m.cafe.naver.com/ca-fe/web/cafes/10503958/articles/216391	프라2만리: [Tamiya] 1/35 WWII German Pz.Kpfw.III Ausf.L - 3	314	0	4
https://m.cafe.naver.com/ca-fe/web/cafes/10503958/articles/216390	그린하우스: 1/35 Academy K2 흑표 조립완료	1079	0	12
https://m.cafe.naver.com/ca-fe/web/cafes/10503958/articles/216327	쉐도우: 타고 댕기는것이니 이것도 AFV? ㅋㅋ	644	0	3
https://m.cafe.naver.com/ca-fe/web/cafes/10503958/articles/215462	designpower: T-14 ARMATA 제작 조립중	538	0	8
https://m.cafe.naver.com/ca-fe/web/cafes/10503958/articles/215408	SSis: Chieftain Mk.11 #3	403	0	10
https://m.cafe.naver.com/ca-fe/web/cafes/10503958/articles/215374	모형광: 1/35 K1A1 - 3	554	2	18
https://m.cafe.naver.com/ca-fe/web/cafes/10503958/articles/215063	차실장: German Panzer Grenadiers 1/35 [TAMIYA]	612	0	16
https://m.cafe.naver.com/ca-fe/web/cafes/10503958/articles/214598	햄버거: [TAMIYA] 61식 전차 제작기 Pt.01	648	0	2
https://m.cafe.naver.com/ca-fe/web/cafes/10503958/articles/214527	햄버거: 디오라마 제작기 [엄마, 호랑이야~!]	792	0	7
https://m.cafe.naver.com/ca-fe/web/cafes/10503958/articles/214498	프라2만리: [HobbyBoss] 1/48 Russian T-34/85 (Angle-jointed Turret) - 2	276	0	8
https://m.cafe.naver.com/ca-fe/web/cafes/10503958/articles/214379	구른담: 트럼페터 1/35 M1A1/A2 Abrams 5 in 1 #0.첫 제작, 첫 인상	382	1	6
https://m.cafe.naver.com/ca-fe/web/cafes/10503958/articles/214271	sh2944: (German Paper Plan) Super Heavy tank E-100 작업기 -1	312	0	7
https://m.cafe.naver.com/ca-fe/web/cafes/10503958/articles/214264	nausia: 디오라마<노르망디 상륙작전> 피규어 제작기1 - US rangers	688	1	27
https://m.cafe.naver.com/ca-fe/web/cafes/10503958/articles/213668	차실장: 미군 모터사이클 라이플맨 [미니아트] 제작기	738	1	20
https://m.cafe.naver.com/ca-fe/web/cafes/10503958/articles/213593	마미손: [AFV제작기] SCUD-B 디오라마 #3	585	1	17
https://m.cafe.naver.com/ca-fe/web/cafes/10503958/articles/213550	SSis: 800mm K(E) Railway gun "Dora" #2	358	0	12
https://m.cafe.naver.com/ca-fe/web/cafes/10503958/articles/213527	차실장: 헷처 프라하 1945 조립중 입니다.	432	0	4
https://m.cafe.naver.com/ca-fe/web/cafes/10503958/articles/212683	designpower: [TAMIYA] M1025 HUMVEE 도색중	508	0	13
https://m.cafe.naver.com/ca-fe/web/cafes/10503958/articles/212592	바람지기: 2호전차 : (3) 기본색 도장	337	0	4
https://m.cafe.naver.com/ca-fe/web/cafes/10503958/articles/212528	junmyo: [ACADEMY] 1/35 M966 TOW 제작기 #1	336	0	6
https://m.cafe.naver.com/ca-fe/web/cafes/10503958/articles/211570	소년아재: Meng Merkava MK3 D LIC #1	573	0	7
https://m.cafe.naver.com/ca-fe/web/cafes/10503958/articles/211381	차실장: [ACADEMY] TIGER-I 초기형 1/35 #05	1139	2	32
https://m.cafe.naver.com/ca-fe/web/cafes/10503958/articles/211376	차실장: [아카데미] 독일4호전차 Panzerkampwagen IV Ausf.H/J #03	811	0	12
https://m.cafe.naver.com/ca-fe/web/cafes/10503958/articles/211354	마미손: [AFV제작기] SCUD-B 디오라마 #1	586	1	9
https://m.cafe.naver.com/ca-fe/web/cafes/10503958/articles/211336	그린하우스: 1/35 Meng Leopard 2A7 #3	550	0	7
https://m.cafe.naver.com/ca-fe/web/cafes/10503958/articles/211242	야보르: 판터 모듈레이션 도색	716	1	15
https://m.cafe.naver.com/ca-fe/web/cafes/10503958/articles/210006	188톤의 쥐: 드레곤 마우스 전차 제작	417	0	2
https://m.cafe.naver.com/ca-fe/web/cafes/10503958/articles/209999	MLRS: ACADEMY Panther Ausf.D 'Operaion Citadel' 1/35 제작기 - 2	309	0	7
https://m.cafe.naver.com/ca-fe/web/cafes/10503958/articles/209914	designpower: [TAMIYA] T-55 A 제작 도색중	560	0	11
https://m.cafe.naver.com/ca-fe/web/cafes/10503958/articles/209861	designpower: M1A2 V2 제작 도색중	575	0	9
https://m.cafe.naver.com/ca-fe/web/cafes/10503958/articles/209823	MLRS: ACADEMY Panther Ausf.D 'Operaion Citadel' 1/35 제작기 - 1	381	0	8
https://m.cafe.naver.com/ca-fe/web/cafes/10503958/articles/209768	마미손: [AFV제작기] KING TIGER 디오라마 #4	481	0	14
https://m.cafe.naver.com/ca-fe/web/cafes/10503958/articles/208644	바람지기: 4호 전차 : 동계위장 웨더링 작업	505	0	5
https://m.cafe.naver.com/ca-fe/web/cafes/10503958/articles/208610	차실장: [ACADEMY] TIGER-I 초기형 1/35 #03	1227	1	24
https://m.cafe.naver.com/ca-fe/web/cafes/10503958/articles/208489	햄버거: [ACADEMY] 4호전차 H형 장갑형 제작기 Pt.01	574	0	6
https://m.cafe.naver.com/ca-fe/web/cafes/10503958/articles/208462	wax98765: 초보의 미친짓. 자작 (waffentrager E-100)	1092	1	31
https://m.cafe.naver.com/ca-fe/web/cafes/10503958/articles/208444	종빈아빠: 1/35 K1A2 #3	598	0	15
https://m.cafe.naver.com/ca-fe/web/cafes/10503958/articles/208257	마미손: [AFV제작기] KING TIGER 디오라마 #2	574	0	4
https://m.cafe.naver.com/ca-fe/web/cafes/10503958/articles/208239	쉐도우: 디오라마용 소품 제작	435	0	12
https://m.cafe.naver.com/ca-fe/web/cafes/10503958/articles/208238	종빈아빠: 1/35 K1A2 #2	731	0	22
https://m.cafe.naver.com/ca-fe/web/cafes/10503958/articles/208213	RedHunter: 걸즈앤판처 프로젝트 진행상황 04	495	0	15
https://m.cafe.naver.com/ca-fe/web/cafes/10503958/articles/208152	쉐도우: 디오라마  소품  제작	469	0	14
https://m.cafe.naver.com/ca-fe/web/cafes/10503958/articles/207529	쉐도우: 전쟁디오라마 3번 건물 제작중	457	0	21
https://m.cafe.naver.com/ca-fe/web/cafes/10503958/articles/207447	쉐도우: 2번 건물 제작중	350	0	11
https://m.cafe.naver.com/ca-fe/web/cafes/10503958/articles/207323	wax98765: 어뮤징하비 1/35 lowe 중전차	437	0	7
https://m.cafe.naver.com/ca-fe/web/cafes/10503958/articles/207153	쉐도우: 디오라용 건물	409	0	18
https://m.cafe.naver.com/ca-fe/web/cafes/10503958/articles/206703	구른담: 1/72 아오시마문교 일본육상자위대 3톤 반 트럭 '재해파견' #3.도장 및 비넷 제작	187	0	0
https://m.cafe.naver.com/ca-fe/web/cafes/10503958/articles/206643	야보르: JS-3 조립완성 ( Wilder Soldering FLUX 사용기)	523	0	10
https://m.cafe.naver.com/ca-fe/web/cafes/10503958/articles/206481	MLRS: DRAGON sd.kfz.186 Jagdtiger Porsche Type w/Zimmerit 1/35 제작기 - 3	351	0	9
https://m.cafe.naver.com/ca-fe/web/cafes/10503958/articles/206463	wax98765: E-75두번째 제작기	505	0	11
https://m.cafe.naver.com/ca-fe/web/cafes/10503958/articles/206442	햄버거: [HOBBYBOSS] 1호전차 C형 (VK601)	425	0	4
https://m.cafe.naver.com/ca-fe/web/cafes/10503958/articles/205787	백면서생: [ACE 72:1] Leopard 1 A5 03	272	0	2
https://m.cafe.naver.com/ca-fe/web/cafes/10503958/articles/205756	노보트니: King Tiger washing	455	0	6
https://m.cafe.naver.com/ca-fe/web/cafes/10503958/articles/205605	MLRS: DRAGON sd.kfz.186 Jagdtiger Porsche Type w/Zimmerit 1/35 제작기 - 1	318	0	10
https://m.cafe.naver.com/ca-fe/web/cafes/10503958/articles/205530	쉐도우: 나눔 제작입니다	378	0	10
https://m.cafe.naver.com/ca-fe/web/cafes/10503958/articles/205515	wax98765: 1/35  피규어 피난민	397	0	8
https://m.cafe.naver.com/ca-fe/web/cafes/10503958/articles/204842	MLRS: DRAGON sd.kfz.173 Jagdpanther Ausf.G1 Early Production w/Zimmerit 1/35 제작기 - 2	359	0	15
https://m.cafe.naver.com/ca-fe/web/cafes/10503958/articles/204840	wax98765: 디오라마용 인형 제작기 얼굴편	577	0	14
https://m.cafe.naver.com/ca-fe/web/cafes/10503958/articles/204834	쉐도우: 드럼통 자작 도전	488	0	18
https://m.cafe.naver.com/ca-fe/web/cafes/10503958/articles/204802	쉐도우: 전장 디오라마	556	0	6
https://m.cafe.naver.com/ca-fe/web/cafes/10503958/articles/204801	wax98765: 디오라마 건물 웨더링, 세부도색, 베이스 완성, 실내작업	409	0	10
https://m.cafe.naver.com/ca-fe/web/cafes/10503958/articles/204798	햄버거: [D-Corporation] M4A3E8 SHERMAN "EASY EIGHT" 제작기 Pt.03	714	0	5
https://m.cafe.naver.com/ca-fe/web/cafes/10503958/articles/204731	바람지기: 독일군 인형제작	391	0	3
https://m.cafe.naver.com/ca-fe/web/cafes/10503958/articles/204700	MLRS: DRAGON sd.kfz.173 Jagdpanther Ausf.G1 Early Production w/Zimmerit 1/35 제작기 - 1	295	0	2
https://m.cafe.naver.com/ca-fe/web/cafes/10503958/articles/204683	쉐도우: 디오라마 제작기	399	0	17
https://m.cafe.naver.com/ca-fe/web/cafes/10503958/articles/204665	wax98765: 디오라마 제작기 건물 디테일업 and 도색	413	0	7
https://m.cafe.naver.com/ca-fe/web/cafes/10503958/articles/204272	MLRS: DRAGON sd.kfz.184 Elefant w/Zimmerit 1/35 제작기 - 3	343	0	13
https://m.cafe.naver.com/ca-fe/web/cafes/10503958/articles/204252	가난한 모델러: K1A2 R.O.K.ARMY MBT 1/35 (ACADEMY) - [2 도색]	652	0	25
https://m.cafe.naver.com/ca-fe/web/cafes/10503958/articles/204251	가난한 모델러: K1A2 R.O.K.ARMY MBT 1/35 (ACADEMY) - [1 조립]	531	0	5
https://m.cafe.naver.com/ca-fe/web/cafes/10503958/articles/204193	Night Fury: [AFV 제작기] 1/35 트럼페터 K1 & 오브젝트 704 상부 헐 조립 완료 +.+	403	0	4
https://m.cafe.naver.com/ca-fe/web/cafes/10503958/articles/204183	쉐도우: 디오라마 제작기	478	0	21
https://m.cafe.naver.com/ca-fe/web/cafes/10503958/articles/204146	MLRS: DRAGON sd.kfz.184 Elefant w/Zimmerit 1/35 제작기 - 2	429	0	4
https://m.cafe.naver.com/ca-fe/web/cafes/10503958/articles/204137	쉐도우: 디오라마 제작기	484	0	18
https://m.cafe.naver.com/ca-fe/web/cafes/10503958/articles/204116	nausia: 미군 1사단 보병과 부서진 집	821	1	23
https://m.cafe.naver.com/ca-fe/web/cafes/10503958/articles/204094	쉐도우: 디오라마 제작기	444	0	15
https://m.cafe.naver.com/ca-fe/web/cafes/10503958/articles/204065	MLRS: DRAGON sd.kfz.184 Elefant w/Zimmerit 1/35 제작기 - 1	401	0	15
https://m.cafe.naver.com/ca-fe/web/cafes/10503958/articles/203650	MLRS: TAKOM Sd.Kfz.182 King Tiger Henschel Turret Pz.ABT.505 w/Zimmerit & Full interior 1/35 제작기 - 6	644	0	22
https://m.cafe.naver.com/ca-fe/web/cafes/10503958/articles/203546	애긔늬: 3호 돌격포 막바지 작업중입니다.	274	0	6
https://m.cafe.naver.com/ca-fe/web/cafes/10503958/articles/203470	Night Fury: [AFV 제작기] 아카데미 K1A2 기본 도색 완료 =.=	816	0	26
https://m.cafe.naver.com/ca-fe/web/cafes/10503958/articles/203416	Night Fury: [AFV 제작기] 트럼페터 K1 88식 포탑 작업 =.=	597	0	11
https://m.cafe.naver.com/ca-fe/web/cafes/10503958/articles/203365	애긔늬: 타미야 1/48 3호돌격포 제작중	415	0	10
https://m.cafe.naver.com/ca-fe/web/cafes/10503958/articles/203346	MLRS: TAKOM Sd.Kfz.182 King Tiger Henschel Turret Pz.ABT.505 w/Zimmerit & Full interior 1/35 제작기 - 5	522	0	9
https://m.cafe.naver.com/ca-fe/web/cafes/10503958/articles/203339	쉐도우: 디오라마  배경 나눔 제작기	377	0	20
https://m.cafe.naver.com/ca-fe/web/cafes/10503958/articles/203312	Night Fury: [AFV 제작기] 아카데미 K1A2 포탑 조립중~	472	0	7
https://m.cafe.naver.com/ca-fe/web/cafes/10503958/articles/202736	Night Fury: [AFV 제작기] 1/35 데프모델 국군 KM900 세부도색 완료..=.=	644	0	2
https://m.cafe.naver.com/ca-fe/web/cafes/10503958/articles/202668	MLRS: TAKOM Sd.Kfz.182 King Tiger Henschel Turret Pz.ABT.505 w/Zimmerit & Full interior 1/35 제작기 - 3	541	0	8
https://m.cafe.naver.com/ca-fe/web/cafes/10503958/articles/202661	차실장: [아카데미] M48A5K PATTON 패튼 #05	982	2	16
https://m.cafe.naver.com/ca-fe/web/cafes/10503958/articles/202637	켄Ken: Tamiya 1/35 T-34/76 ChTZ 1943 체리야빈스크 공장형 #3. 치핑, 웨더링	358	0	3
https://m.cafe.naver.com/ca-fe/web/cafes/10503958/articles/202554	Night Fury: [AFV 제작기] 1/35 타미야 M41 워커불독 첫 명암도색 시도..^^	418	0	8
https://m.cafe.naver.com/ca-fe/web/cafes/10503958/articles/202508	designpower: AAVP-7A1 w/EAAK 제작중 조립	462	1	9
https://m.cafe.naver.com/ca-fe/web/cafes/10503958/articles/202481	MLRS: TAKOM Sd.Kfz.182 King Tiger Henschel Turret Pz.ABT.505 w/Zimmerit & Full interior 1/35 제작기 - 2	608	0	4
https://m.cafe.naver.com/ca-fe/web/cafes/10503958/articles/202472	쉐도우: 아카  워리어  장갑차	597	1	6
https://m.cafe.naver.com/ca-fe/web/cafes/10503958/articles/202002	Night Fury: [AFV 제작기] 1/35 드래곤 653 중구축전차대대 지휘판터 제작중~	315	5	8
https://m.cafe.naver.com/ca-fe/web/cafes/10503958/articles/201923	designpower: [HOBBYBOSS] LVTP-7 제작중 조립	493	2	2
https://m.cafe.naver.com/ca-fe/web/cafes/10503958/articles/201907	쉐도우: 전장의 도시 부속 킷 제작기	478	5	15
https://m.cafe.naver.com/ca-fe/web/cafes/10503958/articles/201768	백면서생: [ACE 72:1] Leopard 1 A5 02	233	1	0
https://m.cafe.naver.com/ca-fe/web/cafes/10503958/articles/201286	밀덕정태성: 밴드 오브 브라더스 장면 제작기 3	415	3	0
https://m.cafe.naver.com/ca-fe/web/cafes/10503958/articles/201240	polomoda: Master box Pin-up girl 작업중	639	3	1
https://m.cafe.naver.com/ca-fe/web/cafes/10503958/articles/201212	그린하우스: 1/35 Meng Leopard 2A7 #1	453	1	1
https://m.cafe.naver.com/ca-fe/web/cafes/10503958/articles/201052	적기사: 첫 도색.. M1 126 STRYKER 아카데미과학 1/72 1편..	357	0	16
https://m.cafe.naver.com/ca-fe/web/cafes/10503958/articles/201031	Karskin: [개인프로젝트-2][Tamiya] 1/35 M4A3E8 EUROPEAN THEATER- 1	458	4	5
https://m.cafe.naver.com/ca-fe/web/cafes/10503958/articles/200268	백면서생: [ACE 1:72] M60A1 006	320	2	4
https://m.cafe.naver.com/ca-fe/web/cafes/10503958/articles/200183	하운드Hobby: 디오라마 제작기 #1	325	0	10
https://m.cafe.naver.com/ca-fe/web/cafes/10503958/articles/200163	Batterios: 35스케일 아카데미 킹타 제작기 Phase 1	278	1	0
https://m.cafe.naver.com/ca-fe/web/cafes/10503958/articles/200127	구른담 Gun Carrier: 1/35 AFVCLUB 영국 처칠 건 캐리어 #3.서페이싱	321	5	3
https://m.cafe.naver.com/ca-fe/web/cafes/10503958/articles/200068	사일라: 1/35 M1A2 TUSK II 제작기	533	1	7
https://m.cafe.naver.com/ca-fe/web/cafes/10503958/articles/200067	사일라: 1/16 M-MTV MARP 제작기	329	4	0
https://m.cafe.naver.com/ca-fe/web/cafes/10503958/articles/199492	Night Fury: [AFV 제작기] 1/35 드래곤 플랙판저 T-34 첫 에어브러쉬 도색 작업중~	291	1	1
https://m.cafe.naver.com/ca-fe/web/cafes/10503958/articles/199429	휴갸갸갸갹: 트럼페터 T-64AV 1984 조립시~	461	5	7
https://m.cafe.naver.com/ca-fe/web/cafes/10503958/articles/199296	가난한 모델러: M151A2 with Trailer U.S.ARMY 1/35 (ACADEMY) - [2 도색 및 더럽히기]	273	7	5
https://m.cafe.naver.com/ca-fe/web/cafes/10503958/articles/198122	designpower: German T-34/76 747(r) 프라모델 제작 도색중	396	5	8
https://m.cafe.naver.com/ca-fe/web/cafes/10503958/articles/198043	사일라: [해병대] 해병대 셋트 제작기 #1	1226	16	22
https://m.cafe.naver.com/ca-fe/web/cafes/10503958/articles/197092	정천영: 초보의 M109A6 paladin 제작기	373	5	5
https://m.cafe.naver.com/ca-fe/web/cafes/10503958/articles/196970	구른담: 1/35 미국 육군 M1A2 에이브람스 SEP V2 #5.기본도장	360	1	6
https://m.cafe.naver.com/ca-fe/web/cafes/10503958/articles/196913	Night Fury: [AFV 제작기] 1/35 아카데미 탱크 포탑 벙커 다듬기&가조립 단계~	479	1	8
https://m.cafe.naver.com/ca-fe/web/cafes/10503958/articles/196904	구른담: 1/35 미국 육군 M1A2 에이브람스 SEP V2 #4.서페이싱	464	3	16
https://m.cafe.naver.com/ca-fe/web/cafes/10503958/articles/196819	ceveea: 1/72 [트럼페터] m4 셔먼	276	1	2
https://m.cafe.naver.com/ca-fe/web/cafes/10503958/articles/196739	참피플: Jagdpanzer 38t Hetzer "Early Version" 제작기 (3)	240	2	2
https://m.cafe.naver.com/ca-fe/web/cafes/10503958/articles/196737	참피플: Jagdpanzer 38t Hetzer "Early Version" 제작기 (2)	236	2	0
https://m.cafe.naver.com/ca-fe/web/cafes/10503958/articles/196242	커트코배인: T-90 내맘대로 도색중 입니다.	544	9	14
https://m.cafe.naver.com/ca-fe/web/cafes/10503958/articles/196232	강경준: M1070 Truck Tractor & M1000 HET Semi-trailer <4탄> 제작기 1	453	2	8
https://m.cafe.naver.com/ca-fe/web/cafes/10503958/articles/196231	강경준: M1070 Truck Tractor & M1000 HET Semi-trailer <2탄> 제작기 6	388	1	0
https://m.cafe.naver.com/ca-fe/web/cafes/10503958/articles/196227	구른담: 1/35 미국 육군 M1A2 에이브람스 SEP V2 #2.상판을 만들자	432	3	12
https://m.cafe.naver.com/ca-fe/web/cafes/10503958/articles/196189	designpower: M1114 Up-Armoured Vehicle w/XM153 CROWS II 1/35	605	3	0
https://m.cafe.naver.com/ca-fe/web/cafes/10503958/articles/196157	구른담: 1/35 미국 육군 M1A2 에이브람스 SEP V2 #1.5.차대를 계속 만들자	385	0	4
https://m.cafe.naver.com/ca-fe/web/cafes/10503958/articles/196138	구른담: 1/35 미국 육군 M1A2 에이브람스 SEP V2 #1.차대를 만들자	459	6	9
https://m.cafe.naver.com/ca-fe/web/cafes/10503958/articles/194939	프라2만리: [MiniArt] 1/35 US Tractor D7 w/Towing Winch D7N - 1	396	0	2
https://m.cafe.naver.com/ca-fe/web/cafes/10503958/articles/194866	designpower: LEOPARD C2 제작중 조립	459	2	2
https://m.cafe.naver.com/ca-fe/web/cafes/10503958/articles/194784	밀덕정태성: 밴드오브브라더스 프로젝트.	603	0	11
https://m.cafe.naver.com/ca-fe/web/cafes/10503958/articles/194748	하얀섬: 레벨 1/72 T-90	430	3	3
https://m.cafe.naver.com/ca-fe/web/cafes/10503958/articles/193860	돌격포: WIP. 1/48 Tiger-1 제작 및 도색	602	5	13
https://m.cafe.naver.com/ca-fe/web/cafes/10503958/articles/193620	바람지기: SCHWERER PANZERSPAHWAGEN : (2) 차체 조립	389	2	5
https://m.cafe.naver.com/ca-fe/web/cafes/10503958/articles/192842	SSis: IDF M1070 & M1000 #37	251	1	4
https://m.cafe.naver.com/ca-fe/web/cafes/10503958/articles/192706	designpower: Russian T-72B Mod1989 MBT 제작중	461	4	11
https://m.cafe.naver.com/ca-fe/web/cafes/10503958/articles/192653	chippy400: M-60 alacran ejercito Espa&ntilde;ol제작기 #2	308	1	1
https://m.cafe.naver.com/ca-fe/web/cafes/10503958/articles/192652	chippy400: M-60 alacran ejercito Espa&ntilde;ol	302	2	1
https://m.cafe.naver.com/ca-fe/web/cafes/10503958/articles/192566	산바람: 호밀밭 Tiger-1 초기형 제작중 #2	523	5	2
https://m.cafe.naver.com/ca-fe/web/cafes/10503958/articles/192503	designpower: M1A2 SEP TUSK II	682	5	6
https://m.cafe.naver.com/ca-fe/web/cafes/10503958/articles/191688	SSis: IDF Nagmachon APC #5	336	2	13
https://m.cafe.naver.com/ca-fe/web/cafes/10503958/articles/191678	밀덕정태성: 4호H/J형 제작기 3	207	2	2
https://m.cafe.naver.com/ca-fe/web/cafes/10503958/articles/191650	SSis: IDF Nagmachon APC #4	311	1	6
https://m.cafe.naver.com/ca-fe/web/cafes/10503958/articles/191614	SSis: IDF Nagmachon APC #3	324	1	3
https://m.cafe.naver.com/ca-fe/web/cafes/10503958/articles/191569	SSis: IDF Nagmachon APC #2	429	2	2
https://m.cafe.naver.com/ca-fe/web/cafes/10503958/articles/191552	SSis: IDF Nagmachon APC #1	313	4	5
https://m.cafe.naver.com/ca-fe/web/cafes/10503958/articles/191542	밀덕정태성: 4호H/J형 제작기 2	239	0	1
https://m.cafe.naver.com/ca-fe/web/cafes/10503958/articles/191497	밀덕정태성: 아카데미 4호H/J형	314	1	3
https://m.cafe.naver.com/ca-fe/web/cafes/10503958/articles/190739	구른담: 1/35 프랑스육군 EBR-10 장륜장갑차 #3(완)	423	3	4
https://m.cafe.naver.com/ca-fe/web/cafes/10503958/articles/190513	구른담: 1/35 프랑스육군 EBR-10 장륜장갑차 #2	328	2	0
https://m.cafe.naver.com/ca-fe/web/cafes/10503958/articles/189866	SSis: IDF M1070 & M1000 #33	257	0	0
https://m.cafe.naver.com/ca-fe/web/cafes/10503958/articles/189798	SSis: IDF M1070 & M1000 #32	245	0	6
https://m.cafe.naver.com/ca-fe/web/cafes/10503958/articles/189789	SSis: IDF M1070 & M1000 #31 - 메탈 트랙 산화 작업	484	1	15
https://m.cafe.naver.com/ca-fe/web/cafes/10503958/articles/189705	가난한 모델러: KM9 ACE(ARMORED COMBAT EARTHMOVER) R.O.K. ARMY Military Engineer [2-기본도색]	316	6	10
https://m.cafe.naver.com/ca-fe/web/cafes/10503958/articles/189693	designpower: [TAMIYA] T-55 A 제작중	489	4	2
https://m.cafe.naver.com/ca-fe/web/cafes/10503958/articles/189666	SSis: IDF M1070 & M1000 #30	310	2	6
https://m.cafe.naver.com/ca-fe/web/cafes/10503958/articles/189496	MLRS: ACADEMY T-34/85 No.183 Factory "Berlin 1945" 1/35 제작기 - 3	364	4	4
https://m.cafe.naver.com/ca-fe/web/cafes/10503958/articles/189491	designpower: [TACOM] M9 ACE 제작중	550	0	4
https://m.cafe.naver.com/ca-fe/web/cafes/10503958/articles/189363	MLRS: ACADEMY T-34/85 No.183 Factory "Berlin 1945" 1/35 제작기 - 2	354	2	8
https://m.cafe.naver.com/ca-fe/web/cafes/10503958/articles/188296	산바람: 디오라마 제작중 #1  (셔먼 파이어플라이 IC 하이브리드) #1	501	4	3
https://m.cafe.naver.com/ca-fe/web/cafes/10503958/articles/187238	Fasa: 앞도 뒤도 아무것도 모르는 초보의 제작기 - 1:48 M4A3E8 셔먼 이지에잇	781	1	7
https://m.cafe.naver.com/ca-fe/web/cafes/10503958/articles/187174	이멘바크: [1/35 Academy] T-34/85 'No.112 Factory Production' 제작기 - 2 (조립 완료)	399	0	3
https://m.cafe.naver.com/ca-fe/web/cafes/10503958/articles/187077	designpower: D9R Armored BullDozer 제작중	543	0	8
https://m.cafe.naver.com/ca-fe/web/cafes/10503958/articles/186942	이멘바크: [1/48 Tamiya] GERMAN KING TIGER "PRODUCTION TURRET" 제작기 - 3 (도색)	370	0	0
https://m.cafe.naver.com/ca-fe/web/cafes/10503958/articles/186907	사일라: 1/35 해병대 K511A1 & M48A5K & K131 Retona #2	534	1	4
https://m.cafe.naver.com/ca-fe/web/cafes/10503958/articles/186791	사일라: 1/35 해병대 K511A1 & M48A5K & K131 Retona #1	481	1	2
https://m.cafe.naver.com/ca-fe/web/cafes/10503958/articles/186774	이멘바크: [1/48 Tamiya] GERMAN KING TIGER "PRODUCTION TURRET" 제작기 - 2 (도색)	274	0	1
https://m.cafe.naver.com/ca-fe/web/cafes/10503958/articles/186747	불타는 닉네임: 타미야 티거쨩 초기형 조립 14일차	162	0	0
https://m.cafe.naver.com/ca-fe/web/cafes/10503958/articles/186723	바람지기: German Railway Flatbed Typ Ommr (2Axle) : (3) 차체 조립 및 레일 조합	268	0	4
https://m.cafe.naver.com/ca-fe/web/cafes/10503958/articles/186722	이멘바크: [1/35 Dragon] German E-100 Super Heavy Tank 제작기 - 4 (데칼 및 먹선)	500	0	3
https://m.cafe.naver.com/ca-fe/web/cafes/10503958/articles/186154	rokmc890th: 해병대 상륙장갑차 LVTP-7 by rokmc890th (2)	1051	0	4
https://m.cafe.naver.com/ca-fe/web/cafes/10503958/articles/186125	rokmc890th: 해병대 상륙장갑차 LVTP-7 by rokmc890th	1204	0	3
https://m.cafe.naver.com/ca-fe/web/cafes/10503958/articles/185931	바람지기: German Railway Flatbed Typ Ommr (2Axle) : (1) 작업시작 및 베이스 제작	352	0	5
https://m.cafe.naver.com/ca-fe/web/cafes/10503958/articles/185902	구른담: 곰손 주제에 1/35 병사를 도장했습니다!	339	0	4
https://m.cafe.naver.com/ca-fe/web/cafes/10503958/articles/185852	MLRS: 아카데미 Tiger -I 초기형(내부재현형) 1/35 제작기 - 5	427	0	0
https://m.cafe.naver.com/ca-fe/web/cafes/10503958/articles/185817	비만불량곰: M113정비창	441	0	8
https://m.cafe.naver.com/ca-fe/web/cafes/10503958/articles/185780	만슈타인: 3호전차 K형 - 워싱 작업	210	0	0
https://m.cafe.naver.com/ca-fe/web/cafes/10503958/articles/185770	MLRS: 아카데미 Tiger - I 초기형(내부재현형) 1/35 제작기 - 4	424	0	1
https://m.cafe.naver.com/ca-fe/web/cafes/10503958/articles/185100	만슈타인: 3호전차 K형 도색 시장 - 서페이서	182	0	2
https://m.cafe.naver.com/ca-fe/web/cafes/10503958/articles/184880	hartmann62: 3호전차 K형 작업 1	186	0	0
https://m.cafe.naver.com/ca-fe/web/cafes/10503958/articles/184611	designpower: MIM-104 Patriot SAM System	680	0	6
https://m.cafe.naver.com/ca-fe/web/cafes/10503958/articles/183244	뱡기헬기: 동계위장 타이거#3	761	0	10
https://m.cafe.naver.com/ca-fe/web/cafes/10503958/articles/183104	idcygnus0458: (외도중)레오파1A5탱크	384	0	1
https://m.cafe.naver.com/ca-fe/web/cafes/10503958/articles/182091	chippy400: M1070 Truck Tractor & M1000 Traller (1/35 HOBBY BOSS) 제작기#5	359	0	1
https://m.cafe.naver.com/ca-fe/web/cafes/10503958/articles/181993	전함: <아카데미과학> 독일4호전차 조립 -  틈틈이 한 조립!!	413	0	4
https://m.cafe.naver.com/ca-fe/web/cafes/10503958/articles/181956	kkcchh2: 해병대 장식장 입니다.. 질문도 좀 드릴게요~	426	0	11
https://m.cafe.naver.com/ca-fe/web/cafes/10503958/articles/181907	산바람: 메르카바 MK.2 제작중	339	0	4
https://m.cafe.naver.com/ca-fe/web/cafes/10503958/articles/181886	뱡기헬기: 동계위장 타이거#1	567	0	7
https://m.cafe.naver.com/ca-fe/web/cafes/10503958/articles/181808	chippy400: M1070 Truck Tractor & M1000 Traller (1/35 HOBBY BOSS) 제작기#4	340	0	3
https://m.cafe.naver.com/ca-fe/web/cafes/10503958/articles/181722	펀니맨: 힐링이 아니라 스트레스로 다가오는 맹모델 터미네이터..ㅡㅡ	651	0	10
https://m.cafe.naver.com/ca-fe/web/cafes/10503958/articles/181047	산바람: 아카데미 메르카바2 기본도색 및 데칼작업	468	0	5
https://m.cafe.naver.com/ca-fe/web/cafes/10503958/articles/181045	하얀섬: 에이스 1/72 크롬웰 작업중	332	0	9
https://m.cafe.naver.com/ca-fe/web/cafes/10503958/articles/181009	chippy400: M1070 Truck Tractor & M1000 Traller (1/35 HOBBY BOSS) 제작기#1	467	0	11
https://m.cafe.naver.com/ca-fe/web/cafes/10503958/articles/180880	산바람: IDF 이스라엘군 전차제작중 M60A1 블레이져, 메르카바 mk2	374	1	5
https://m.cafe.naver.com/ca-fe/web/cafes/10503958/articles/180833	idcygnus0458: 72스케일 네오파트	205	0	2
https://m.cafe.naver.com/ca-fe/web/cafes/10503958/articles/180761	불타는 닉네임: 타미야 티거쨩 초기형 조립 4일차	370	0	3
https://m.cafe.naver.com/ca-fe/web/cafes/10503958/articles/180574	designpower: PANTHER Ausf.D 제작중	482	0	0
https://m.cafe.naver.com/ca-fe/web/cafes/10503958/articles/180484	보버리: 4x4 MRAP 제작 4 도색 & 베이스 제작 (스압)	850	0	12
https://m.cafe.naver.com/ca-fe/web/cafes/10503958/articles/179147	프라2만리: [Dragon]1/35 Pz.Kpfw.I Ausf.A Modified Version w/Interior -3	298	0	11
https://m.cafe.naver.com/ca-fe/web/cafes/10503958/articles/179129	바람지기: Pzbeobwg. III Ausf.H (Sd.kfz.143) : (5) 진흙 웨더링	476	0	12
https://m.cafe.naver.com/ca-fe/web/cafes/10503958/articles/178922	프라2만리: [Dragon]1/35 Pz.Kpfw.I Ausf.A Modified Version w/Interior -2	217	0	4
https://m.cafe.naver.com/ca-fe/web/cafes/10503958/articles/178880	프라2만리: [Dragon]1/35 Pz.Kpfw.I Ausf.A Modified Version w/Interior -1	339	0	13
https://m.cafe.naver.com/ca-fe/web/cafes/10503958/articles/178824	바람지기: M1025 험비 : (5) 인형 조립	605	0	6
https://m.cafe.naver.com/ca-fe/web/cafes/10503958/articles/177837	하얀섬: Heller 1/72 AMX 13/105 기본도장	442	0	6
https://m.cafe.naver.com/ca-fe/web/cafes/10503958/articles/177798	프라2만리: [TRUMPETER]1/35 German s.10cm K.18 Field Howitzer-1	173	0	0
https://m.cafe.naver.com/ca-fe/web/cafes/10503958/articles/177794	사일라: 1/35 IDF Merkava Mk.3D #2 도색 및 데칼	339	0	3
https://m.cafe.naver.com/ca-fe/web/cafes/10503958/articles/177559	사일라: 1/35 IDF Merkava Mk.3D #1 조립	376	0	11
https://m.cafe.naver.com/ca-fe/web/cafes/10503958/articles/177336	산바람: SHERMAN M4A3(105mm) HVSS 기본도색 #1	465	0	4
https://m.cafe.naver.com/ca-fe/web/cafes/10503958/articles/177226	가난한 모델러: M48A5 R.O.K ARMY 1/35 [2-조립 & 기본도색]	425	0	17
https://m.cafe.naver.com/ca-fe/web/cafes/10503958/articles/177143	하얀섬: Heller 1/72 AMX 13/105 기본조립	410	0	3
https://m.cafe.naver.com/ca-fe/web/cafes/10503958/articles/177054	designpower: M109A6 & M1A2 TUSK II 도색중	751	0	8
https://m.cafe.naver.com/ca-fe/web/cafes/10503958/articles/176279	사일라: 1/35 육군 20사단 결전부대 K1A1 # 2차 위장 도색	769	2	14
https://m.cafe.naver.com/ca-fe/web/cafes/10503958/articles/176179	백면서생: [ACE 1:72] Challenger 1 Mk.3 002	302	0	6
https://m.cafe.naver.com/ca-fe/web/cafes/10503958/articles/176115	designpower: M1A2 SEP V2 제작중	436	0	4
https://m.cafe.naver.com/ca-fe/web/cafes/10503958/articles/176102	큰바우: M36B1잭슨포탑개조	214	1	1
https://m.cafe.naver.com/ca-fe/web/cafes/10503958/articles/176054	사일라: 1/35 육군 20사단 K1A1 # 조립완료	571	0	8
https://m.cafe.naver.com/ca-fe/web/cafes/10503958/articles/175986	designpower: BMP-2D 조립	373	0	2
https://m.cafe.naver.com/ca-fe/web/cafes/10503958/articles/175893	하드: Academy 1/35 K1A1 주행.	385	0	10
https://m.cafe.naver.com/ca-fe/web/cafes/10503958/articles/175849	designpower: M1078 LMTV (ARMOR CAB) 조립	473	0	6
https://m.cafe.naver.com/ca-fe/web/cafes/10503958/articles/175663	사일라: 디오라마 제작중..	620	0	11
https://m.cafe.naver.com/ca-fe/web/cafes/10503958/articles/175602	차실장: M3 Stuart [아카데미]_웨더링	672	0	8
https://m.cafe.naver.com/ca-fe/web/cafes/10503958/articles/174390	사일라: 1/35 KAAV  한국군해병대 제작기 #2	431	1	5
https://m.cafe.naver.com/ca-fe/web/cafes/10503958/articles/174387	designpower: GTK BOXER (GTFz) 작업중	294	0	4
https://m.cafe.naver.com/ca-fe/web/cafes/10503958/articles/174275	산바람: AFV클럽 M36 젝슨 제작중 4	442	0	5
https://m.cafe.naver.com/ca-fe/web/cafes/10503958/articles/174145	산바람: AFV클럽 M36 젝슨 제작중 3	346	0	3
https://m.cafe.naver.com/ca-fe/web/cafes/10503958/articles/174100	칭밍티엔: 15년 3월~4월 조립 & 도색 한 것들 떼샷	531	0	7
https://m.cafe.naver.com/ca-fe/web/cafes/10503958/articles/174076	산바람: AFV클럽 M36 젝슨 제작중 2	289	0	3
https://m.cafe.naver.com/ca-fe/web/cafes/10503958/articles/174066	사일라: 1/35 KAAV  한국군해병대 제작기 #1	532	1	5
https://m.cafe.naver.com/ca-fe/web/cafes/10503958/articles/172792	꾸미는 손: M7 PRIEST 제작기 1(프라탑 철거6탄)	517	0	6
https://m.cafe.naver.com/ca-fe/web/cafes/10503958/articles/172728	종빈아빠: soviet 52-K 85mm Air Defense Gun (7)	292	0	16
https://m.cafe.naver.com/ca-fe/web/cafes/10503958/articles/172678	꾸미는 손: USMC LAV-25 "PIRANHA" 제작기 4(프라탑 철거5탄)	326	0	3
https://m.cafe.naver.com/ca-fe/web/cafes/10503958/articles/172655	칭밍티엔: 나팔수 T-90 도색 중	519	0	2
https://m.cafe.naver.com/ca-fe/web/cafes/10503958/articles/172587	SSis: Pz.kpfw.IV ausf.B mit Schneer&auml;umer Syste Schmidt #8 - Figure detail up	246	0	4
https://m.cafe.naver.com/ca-fe/web/cafes/10503958/articles/172579	SSis: Pz.kpfw.IV ausf.B mit Schneer&auml;umer Syste Schmidt #7 - base and snow	373	0	10
https://m.cafe.naver.com/ca-fe/web/cafes/10503958/articles/172064	동희: 1/35 hetzer "last version" 작업중 #3 기본도색	353	0	11
https://m.cafe.naver.com/ca-fe/web/cafes/10503958/articles/172060	꾸미는 손: HALF TRACK 81mm MORTAR CARRIER M21 제작기3 (프라탑 철거 4탄)	323	0	10
https://m.cafe.naver.com/ca-fe/web/cafes/10503958/articles/172045	designpower: M1070 Truck Tractor & M1000 HETS 조립중	427	1	2
https://m.cafe.naver.com/ca-fe/web/cafes/10503958/articles/172032	칭밍티엔: 나팔수 TOS-1A + 타미야 킹타이거	627	0	8
https://m.cafe.naver.com/ca-fe/web/cafes/10503958/articles/172012	꾸미는 손: HALF TRACK 81mm MORTAR CARRIER M21 제작기2(프라탑 철거 4탄)	359	0	6
https://m.cafe.naver.com/ca-fe/web/cafes/10503958/articles/171985	동희: 1/35 hetzer "last version" 작업중 #2 서페~	354	0	8
https://m.cafe.naver.com/ca-fe/web/cafes/10503958/articles/171978	SSis: D9R Doobi #4	366	0	8
https://m.cafe.naver.com/ca-fe/web/cafes/10503958/articles/171930	SSis: D9R Doobi #3	502	0	9
https://m.cafe.naver.com/ca-fe/web/cafes/10503958/articles/171884	꾸미는 손: HALF TRACK 81mm MORTAR CARRIER M21 제작기1(프라탑 철거 4탄)	347	0	9
https://m.cafe.naver.com/ca-fe/web/cafes/10503958/articles/171865	FEZDream: #01. E-75	594	0	10
https://m.cafe.naver.com/ca-fe/web/cafes/10503958/articles/171858	동희: 1/35 hetzer "last version" 작업중^ㅡ^ㅎ	427	0	10
https://m.cafe.naver.com/ca-fe/web/cafes/10503958/articles/171842	가난한 모델러: 250gal.s Tank Trailer, M101 Cargo Trailer R.O.K & U.S ARMY 1/35 - [1 조립]	444	0	5
https://m.cafe.naver.com/ca-fe/web/cafes/10503958/articles/171840	종빈아빠: soviet 52-K 85mm Air Defense Gun (6)	419	0	15
https://m.cafe.naver.com/ca-fe/web/cafes/10503958/articles/171512	FEZDream: #01. M-12 155mm Gun Motor Carriage 조립단계	486	0	6
https://m.cafe.naver.com/ca-fe/web/cafes/10503958/articles/171488	SSis: Wittmann's Tiger-I #4	314	0	14
https://m.cafe.naver.com/ca-fe/web/cafes/10503958/articles/171421	SSis: Wittmann's Tiger-I #3	354	0	12
https://m.cafe.naver.com/ca-fe/web/cafes/10503958/articles/171361	SSis: Wittmann's Tiger-I #2	446	0	16
https://m.cafe.naver.com/ca-fe/web/cafes/10503958/articles/171358	SSis: Magach 6B Gal Batash #5	376	0	6
https://m.cafe.naver.com/ca-fe/web/cafes/10503958/articles/171354	SSis: Magach 6B Gal Batash #4	231	0	6
https://m.cafe.naver.com/ca-fe/web/cafes/10503958/articles/171346	종빈아빠: soviet 52-K 85mm Air Defense Gun (5)	305	0	10
https://m.cafe.naver.com/ca-fe/web/cafes/10503958/articles/171345	SSis: Magach 6B Gal Batash #3	289	0	2
https://m.cafe.naver.com/ca-fe/web/cafes/10503958/articles/171295	SSis: Wittmann's Tiger-I #1	405	0	10
https://m.cafe.naver.com/ca-fe/web/cafes/10503958/articles/171275	SSis: Magach 6B Gal Batash #2	337	0	4
https://m.cafe.naver.com/ca-fe/web/cafes/10503958/articles/171240	무자헤딘: Technical Truck/BMP-1 Turret 제작기 (02)	427	0	10
https://m.cafe.naver.com/ca-fe/web/cafes/10503958/articles/171239	무자헤딘: Technical Truck/BMP-1 Turret 제작기 (01)	434	0	6
https://m.cafe.naver.com/ca-fe/web/cafes/10503958/articles/170584	종빈아빠: soviet 52-K 85mm Air Defense Gun (3)	245	0	6
https://m.cafe.naver.com/ca-fe/web/cafes/10503958/articles/170510	산바람: 헤처 프라하 웨더링 및 베이스 작업중	418	0	0
https://m.cafe.naver.com/ca-fe/web/cafes/10503958/articles/170467	SSis: D9R Doobi #1	373	0	0
https://m.cafe.naver.com/ca-fe/web/cafes/10503958/articles/170392	SSis: 모델러 육성 프로젝트 T-90 TBS-86 Tank Dozer - 베이스 작업	379	0	0
https://m.cafe.naver.com/ca-fe/web/cafes/10503958/articles/170390	SSis: M60 Blazer #4	364	0	0
https://m.cafe.naver.com/ca-fe/web/cafes/10503958/articles/170385	SSis: M60 Blazer #3	284	0	0
https://m.cafe.naver.com/ca-fe/web/cafes/10503958/articles/170283	골뱅이: SU-152 진행 상황	366	0	8
https://m.cafe.naver.com/ca-fe/web/cafes/10503958/articles/170258	가난한 모델러: KM101 R.O.K ARMY 1/35 - [2 조립 & 프라이머 도색]	359	0	3
https://m.cafe.naver.com/ca-fe/web/cafes/10503958/articles/170253	가난한 모델러: K511A1 R.O.K ARMY 1/35 - [2 조립 & 프라이머 도색]	420	0	5
https://m.cafe.naver.com/ca-fe/web/cafes/10503958/articles/169668	산바람: 헤처 초기형 베이스 작업 및 마무리	452	0	0
https://m.cafe.naver.com/ca-fe/web/cafes/10503958/articles/169664	산바람: 프라하 헤처 도색중	317	0	0
https://m.cafe.naver.com/ca-fe/web/cafes/10503958/articles/169538	사일라: 1/35 Zvezda T-90A #2 도색  (공정률95%)	698	0	0
https://m.cafe.naver.com/ca-fe/web/cafes/10503958/articles/169444	하하하: [드래곤] Firefly Sherman VC 1/35	469	0	0
https://m.cafe.naver.com/ca-fe/web/cafes/10503958/articles/169370	사일라: 1/35 Zvezda T-90A  #1 조립	602	0	0
https://m.cafe.naver.com/ca-fe/web/cafes/10503958/articles/168537	산바람: 헤처후기형+DEF모델 디테일업세트 조립, 헤처 초기형 기본도색	279	0	0
https://m.cafe.naver.com/ca-fe/web/cafes/10503958/articles/168436	designpower: U.S Armoured Gun Truck 조립	432	0	2
https://m.cafe.naver.com/ca-fe/web/cafes/10503958/articles/168384	산바람: 아카데미 후기형헤처, DEF모델 디테일업 세트 리뷰 및 제작	391	0	0
https://m.cafe.naver.com/ca-fe/web/cafes/10503958/articles/168366	대한제국황실친위대: 1/35 UAZ-469 (1)	445	0	0
https://m.cafe.naver.com/ca-fe/web/cafes/10503958/articles/168333	사일라: ROK Army 20사단 K1A1 K9 K200A1  #1 조립	601	0	0
https://m.cafe.naver.com/ca-fe/web/cafes/10503958/articles/167624	백면서생: [ACE 1:144] A-10 12	295	0	0
https://m.cafe.naver.com/ca-fe/web/cafes/10503958/articles/167598	SSis: Fury M4A3E8 Sherman "EASY EIGHT" #25	558	0	0
https://m.cafe.naver.com/ca-fe/web/cafes/10503958/articles/167573	꾸미는 손: M4A2 RUSSIAN ARMY SHERMAN 포신 비교	371	0	0
https://m.cafe.naver.com/ca-fe/web/cafes/10503958/articles/167552	돌격포: 토이박스 콘테스트로 UZTM JS-2 제작중입니다.	513	0	0
https://m.cafe.naver.com/ca-fe/web/cafes/10503958/articles/167442	designpower: M4 SHERMAN  작업중	477	0	0
https://m.cafe.naver.com/ca-fe/web/cafes/10503958/articles/166170	SSis: IDF Achzarit early, Gaza border in 2008 #6	311	0	0
https://m.cafe.naver.com/ca-fe/web/cafes/10503958/articles/166039	SSis: IDF Achzarit early, Gaza border in 2008 #5	330	0	0
https://m.cafe.naver.com/ca-fe/web/cafes/10503958/articles/165960	SSis: IDF Achzarit early, Gaza border in 2008 #4	495	0	0
https://m.cafe.naver.com/ca-fe/web/cafes/10503958/articles/165949	하유니 아빠: 퓨리~플젝팀- 베이스 얼음표현	434	0	0
https://m.cafe.naver.com/ca-fe/web/cafes/10503958/articles/165907	산바람: 이지에잇 지면작업중	380	0	0
https://m.cafe.naver.com/ca-fe/web/cafes/10503958/articles/165904	SSis: IDF Achzarit early, Gaza border in 2008 #3	308	0	0
https://m.cafe.naver.com/ca-fe/web/cafes/10503958/articles/165897	SSis: IDF Achzarit early, Gaza border in 2008 #2	297	0	0
https://m.cafe.naver.com/ca-fe/web/cafes/10503958/articles/165889	SSis: IDF Achzarit early, Gaza border in 2008 #1	337	0	0
https://m.cafe.naver.com/ca-fe/web/cafes/10503958/articles/165491	하유니 아빠: 퓨리 플젝 -베이스 물표현-	751	0	29
https://m.cafe.naver.com/ca-fe/web/cafes/10503958/articles/164957	designpower: [HOBBY GALLERY] M977 HEMTT Oshkosh Truck 조립	427	0	0
https://m.cafe.naver.com/ca-fe/web/cafes/10503958/articles/164895	하하하: 전차 재생 프로젝트 1탄 트럼페터 K1 전차 -4-	457	0	0
https://m.cafe.naver.com/ca-fe/web/cafes/10503958/articles/164872	산바람: 이지에잇  웨더링중	390	0	0
https://m.cafe.naver.com/ca-fe/web/cafes/10503958/articles/164869	SSis: Fury M4A3E8 Sherman "EASY EIGHT" #21	511	0	0
https://m.cafe.naver.com/ca-fe/web/cafes/10503958/articles/164837	하하하: 전차 재생 프로젝트 1탄 트럼페터 K1 전차 -3-	423	0	0
https://m.cafe.naver.com/ca-fe/web/cafes/10503958/articles/164809	SSis: Fury M4A3E8 Sherman "EASY EIGHT" #20	485	0	11
https://m.cafe.naver.com/ca-fe/web/cafes/10503958/articles/164802	백면서생: [ACE1:72] MERCAVA MK3 005	213	0	0
https://m.cafe.naver.com/ca-fe/web/cafes/10503958/articles/164300	designpower: [MENG MODEL] M2A3 Bradley w/BUSK III 조립	516	0	0
https://m.cafe.naver.com/ca-fe/web/cafes/10503958/articles/164228	하하하: [이탈레리] M4A1 (76) Sherman Tank 1/35  -1-	425	0	0
https://m.cafe.naver.com/ca-fe/web/cafes/10503958/articles/164165	designpower: OBJECT 279 조립	516	0	16
https://m.cafe.naver.com/ca-fe/web/cafes/10503958/articles/163671	SSis: Fury M4A3E8 Sherman "EASY EIGHT" #12	603	0	0
https://m.cafe.naver.com/ca-fe/web/cafes/10503958/articles/163662	SSis: Fury M4A3E8 Sherman "EASY EIGHT" #11	551	0	0
https://m.cafe.naver.com/ca-fe/web/cafes/10503958/articles/163645	불또리: (성인)제작기 타미야 1/35 M4A3E8 SHERMAN EASY EIGHT-3	367	0	0
https://m.cafe.naver.com/ca-fe/web/cafes/10503958/articles/163494	SSis: Fury M4A3E8 Sherman "EASY EIGHT" #10	490	0	0
https://m.cafe.naver.com/ca-fe/web/cafes/10503958/articles/163098	SSis: Fury M4A3E8 Sherman "EASY EIGHT" #3	483	0	0
https://m.cafe.naver.com/ca-fe/web/cafes/10503958/articles/163069	펀니맨: 파머와 대공포 연결..	551	0	0
https://m.cafe.naver.com/ca-fe/web/cafes/10503958/articles/163061	SSis: Fury M4A3E8 Sherman "EASY EIGHT" #2	537	0	0
https://m.cafe.naver.com/ca-fe/web/cafes/10503958/articles/163059	SSis: Fury M4A3E8 Sherman "EASY EIGHT" #1	476	0	0
https://m.cafe.naver.com/ca-fe/web/cafes/10503958/articles/163000	펀니맨: 37MM FLAK 대공포 제작 1/16	478	0	12
https://m.cafe.naver.com/ca-fe/web/cafes/10503958/articles/162954	우리해군: TRUMPETER 1/35 Soviet KV-122 Heavy tank #9	356	0	0
https://m.cafe.naver.com/ca-fe/web/cafes/10503958/articles/162423	펀니맨: 파머제작기#2	498	0	0
https://m.cafe.naver.com/ca-fe/web/cafes/10503958/articles/162444	펀니맨: 매르카바3D탱크	191	0	0
https://m.cafe.naver.com/ca-fe/web/cafes/10503958/articles/162451	펀니맨: 매르카바3D탱크 동영상 ~	125	0	0
https://m.cafe.naver.com/ca-fe/web/cafes/10503958/articles/162256	백면서생: [ACE1:72] MERCAVA MK3 002	296	0	0
https://m.cafe.naver.com/ca-fe/web/cafes/10503958/articles/161841	Sogelli: 1/100  Zvezda Panzer III with Life color	313	0	0
https://m.cafe.naver.com/ca-fe/web/cafes/10503958/articles/161759	펀니맨: 자작으로 파머만들기	872	0	37
https://m.cafe.naver.com/ca-fe/web/cafes/10503958/articles/161756	styleby: M3A3 Bradley w/BUSK III 조립	703	0	0
https://m.cafe.naver.com/ca-fe/web/cafes/10503958/articles/161741	프라세상: 아카데미 1/35 KING TIGER 마지막 작업기	679	0	0
https://m.cafe.naver.com/ca-fe/web/cafes/10503958/articles/161683	리엔: 스탈린그라드 디오라마 제작 과정 모음	470	0	0
https://m.cafe.naver.com/ca-fe/web/cafes/10503958/articles/161654	꾸미는 손: Strv103c 스웨덴 S-TANK 제작기2	375	0	0
https://m.cafe.naver.com/ca-fe/web/cafes/10503958/articles/161190	꾸미는 손: M3A1 White Scout Car(habbyboss) 제작기1	276	0	0
https://m.cafe.naver.com/ca-fe/web/cafes/10503958/articles/160346	고양이맨: m-12제작과정	232	0	0
https://m.cafe.naver.com/ca-fe/web/cafes/10503958/articles/160318	HOLlDAY: 4호전차 도색완성	454	0	0
https://m.cafe.naver.com/ca-fe/web/cafes/10503958/articles/160177	백면서생: [ACE1:72] Leclerc T.5 004	329	0	0
https://m.cafe.naver.com/ca-fe/web/cafes/10503958/articles/159370	산바람: 베트남전쟁 오작교작전 #5	481	0	0
https://m.cafe.naver.com/ca-fe/web/cafes/10503958/articles/159360	백면서생: [ACE1:72] Leclerc T.5 002	273	0	0
https://m.cafe.naver.com/ca-fe/web/cafes/10503958/articles/159241	가난한 모델러: M997 Maxi-Ambulance U.S. 1/35 - 4 기본도색 완료	338	0	0
https://m.cafe.naver.com/ca-fe/web/cafes/10503958/articles/159175	가난한 모델러: M997 Maxi-Ambulance U.S. 1/35 - 3 외부도색	293	0	0
https://m.cafe.naver.com/ca-fe/web/cafes/10503958/articles/159028	백면서생: [ACE1:72] Leclerc T.5 001	185	0	0
https://m.cafe.naver.com/ca-fe/web/cafes/10503958/articles/159020	가난한 모델러: M997 Maxi-Ambulance U.S. 1/35 - 2 내부 조립 및 도색	308	1	0
https://m.cafe.naver.com/ca-fe/web/cafes/10503958/articles/159019	가난한 모델러: M997 Maxi-Ambulance U.S. 1/35 - 1 조립	271	1	0
https://m.cafe.naver.com/ca-fe/web/cafes/10503958/articles/157616	styleby: M1130 STRYKER 작업중	337	0	0
https://m.cafe.naver.com/ca-fe/web/cafes/10503958/articles/157557	산바람: 베트남전쟁 오작교작전 #2	535	0	0
https://m.cafe.naver.com/ca-fe/web/cafes/10503958/articles/156558	styleby: [DRAGON] Sd.Kfz.251/6 Ausf.C Command Vehicle	457	0	0
https://m.cafe.naver.com/ca-fe/web/cafes/10503958/articles/156335	한스커피: m48a5k가조립 차체rc성공	569	0	0
https://m.cafe.naver.com/ca-fe/web/cafes/10503958/articles/156225	기라펄기: [TAMIYA+ACADEMY] T-34/88 디테일업+베이스작업-4	422	0	0
https://m.cafe.naver.com/ca-fe/web/cafes/10503958/articles/156224	기라펄기: [TAMIYA+ACADEMY] T-34/88 디테일업+베이스작업-3	231	0	0
https://m.cafe.naver.com/ca-fe/web/cafes/10503958/articles/156181	헬로우바이러스: M1A2 SEP v2 TUSK 2 웨더링(1)	641	1	16
https://m.cafe.naver.com/ca-fe/web/cafes/10503958/articles/155472	한방인생: 제작9호[MENG][1/35][가조립완료] Pick up트럭	288	0	0
https://m.cafe.naver.com/ca-fe/web/cafes/10503958/articles/155415	기라펄기: [TAMIYA+ACADEMY] T-34/88 디테일업+베이스작업-2	305	0	0
https://m.cafe.naver.com/ca-fe/web/cafes/10503958/articles/155414	기라펄기: [DRAGON+ACADEMY]aufklarungspanzer panther(아청판터)-2	364	0	0
https://m.cafe.naver.com/ca-fe/web/cafes/10503958/articles/155353	기라펄기: [TAMIYA+ACADEMY] T-34/88 디테일업+베이스작업	313	0	0
https://m.cafe.naver.com/ca-fe/web/cafes/10503958/articles/154522	장갑차: M113A3 #1	284	0	10
https://m.cafe.naver.com/ca-fe/web/cafes/10503958/articles/154518	장갑차: M60A1 Blazer #2	417	0	0
https://m.cafe.naver.com/ca-fe/web/cafes/10503958/articles/154383	강이아빠: 팔라딘 제작기	639	0	0
https://m.cafe.naver.com/ca-fe/web/cafes/10503958/articles/154331	긴: AMX-30B 제작중 입니다	818	0	0
https://m.cafe.naver.com/ca-fe/web/cafes/10503958/articles/154318	치우천왕: 대공~~~~ 군트럭	673	0	0
https://m.cafe.naver.com/ca-fe/web/cafes/10503958/articles/154298	기라펄기: [TAMIYA] SU-122 피격디오라마 제작기-4	531	0	0
https://m.cafe.naver.com/ca-fe/web/cafes/10503958/articles/154281	치우천왕: 6륜 MAN	453	0	0
https://m.cafe.naver.com/ca-fe/web/cafes/10503958/articles/154280	치우천왕: 6륜 스케일 1/10 man 6*6 트럭 제작기#4	389	0	0
https://m.cafe.naver.com/ca-fe/web/cafes/10503958/articles/154279	치우천왕: 6륜 스케일 1/10 man 6*6 트럭 제작기#3	281	0	0
https://m.cafe.naver.com/ca-fe/web/cafes/10503958/articles/154278	치우천왕: 1/10 man 6*6 트럭 제작기#2	302	0	0
https://m.cafe.naver.com/ca-fe/web/cafes/10503958/articles/154277	치우천왕: 1/10 man 6*6 트럭 제작기#1	328	0	0
https://m.cafe.naver.com/ca-fe/web/cafes/10503958/articles/153350	슈트름게베르44: M26A1 Pershing - 2	546	0	0
https://m.cafe.naver.com/ca-fe/web/cafes/10503958/articles/153295	styleby: [ACADEMY] Merkava Mk.IID 1/35 도색중	440	0	0
https://m.cafe.naver.com/ca-fe/web/cafes/10503958/articles/152625	바람지기: Pzbeobwg. III Ausf.H (Sd.kfz.143) : (1) 조립	352	0	0
https://m.cafe.naver.com/ca-fe/web/cafes/10503958/articles/152613	캡틴 신: M4A3E8 'EASYEIGHT' & WC51 BEEP' WW2 U.S.ARMY 1/35 - 2 먹선넣기 & 세부도색(수정)	388	0	0
https://m.cafe.naver.com/ca-fe/web/cafes/10503958/articles/151766	기라펄기: [AFV] sd.Kfz.251/7 Ausf.C STURMBRUCKE-2	266	0	4
https://m.cafe.naver.com/ca-fe/web/cafes/10503958/articles/151735	하얀섬: 아카데미 1/35 메르카바 MK.IID #6 마무리	469	1	0
https://m.cafe.naver.com/ca-fe/web/cafes/10503958/articles/151726	산바람: 노르망디 1944 #2	580	0	17
https://m.cafe.naver.com/ca-fe/web/cafes/10503958/articles/151600	styleby: ZVEZDA T-90 조립	462	0	0
https://m.cafe.naver.com/ca-fe/web/cafes/10503958/articles/151134	하하하: [Zvezda] T-60 경전차	397	0	0
https://m.cafe.naver.com/ca-fe/web/cafes/10503958/articles/151125	styleby: [MENG MODEL]  T-90A 조립	651	0	0
https://m.cafe.naver.com/ca-fe/web/cafes/10503958/articles/151012	산바람: [1/35 Dragon] Tiger-1 중기형 제작 3	452	0	0
https://m.cafe.naver.com/ca-fe/web/cafes/10503958/articles/150856	장갑차: German Pz.Kpfm KV-1 #1	246	0	0
https://m.cafe.naver.com/ca-fe/web/cafes/10503958/articles/150787	하하하: [Heller] AMX-30 AUF 1 자주포	535	0	0
https://m.cafe.naver.com/ca-fe/web/cafes/10503958/articles/150689	프클Boss: 진심왕초보의 첫 밀리터리도전!! 롬멜장군님~	403	0	0
https://m.cafe.naver.com/ca-fe/web/cafes/10503958/articles/150665	mercaba3: 지난주 개조중인 - 대공 전차	515	0	0
https://m.cafe.naver.com/ca-fe/web/cafes/10503958/articles/150064	온천마왕: T-55 w/kmt-5	159	0	0
https://m.cafe.naver.com/ca-fe/web/cafes/10503958/articles/150013	종빈아빠: SOVIET HEAVY TANK JOSEPH STALIN-2 (2)	177	0	0
https://m.cafe.naver.com/ca-fe/web/cafes/10503958/articles/149864	긴: Karl 제작기2 입니다~	714	0	0
https://m.cafe.naver.com/ca-fe/web/cafes/10503958/articles/149709	산바람: 타미야 T-55A (TAMIYA T-55A) 1/35 제작 4	395	0	0
https://m.cafe.naver.com/ca-fe/web/cafes/10503958/articles/149702	하하하: [에어픽스] British Mk I Male Tank 1/76 조립 및 기본도색 데칼작업 완료	302	0	0
https://m.cafe.naver.com/ca-fe/web/cafes/10503958/articles/149701	Martian: [제작기] Object 279 Soviet Heavy Tank (1/35 Amusing Hobby) #3	317	0	0
https://m.cafe.naver.com/ca-fe/web/cafes/10503958/articles/148959	밀레니엄: [드래곤] 1/35 T28 Super Heavy Tank	776	0	40
https://m.cafe.naver.com/ca-fe/web/cafes/10503958/articles/148921	긴: Karl 조립기입니다^^	439	0	0
https://m.cafe.naver.com/ca-fe/web/cafes/10503958/articles/148891	styleby: Soviet SU-152 Late 도색중	438	0	0
https://m.cafe.naver.com/ca-fe/web/cafes/10503958/articles/148139	프라돌이닷: k-9 자주포 배경 제작기 허접하지만 봐주세요	597	0	0
https://m.cafe.naver.com/ca-fe/web/cafes/10503958/articles/148085	백면서생: T-72 008	252	0	6
https://m.cafe.naver.com/ca-fe/web/cafes/10503958/articles/147993	강이아빠: kv-1 마무리 단계	452	0	0
https://m.cafe.naver.com/ca-fe/web/cafes/10503958/articles/147930	styleby: [Bronco] SU-152 1/35 조립	452	1	0
https://m.cafe.naver.com/ca-fe/web/cafes/10503958/articles/147327	에이프릴: <아카데미> 타이거 1 초기형.	787	0	0
https://m.cafe.naver.com/ca-fe/web/cafes/10503958/articles/147132	styleby: [TAMIYA] CHALLENGER 2 (DESERTISED) 조립	495	0	0
https://m.cafe.naver.com/ca-fe/web/cafes/10503958/articles/147127	난나나놔: Waffentrager 88mm PAK-43 (라인메탈) 조립	463	0	4
https://m.cafe.naver.com/ca-fe/web/cafes/10503958/articles/146891	백면서생: T-72 005	271	0	0
https://m.cafe.naver.com/ca-fe/web/cafes/10503958/articles/146374	장갑차: German 88mm Gun Falk37 #2	254	0	0
https://m.cafe.naver.com/ca-fe/web/cafes/10503958/articles/146261	장갑차: German 88mm Gun Falk37 #1	390	0	10
https://m.cafe.naver.com/ca-fe/web/cafes/10503958/articles/146259	긴: Karl 전차 만들고 있어요	512	0	0
https://m.cafe.naver.com/ca-fe/web/cafes/10503958/articles/146249	강이아빠: kv-1 도색 여전히 진행중...	354	0	0
https://m.cafe.naver.com/ca-fe/web/cafes/10503958/articles/146075	캡틴 신: K111 R.O.K ARMY 1/35 - 1 조립	628	0	0
https://m.cafe.naver.com/ca-fe/web/cafes/10503958/articles/145465	민트맛초콜릿: 중2의 M1025 제작기#2	440	0	0
https://m.cafe.naver.com/ca-fe/web/cafes/10503958/articles/145459	민트맛초콜릿: 중 2의 M1025 제작기 #1	359	0	0
https://m.cafe.naver.com/ca-fe/web/cafes/10503958/articles/145218	장갑차: Flankpanzer IV Wirbelwind #1	246	0	0
https://m.cafe.naver.com/ca-fe/web/cafes/10503958/articles/145168	백면서생: T-72 004	324	0	0
https://m.cafe.naver.com/ca-fe/web/cafes/10503958/articles/144581	백면서생: T-72 003	229	0	0
https://m.cafe.naver.com/ca-fe/web/cafes/10503958/articles/144560	styleby: [MERIT] German 15cm sFH 18 Howitzer 1/16	394	0	0
https://m.cafe.naver.com/ca-fe/web/cafes/10503958/articles/144542	밀레니엄: [메리트] 1/16 M198 155mm 포	584	0	0
https://m.cafe.naver.com/ca-fe/web/cafes/10503958/articles/144518	슈트름게베르44: panzerkampfwagen VI Ausf.E Tiger I - 데칼,워싱,치핑,웨더링	775	0	11
https://m.cafe.naver.com/ca-fe/web/cafes/10503958/articles/144453	슈트름게베르44: panzerkampfwagen VI Ausf.E Tiger I - 기본도색	649	0	0
https://m.cafe.naver.com/ca-fe/web/cafes/10503958/articles/144245	아침햇살: Long Tom M59 155mm CANON 조립 시작하였습니다.	434	0	0
https://m.cafe.naver.com/ca-fe/web/cafes/10503958/articles/144237	슈트름게베르44: panzerkampfwagen VI Ausf.E Tiger I 조립완료	549	0	0
https://m.cafe.naver.com/ca-fe/web/cafes/10503958/articles/144148	슈트름게베르44: Hetzer 초기형 도색 - 하부 도색 및 웨더링	804	0	0
https://m.cafe.naver.com/ca-fe/web/cafes/10503958/articles/143193	장갑차: PICKUP w/ZU-23-2 #2	430	0	0
https://m.cafe.naver.com/ca-fe/web/cafes/10503958/articles/143095	코털휘날리며: M2A2 브래들리 아카데미	615	1	9
https://m.cafe.naver.com/ca-fe/web/cafes/10503958/articles/143090	장갑차: PICKUP w/ZU-23-2  #1	331	0	0
https://m.cafe.naver.com/ca-fe/web/cafes/10503958/articles/142839	german88mmflak: 노르망디에 쓸 참호입니다!	579	0	0
https://m.cafe.naver.com/ca-fe/web/cafes/10503958/articles/142783	백면서생: 002 T-55	416	0	0
https://m.cafe.naver.com/ca-fe/web/cafes/10503958/articles/142759	german88mmflak: 제 독일군 진채를 보신분들께서 벽보다 스티로폼벙커에 관심을 더 많이 가지시더군요.	597	0	0
https://m.cafe.naver.com/ca-fe/web/cafes/10503958/articles/142747	공현욱: ITALERI (CWT)	384	0	0
https://m.cafe.naver.com/ca-fe/web/cafes/10503958/articles/142707	온천마왕: K-511 제작기	944	0	0
https://m.cafe.naver.com/ca-fe/web/cafes/10503958/articles/142610	장갑차: 거의 다 만들었습니다.	422	0	0
https://m.cafe.naver.com/ca-fe/web/cafes/10503958/articles/141323	후지오카: 1/35 Trumpeter Hotchkiss 39(H)_2	381	0	5
https://m.cafe.naver.com/ca-fe/web/cafes/10503958/articles/141313	toysoldier92: MERIT社- 1/16 대포 만드는중...	422	0	0
https://m.cafe.naver.com/ca-fe/web/cafes/10503958/articles/141238	햇살마루: ACADEMY 1/35 M-51 Super Sherman 제작기	488	0	0
https://m.cafe.naver.com/ca-fe/web/cafes/10503958/articles/141221	toysoldier92: Hobbyboss- 1/16  Pz.Kpfw. VI Tiger 1 만들어보기	673	0	0
https://m.cafe.naver.com/ca-fe/web/cafes/10503958/articles/141209	MLRS: 아카데미 King Tiger 후기형(최후생산형) 1/35 제작기 - 3	399	0	0
https://m.cafe.naver.com/ca-fe/web/cafes/10503958/articles/141093	MLRS: 아카데미 King Tiger 후기형(최후생산형) 1/35 제작기 - 2	579	0	0
https://m.cafe.naver.com/ca-fe/web/cafes/10503958/articles/141054	산바람: 아카데미 35t 비넷 인형도색중 -2-	358	0	0
https://m.cafe.naver.com/ca-fe/web/cafes/10503958/articles/141049	현석: [아카데미] MERKAVA IV ( LEGEND BASKET SET, METAL ANTENNA)	348	0	0
https://m.cafe.naver.com/ca-fe/web/cafes/10503958/articles/140988	산바람: 아카데미 35t 비넷 제작중 - 인형도색중 -	357	0	2
https://m.cafe.naver.com/ca-fe/web/cafes/10503958/articles/140979	캡틴 신: K1A1 R.O.K.ARMY MBT 1/35 (ACADEMY) - [2.기본도색]	988	0	0
https://m.cafe.naver.com/ca-fe/web/cafes/10503958/articles/140330	산바람: 아카데미 킹타이거 망함...	707	0	0
https://m.cafe.naver.com/ca-fe/web/cafes/10503958/articles/140328	현석: K1A1 후기형 조립완료	448	0	0
https://m.cafe.naver.com/ca-fe/web/cafes/10503958/articles/140233	MLRS: 아카데미 Jagdpanzer 38(t) Hetzer 1/35 제작기 - 3	313	0	0
https://m.cafe.naver.com/ca-fe/web/cafes/10503958/articles/140202	햇살쬐는강일영감: [TRUMPETER] 1/35 Russia KV-1 Ehkranami - 제작기 3 -	380	0	0
https://m.cafe.naver.com/ca-fe/web/cafes/10503958/articles/140139	너바나: 1/35 스튜어트 경전차 진행중 입니다.	623	0	21
https://m.cafe.naver.com/ca-fe/web/cafes/10503958/articles/140122	햇살쬐는강일영감: [TRUMPETER] 1/35 Russia KV-1 Ehkranami - 제작기 2 -	517	0	7
https://m.cafe.naver.com/ca-fe/web/cafes/10503958/articles/140088	산바람: 아카데미 킹타이거 최후기형 다시 시작..	542	0	0
https://m.cafe.naver.com/ca-fe/web/cafes/10503958/articles/140074	styleby: French MBT Leclerc Series 2 조립	464	0	7
https://m.cafe.naver.com/ca-fe/web/cafes/10503958/articles/140054	SSis: IDF M109 Doher #2	472	0	0
https://m.cafe.naver.com/ca-fe/web/cafes/10503958/articles/140016	햇살쬐는강일영감: [TRUMPETER] 1/35 Russia KV-1 Ehkranami - 제작기 1 -	417	0	0
https://m.cafe.naver.com/ca-fe/web/cafes/10503958/articles/139972	SSis: IDF M109 Doher #1	494	0	0
https://m.cafe.naver.com/ca-fe/web/cafes/10503958/articles/138859	초콜렛왕자: 밀리터리 디오라마 베이스 제작기	530	0	0
https://m.cafe.naver.com/ca-fe/web/cafes/10503958/articles/138776	styleby: [ACADEMY] KING TIGER 1/35 조립	699	0	13
https://m.cafe.naver.com/ca-fe/web/cafes/10503958/articles/138755	양군: [T-80] NSVT 작업은 여기까지	378	0	0
https://m.cafe.naver.com/ca-fe/web/cafes/10503958/articles/137477	슈트름게베르44: German heavy Tank - KINGTIGER(TIGER II)	625	0	5
https://m.cafe.naver.com/ca-fe/web/cafes/10503958/articles/137334	styleby: [TAMIYA] M2A2 1/35 조립	512	0	0
https://m.cafe.naver.com/ca-fe/web/cafes/10503958/articles/137248	Aristoi DUDE: TV 디오라마 - the rest of the war	592	0	0
https://m.cafe.naver.com/ca-fe/web/cafes/10503958/articles/137064	무자헤딘: T-34/85 제작기 - 베이스편 01 [1991년 유고 슬라비아 내전 ver.]	454	1	25
https://m.cafe.naver.com/ca-fe/web/cafes/10503958/articles/137046	citizen: Panther 마무리 작업	304	0	0
https://m.cafe.naver.com/ca-fe/web/cafes/10503958/articles/136621	공병: SU-85 제작기 -1-	390	0	0
https://m.cafe.naver.com/ca-fe/web/cafes/10503958/articles/136531	무자헤딘: T-34/85 제작기 - 도색편 02 [1991년 유고 슬라비아 내전 ver.]	782	1	29
https://m.cafe.naver.com/ca-fe/web/cafes/10503958/articles/136530	무자헤딘: T-34/85 제작기 - 도색편 01 [1991년 유고 슬라비아 내전 ver.]	517	1	0
https://m.cafe.naver.com/ca-fe/web/cafes/10503958/articles/136500	styleby: German Adler Kfz.13 Armored Car 조립	348	0	0
https://m.cafe.naver.com/ca-fe/web/cafes/10503958/articles/136471	MLRS: 아카데미 Jagdpanzer 38(t) Hetzer 1/35 제작기 - 1	465	0	0
https://m.cafe.naver.com/ca-fe/web/cafes/10503958/articles/135825	SSis: IDF M1070 & M1000 #13	390	0	0
https://m.cafe.naver.com/ca-fe/web/cafes/10503958/articles/135761	kikia: 1/35 4호전차 H형(넨도로이드 탑승형) 제작중	432	0	0
https://m.cafe.naver.com/ca-fe/web/cafes/10503958/articles/135730	슈트름게베르44: 독일군 88mm Flak36 제작기(3)-피규어조립, 도색 (스압)	645	0	11
https://m.cafe.naver.com/ca-fe/web/cafes/10503958/articles/135728	슈트름게베르44: 독일군 88mm Flak36 제작기(2)-도색	589	0	11
https://m.cafe.naver.com/ca-fe/web/cafes/10503958/articles/135726	슈트름게베르44: 독일군 88mm Flak36 제작기(1)-조립	526	0	8
https://m.cafe.naver.com/ca-fe/web/cafes/10503958/articles/135689	Sogelli: 1/48 AFV Club Tiger I late with Zimmerit. After air-brush	458	0	0
https://m.cafe.naver.com/ca-fe/web/cafes/10503958/articles/135658	citizen: JS-2 진짜 마지막 작업기..	596	0	0
https://m.cafe.naver.com/ca-fe/web/cafes/10503958/articles/135631	산바람: 아카데미 35(t) 제작중..	506	0	5
https://m.cafe.naver.com/ca-fe/web/cafes/10503958/articles/134558	k600: vk1602 Leopard no.01	630	0	0
https://m.cafe.naver.com/ca-fe/web/cafes/10503958/articles/133712	강경준: D9R 제작기 2	409	0	0
https://m.cafe.naver.com/ca-fe/web/cafes/10503958/articles/133654	k600: vk1602 Leopard 인증합니다.	349	0	0
https://m.cafe.naver.com/ca-fe/web/cafes/10503958/articles/133624	강경준: D9R 제작기 1	402	0	0
https://m.cafe.naver.com/ca-fe/web/cafes/10503958/articles/133621	강경준: M1070 Truck Tractor & M1000 HET Semi-trailer <2탄> 제작기 5	408	0	0
https://m.cafe.naver.com/ca-fe/web/cafes/10503958/articles/133572	뭘뽑지: 1/35 드래곤 e-100 제작-01-	529	0	0
https://m.cafe.naver.com/ca-fe/web/cafes/10503958/articles/133502	에이프릴: <아카데미> 킹타이거 최후기형 part2	1129	0	0
https://m.cafe.naver.com/ca-fe/web/cafes/10503958/articles/132953	종빈아빠: 1/35 German Motorcycle R-12 제작 (2)	333	0	0
https://m.cafe.naver.com/ca-fe/web/cafes/10503958/articles/132943	산바람: 35(t)디오라마 제작 (4)	486	0	0
https://m.cafe.naver.com/ca-fe/web/cafes/10503958/articles/132711	juho0612: 야크트티거 - 도색	1037	0	0
https://m.cafe.naver.com/ca-fe/web/cafes/10503958/articles/132659	종빈아빠: 1/35 German Motorcycle R-12 제작 (1)	336	0	0
https://m.cafe.naver.com/ca-fe/web/cafes/10503958/articles/132629	citizen: JS-2 마지막 제작기	318	0	0
https://m.cafe.naver.com/ca-fe/web/cafes/10503958/articles/131915	mercaba3: T-34 휴식	713	0	0
https://m.cafe.naver.com/ca-fe/web/cafes/10503958/articles/131892	산바람: 아카데미 35(t) 시작!	504	0	0
https://m.cafe.naver.com/ca-fe/web/cafes/10503958/articles/131361	강경준: M1070 Truck Tractor & M1000 HET Semi-trailer <2탄> 제작기 2	478	0	0
https://m.cafe.naver.com/ca-fe/web/cafes/10503958/articles/131329	mercaba3: 슈퍼마린스핏파이어	290	0	0
https://m.cafe.naver.com/ca-fe/web/cafes/10503958/articles/130602	무자헤딘: T-34/85 제작기(끝)[1991년 유고 슬라비아 내전 ver.]	436	1	19
https://m.cafe.naver.com/ca-fe/web/cafes/10503958/articles/130554	강경준: 아카데미 HETZER PRAGUE 1945 제작기 2	776	0	17
https://m.cafe.naver.com/ca-fe/web/cafes/10503958/articles/130489	카일: Stg III Early g #2	343	0	0
https://m.cafe.naver.com/ca-fe/web/cafes/10503958/articles/130487	카일: T-34/85	345	0	0
https://m.cafe.naver.com/ca-fe/web/cafes/10503958/articles/130347	SSis: IDF M1070 & M1000 #5	340	0	1
https://m.cafe.naver.com/ca-fe/web/cafes/10503958/articles/130244	SSis: IDF M1070 & M1000 #4	356	0	1
https://m.cafe.naver.com/ca-fe/web/cafes/10503958/articles/129675	SSis: IDF M1070 & M1000 #1	408	0	0
https://m.cafe.naver.com/ca-fe/web/cafes/10503958/articles/129668	SSis: M109A6 Paladin #4	399	0	0
https://m.cafe.naver.com/ca-fe/web/cafes/10503958/articles/129488	SSis: M109A6 Paladin #3	285	0	0
https://m.cafe.naver.com/ca-fe/web/cafes/10503958/articles/129417	SSis: Merkava Mk.IV LIC #1 - Super detail project.	277	0	3
https://m.cafe.naver.com/ca-fe/web/cafes/10503958/articles/128394	쿠어스: 드래곤 King Tiger 완성된 사진입니다.	753	1	5
https://m.cafe.naver.com/ca-fe/web/cafes/10503958/articles/128348	뻥구: M4A3E8 셔먼 한국전쟁버젼 1/48 하비보스	468	0	0
https://m.cafe.naver.com/ca-fe/web/cafes/10503958/articles/128179	toysoldier92: Eduard社-Schwimmwagen 제작기-4(조립 마무리)	404	0	9
https://m.cafe.naver.com/ca-fe/web/cafes/10503958/articles/128077	에이프릴: 아카데미 킹타이거2 - 푸리울트랙	1258	0	20
https://m.cafe.naver.com/ca-fe/web/cafes/10503958/articles/127446	강경준: M977 HEMTT 트럭 제작기 3	386	0	3
https://m.cafe.naver.com/ca-fe/web/cafes/10503958/articles/127442	강경준: M977 HEMTT 트럭 제작기 2	272	0	6
https://m.cafe.naver.com/ca-fe/web/cafes/10503958/articles/126890	강경준: M1070 Truck Tractor & M1000 HET Semi-trailer 제작기 6	568	0	0
https://m.cafe.naver.com/ca-fe/web/cafes/10503958/articles/126889	강경준: M1070 Truck Tractor & M1000 HET Semi-trailer 제작기 5	399	0	0
https://m.cafe.naver.com/ca-fe/web/cafes/10503958/articles/126888	강경준: M1070 Truck Tractor & M1000 HET Semi-trailer 제작기 4	288	0	0
https://m.cafe.naver.com/ca-fe/web/cafes/10503958/articles/126887	강경준: M1070 Truck Tractor & M1000 HET Semi-trailer 제작기 3	382	0	0
https://m.cafe.naver.com/ca-fe/web/cafes/10503958/articles/126886	강경준: M1070 Truck Tractor & M1000 HET Semi-trailer 제작기 2	309	0	0
https://m.cafe.naver.com/ca-fe/web/cafes/10503958/articles/126883	강경준: M1070 Truck Tractor & M1000 HET Semi-trailer 제작기 1	458	0	0
https://m.cafe.naver.com/ca-fe/web/cafes/10503958/articles/126822	산바람: [1/35] 트럼페터 KV-122제작기(9)	485	0	0
https://m.cafe.naver.com/ca-fe/web/cafes/10503958/articles/126715	SSis: Merkava Mk.3D #4	346	0	0
https://m.cafe.naver.com/ca-fe/web/cafes/10503958/articles/126671	햇살쬐는강일영감: [Academy] 1/35 ROK Army K9 - 작업기 4 -	570	0	0
https://m.cafe.naver.com/ca-fe/web/cafes/10503958/articles/126601	햇살쬐는강일영감: [Academy] 1/35 ROK Army K9 - 작업기 3 -	472	0	0
https://m.cafe.naver.com/ca-fe/web/cafes/10503958/articles/126129	SSis: M109A6 Paladin #2 - Tracks, 별매 무한궤도 비교	406	0	0
https://m.cafe.naver.com/ca-fe/web/cafes/10503958/articles/126056	SSis: Jagdpanzer 38(t) Hetzer "Late Version" #3	324	0	5
https://m.cafe.naver.com/ca-fe/web/cafes/10503958/articles/126002	SSis: Jagdpanzer 38(t) Hetzer "Late Version" #2	302	0	0
https://m.cafe.naver.com/ca-fe/web/cafes/10503958/articles/125222	산바람: [1/35] 트럼페터 KV-122제작기(6)	429	0	0
https://m.cafe.naver.com/ca-fe/web/cafes/10503958/articles/124861	뭘뽑지: 아카데미 1/35 킹타이거 -02-	582	0	0
https://m.cafe.naver.com/ca-fe/web/cafes/10503958/articles/124847	citizen: JS-2 Stalin (Tamiya 1/48) - WIP 4	276	0	0
https://m.cafe.naver.com/ca-fe/web/cafes/10503958/articles/124709	산바람: 4호구축전차[1/72 스케일 드래곤] #2	466	0	0
https://m.cafe.naver.com/ca-fe/web/cafes/10503958/articles/123699	산바람: [1/35] 트럼페터 KV-122제작기(4)	446	0	20
https://m.cafe.naver.com/ca-fe/web/cafes/10503958/articles/123680	수정이아빠: R.O.K.ARMY K1A1전차 제중중 고민이있습니다^^	495	0	7
https://m.cafe.naver.com/ca-fe/web/cafes/10503958/articles/123622	citizen: TIGER-1 Early Version (Dragon 1/35) - 작업중 7	328	0	10
https://m.cafe.naver.com/ca-fe/web/cafes/10503958/articles/122977	산바람: [1/35] 트럼페터 KV-122제작기(1)	369	0	0
https://m.cafe.naver.com/ca-fe/web/cafes/10503958/articles/122914	Sogelli: 1/72 Dragon 다포탑 1차 기본도색	415	0	0
https://m.cafe.naver.com/ca-fe/web/cafes/10503958/articles/122913	Sogelli: 1/48 Airfix Jackal basic painting	322	0	0
https://m.cafe.naver.com/ca-fe/web/cafes/10503958/articles/122800	노숙지존: 1/72 way station - br52,karl,leopold / 자갈,자갈,또 자갈 ㅠㅠ - 06	449	0	0
https://m.cafe.naver.com/ca-fe/web/cafes/10503958/articles/122060	SPOOKY: [BT-5] #4. 조립 마무리 및 워싱	306	0	0
https://m.cafe.naver.com/ca-fe/web/cafes/10503958/articles/122038	뭘뽑지: 1/35 독일 다포탑 전차 노이바우파르초이크 라인메탈, 크루프	231	0	0
https://m.cafe.naver.com/ca-fe/web/cafes/10503958/articles/121775	SPOOKY: 이게 뭘까요?	408	0	19
https://m.cafe.naver.com/ca-fe/web/cafes/10503958/articles/121726	SPOOKY: [BT-5] #3. 도색	341	0	0
https://m.cafe.naver.com/ca-fe/web/cafes/10503958/articles/121661	SPOOKY: [BT-5] #2. 킷 조립	292	0	0
https://m.cafe.naver.com/ca-fe/web/cafes/10503958/articles/120524	citizen: (청소년부) "Down!" - 작업중 19 : 마지막 제작기	460	0	20
https://m.cafe.naver.com/ca-fe/web/cafes/10503958/articles/120441	citizen: (청소년)"Down!" - 작업중 18	341	0	0
https://m.cafe.naver.com/ca-fe/web/cafes/10503958/articles/119686	citizen: (청소년) R75 German Motorcycle (Lion Roar 1/35) - 작업중 (2)	322	0	13
https://m.cafe.naver.com/ca-fe/web/cafes/10503958/articles/119467	산바람: [성인부]스튜어트허니 딩고 디오라마 제작	473	0	0
https://m.cafe.naver.com/ca-fe/web/cafes/10503958/articles/118655	styleby: [ACADEMY] KIFV K200 조립	460	0	5
https://m.cafe.naver.com/ca-fe/web/cafes/10503958/articles/117812	좌절금지: [성인부] 타미야 1/35 BT-7 #7-2 베이스완성	521	0	0
https://m.cafe.naver.com/ca-fe/web/cafes/10503958/articles/117730	좌절금지: [성인부] 타미야 1/35 BT-7 #7	771	0	33
https://m.cafe.naver.com/ca-fe/web/cafes/10503958/articles/117696	좌절금지: 1/35 British A39 Tortoise Heavy Assault Tank	625	0	18
https://m.cafe.naver.com/ca-fe/web/cafes/10503958/articles/117666	산바람: [성인부] 딩고 제작기 (2)	296	0	0
https://m.cafe.naver.com/ca-fe/web/cafes/10503958/articles/116628	뭘뽑지: 1/35 어뮤징하비 뢰베(Lowe) 작업 -03-	358	0	0
https://m.cafe.naver.com/ca-fe/web/cafes/10503958/articles/116620	citizen: [청소년] Pz.Kpfw.IV Ausf.D 05	406	0	0
https://m.cafe.naver.com/ca-fe/web/cafes/10503958/articles/116563	슘둥41: 칼 수송열차	413	0	0
https://m.cafe.naver.com/ca-fe/web/cafes/10503958/articles/116331	좌절금지: [성인부] 타미야 1/35 BT-7 #6	820	1	0
https://m.cafe.naver.com/ca-fe/web/cafes/10503958/articles/115383	뭘뽑지: 1/35 어뮤징하비 뢰베(Lowe) 작업 -02-	380	0	0
https://m.cafe.naver.com/ca-fe/web/cafes/10503958/articles/115346	citizen: [AFV CLUB] T-34/76 Mod.1942  01	264	0	0
https://m.cafe.naver.com/ca-fe/web/cafes/10503958/articles/115341	엘토르: 1:35 K1 전차 -하비갤러리	479	0	7
https://m.cafe.naver.com/ca-fe/web/cafes/10503958/articles/115340	citizen: 청소년부 [TRISTAR] Pz.Kpfw.IV Ausf.D 03	230	0	0
https://m.cafe.naver.com/ca-fe/web/cafes/10503958/articles/115335	좌절금지: [성인부] 타미야 1/35 BT-7 #3	540	0	12
https://m.cafe.naver.com/ca-fe/web/cafes/10503958/articles/115243	좌절금지: [성인부] 타미야 1/35 BT-7  #2	697	0	0
https://m.cafe.naver.com/ca-fe/web/cafes/10503958/articles/115053	퍼즐: kv-2 제작중.+디오라마	456	0	0
https://m.cafe.naver.com/ca-fe/web/cafes/10503958/articles/114488	산바람: [성인부]아카데미 M3 STUART "HONEY" 제작기 - 7	352	0	0
https://m.cafe.naver.com/ca-fe/web/cafes/10503958/articles/114345	산바람: [성인부]아카데미 M3 STUART "HONEY" 제작기 - 6	412	0	0
https://m.cafe.naver.com/ca-fe/web/cafes/10503958/articles/114328	에이프릴: EPISODE<2>. 드래곤의 굴욕.	554	0	0
https://m.cafe.naver.com/ca-fe/web/cafes/10503958/articles/114129	산바람: [성인부]아카데미 M3 STUART "HONEY" 제작기 - 5	396	0	0
https://m.cafe.naver.com/ca-fe/web/cafes/10503958/articles/114098	뭘뽀뽑지: 1/35 어뮤징하비 노이바우파르초이크(neubaufahrzeug) -02-	337	0	0
https://m.cafe.naver.com/ca-fe/web/cafes/10503958/articles/113964	뭘뽀뽑지: 1/35 어뮤징하비 노이바우파르초이크(neubaufahrzeug) -01-	337	0	0
https://m.cafe.naver.com/ca-fe/web/cafes/10503958/articles/113390	산바람: [성인부]아카데미 M3 STUART "HONEY" 제작기 - 2	348	1	0
https://m.cafe.naver.com/ca-fe/web/cafes/10503958/articles/113388	citizen: (청소년) [TRISTAR] Pz.Kpfw.IV Ausf. D - 작업 1	249	0	9
https://m.cafe.naver.com/ca-fe/web/cafes/10503958/articles/113343	에이프릴: EPISODE <1>. 타미야 패밀리	1100	0	0
https://m.cafe.naver.com/ca-fe/web/cafes/10503958/articles/113295	산바람: [성인부]아카데미 M3 STUART "HONEY" 제작기 - 1	360	0	0
https://m.cafe.naver.com/ca-fe/web/cafes/10503958/articles/113145	Hard Worker: 킹타이거	570	0	9
https://m.cafe.naver.com/ca-fe/web/cafes/10503958/articles/111854	뭘뽀뽑지: 1/35 독일 다포탑전차 neubaufahrzeug[rheinmetall] -01-	453	0	0
https://m.cafe.naver.com/ca-fe/web/cafes/10503958/articles/111667	citizen: [DRAGON] Panzerkampfwagen V Panther - (2)	280	0	0
https://m.cafe.naver.com/ca-fe/web/cafes/10503958/articles/111399	citizen: [DRAGON] Panzerkampfwagen V Panther - (1)	334	0	0
https://m.cafe.naver.com/ca-fe/web/cafes/10503958/articles/110155	뭘뽀뽑지: 1/35 오렌지박스 독일 초중전차 마우스 제작기 -02-	489	0	0
https://m.cafe.naver.com/ca-fe/web/cafes/10503958/articles/110119	우찬아빠: M-ATV(디오라마베이스)-마무리	943	0	34
https://m.cafe.naver.com/ca-fe/web/cafes/10503958/articles/110027	뭘뽀뽑지: 1/35 오렌지박스 독일 초중전차 마우스 제작기 -01-	490	0	0
https://m.cafe.naver.com/ca-fe/web/cafes/10503958/articles/109817	citizen: [Tristar] Pz.Kpfw.IV Ausf.C - 2	213	0	0
https://m.cafe.naver.com/ca-fe/web/cafes/10503958/articles/109813	산바람: 1/35 판터 G형 제작	364	0	0
https://m.cafe.naver.com/ca-fe/web/cafes/10503958/articles/108467	산바람: DRAGON 1/72 Tiger-1 initial porduction 제작 (3)	264	0	0
https://m.cafe.naver.com/ca-fe/web/cafes/10503958/articles/108380	citizen: [Trumpeter] M1133 Medical Evacuation Vehicle (MEV) - 작업 7	263	0	0
https://m.cafe.naver.com/ca-fe/web/cafes/10503958/articles/108348	노숙지존: 1/35 한국군(M270,KAAV,K9,K511) - 07 베이스 모델링 마무리	565	1	4
https://m.cafe.naver.com/ca-fe/web/cafes/10503958/articles/108263	노숙지존: 1/35 한국군(M270,KAAV,K9,K511) - 06 기본베이스 만들기	496	0	0
https://m.cafe.naver.com/ca-fe/web/cafes/10503958/articles/108240	노보트니: M-14	423	0	0
https://m.cafe.naver.com/ca-fe/web/cafes/10503958/articles/108015	산바람: DRAGON 1/72 Tiger-1 initial porduction 제작 (2)	244	0	0
https://m.cafe.naver.com/ca-fe/web/cafes/10503958/articles/107929	산바람: DRAGON 1/72 Tiger-1 initial porduction 제작 (1)	316	0	0
https://m.cafe.naver.com/ca-fe/web/cafes/10503958/articles/107886	우찬아빠: M-ATV-4	344	0	0
https://m.cafe.naver.com/ca-fe/web/cafes/10503958/articles/107779	노숙지존: 1/35 한국군(M270,KAAV,K9,K511) - 04 조립완료 및 베이스 구상	557	1	9
https://m.cafe.naver.com/ca-fe/web/cafes/10503958/articles/106876	싹난화분: M107 제작기 2	370	0	0
https://m.cafe.naver.com/ca-fe/web/cafes/10503958/articles/106667	citizen: 피규어 색칠중 German Jadgpanzer 38(t) Hetzer	264	0	0
https://m.cafe.naver.com/ca-fe/web/cafes/10503958/articles/106666	citizen: 웨더링 M1133 Medical Evacuation Vehicle	227	0	0
https://m.cafe.naver.com/ca-fe/web/cafes/10503958/articles/106657	싹난화분: T-90 제작기 2	521	0	0
https://m.cafe.naver.com/ca-fe/web/cafes/10503958/articles/106526	citizen: 도색중 M1133 Medical Evacuation Vehicle	188	0	0
https://m.cafe.naver.com/ca-fe/web/cafes/10503958/articles/106398	싹난화분: M107 제작기 1	355	0	0
https://m.cafe.naver.com/ca-fe/web/cafes/10503958/articles/106397	싹난화분: T-90 제작기 1	468	0	0
https://m.cafe.naver.com/ca-fe/web/cafes/10503958/articles/106396	싹난화분: K1A1 제작기3	341	0	0
https://m.cafe.naver.com/ca-fe/web/cafes/10503958/articles/106374	citizen: 도색완료 [Trumpeter] M1133 Medical Evacuation Vehicle	230	0	0
https://m.cafe.naver.com/ca-fe/web/cafes/10503958/articles/106217	citizen: 조립중 German Jadgpanzer Hetzer, "Hetzer Factory" v.1.0.1	285	0	0
https://m.cafe.naver.com/ca-fe/web/cafes/10503958/articles/105173	스고이: BMP-3M UPDATE ARMOR 중간집계입니다?.	302	0	0
https://m.cafe.naver.com/ca-fe/web/cafes/10503958/articles/105159	스고이: trumpeter 1/35 bmp-3 update armor 제작기2.	273	0	0
https://m.cafe.naver.com/ca-fe/web/cafes/10503958/articles/105141	스고이: trumpeter 1/35 bmp-3 update armor 제작기1.	396	0	0
https://m.cafe.naver.com/ca-fe/web/cafes/10503958/articles/105098	산바람: 1/72 3호전차,퀴벨바겐 디오라마 마지막 제작기	346	0	0
https://m.cafe.naver.com/ca-fe/web/cafes/10503958/articles/104836	뭘뽀뽑지: 트럼페터 1/35 독일 중전차 e-75 제작-01-	287	0	0
https://m.cafe.naver.com/ca-fe/web/cafes/10503958/articles/104648	산바람: 1/72 3호전차,퀴벨바겐 디오라마 제작	332	0	0
https://m.cafe.naver.com/ca-fe/web/cafes/10503958/articles/104614	citizen: 초프모 플젝상품 [1/35, Dragon] Pz.Beob.Wg.III Ausf.H - 작업 3	276	0	0
https://m.cafe.naver.com/ca-fe/web/cafes/10503958/articles/104607	citizen: 초프모 플젝상품 [/35, Dragon] Pz.Beob.Wg.III Ausf.H - 작업 2	216	0	0
https://m.cafe.naver.com/ca-fe/web/cafes/10503958/articles/103624	싹난화분: K1A1 제작기2	334	0	0
https://m.cafe.naver.com/ca-fe/web/cafes/10503958/articles/103559	SSis: Diorama - Unexpected Encounter #2	295	0	0
https://m.cafe.naver.com/ca-fe/web/cafes/10503958/articles/103474	총각이골: 구 소련 육군 T-62를 만들었습니다.	376	0	0
https://m.cafe.naver.com/ca-fe/web/cafes/10503958/articles/103442	엔트로피: 엔트로피의 헤쳐 틈새 제작기	329	0	0
https://m.cafe.naver.com/ca-fe/web/cafes/10503958/articles/102724	citizen: [1/35, Academy] Jadgpanther 38(t) Hetzer "Late Version" - 작업 4일차	290	0	0
https://m.cafe.naver.com/ca-fe/web/cafes/10503958/articles/102663	citizen: [1/35, Academy] Jadgpanther 38(t) Hetzer "Late Version" - 작업 3일차	262	0	0
https://m.cafe.naver.com/ca-fe/web/cafes/10503958/articles/102656	신호등: 하비갤러리 '한국제 T-158 변형궤도' 키트의 문제사항 02	542	0	0
https://m.cafe.naver.com/ca-fe/web/cafes/10503958/articles/102607	엔트로피: 엔트로피의 헤쳐 제작기	348	0	0
https://m.cafe.naver.com/ca-fe/web/cafes/10503958/articles/102599	citizen: [1/35, Academy] Jadgpanther 38(t) Hezter "Late Version" - 작업 2일차	275	0	0
https://m.cafe.naver.com/ca-fe/web/cafes/10503958/articles/102554	산바람: 1/72 킹타이거,마더3,게파트 기본 도색	373	0	0
https://m.cafe.naver.com/ca-fe/web/cafes/10503958/articles/102440	산바람: UM 1/72 스케일 Sd.Kfz.139 Marder Ⅲ 제작	293	0	0
https://m.cafe.naver.com/ca-fe/web/cafes/10503958/articles/101320	산바람: T-34(85) [ACE 1/72 Scale] 제작(2)	385	0	0
https://m.cafe.naver.com/ca-fe/web/cafes/10503958/articles/101283	칼칼: 1/35 스케일 즈메즈다 T-90 러시아육군주력전차 모형 제작/2012.05.01	482	0	0
https://m.cafe.naver.com/ca-fe/web/cafes/10503958/articles/100983	산바람: T-34(85)   [ACE  1/72 Scale]  제작(1)	383	0	0
https://m.cafe.naver.com/ca-fe/web/cafes/10503958/articles/100942	bunzydive: 첫 디오라마 도전기.. VOL.1	591	0	0
https://m.cafe.naver.com/ca-fe/web/cafes/10503958/articles/100748	산바람: 드래곤 1/35 판터G형 제작	347	0	0
https://m.cafe.naver.com/ca-fe/web/cafes/10503958/articles/100291	창조: TIGER(P)제작기-3	315	1	0
https://m.cafe.naver.com/ca-fe/web/cafes/10503958/articles/98738	무자헤딘: Technical Truck 제작기 (02)	273	0	0
https://m.cafe.naver.com/ca-fe/web/cafes/10503958/articles/98737	무자헤딘: Technical Truck 제작기 (01)	277	0	0
https://m.cafe.naver.com/ca-fe/web/cafes/10503958/articles/98416	citizen: [1/72, Dragon] M1114 w/M2 + w/Mk.14 - 작업 7	323	0	0
https://m.cafe.naver.com/ca-fe/web/cafes/10503958/articles/98347	citizen: [1/35, AFV Club] M1128 MGS (Mobile Gun System) Stryker - 작업 7	280	0	0
https://m.cafe.naver.com/ca-fe/web/cafes/10503958/articles/98263	창조: Tiger(p)-제작기2	247	1	2
https://m.cafe.naver.com/ca-fe/web/cafes/10503958/articles/97014	citizen: 모아서 웨더링 하기 (1)	276	0	0
https://m.cafe.naver.com/ca-fe/web/cafes/10503958/articles/97001	citizen: [1/72, Dragon] Sd.Kfz.164 Nashorn - 작업 1	262	0	0
https://m.cafe.naver.com/ca-fe/web/cafes/10503958/articles/96665	citizen: [1/72, Revell] Sd.Kfz.251/9 Ausf.C - 작업 2	229	0	15
https://m.cafe.naver.com/ca-fe/web/cafes/10503958/articles/96662	citizen: [1/72, Revell] Sd.Kfz.251/9 Ausf.C - 작업 1	211	0	0
https://m.cafe.naver.com/ca-fe/web/cafes/10503958/articles/96585	citizen: [1/72, Dragon] Sd.Kfz.181 Tiger-1 Late Production w/Zimmerit - 작업 1	221	0	0
https://m.cafe.naver.com/ca-fe/web/cafes/10503958/articles/96584	citizen: [1/72, Dragon] StuG.III Ausf.G Early Production w/sch&uuml;rzen - 작업 2	170	0	0
https://m.cafe.naver.com/ca-fe/web/cafes/10503958/articles/96383	에이프릴: M7 프리스트	301	0	0
https://m.cafe.naver.com/ca-fe/web/cafes/10503958/articles/96335	GPM까칠민이: KV-1 도색까지끝!!!....난거맞나?ㅡ.ㅡ	387	0	0
https://m.cafe.naver.com/ca-fe/web/cafes/10503958/articles/94749	citizen: 만원의 행복] 1/72 m60a1 - 작업 2	376	0	0
https://m.cafe.naver.com/ca-fe/web/cafes/10503958/articles/94681	킹타이거: 킹타이거 가조립 ^^	378	0	22
https://m.cafe.naver.com/ca-fe/web/cafes/10503958/articles/93821	헌금하라: 2012년 첫 프로젝트 "Progect E" Part2 - 기본 도장	335	0	19
https://m.cafe.naver.com/ca-fe/web/cafes/10503958/articles/93788	SSis: [제작기] 1/35 M1151 험비 #5	414	0	0
https://m.cafe.naver.com/ca-fe/web/cafes/10503958/articles/93770	april0623: 아카데미 4호전차 / 트럼페터 sd.kfz.7	698	0	0
https://m.cafe.naver.com/ca-fe/web/cafes/10503958/articles/93763	DAKS1997: K200- KIFV [아카데미과학,1/35]	450	0	0
https://m.cafe.naver.com/ca-fe/web/cafes/10503958/articles/93739	SSis: [제작기] 1/35 M1151 험비 #4	397	0	0
https://m.cafe.naver.com/ca-fe/web/cafes/10503958/articles/93737	SSis: [제작기] 1/35 M1151 험비 #3	296	0	0
https://m.cafe.naver.com/ca-fe/web/cafes/10503958/articles/93691	헌금하라: 2012년 첫 프로젝트 "Progect E" Part1 - 조립	266	0	0
https://m.cafe.naver.com/ca-fe/web/cafes/10503958/articles/93663	SSis: [제작기] 1/35 M1151 험비 #2	307	0	10
https://m.cafe.naver.com/ca-fe/web/cafes/10503958/articles/93631	citizen: m1114 w/m2 + w/mk.14 - 작업 5	152	0	2
https://m.cafe.naver.com/ca-fe/web/cafes/10503958/articles/93616	SSis: [제작기] 1/35 M1151 험비 #1	314	0	0
https://m.cafe.naver.com/ca-fe/web/cafes/10503958/articles/93597	병현아빠: [스마트폰 RC 탱크 개조] 아카데미 1/35 M1A1 Abrams 모터라이즈 / 완성 - PART 12	388	0	0
https://m.cafe.naver.com/ca-fe/web/cafes/10503958/articles/92804	파스텔: 1:72 슈트름 타이거 디오라마 제작기 (2)	399	0	0
https://m.cafe.naver.com/ca-fe/web/cafes/10503958/articles/92756	산바람: 충격! 조각나는 플라스틱..	491	0	0
https://m.cafe.naver.com/ca-fe/web/cafes/10503958/articles/92712	산바람: M47 ROKMC 마지막제작기	388	0	0
https://m.cafe.naver.com/ca-fe/web/cafes/10503958/articles/92705	병현아빠: [스마트폰 RC 탱크 개조] 아카데미 1/35 M1A1 Abrams 모터라이즈 / 회로기판 조립 및 TEST- PART 10	287	0	0
https://m.cafe.naver.com/ca-fe/web/cafes/10503958/articles/92599	산바람: M47 ROKMC 제작기(2)	314	0	0
https://m.cafe.naver.com/ca-fe/web/cafes/10503958/articles/92570	병현아빠: [스마트폰 RC 탱크 개조] 아카데미 1/35 M1A1 Abrams 모터라이즈 / APP 업그레이드- PART 9	271	0	0
https://m.cafe.naver.com/ca-fe/web/cafes/10503958/articles/92482	산바람: M47 ROKMC 제작기(1)	263	0	0
https://m.cafe.naver.com/ca-fe/web/cafes/10503958/articles/91326	놀자꾸나: 아카데미 M4A2 초기형 개조(2)	248	0	0
https://m.cafe.naver.com/ca-fe/web/cafes/10503958/articles/91322	산바람: [아카데미]M4A2 해병대 셔먼	307	0	0
https://m.cafe.naver.com/ca-fe/web/cafes/10503958/articles/91028	GPM까칠민이: 킹타이거작업기4 궤도도색 완료	294	0	7
https://m.cafe.naver.com/ca-fe/web/cafes/10503958/articles/91027	GPM까칠민이: 킹타이거 작업기3	154	0	0
https://m.cafe.naver.com/ca-fe/web/cafes/10503958/articles/91026	파스텔: 1-72 슈트름타이거(sturmtiger)  디오라마 제작기	280	0	9
https://m.cafe.naver.com/ca-fe/web/cafes/10503958/articles/91011	산바람: [아카데미] M1151 험비 제작 (4)	414	0	0
https://m.cafe.naver.com/ca-fe/web/cafes/10503958/articles/89533	병현아빠: [스마트폰 RC 탱크 개조] 아카데미 1/35 M1A1 Abrams 모터라이즈 / 포신 동작 TEST - PART 5	353	0	0
https://m.cafe.naver.com/ca-fe/web/cafes/10503958/articles/89218	improved: M48A5K PATTON 제작기 #2	312	0	0
https://m.cafe.naver.com/ca-fe/web/cafes/10503958/articles/89154	병현아빠: [스마트폰 RC 탱크 개조] 아카데미 1/35 M1A1 Abrams 모터라이즈 / 서스펜션 개조 - PART 4	383	0	0
https://m.cafe.naver.com/ca-fe/web/cafes/10503958/articles/88737	병현아빠: [스마트폰 RC 탱크 개조] 아카데미 1/35 M1A1 Abrams 모터라이즈 / 포탑회전 개조 - PART 3	363	0	0
https://m.cafe.naver.com/ca-fe/web/cafes/10503958/articles/87598	산바람: 트럼페터 German Pz.KpfW 4 Aust F Fahrgestell 제작기 (5)	197	0	0
https://m.cafe.naver.com/ca-fe/web/cafes/10503958/articles/87530	헌금하라: Pit & machanics 제작기획	250	0	0
https://m.cafe.naver.com/ca-fe/web/cafes/10503958/articles/87385	산바람: 트럼페터 German Pz.KpfW 4 Aust F Fahrgestell 제작기 (4)	172	0	0
https://m.cafe.naver.com/ca-fe/web/cafes/10503958/articles/82948	blue in: 저의 작업기,,,	338	0	0
https://m.cafe.naver.com/ca-fe/web/cafes/10503958/articles/80520	칼칼: R.O.K.Army K9 155 mm 자주포 작업 NO1,2011,03,20,	548	0	0
https://m.cafe.naver.com/ca-fe/web/cafes/10503958/articles/80494	달 건: Sd.Kfz.171 Panther G Late Production	340	0	0
https://m.cafe.naver.com/ca-fe/web/cafes/10503958/articles/76698	cdw7543: R.O.K. army k-9 -02	348	0	0
https://m.cafe.naver.com/ca-fe/web/cafes/10503958/articles/76683	cdw7543: R.O.K. army K-9  -1 & 책	552	0	0
https://m.cafe.naver.com/ca-fe/web/cafes/10503958/articles/76406	뼈덕후: 1/35 드래곤 2차대전 독일보병 도색상태 및 질문	364	0	0
https://m.cafe.naver.com/ca-fe/web/cafes/10503958/articles/76225	조지마이클: 유럽전선의 미군들 제작기.	390	0	0
https://m.cafe.naver.com/ca-fe/web/cafes/10503958/articles/70721	야크트판터: 아카데미1/35 M1A1 ABRAMS 이라크 2003	519	0	7
https://m.cafe.naver.com/ca-fe/web/cafes/10503958/articles/69658	엔비: panther D 조립완료(드래곤 1/35)	512	0	2
https://m.cafe.naver.com/ca-fe/web/cafes/10503958/articles/68458	칼칼: LAV III TUA 장갑차 (1/35 트럼패트)2010.04.22 기본도색완료	540	0	8
https://m.cafe.naver.com/ca-fe/web/cafes/10503958/articles/68204	칼칼: LAV III TUA 장륜장갑차 (1/35 트럼패트)2010,04,10	498	0	0
https://m.cafe.naver.com/ca-fe/web/cafes/10503958/articles/65653	마이다스: 1/35 M4A3E8 아카데미 이지에잇 #2	774	0	26
https://m.cafe.naver.com/ca-fe/web/cafes/10503958/articles/65516	야크트판터: 1/35 German E-100 SUPER HEAVY TANK (2)	524	0	9
https://m.cafe.naver.com/ca-fe/web/cafes/10503958/articles/65515	야크트판터: 1/35 German E-100 SUPER HEAVY TANK (1)	344	0	1
https://m.cafe.naver.com/ca-fe/web/cafes/10503958/articles/65323	야크트판터: 아카데미/ TIGER전차 찌메리트 코팅 시도.	444	0	10
https://m.cafe.naver.com/ca-fe/web/cafes/10503958/articles/64934	마이다스: 1/35 M4A3E8 아카데미 이지에잇 #1	560	0	11
https://m.cafe.naver.com/ca-fe/web/cafes/10503958/articles/62846	낭묘: T-72 제작기(2)	361	0	0
https://m.cafe.naver.com/ca-fe/web/cafes/10503958/articles/59826	달 건: King Tiger	328	0	0
https://m.cafe.naver.com/ca-fe/web/cafes/10503958/articles/59675	칼칼: M4A3E8 Easy Eight 셔먼 (1/35 아카데미)작업 2009.08.26 아크릴 붓도장	364	0	6
https://m.cafe.naver.com/ca-fe/web/cafes/10503958/articles/59539	동이리: 아카데미 M4A3E8 셔먼 기본조립완료	380	0	0
https://m.cafe.naver.com/ca-fe/web/cafes/10503958/articles/58242	인간탱크: 타미야제 B-1bis(French)작업기3	330	0	0
https://m.cafe.naver.com/ca-fe/web/cafes/10503958/articles/58241	인간탱크: 타미야제 B-1bis(French)작업기2	224	0	0
https://m.cafe.naver.com/ca-fe/web/cafes/10503958/articles/58237	인간탱크: 타미야제 B-1bis(French)작업기1	322	0	0
https://m.cafe.naver.com/ca-fe/web/cafes/10503958/articles/56347	k2ak: USMC 사막형MARPAT	602	0	0
https://m.cafe.naver.com/ca-fe/web/cafes/10503958/articles/56254	재롱군: 또 이것저것...	318	0	0
https://m.cafe.naver.com/ca-fe/web/cafes/10503958/articles/56043	재롱군: 이것 저것........	219	0	0
https://m.cafe.naver.com/ca-fe/web/cafes/10503958/articles/54703	동이리: 아 이놈들 언제나 옷들을 입혀줄라나	426	0	0
https://m.cafe.naver.com/ca-fe/web/cafes/10503958/articles/54700	동이리: 드래곤 M1A1 AIM 제작일지 5	625	0	9
https://m.cafe.naver.com/ca-fe/web/cafes/10503958/articles/54394	동이리: 드래곤 M1A1 AIM 제작일지 4	517	0	0
https://m.cafe.naver.com/ca-fe/web/cafes/10503958/articles/54310	동이리: 드래곤 M1A1 AIM 제작일지 3	383	0	0
https://m.cafe.naver.com/ca-fe/web/cafes/10503958/articles/54295	설록사: 동계 디오라마 Ghost On The Road 완성!	449	0	0
https://m.cafe.naver.com/ca-fe/web/cafes/10503958/articles/50446	마이다스: 1/35 아카데미 M1A1 OIF 도색 작업중 #2	895	0	0
https://m.cafe.naver.com/ca-fe/web/cafes/10503958/articles/50430	칼칼: 미육군 현용보병작업(2008.12.12)	335	0	0
https://m.cafe.naver.com/ca-fe/web/cafes/10503958/articles/50389	칼칼: 센타우로 스페인장갑차 조립완료(1/35 트럼패트 2008.12.11)	256	0	0
https://m.cafe.naver.com/ca-fe/web/cafes/10503958/articles/50278	칼칼: VRC-105 센투리오 스페인 장갑차 작업1(2008.12.07)1/35 트럼패트	255	0	0
https://m.cafe.naver.com/ca-fe/web/cafes/10503958/articles/50243	칼칼: VRC105스페인육군 센타루오 장갑차(1/35 트럼패트 2008.12.06)	275	0	0
https://m.cafe.naver.com/ca-fe/web/cafes/10503958/articles/50162	몬데오: 1/35 Marder III Ausf.M Initial Production - Smart Kit(DRAGON) 조립중	393	0	0
https://m.cafe.naver.com/ca-fe/web/cafes/10503958/articles/50097	칼칼: 타이거전차 마무리작업(2008.11.30)	409	0	0
https://m.cafe.naver.com/ca-fe/web/cafes/10503958/articles/50043	칼칼: 타이거전차 작업4 (마지막도색작업 2008.11.28)	353	0	0
https://m.cafe.naver.com/ca-fe/web/cafes/10503958/articles/49271	칼칼: 11 월달 작업할것및 작업중	289	0	0
https://m.cafe.naver.com/ca-fe/web/cafes/10503958/articles/49131	프라세상: k1a1 또는 모든전차 위장막 (대형)	662	0	0
https://m.cafe.naver.com/ca-fe/web/cafes/10503958/articles/49117	칼칼: 인형보병	328	0	0
https://m.cafe.naver.com/ca-fe/web/cafes/10503958/articles/49040	칼칼: 현용전투병(인형의연습)	536	0	30
https://m.cafe.naver.com/ca-fe/web/cafes/10503958/articles/47902	칼칼: M1A1 아브람스전차  세번째 마지막작업(1/35 아카데미 2008.09.09)	471	0	0
https://m.cafe.naver.com/ca-fe/web/cafes/10503958/articles/47863	칼칼: M1A1아브람스 전차 작업 두번째날 (1/35 아카데미 2008.09.07)	385	0	0
https://m.cafe.naver.com/ca-fe/web/cafes/10503958/articles/47802	칼칼: M1A1 아브람스 미육군전차 (1/35 아카데미 )작업 첫째날 2008.09.05	428	0	7
https://m.cafe.naver.com/ca-fe/web/cafes/10503958/articles/46930	몰라: 셔먼 색감 수정본	233	0	0
https://m.cafe.naver.com/ca-fe/web/cafes/10503958/articles/46861	v5337: 밀리터리 1호 작품 셔면 제작기	363	0	0
https://m.cafe.naver.com/ca-fe/web/cafes/10503958/articles/46774	칼칼: 팬저4호 전차작업첫째날(1/35 타미야)	266	0	0
https://m.cafe.naver.com/ca-fe/web/cafes/10503958/articles/46773	칼칼: 팬저4호전차 작업(1/35 타미야)2008.08.05	213	0	0
https://m.cafe.naver.com/ca-fe/web/cafes/10503958/articles/45655	시헌아빠: [1/72] M3 Half Track & 1/4ton Amphibian Vehicle 서페이싱	404	0	0
https://m.cafe.naver.com/ca-fe/web/cafes/10503958/articles/45569	시헌아빠: 요즘 작업중인 킷들	531	0	0
https://m.cafe.naver.com/ca-fe/web/cafes/10503958/articles/45499	칼칼: 판터D형 셋째날작업 (1/35 드래곤 2008.06.19)	367	0	0
https://m.cafe.naver.com/ca-fe/web/cafes/10503958/articles/45483	칼칼: 판터D형 작업 두번째날(1/35 드래곤 찌메리티 2008.06.18)	248	0	0
https://m.cafe.naver.com/ca-fe/web/cafes/10503958/articles/45459	칼칼: 판터D형 작업첫째날(1/35 드래곤 찌메리티 2008.06.17)	276	0	13
https://m.cafe.naver.com/ca-fe/web/cafes/10503958/articles/45354	칼칼: 킹 타이거 헨셀형 작업 3 일째 .2008.06.13	308	0	0
https://m.cafe.naver.com/ca-fe/web/cafes/10503958/articles/45333	칼칼: 킹 타이거 헨셀형 작업이틀째(1/35 드래곤)2008.06.12	270	0	0
https://m.cafe.naver.com/ca-fe/web/cafes/10503958/articles/45312	칼칼: Kfz.182 King Tiger Henschel Tuiret W/Zimmerit(1/35드래곤 2008.06.11)	277	0	0
https://m.cafe.naver.com/ca-fe/web/cafes/10503958/articles/45311	칼칼: 킹 타이거 헤셀(1/35 드래곤)	339	0	14
https://m.cafe.naver.com/ca-fe/web/cafes/10503958/articles/45032	칼칼: 아리아떼 증가장갑전차 작업 두번째날 (하부)2008.05.30	210	0	0
https://m.cafe.naver.com/ca-fe/web/cafes/10503958/articles/45011	칼칼: 아리아떼 이탈리아증가장착형 전차 작업 첫째날	207	0	0
https://m.cafe.naver.com/ca-fe/web/cafes/10503958/articles/44915	칼칼: 아리아테 증가장갑형 이탈리아전차(1/35 트럼패트 05.26일작업시작)	150	0	0
https://m.cafe.naver.com/ca-fe/web/cafes/10503958/articles/44785	칼칼: M16 대공기총차량 작업네번째 (도색및 데칼(80%)완료	276	0	0
https://m.cafe.naver.com/ca-fe/web/cafes/10503958/articles/42485	무자헤딘: FlakPanzer Gepard 작업기(3)	237	0	0
https://m.cafe.naver.com/ca-fe/web/cafes/10503958/articles/42342	무자헤딘: FlakPanzer Gepard 작업기(2)	243	0	0
https://m.cafe.naver.com/ca-fe/web/cafes/10503958/articles/42230	무자헤딘: FlakPanzer Gepard 작업기(1)	308	0	0
https://m.cafe.naver.com/ca-fe/web/cafes/10503958/articles/41762	달곰: [TAMIYA] 1/35 - King Tiger - 기본도색, 위장도색	692	0	0
https://m.cafe.naver.com/ca-fe/web/cafes/10503958/articles/41630	달곰: [TAMIYA] 1/35 - King Tiger - 포탑조립, 사이드스커트	465	0	0
https://m.cafe.naver.com/ca-fe/web/cafes/10503958/articles/41579	달곰: [TAMIYA] 1/35 - King Tiger - 상부차체조립, 차체조립	343	0	0
https://m.cafe.naver.com/ca-fe/web/cafes/10503958/articles/41563	달곰: [TAMIYA] 1/35 - King Tiger - 하부차체조립	472	0	0
https://m.cafe.naver.com/ca-fe/web/cafes/10503958/articles/41411	칼칼: M1A2 작업 70%완료 02.08완성예정	344	0	0
https://m.cafe.naver.com/ca-fe/web/cafes/10503958/articles/41408	칼칼: 타미야 M1A2 아브람스작업	332	0	0
https://m.cafe.naver.com/ca-fe/web/cafes/10503958/articles/39314	칼칼: 첼린저2 작업 75%진행 (트럼패트1/35키트)2007.12.25	214	0	0
https://m.cafe.naver.com/ca-fe/web/cafes/10503958/articles/39190	칼칼: 첼린저2 작업및 차기작업키트 (선물받은키트작업 트럼패트1/352007.12.22)	188	0	0
https://m.cafe.naver.com/ca-fe/web/cafes/10503958/articles/38664	무자헤딘: 1/144 ATACMS 제작기(1)	444	0	0
https://m.cafe.naver.com/ca-fe/web/cafes/10503958/articles/38477	키노: 트럼페터 Russian IS-IIIM Heavy Tank (스탈린 중전차) 어설픈 조립완료.	306	0	0
https://m.cafe.naver.com/ca-fe/web/cafes/10503958/articles/38417	칼칼: 레오파드 2A5/6 하비보스키트 작업80%잔행	260	0	6
https://m.cafe.naver.com/ca-fe/web/cafes/10503958/articles/38306	칼칼: 레오파드 2A5/6 전차 작업 <하비보스1/35,2007/11/27작업시작>	249	0	0
https://m.cafe.naver.com/ca-fe/web/cafes/10503958/articles/34625	칼칼: 영국군 워리어장갑차 작업<2007.9.16.16:00-2007,21:10>완성예정2007.09.18	207	0	0
https://m.cafe.naver.com/ca-fe/web/cafes/10503958/articles/33841	무자헤딘: FV-107 시미타 제작기(17)	369	0	0
https://m.cafe.naver.com/ca-fe/web/cafes/10503958/articles/33770	칼칼: M3브래들리 기병전투차<아카데미1/35>작업 2007.8.31	279	0	0
https://m.cafe.naver.com/ca-fe/web/cafes/10503958/articles/33712	무자헤딘: FV-107 시미타 제작기(16)	271	0	0
https://m.cafe.naver.com/ca-fe/web/cafes/10503958/articles/33441	무자헤딘: FV-107 시미타 제작기(15)	310	0	0
https://m.cafe.naver.com/ca-fe/web/cafes/10503958/articles/31332	대마쿠몽: 아카데미 1/35 Tiger1 작업중 - 2	238	0	0
https://m.cafe.naver.com/ca-fe/web/cafes/10503958/articles/31079	대마쿠몽: 아카데미 1/35 Tiger1 작업중	246	0	0
https://m.cafe.naver.com/ca-fe/web/cafes/10503958/articles/30846	삼계탕국: ACADEMY M48A5K 작업기2	280	0	0
https://m.cafe.naver.com/ca-fe/web/cafes/10503958/articles/30813	삼계탕국: ACADEMY M48A5K 작업기1	253	0	0
https://m.cafe.naver.com/ca-fe/web/cafes/10503958/articles/30804	무자헤딘: FV-107 시미타 제작기(8)	207	0	0
https://m.cafe.naver.com/ca-fe/web/cafes/10503958/articles/28965	무자헤딘: FV-107 시미타 제작기(1)	347	0	0
https://m.cafe.naver.com/ca-fe/web/cafes/10503958/articles/28898	테루: 'Nicht wahr weg?' 제작중입니다.	169	0	0
https://m.cafe.naver.com/ca-fe/web/cafes/10503958/articles/28180	무자헤딘: 워리어 MCV 제작기(8)	424	0	0
https://m.cafe.naver.com/ca-fe/web/cafes/10503958/articles/28131	무자헤딘: 워리어 MCV 제작기(7)	415	0	7
https://m.cafe.naver.com/ca-fe/web/cafes/10503958/articles/28092	무자헤딘: 워리어 MCV 제작기(6)	409	0	0
https://m.cafe.naver.com/ca-fe/web/cafes/10503958/articles/28091	무자헤딘: 워리어 MCV 제작기(5)	354	0	0
https://m.cafe.naver.com/ca-fe/web/cafes/10503958/articles/28039	무자헤딘: 워리어 MCV 제작기(4)	392	0	0
https://m.cafe.naver.com/ca-fe/web/cafes/10503958/articles/28038	무자헤딘: 워리어 MCV 제작기(3)	374	0	0
https://m.cafe.naver.com/ca-fe/web/cafes/10503958/articles/24360	로니: BERGEPANZER TIGER(P) #2	158	0	0
https://m.cafe.naver.com/ca-fe/web/cafes/10503958/articles/24349	와우: 디오라마 작업중...	405	0	0
https://m.cafe.naver.com/ca-fe/web/cafes/10503958/articles/24107	가랑비: 1/72 레벨제 T-72M1 작업중	228	0	0
https://m.cafe.naver.com/ca-fe/web/cafes/10503958/articles/23908	호야: TIGER 탱크 늦은 작업기,, 내부재현형	442	0	0
https://m.cafe.naver.com/ca-fe/web/cafes/10503958/articles/23877	한개의콩: 밥아저씨의 데칼붙이기.	355	0	0
https://m.cafe.naver.com/ca-fe/web/cafes/10503958/articles/20857	한개의콩: 밥아저씨의 프라제작기(LVTP-7)2	213	0	0
https://m.cafe.naver.com/ca-fe/web/cafes/10503958/articles/20739	눈오는날: 안녕하세요. 처음 올리는 글입니다.	187	0	0
https://m.cafe.naver.com/ca-fe/web/cafes/10503958/articles/20621	한개의콩: 밥아저씨의 프라제작기~( LVTP-7)	379	0	18
https://m.cafe.naver.com/ca-fe/web/cafes/10503958/articles/17455	무자헤딘: 느릿느릿 진행중인 모형들...	700	0	8
https://m.cafe.naver.com/ca-fe/web/cafes/10503958/articles/16926	멀래니: 헤쩌와 스툼멜 1차 위장무늬 완료	208	0	8
https://m.cafe.naver.com/ca-fe/web/cafes/10503958/articles/16426	멀래니: 1호전차B형 아프리카군단형 제작중 (후지미 1/76)	319	0	0
https://m.cafe.naver.com/ca-fe/web/cafes/10503958/articles/14055	서창걸: [아카데미] 티거 초기형으로 DAK버전 극초기형으로 개조하기..	315	0	0
https://m.cafe.naver.com/ca-fe/web/cafes/10503958/articles/13792	서창걸: 1/35 독일 여군 인형..	578	0	20
https://m.cafe.naver.com/ca-fe/web/cafes/10503958/articles/13482	고래아빠: 1/72 드래곤 AAV-7A1 제작중 4	359	1	2
https://m.cafe.naver.com/ca-fe/web/cafes/10503958/articles/13481	이 희철: 요즘 제작중인 놈 입니다. - 셔먼	430	0	11
https://m.cafe.naver.com/ca-fe/web/cafes/10503958/articles/13440	고래아빠: 고이즈미 떼려잡기~~ 1/72 드래곤 AAV-7A1 제작중 3	449	0	0
https://m.cafe.naver.com/ca-fe/web/cafes/10503958/articles/13438	고래아빠: 1/72 드래곤 AAV-7A1 제작중 2	355	1	0
https://m.cafe.naver.com/ca-fe/web/cafes/10503958/articles/13437	고래아빠: 1/72 드래곤 AAV-7A1 제작중	340	1	3
https://m.cafe.naver.com/ca-fe/web/cafes/10503958/articles/13376	kun8000: 이라크버젼 "장갑형험비"#1	434	0	0
https://m.cafe.naver.com/ca-fe/web/cafes/10503958/articles/12225	고래아빠: 1/72 드래곤 M3A2 Bradley 장갑차 제작중	364	0	0
https://m.cafe.naver.com/ca-fe/web/cafes/10503958/articles/12100	고래아빠: 1/72 드래곤 M3A2 Bradley 장갑차 제작중	278	0	0
https://m.cafe.naver.com/ca-fe/web/cafes/10503958/articles/12050	고래아빠: 1/72 드래곤 M3A2 Bradley 장갑차 제작중	321	0	0
https://m.cafe.naver.com/ca-fe/web/cafes/10503958/articles/12049	고래아빠: 1/72 드래곤 M3A2 Bradley 장갑차 제작중	189	0	0
https://m.cafe.naver.com/ca-fe/web/cafes/10503958/articles/11852	국민학생: Panzer Kampfwagen2  Ausf F/G	311	0	0
https://m.cafe.naver.com/ca-fe/web/cafes/10503958/articles/11843	dkfhddlb: 브래들리 신제품..포탑.도색중.[메르카바도있어요~]	429	0	0
https://m.cafe.naver.com/ca-fe/web/cafes/10503958/articles/11724	rogue98: 전체 도색이라고 할까요? --;;	281	0	0
https://m.cafe.naver.com/ca-fe/web/cafes/10503958/articles/11722	고래아빠: 1/72 하세가와 Sd. kfz 234/1 제작중	264	0	0
https://m.cafe.naver.com/ca-fe/web/cafes/10503958/articles/11696	고래아빠: 1/72 하세가와 Sd. kfz 234/1 제작중	195	0	0
https://m.cafe.naver.com/ca-fe/web/cafes/10503958/articles/11695	고래아빠: 1/72 하세가와 Sd. kfz 234/1 제작중	234	0	0
https://m.cafe.naver.com/ca-fe/web/cafes/10503958/articles/11604	rogue98: M113 ZELDA전차 전체도색중입니다...^^	293	0	0
https://m.cafe.naver.com/ca-fe/web/cafes/10503958/articles/11576	멀래니: Me109 E 제작중	328	0	0
https://m.cafe.naver.com/ca-fe/web/cafes/10503958/articles/11558	rogue98: M113 젤다 전차 내부도색중입니다...	245	0	0
https://m.cafe.naver.com/ca-fe/web/cafes/10503958/articles/11422	lis9124: M1A1 에이브람스 미완성작.....	769	0	0
https://m.cafe.naver.com/ca-fe/web/cafes/10503958/articles/9359	sos7845: 미군	313	0	0
https://m.cafe.naver.com/ca-fe/web/cafes/10503958/articles/9340	wax98765: 1/25 판터요~~ 올 붓도장입니다..''	689	0	0
https://m.cafe.naver.com/ca-fe/web/cafes/10503958/articles/9184	목젖두개: 국군보병 제작중	387	0	0
https://m.cafe.naver.com/ca-fe/web/cafes/10503958/articles/9149	목젖두개: 총기도 위장이다!	659	0	0
https://m.cafe.naver.com/ca-fe/web/cafes/10503958/articles/9072	바람붓: 지금 제작중인 디오라마 간략한구도~	513	0	0
https://m.cafe.naver.com/ca-fe/web/cafes/10503958/articles/9009	루피: '사투;범어동 골목길에서' 제작기 3부 - 베이스 제작	1247	0	4
https://m.cafe.naver.com/ca-fe/web/cafes/10503958/articles/9008	루피: '사투;범어동 골목길에서' 제작기 2부 - 보병의 제작	1057	0	0
https://m.cafe.naver.com/ca-fe/web/cafes/10503958/articles/9006	루피: '사투;범어동 골목길에서' 제작기 1부 - 계획 세우기	713	0	0
https://m.cafe.naver.com/ca-fe/web/cafes/10503958/articles/9005	xmfmaaos111: M-12 155MM 자주포전차	485	0	0
https://m.cafe.naver.com/ca-fe/web/cafes/10503958/articles/8989	독일군: 디오라마 제작중~	676	0	0
https://m.cafe.naver.com/ca-fe/web/cafes/10503958/articles/8932	바람붓: 인형도색~추가~연합군101공수대원	512	0	0
https://m.cafe.naver.com/ca-fe/web/cafes/10503958/articles/8694	스퍄민트: 디오라마에서 건물 질문...	808	0	9
https://m.cafe.naver.com/ca-fe/web/cafes/10503958/articles/8629	kimyws: 제작중인.. 군인들	435	0	0
https://m.cafe.naver.com/ca-fe/web/cafes/10503958/articles/8606	하노마그: Panzer IV 쉐르첸 장착형	431	0	0
https://m.cafe.naver.com/ca-fe/web/cafes/10503958/articles/8579	dkfhddlb: 독일군 한명더 완성 ㅠㅠ.	318	0	0
https://m.cafe.naver.com/ca-fe/web/cafes/10503958/articles/8543	dkfhddlb: 독일군피규어 한놈완료!!	475	0	0
https://m.cafe.naver.com/ca-fe/web/cafes/10503958/articles/8541	독일군: 대한민국 육군 전차병 제작중...	421	0	0
https://m.cafe.naver.com/ca-fe/web/cafes/10503958/articles/8525	파리약: 오랫만이군요... 타이거-1 중기형 내부재현. 중간...	624	0	0
https://m.cafe.naver.com/ca-fe/web/cafes/10503958/articles/4202	dkfhddlb: 메르카바ll [작업중!]	587	0	0
https://m.cafe.naver.com/ca-fe/web/cafes/10503958/articles/4183	dkfhddlb: 메르카바ll 도색중에 한컷.	618	0	0
https://m.cafe.naver.com/ca-fe/web/cafes/10503958/articles/3942	종이모형: 아카데미 1/35 메르카바  MKII 전차 제작중..	637	0	0
https://m.cafe.naver.com/ca-fe/web/cafes/10503958/articles/3773	hojae93: 3000원짜리 아카데미제 ss무장 친위대 1/35	821	0	0
https://m.cafe.naver.com/ca-fe/web/cafes/10503958/articles/3164	모델프라: 디오라마	848	0	0
https://m.cafe.naver.com/ca-fe/web/cafes/10503958/articles/3074	mnmn888: 4호 F1 형 제작중	722	0	0
https://m.cafe.naver.com/ca-fe/web/cafes/10503958/articles/2767	past112: 브레들리 제작기? 1-1	751	0	0
https://m.cafe.naver.com/ca-fe/web/cafes/10503958/articles/2034	바요: 초보 디오라마(2) - 언덕 만들기	1081	0	0
https://m.cafe.naver.com/ca-fe/web/cafes/10503958/articles/1839	바요: 초보도 도전해보는 디오라마(1) + 아이디어 구함	983	0	0
https://m.cafe.naver.com/ca-fe/web/cafes/10503958/articles/184	크리스: SD Tiger part1	1204	0	0
https://m.cafe.naver.com/ca-fe/web/cafes/10503958/articles/197703	designpower: [HOBBYBOSS] LVTP-7 제작중 조립	392	6	0
https://m.cafe.naver.com/ca-fe/web/cafes/10503958/articles/197629	백면서생: [ACE 1:72] M60A1 002	270	5	3
https://m.cafe.naver.com/ca-fe/web/cafes/10503958/articles/197608	designpower: German T-34/76 747(r) 제작중	368	4	6
https://m.cafe.naver.com/ca-fe/web/cafes/10503958/articles/197332	designpower: 아카데미 M1A2 V2 제작중 조립	525	4	2
https://m.cafe.naver.com/ca-fe/web/cafes/10503958/articles/197284	백면서생: [ACE 1:72] M60A1 001	228	1	2
https://m.cafe.naver.com/ca-fe/web/cafes/10503958/articles/197179	구른담: 1/35 미국 육군 M1A2 에이브람스 SEP V2 #6.웨더링	371	0	2
https://m.cafe.naver.com/ca-fe/web/cafes/10503958/articles/197163	SSis: 9A52-2 Smerch #5	333	3	4
https://m.cafe.naver.com/ca-fe/web/cafes/10503958/articles/196735	참피플: Jagdpanzer 38t Hetzer "Early Version" 제작기 (1)	260	0	0
https://m.cafe.naver.com/ca-fe/web/cafes/10503958/articles/196731	Night Fury: [AFV 제작기] 1/35 플랙판저 T-34 조립 & 오브젝트 279 궤도 부착 중~	313	2	1
https://m.cafe.naver.com/ca-fe/web/cafes/10503958/articles/196685	바람지기: Pzbeobwg. III Ausf.H (Sd.kfz.143) : (7) 세부 도색 추가	402	1	2
https://m.cafe.naver.com/ca-fe/web/cafes/10503958/articles/196654	강경준: M1070 Truck Tractor & M1000 HET Semi-trailer <4탄> 제작기 2	500	4	7
https://m.cafe.naver.com/ca-fe/web/cafes/10503958/articles/196615	구른담: 1/35 미국 육군 M1A2 에이브람스 SEP V2 #3.포탑을 만들자	379	0	3
https://m.cafe.naver.com/ca-fe/web/cafes/10503958/articles/196613	designpower: T-72 M1 제작중 조립	441	0	6
https://m.cafe.naver.com/ca-fe/web/cafes/10503958/articles/196553	SSis: 9A52-2 Smerch #4	314	2	0
https://m.cafe.naver.com/ca-fe/web/cafes/10503958/articles/196521	SSis: 9A52-2 Smerch #3	372	3	3
https://m.cafe.naver.com/ca-fe/web/cafes/10503958/articles/196470	SSis: 9A52-2 Smerch #2	323	2	10
https://m.cafe.naver.com/ca-fe/web/cafes/10503958/articles/196397	designpower: [ACADEMY] T34/85 제작중 조립	394	0	3
https://m.cafe.naver.com/ca-fe/web/cafes/10503958/articles/196390	Night Fury: [AFV 제작기] 1/35 세미나과학 M3a2 하프트랙 장갑차 웨더링 작업중~	279	1	4
https://m.cafe.naver.com/ca-fe/web/cafes/10503958/articles/196367	SSis: 9A52-2 Smerch #1	380	1	0
https://m.cafe.naver.com/ca-fe/web/cafes/10503958/articles/196339	밀크맛캬라멜: M48A3 Patton(Tamiya) 기본조립완료.	547	2	4
https://m.cafe.naver.com/ca-fe/web/cafes/10503958/articles/195929	FireTiger: 타미야 LEOPARD2A5 제작기#1	301	1	2
https://m.cafe.naver.com/ca-fe/web/cafes/10503958/articles/195883	Night Fury: 1/35 프라모델 여러가지 현재까지 작업 현황 =.=	412	6	0
https://m.cafe.naver.com/ca-fe/web/cafes/10503958/articles/195646	designpower: [ACADEMY] Merkava Mk.IV LIC 제작중 조립	495	4	6
https://m.cafe.naver.com/ca-fe/web/cafes/10503958/articles/195208	Night Fury: [AFV 제작기] 1/35 판다 모델 "오브젝트 279" 작업기~	329	3	10
https://m.cafe.naver.com/ca-fe/web/cafes/10503958/articles/195179	designpower: LEOPARD C2 제작 도색중	409	6	6
https://m.cafe.naver.com/ca-fe/web/cafes/10503958/articles/195101	참피플: 회원분들의 칭찬에 힘입어 M1151 험비 2번째 디오라마 올려봅니다	655	8	8
https://m.cafe.naver.com/ca-fe/web/cafes/10503958/articles/195082	참피플: 정말 힘들게 도색했던 CV9040B 제작기 올려 봅니다!~	652	21	16
https://m.cafe.naver.com/ca-fe/web/cafes/10503958/articles/194601	차실장: [ACADEMY] TIGER-I 초기형 1/35 #02	1087	13	10
https://m.cafe.naver.com/ca-fe/web/cafes/10503958/articles/194532	Night Fury: 1/35 아카데미 M36B1 제작기~	407	3	4
https://m.cafe.naver.com/ca-fe/web/cafes/10503958/articles/194461	차실장: [ACADEMY] TIGER-I 초기형 1/35 #01	906	11	9
https://m.cafe.naver.com/ca-fe/web/cafes/10503958/articles/194240	만슈타인: 1/35 Nashorn (TAMIYA) - 도색	297	3	1
https://m.cafe.naver.com/ca-fe/web/cafes/10503958/articles/193483	뱡기헬기: 트럼페터 KV-1S	731	10	19
https://m.cafe.naver.com/ca-fe/web/cafes/10503958/articles/193351	밀덕정태성: 시험끝나고 손풀기2	361	2	4
https://m.cafe.naver.com/ca-fe/web/cafes/10503958/articles/193332	데로로: 1/35 타이거 초기형 131번(보빙턴타이거) 제작중	430	8	21
https://m.cafe.naver.com/ca-fe/web/cafes/10503958/articles/193279	SSis: Wittmann's Tiger-I #10	455	2	9
https://m.cafe.naver.com/ca-fe/web/cafes/10503958/articles/193267	백면서생: [ACE 1:72] Challenger 1 Mk.3 006	209	3	3
https://m.cafe.naver.com/ca-fe/web/cafes/10503958/articles/193217	밀덕정태성: 티거 1 후기형 제작기8	312	1	2
https://m.cafe.naver.com/ca-fe/web/cafes/10503958/articles/192934	SSis: Wittmann's Tiger-I #9	336	2	8
https://m.cafe.naver.com/ca-fe/web/cafes/10503958/articles/192432	강경준: 오랜만에 대전물 미군바이크!	371	5	12
https://m.cafe.naver.com/ca-fe/web/cafes/10503958/articles/192417	만슈타인: 1/35 Nashorn (TAMIYA) - 조립	243	2	0
https://m.cafe.naver.com/ca-fe/web/cafes/10503958/articles/192272	SSis: IDF Nagmachon APC #10	291	1	7
https://m.cafe.naver.com/ca-fe/web/cafes/10503958/articles/192109	만슈타인: 1/35 Sd.Kfz.222 (TAMIYA) - 도색 두번째	297	2	1
https://m.cafe.naver.com/ca-fe/web/cafes/10503958/articles/192047	밀덕정태성: 아카데미 4호H/J형 제작기3	427	1	4
https://m.cafe.naver.com/ca-fe/web/cafes/10503958/articles/191946	SSis: IDF Nagmachon APC #9	353	5	2
https://m.cafe.naver.com/ca-fe/web/cafes/10503958/articles/191886	SSis: IDF Nagmachon APC #8	292	2	4
https://m.cafe.naver.com/ca-fe/web/cafes/10503958/articles/191885	SSis: IDF Nagmachon APC #7	257	1	2
https://m.cafe.naver.com/ca-fe/web/cafes/10503958/articles/191739	만슈타인: 1/35 Sd.Kfz.222 (TAMIYA) - 도색	153	0	0
https://m.cafe.naver.com/ca-fe/web/cafes/10503958/articles/191725	SSis: IDF Nagmachon APC #6	354	3	10
https://m.cafe.naver.com/ca-fe/web/cafes/10503958/articles/191384	톰과란제리: 킹타이거 II 최종버젼	418	5	0
https://m.cafe.naver.com/ca-fe/web/cafes/10503958/articles/191293	산바람: 호밀밭 Tiger-1 초기형 조립중	728	3	11
https://m.cafe.naver.com/ca-fe/web/cafes/10503958/articles/191192	잉카50: 1/72 US Motorized Infantry 미국 보병 인형 추천	374	1	2
https://m.cafe.naver.com/ca-fe/web/cafes/10503958/articles/191183	SSis: IDF M1070 & M1000 #36	274	2	9
https://m.cafe.naver.com/ca-fe/web/cafes/10503958/articles/191005	이멘바크: [1/35 TAMIYA] US Medeum Tank M26 Pershing 제작기 - 4 (도색)	406	2	6
https://m.cafe.naver.com/ca-fe/web/cafes/10503958/articles/190497	모시미미: 1/35 메르카바 입니다	345	1	4
https://m.cafe.naver.com/ca-fe/web/cafes/10503958/articles/190486	만슈타인: 1/35 Sd.Kfz.222 (TAMIYA) - 조립	206	0	0
https://m.cafe.naver.com/ca-fe/web/cafes/10503958/articles/190387	구른담: 1/35 프랑스육군 EBR-10 장륜장갑차 #1	363	0	2
https://m.cafe.naver.com/ca-fe/web/cafes/10503958/articles/190276	SSis: IDF M1070 & M1000 #35	269	2	13
https://m.cafe.naver.com/ca-fe/web/cafes/10503958/articles/190224	백면서생: [ACE 1:72] Challenger 1 Mk.3 005	186	5	1
https://m.cafe.naver.com/ca-fe/web/cafes/10503958/articles/190222	SSis: IDF M1070 & M1000 #34	274	5	2
https://m.cafe.naver.com/ca-fe/web/cafes/10503958/articles/190175	백면서생: [ACE 1:72] Challenger 1 Mk.3 004	280	3	2
https://m.cafe.naver.com/ca-fe/web/cafes/10503958/articles/190053	NUKUMORI: 이지에잇 작업중입니다	413	0	3
https://m.cafe.naver.com/ca-fe/web/cafes/10503958/articles/189978	가난한 모델러: KM9 ACE(ARMORED COMBAT EARTHMOVER) R.O.K. ARMY Military Engineer [3-웨더링]	476	5	9
https://m.cafe.naver.com/ca-fe/web/cafes/10503958/articles/189315	햄버거: [ESCI] 20년은 더 된 T55A 를 십몇년만에 제작...아저씨 부활기...	821	18	22
https://m.cafe.naver.com/ca-fe/web/cafes/10503958/articles/189300	MLRS: ACADEMY T-34/85 No.183 Factory "Berlin 1945" 1/35 제작기 - 1	381	2	8
https://m.cafe.naver.com/ca-fe/web/cafes/10503958/articles/189284	이멘바크: [1/35 Takom] French Light Tank AMX-13/90 제작기 - 3 (도색, 데칼, 워싱)	450	6	8
https://m.cafe.naver.com/ca-fe/web/cafes/10503958/articles/189093	이멘바크: [1/35 Takom] French Light Tank AMX-13/90 제작기 - 2 (조립,조색)	456	5	0
https://m.cafe.naver.com/ca-fe/web/cafes/10503958/articles/189083	산바람: 디오라마 제작중 # 5 (지형 제작)	510	4	2
https://m.cafe.naver.com/ca-fe/web/cafes/10503958/articles/189044	이멘바크: [1/35 Takom] French Light Tank AMX-13/90 제작기 - 1 (조립)	454	3	6
https://m.cafe.naver.com/ca-fe/web/cafes/10503958/articles/189006	가난한 모델러: KM9 ACE(ARMORED COMBAT EARTHMOVER) R.O.K. ARMY Military Engineer [1-조립]	748	10	17
https://m.cafe.naver.com/ca-fe/web/cafes/10503958/articles/188985	designpower: GTK Boxer sgSanKfz 제작중	366	3	2
https://m.cafe.naver.com/ca-fe/web/cafes/10503958/articles/188889	MLRS: ACADEMY Tiger - I Gruppe Fehrmann, Essel 1945 1/35 제작기 - 3	393	6	0
https://m.cafe.naver.com/ca-fe/web/cafes/10503958/articles/188866	산바람: 디오라마 제작중 # 4 (베이스 제작)	548	2	9
https://m.cafe.naver.com/ca-fe/web/cafes/10503958/articles/188835	MLRS: ACADEMY Tiger - I Gruppe Fehrmann, Essel 1945 1/35 제작기 - 2	425	2	17
https://m.cafe.naver.com/ca-fe/web/cafes/10503958/articles/188709	MLRS: ACADEMY Tiger - I Gruppe Fehrmann, Essel 1945 1/35 제작기 - 1	477	7	18
https://m.cafe.naver.com/ca-fe/web/cafes/10503958/articles/188693	designpower: BMP-1 IFV 제작중 조립	350	0	4
https://m.cafe.naver.com/ca-fe/web/cafes/10503958/articles/188558	산바람: 디오라마 제작중 # 3 (베이스 제작)	449	1	9
https://m.cafe.naver.com/ca-fe/web/cafes/10503958/articles/188556	산바람: 디오라마 제작중 #2 (석고 다리 제작)	429	2	1
https://m.cafe.naver.com/ca-fe/web/cafes/10503958/articles/187933	이멘바크: [1/35 Trumpeter] German E-25 Tank 제작기 - 3 (데칼,먹선)	407	2	4
https://m.cafe.naver.com/ca-fe/web/cafes/10503958/articles/187850	이멘바크: [1/35 Trumpeter] German E-25 Tank 제작기 - 2 (도색)	424	3	2
https://m.cafe.naver.com/ca-fe/web/cafes/10503958/articles/187721	이멘바크: [1/35 Trumpeter] German E-25 Tank 제작기 - 1 (조립)	461	4	7
https://m.cafe.naver.com/ca-fe/web/cafes/10503958/articles/187671	프라2만리: [HobbyBoss] 1/48 Russian T-34/85 (Angle-jointed Turret) - 1	272	2	4
https://m.cafe.naver.com/ca-fe/web/cafes/10503958/articles/187518	산바람: IC FireFly [1/35 아스카 모델] 조립시작	511	1	4
https://m.cafe.naver.com/ca-fe/web/cafes/10503958/articles/187511	프라2만리: [Tamiya] 1/48 WWII British Cromwell Mk.IV - 1	377	0	4
https://m.cafe.naver.com/ca-fe/web/cafes/10503958/articles/187416	이멘바크: [1/35 Academy] T-34/85 'No.112 Factory Production' 제작기 - 3 (도색)	417	0	3
https://m.cafe.naver.com/ca-fe/web/cafes/10503958/articles/187391	사일라: 1/35 해병대 K131 레토나 제작기	678	0	8
https://m.cafe.naver.com/ca-fe/web/cafes/10503958/articles/186721	이멘바크: [1/48 Tamiya] GERMAN KING TIGER "PRODUCTION TURRET" 제작기 - 1 (도색)	316	0	2
https://m.cafe.naver.com/ca-fe/web/cafes/10503958/articles/186662	생활의지혜 CLUB S: 밀리터리 프라모델 M4A3 셔먼 작업 두번째	612	0	14
https://m.cafe.naver.com/ca-fe/web/cafes/10503958/articles/186646	산바람: 미군 오토바이 비넷 제작 2	352	0	1
https://m.cafe.naver.com/ca-fe/web/cafes/10503958/articles/186606	만슈타인: 3호전차 K형 - 캐터필러 도색	147	0	0
https://m.cafe.naver.com/ca-fe/web/cafes/10503958/articles/186577	산바람: 미군 오토바이 비넷 제작중	342	0	8
https://m.cafe.naver.com/ca-fe/web/cafes/10503958/articles/186512	CAR 맨: 1/35 마지막 인형 도색완료	242	0	0
https://m.cafe.naver.com/ca-fe/web/cafes/10503958/articles/186507	CAR 맨: 1/35 친위대 부사수 도색	315	0	3
https://m.cafe.naver.com/ca-fe/web/cafes/10503958/articles/186454	바람지기: German Railway Flatbed Typ Ommr (2Axle) : (2) 차체 제작	298	0	2
https://m.cafe.naver.com/ca-fe/web/cafes/10503958/articles/186443	CAR 맨: 1/35 디오라마 80%완성..	588	0	12
https://m.cafe.naver.com/ca-fe/web/cafes/10503958/articles/186415	CAR 맨: 1/35 미하일 비트만 도색	476	0	8
https://m.cafe.naver.com/ca-fe/web/cafes/10503958/articles/186410	CAR 맨: 밀리터리 디오라마 구성중	363	0	6
https://m.cafe.naver.com/ca-fe/web/cafes/10503958/articles/186348	designpower: Russian BM-21 제작중	466	0	2
https://m.cafe.naver.com/ca-fe/web/cafes/10503958/articles/186222	만슈타인: 3호전차 K형 - 세부 도색 및 데칼 작업	161	0	0
https://m.cafe.naver.com/ca-fe/web/cafes/10503958/articles/186221	만슈타인: 3호전차 K형 - 연결식 캐터필러 작업	154	0	0
https://m.cafe.naver.com/ca-fe/web/cafes/10503958/articles/186190	산바람: 나무펜스만들기	373	0	1
https://m.cafe.naver.com/ca-fe/web/cafes/10503958/articles/185687	만슈타인: 3호전차 K형 로드휠 도색 - 바예호 아크릴 붓도색	295	0	0
https://m.cafe.naver.com/ca-fe/web/cafes/10503958/articles/185641	야보르: [DEF] T-34/85 노획형 747(r) 조립 - #1 하부	353	0	3
https://m.cafe.naver.com/ca-fe/web/cafes/10503958/articles/185459	만슈타인: 3호전차 K형 기본 도색 올리기 - 바예호 아크릴	264	0	3
https://m.cafe.naver.com/ca-fe/web/cafes/10503958/articles/185425	designpower: M60A1 PATTON 제작중	371	0	0
https://m.cafe.naver.com/ca-fe/web/cafes/10503958/articles/185404	MLRS: 아카데미 Tiger - I 초기형(내부재현형) 1/35 제작기 - 3	469	0	8
https://m.cafe.naver.com/ca-fe/web/cafes/10503958/articles/185275	MLRS: 아카데미 Tiger - I 초기형(내부재현형) 1/35 제작기 - 2	431	0	2
https://m.cafe.naver.com/ca-fe/web/cafes/10503958/articles/185260	Cration: 메르카바2d 조립완료	309	0	0
https://m.cafe.naver.com/ca-fe/web/cafes/10503958/articles/185190	designpower: AN/MPQ-53 Radar 제작중	422	0	1
https://m.cafe.naver.com/ca-fe/web/cafes/10503958/articles/185150	MLRS: 아카데미 Tiger - I 초기형(내부재현형) 1/35 제작기 - 1	409	0	8
https://m.cafe.naver.com/ca-fe/web/cafes/10503958/articles/185149	No excusE: m3 제작기	345	1	14
https://m.cafe.naver.com/ca-fe/web/cafes/10503958/articles/184466	조선군: 아카데미- K200A1 내부조립	874	2	12
https://m.cafe.naver.com/ca-fe/web/cafes/10503958/articles/184403	SPOOKY: TIGER-I 'Gruppe Fehrmann, Essel 1945' #3 기본도색 완료	349	0	7
https://m.cafe.naver.com/ca-fe/web/cafes/10503958/articles/183991	designpower: [TRUMPETER] HEMTT M983 TRACTOR	719	0	4
https://m.cafe.naver.com/ca-fe/web/cafes/10503958/articles/183911	SPOOKY: TIGER-I 'Gruppe Fehrmann, Essel 1945' #2 기본도색	494	0	14
https://m.cafe.naver.com/ca-fe/web/cafes/10503958/articles/183897	칭밍티엔: 예전에 조립한 아카데미 셔먼 해병대형	623	0	3
https://m.cafe.naver.com/ca-fe/web/cafes/10503958/articles/183895	칭밍티엔: 아카데미 마가트 7C Gimel  조립	500	0	3
https://m.cafe.naver.com/ca-fe/web/cafes/10503958/articles/183558	SPOOKY: TIGER-I 'Gruppe Fehrmann, Essel 1945' #1 zimmerit 데칼 작업	442	0	9
https://m.cafe.naver.com/ca-fe/web/cafes/10503958/articles/183088	SSis: IDF M1070 & M1000 #29	366	0	0
https://m.cafe.naver.com/ca-fe/web/cafes/10503958/articles/183074	불타는 닉네임: 타미야 티거쨩 조립 9일차	382	0	4
https://m.cafe.naver.com/ca-fe/web/cafes/10503958/articles/183028	idcygnus0458: 윙개조하다 잠시외도중	255	0	5
https://m.cafe.naver.com/ca-fe/web/cafes/10503958/articles/182980	SPOOKY: [ACADEMY 1/35] Magach 7C #5 데칼작업	242	0	0
https://m.cafe.naver.com/ca-fe/web/cafes/10503958/articles/182739	백면서생: [ACE 1:72] Challenger 1 Mk.3 003	285	0	4
https://m.cafe.naver.com/ca-fe/web/cafes/10503958/articles/182717	가난한 모델러: M1151 Enhanced Armament Carrier U.S.ARMY 1/35 [3-마무리]	260	0	0
https://m.cafe.naver.com/ca-fe/web/cafes/10503958/articles/182601	가난한 모델러: M1151 Enhanced Armament Carrier U.S.ARMY 1/35 [2-워싱&부분도색]	504	0	6
https://m.cafe.naver.com/ca-fe/web/cafes/10503958/articles/182597	가난한 모델러: M1151 Enhanced Armament Carrier U.S.ARMY 1/35 [1-조립&기본도색]	433	0	5
https://m.cafe.naver.com/ca-fe/web/cafes/10503958/articles/182585	바람지기: KV-1's Ehkranami : (1) 차체 및 포탑 조립	452	0	4
https://m.cafe.naver.com/ca-fe/web/cafes/10503958/articles/182504	SPOOKY: [ACADEMY 1/35] Magach 7C #4 기본도색	536	0	6
https://m.cafe.naver.com/ca-fe/web/cafes/10503958/articles/182497	보버리: 아카데미 오시코시 건트럭 LED 및 실내도색	532	0	8
https://m.cafe.naver.com/ca-fe/web/cafes/10503958/articles/182456	Cration: M113A3 이라크	236	0	3
https://m.cafe.naver.com/ca-fe/web/cafes/10503958/articles/182412	SPOOKY: [ACADEMY 1/35] Magach 7C #3 기본조립	360	0	3
https://m.cafe.naver.com/ca-fe/web/cafes/10503958/articles/182320	불타는 닉네임: 타미야 티거쨩 초기형 조립 7일차(스압주의!)	314	0	8
https://m.cafe.naver.com/ca-fe/web/cafes/10503958/articles/182265	키노3364: 아카데미 M4A3 Sherman Dozer Blade 엉망진창 기본색 올리기 -2-	266	0	4
https://m.cafe.naver.com/ca-fe/web/cafes/10503958/articles/182168	뱡기헬기: 동계위장 타이거#2	517	0	4
https://m.cafe.naver.com/ca-fe/web/cafes/10503958/articles/182149	키노3364: 아카데미 M4A3 Sherman Dozer Blade 엉망진창 기본색 올리기 -1-	373	0	10
https://m.cafe.naver.com/ca-fe/web/cafes/10503958/articles/181577	산바람: 드래곤 3호전차N형 제작중	415	1	3
https://m.cafe.naver.com/ca-fe/web/cafes/10503958/articles/181383	chippy400: M1070 Truck Tractor & M1000 Traller (1/35 HOBBY BOSS) 제작기#3	309	0	2
https://m.cafe.naver.com/ca-fe/web/cafes/10503958/articles/181292	무자헤딘: Russian Heavy Tank JS-3 Stalin 조립	423	0	13
https://m.cafe.naver.com/ca-fe/web/cafes/10503958/articles/181247	SPOOKY: [ACADEMY 1/35] Magach 7C #2 기본조립	403	0	10
https://m.cafe.naver.com/ca-fe/web/cafes/10503958/articles/181242	아라리요: KARL 작업 #1	215	0	7
https://m.cafe.naver.com/ca-fe/web/cafes/10503958/articles/181224	하얀섬: 에이스 1/72 크롬웰 작업중 #2	291	0	8
https://m.cafe.naver.com/ca-fe/web/cafes/10503958/articles/181208	아라리요: IT- 28 SOVIET BRIDGELAYER TANK 작업 #1	220	0	4
https://m.cafe.naver.com/ca-fe/web/cafes/10503958/articles/181207	아라리요: M998 어벤져 작업 #1	302	0	8
https://m.cafe.naver.com/ca-fe/web/cafes/10503958/articles/181160	chippy400: M1070 Truck Tractor & M1000 Traller (1/35 HOBBY BOSS) 제작기#2	401	0	4
https://m.cafe.naver.com/ca-fe/web/cafes/10503958/articles/181083	산바람: M60A1 블레이져 세부도색 완료	296	0	3
https://m.cafe.naver.com/ca-fe/web/cafes/10503958/articles/181073	SPOOKY: [ACADEMY 1/35] Magach 7C #1 리뷰	588	0	6
https://m.cafe.naver.com/ca-fe/web/cafes/10503958/articles/180405	chippy400: 1/32 MIG-21UM MONGOL B (1/32SCALE TRUMPETER)	393	0	13
https://m.cafe.naver.com/ca-fe/web/cafes/10503958/articles/180328	SSis: IDF M1070 & M1000 #27	333	0	9
https://m.cafe.naver.com/ca-fe/web/cafes/10503958/articles/180270	SSis: IDF M1070 & M1000 #27	376	0	6
https://m.cafe.naver.com/ca-fe/web/cafes/10503958/articles/180239	가난한 모델러: M109A6 Paladin U.S. ARMY 1/35 [3-웨더링]	440	0	5
https://m.cafe.naver.com/ca-fe/web/cafes/10503958/articles/180178	프라2만리: [ACADEMY] 1/35 US Army M-18 Hellcat -1	368	0	6
https://m.cafe.naver.com/ca-fe/web/cafes/10503958/articles/180088	보버리: 4x4 MRAP 제작3 -조립완료	445	1	12
https://m.cafe.naver.com/ca-fe/web/cafes/10503958/articles/179891	보버리: 4x4 MRAP 제작2	462	0	2
https://m.cafe.naver.com/ca-fe/web/cafes/10503958/articles/179843	가난한 모델러: M109A6 Paladin U.S. ARMY 1/35 [2-기본도색 및 데칼작업]	475	0	3
https://m.cafe.naver.com/ca-fe/web/cafes/10503958/articles/179553	가난한 모델러: M109A6 Paladin U.S. ARMY 1/35 [1-조립]	368	0	6
https://m.cafe.naver.com/ca-fe/web/cafes/10503958/articles/179515	고운몸: Meng bmpt 입니다....	705	0	7
https://m.cafe.naver.com/ca-fe/web/cafes/10503958/articles/179466	산바람: 아카데미 메르카바MK2 작업	422	0	4
https://m.cafe.naver.com/ca-fe/web/cafes/10503958/articles/179455	바람지기: Pzbeobwg. III Ausf.H (Sd.kfz.143) : (6) 궤도 장착	370	0	4
https://m.cafe.naver.com/ca-fe/web/cafes/10503958/articles/179355	그린하우스: Pz.Kpfw.III (5cm) Ausf.H #1	278	0	5
https://m.cafe.naver.com/ca-fe/web/cafes/10503958/articles/178559	LeMon101: Academy 1/35 "M1151" #02	468	0	2
https://m.cafe.naver.com/ca-fe/web/cafes/10503958/articles/178284	산바람: 타미야 쿼드건트랙터(Quad gun tractor) 작업 #3	375	0	2
https://m.cafe.naver.com/ca-fe/web/cafes/10503958/articles/178206	산바람: 타미야 쿼드건트랙터(Quad gun tractor) 작업 #2	275	0	1
https://m.cafe.naver.com/ca-fe/web/cafes/10503958/articles/178182	프라2만리: [TRUMPETER]1/35 German s.10cm K.18 Field Howitzer-2	317	0	3
https://m.cafe.naver.com/ca-fe/web/cafes/10503958/articles/178128	designpower: FAUN SLT-56 TANK TRANSPORTER 제작중	506	0	2
https://m.cafe.naver.com/ca-fe/web/cafes/10503958/articles/178108	LeMon101: Academy 1/35 "M1151" #01	542	0	1
https://m.cafe.naver.com/ca-fe/web/cafes/10503958/articles/178059	산바람: 타미야 쿼드건트랙터 작업	380	0	3
https://m.cafe.naver.com/ca-fe/web/cafes/10503958/articles/177928	산바람: M36 젝슨 비넷 제작 마지막	375	0	5
https://m.cafe.naver.com/ca-fe/web/cafes/10503958/articles/176988	산바람: SHERMAN M4A3(105mm) HVSS 조립 #2	427	0	10
https://m.cafe.naver.com/ca-fe/web/cafes/10503958/articles/176912	가난한 모델러: M48A5 R.O.K ARMY 1/35 [1-조립]	439	3	9
https://m.cafe.naver.com/ca-fe/web/cafes/10503958/articles/176887	Martian: 1년만에 글 올립니다. German NBFZ [Type 1] (1:35 Trumpeter)	272	0	0
https://m.cafe.naver.com/ca-fe/web/cafes/10503958/articles/176801	바람지기: Pzbeobwg. III Ausf.H (Sd.kfz.143) : (4) 기본도색 및 웨더링 1차	370	0	1
https://m.cafe.naver.com/ca-fe/web/cafes/10503958/articles/176775	산바람: SHERMAN M4A3(105mm) HVSS  조립 #1	269	0	5
https://m.cafe.naver.com/ca-fe/web/cafes/10503958/articles/176690	골뱅이: 골뱅이의 SU-152 제작기	388	0	4
https://m.cafe.naver.com/ca-fe/web/cafes/10503958/articles/176587	designpower: PANZERHAUBITZE 2000	504	0	0
https://m.cafe.naver.com/ca-fe/web/cafes/10503958/articles/176562	바람지기: M163A1 Valcan : (2) 기본 도색 및 웨더링	362	0	4
https://m.cafe.naver.com/ca-fe/web/cafes/10503958/articles/176561	qkrdlstn889: 도움요청합니다 도와주세요	329	0	3
https://m.cafe.naver.com/ca-fe/web/cafes/10503958/articles/176432	designpower: IDF Merkava Mk.IIID	405	0	7
https://m.cafe.naver.com/ca-fe/web/cafes/10503958/articles/175582	백면서생: [ACE 1:72] Challenger 1 Mk.3	408	0	6
https://m.cafe.naver.com/ca-fe/web/cafes/10503958/articles/175518	차실장: M3 Stuart [아카데미]_기본도색	720	1	10
https://m.cafe.naver.com/ca-fe/web/cafes/10503958/articles/175194	차실장: M3 Stuart [아카데미]_가조립	685	0	10
https://m.cafe.naver.com/ca-fe/web/cafes/10503958/articles/175180	SSis: IDF M1070 & M1000 #25	417	0	2
https://m.cafe.naver.com/ca-fe/web/cafes/10503958/articles/174872	바람지기: 2호 전차 : (2) 조립 완성	351	0	2
https://m.cafe.naver.com/ca-fe/web/cafes/10503958/articles/174783	designpower: GTK BOXER (GTFz) 도색중	394	0	4
https://m.cafe.naver.com/ca-fe/web/cafes/10503958/articles/174684	바람지기: M1025 험비 : (3) 차량 완성	545	0	3
https://m.cafe.naver.com/ca-fe/web/cafes/10503958/articles/173797	꾸미는 손: M7 PRIEST 제작기 3(프라탑 철거6탄)	461	0	2
https://m.cafe.naver.com/ca-fe/web/cafes/10503958/articles/173766	산바람: AFV클럽 M36 젝슨 제작중	455	0	4
https://m.cafe.naver.com/ca-fe/web/cafes/10503958/articles/173709	올챙옵빠: 아카데미 M1A1 에이브람스 제작기2 유화 먹선	871	0	1
https://m.cafe.naver.com/ca-fe/web/cafes/10503958/articles/173706	SSis: D9R Doobi #8 - Base Work	353	0	0
https://m.cafe.naver.com/ca-fe/web/cafes/10503958/articles/173548	designpower: M1A2 SEP ABRAMS TUSK	532	0	1
https://m.cafe.naver.com/ca-fe/web/cafes/10503958/articles/173526	SSis: Pz.kpfw.IV ausf.B mit Schneer&auml;umer Syste Schmidt #9 - Base work	397	0	8
https://m.cafe.naver.com/ca-fe/web/cafes/10503958/articles/173462	산바람: 이지에잇 베이스, 인형 작업중	556	0	13
https://m.cafe.naver.com/ca-fe/web/cafes/10503958/articles/173421	SSis: Sd.Kfz.165 Hummel-Wespe #1	403	0	10
https://m.cafe.naver.com/ca-fe/web/cafes/10503958/articles/173383	designpower: M1070 Truck Tractor & M1000 HETS	416	0	7
https://m.cafe.naver.com/ca-fe/web/cafes/10503958/articles/173359	올챙옵빠: 아카데미 M1A1 에이브람스 제작기 [5번째킷]	476	0	5
https://m.cafe.naver.com/ca-fe/web/cafes/10503958/articles/173244	나야나: STRYKER M1128 MGS, Diorama Manufacture  Vol.4	313	1	10
https://m.cafe.naver.com/ca-fe/web/cafes/10503958/articles/173243	나야나: STRYKER M1128 MGS, Diorama Manufacture  Vol.3	244	1	0
https://m.cafe.naver.com/ca-fe/web/cafes/10503958/articles/173242	나야나: STRYKER M1128 MGS, Diorama Manufacture  Vol.2	153	1	0
https://m.cafe.naver.com/ca-fe/web/cafes/10503958/articles/173241	나야나: STRYKER M1128 MGS, Diorama Manufacture  Vol.1	209	1	2
https://m.cafe.naver.com/ca-fe/web/cafes/10503958/articles/173230	동희: 1/35 hetzer "last version" 작업중 #4 워싱&필터링	500	0	5
https://m.cafe.naver.com/ca-fe/web/cafes/10503958/articles/173018	꾸미는 손: M7 PRIEST 제작기 2(프라탑 철거6탄)	438	0	4
https://m.cafe.naver.com/ca-fe/web/cafes/10503958/articles/172952	무자헤딘: Technical Truck/BMP-1 Turret 제작기 (04)	326	0	5
https://m.cafe.naver.com/ca-fe/web/cafes/10503958/articles/172575	차실장: 첫작업 입니다-2	605	0	20
https://m.cafe.naver.com/ca-fe/web/cafes/10503958/articles/172572	꾸미는 손: USMC LAV-25 "PIRANHA" 제작기 3(프라탑 철거5탄)	424	0	5
https://m.cafe.naver.com/ca-fe/web/cafes/10503958/articles/172540	하드: [Academy] 1/35 K9 RC개조 서스펜션 자작	831	1	18
https://m.cafe.naver.com/ca-fe/web/cafes/10503958/articles/172531	SSis: Pz.kpfw.IV ausf.B mit Schneer&auml;umer Syste Schmidt #6 - Detail paint	270	0	4
https://m.cafe.naver.com/ca-fe/web/cafes/10503958/articles/172430	SSis: Pz.kpfw.IV ausf.B mit Schneer&auml;umer Syste Schmidt #5 - Dragon Magic Track	374	0	8
https://m.cafe.naver.com/ca-fe/web/cafes/10503958/articles/172403	SSis: Pz.kpfw.IV ausf.B mit Schneer&auml;umer Syste Schmidt #4	378	0	8
https://m.cafe.naver.com/ca-fe/web/cafes/10503958/articles/172392	SSis: Pz.kpfw.IV ausf.B mit Schneer&auml;umer Syste Schmidt #3	376	0	14
https://m.cafe.naver.com/ca-fe/web/cafes/10503958/articles/172339	SSis: Pz.kpfw.IV ausf.B mit Schneer&auml;umer Syste Schmidt #2	307	0	11
https://m.cafe.naver.com/ca-fe/web/cafes/10503958/articles/172310	꾸미는 손: USMC LAV-25 "PIRANHA" 제작기 2(프라탑 철거5탄)	344	0	6
https://m.cafe.naver.com/ca-fe/web/cafes/10503958/articles/172278	SSis: Pz.kpfw.IV ausf.B mit Schneer&auml;umer Syste Schmidt #1	308	0	14
https://m.cafe.naver.com/ca-fe/web/cafes/10503958/articles/172233	SSis: 4호 전차 도저형 - Pz.kpfw.IV ausf.B mit Schneer&auml;umer Syste Schmidt	398	0	12
https://m.cafe.naver.com/ca-fe/web/cafes/10503958/articles/172225	꾸미는 손: USMC LAV-25 "PIRANHA" 제작기 1(프라탑 철거5탄)	463	0	11
https://m.cafe.naver.com/ca-fe/web/cafes/10503958/articles/172178	파바바박: 헤처 디오라마 프로젝트<1>	538	0	5
https://m.cafe.naver.com/ca-fe/web/cafes/10503958/articles/172175	꾸미는 손: HALF TRACK 81mm MORTAR CARRIER M21 제작기4 (프라탑 철거 4탄)	365	0	4
https://m.cafe.naver.com/ca-fe/web/cafes/10503958/articles/172161	SSis: D9R Doobi #7 - Detail paint and decal. Finished model.	504	0	27
https://m.cafe.naver.com/ca-fe/web/cafes/10503958/articles/172145	SSis: D9R Doobi #6 - base color paint	361	0	9
https://m.cafe.naver.com/ca-fe/web/cafes/10503958/articles/172072	SSis: D9R Doobi #5	308	0	5
https://m.cafe.naver.com/ca-fe/web/cafes/10503958/articles/171832	FEZDream: #04. M-12 155mm Gun Motor Carriage 완성까지	486	0	23
https://m.cafe.naver.com/ca-fe/web/cafes/10503958/articles/171822	SSis: Wittmann's Tiger-I #8	452	0	11
https://m.cafe.naver.com/ca-fe/web/cafes/10503958/articles/171805	SSis: Wittmann's Tiger-I #7	371	0	12
https://m.cafe.naver.com/ca-fe/web/cafes/10503958/articles/171779	designpower: [TAMIYA] JGSDF TYPE 10 TANK 1/35 조립	474	0	7
https://m.cafe.naver.com/ca-fe/web/cafes/10503958/articles/171777	칭밍티엔: TOS-1A 90% 완료	473	0	4
https://m.cafe.naver.com/ca-fe/web/cafes/10503958/articles/171768	SSis: D9R Doobi #2	440	0	17
https://m.cafe.naver.com/ca-fe/web/cafes/10503958/articles/171755	꾸미는 손: DODGE STAFF CAR (DODGE WC-56) 제작기 1	372	0	4
https://m.cafe.naver.com/ca-fe/web/cafes/10503958/articles/171679	SSis: Wittmann's Tiger-I #6	338	0	6
https://m.cafe.naver.com/ca-fe/web/cafes/10503958/articles/171672	무자헤딘: Technical Truck/BMP-1 Turret 제작기 (03)	311	0	17
https://m.cafe.naver.com/ca-fe/web/cafes/10503958/articles/171619	꾸미는 손: BANTAM 40 BRC(MINIART BRITICH STAFF CAR WITH CREW) 제작기 #2	331	1	2
https://m.cafe.naver.com/ca-fe/web/cafes/10503958/articles/171610	꾸미는 손: M3A1 White Scout Car(habbyboss) 제작기4	357	0	2
https://m.cafe.naver.com/ca-fe/web/cafes/10503958/articles/171605	FEZDream: #03. M-12 155mm Gun Motor Carriage 조립완료 도색전	466	0	8
https://m.cafe.naver.com/ca-fe/web/cafes/10503958/articles/171591	SSis: Wittmann's Tiger-I #5	417	0	8
https://m.cafe.naver.com/ca-fe/web/cafes/10503958/articles/171589	꾸미는 손: BANTAM 40 BRC(MINIART BRITICH STAFF CAR WITH CREW) 제작기 #1	348	0	9
https://m.cafe.naver.com/ca-fe/web/cafes/10503958/articles/171587	칭밍티엔: TOS-1A 기본도색	668	0	19
https://m.cafe.naver.com/ca-fe/web/cafes/10503958/articles/171583	꾸미는 손: M3A1 White Scout Car(habbyboss) 제작기3	358	0	4
https://m.cafe.naver.com/ca-fe/web/cafes/10503958/articles/171569	꾸미는 손: M3A1 White Scout Car(habbyboss) 제작기2	380	0	6
https://m.cafe.naver.com/ca-fe/web/cafes/10503958/articles/171531	사일라: 1/35 Zvezda T-90A  #3 비넷 마무리.	489	0	17
https://m.cafe.naver.com/ca-fe/web/cafes/10503958/articles/171515	가난한 모델러: K511A1 R.O.K ARMY 1/35 - [4 웨더링]	629	0	14
https://m.cafe.naver.com/ca-fe/web/cafes/10503958/articles/171514	가난한 모델러: KM101 R.O.K ARMY 1/35 - [4 웨더링]	435	0	7
https://m.cafe.naver.com/ca-fe/web/cafes/10503958/articles/170924	종빈아빠: soviet 52-K 85mm Air Defense Gun (4)	21	0	10
https://m.cafe.naver.com/ca-fe/web/cafes/10503958/articles/170912	칭밍티엔: 트럼페트 TOS-1A 조립완료	570	0	10
https://m.cafe.naver.com/ca-fe/web/cafes/10503958/articles/170865	MLRS: 아카데미 King Tiger 후기형(최후생산형) 1/35 제작기 - 5	419	0	6
https://m.cafe.naver.com/ca-fe/web/cafes/10503958/articles/170762	SSis: Merkava Mk.IV LIC #3 - Super detail project.	433	0	10
https://m.cafe.naver.com/ca-fe/web/cafes/10503958/articles/170704	SSis: Pz.kpfw III Ausf.L DAK tropical, Rommel and DAK tank crew. #3	458	0	4
https://m.cafe.naver.com/ca-fe/web/cafes/10503958/articles/170700	SSis: Merkava Mk.IV LIC #2 - Super detail project.	360	0	10
https://m.cafe.naver.com/ca-fe/web/cafes/10503958/articles/170679	산바람: 이지에잇 다시 시작	407	0	9
https://m.cafe.naver.com/ca-fe/web/cafes/10503958/articles/170666	가난한 모델러: K511A1 R.O.K ARMY 1/35 - [3 기본도색]	666	0	9
https://m.cafe.naver.com/ca-fe/web/cafes/10503958/articles/170665	가난한 모델러: KM101 R.O.K ARMY 1/35 - [3 기본도색]	389	0	1
https://m.cafe.naver.com/ca-fe/web/cafes/10503958/articles/170220	SSis: Magach 6B Gal Batash #1	311	0	0
https://m.cafe.naver.com/ca-fe/web/cafes/10503958/articles/170218	SSis: M60 Blazer #2	284	0	0
https://m.cafe.naver.com/ca-fe/web/cafes/10503958/articles/170208	SSis: IDF M1070 & M1000 #24	496	0	0
https://m.cafe.naver.com/ca-fe/web/cafes/10503958/articles/170165	MLRS: 아카데미 king Tiger 후기형(최후생산형) 1/35 제작기 - 4	431	0	11
https://m.cafe.naver.com/ca-fe/web/cafes/10503958/articles/170024	칭밍티엔: (조립 시작) Russian TOS-1A Multiple Rocket Launcher	562	0	0
https://m.cafe.naver.com/ca-fe/web/cafes/10503958/articles/169939	SSis: 모델러 육성 프로젝트 T-90 TBS-86 Tank Dozer - 치핑, 눈표현	585	0	0
https://m.cafe.naver.com/ca-fe/web/cafes/10503958/articles/169916	산바람: 헤처 프라하 도색 및 베이스 작업	278	0	0
https://m.cafe.naver.com/ca-fe/web/cafes/10503958/articles/169863	SSis: 모델러 육성 프로젝트 T-90 TBS-86 Tank Dozer - 디테일 도색, 디칼 작업	360	0	0
https://m.cafe.naver.com/ca-fe/web/cafes/10503958/articles/169858	종빈아빠: soviet 52-K 85mm Air Defense Gun (2)	308	0	0
https://m.cafe.naver.com/ca-fe/web/cafes/10503958/articles/169857	종빈아빠: soviet 52-K 85mm Air Defense Gun (1)	338	0	0
https://m.cafe.naver.com/ca-fe/web/cafes/10503958/articles/169849	SSis: 모델러 육성 프로젝트 T-90 TBS-86 Tank Dozer - 기본도색	417	0	0
https://m.cafe.naver.com/ca-fe/web/cafes/10503958/articles/169843	칭밍티엔: (제작중) HobbyBoss 프랑스 Schneider CA 전차	409	0	0
https://m.cafe.naver.com/ca-fe/web/cafes/10503958/articles/169822	designpower: Achzarit 조립	393	0	0
https://m.cafe.naver.com/ca-fe/web/cafes/10503958/articles/169348	고민: [두번째작] 1/35 M1025 험비 제작기(1)	568	0	0
https://m.cafe.naver.com/ca-fe/web/cafes/10503958/articles/168875	SSis: Fury M4A3E8 Sherman "EASY EIGHT" #27	778	0	0
https://m.cafe.naver.com/ca-fe/web/cafes/10503958/articles/168874	SSis: IDF M1070 & M1000 #23	378	0	0
https://m.cafe.naver.com/ca-fe/web/cafes/10503958/articles/168867	고민: [ACADEMY] I.D.F M60A1 BLAZER 초보입문기 (3)	475	0	0
https://m.cafe.naver.com/ca-fe/web/cafes/10503958/articles/168847	산바람: 초기형 헤처 도색중	463	0	0
https://m.cafe.naver.com/ca-fe/web/cafes/10503958/articles/168720	가난한 모델러: K511A1 R.O.K ARMY 1/35 - [1 조립]	707	1	0
https://m.cafe.naver.com/ca-fe/web/cafes/10503958/articles/168004	산바람: 아카데미 프라하 헤처 리뷰 및 제작	478	0	0
https://m.cafe.naver.com/ca-fe/web/cafes/10503958/articles/167956	SSis: Fury M4A3E8 Sherman "EASY EIGHT" #26	555	0	0
https://m.cafe.naver.com/ca-fe/web/cafes/10503958/articles/167945	산바람: 화염방사형 헤처 (아카데미 후기형 헤처+DEF컨버전킷) 리뷰 및 조립	572	0	0
https://m.cafe.naver.com/ca-fe/web/cafes/10503958/articles/167936	산바람: 아카데미 헤처 초기형 조립완료 (DEF 포방패, 포신 적용)	252	0	0
https://m.cafe.naver.com/ca-fe/web/cafes/10503958/articles/167727	산바람: 아카데미 헤처 초기형리뷰 및 작업 ( DEF모델 포방패 및 포신 적용 )	403	0	0
https://m.cafe.naver.com/ca-fe/web/cafes/10503958/articles/167103	햇살쬐는영감: [Academy] 1/35 German King Tiger 'Last Production' - 제작기 1	426	0	0
https://m.cafe.naver.com/ca-fe/web/cafes/10503958/articles/166869	SSis: Fury M4A3E8 Sherman "EASY EIGHT" #24	466	0	0
https://m.cafe.naver.com/ca-fe/web/cafes/10503958/articles/166717	designpower: US Army M985 Oshkosh Gun Truck 조립	569	0	4
https://m.cafe.naver.com/ca-fe/web/cafes/10503958/articles/166714	꼴짱구아빠: Panzerhaubitze 2000 제작기 下	1397	0	17
https://m.cafe.naver.com/ca-fe/web/cafes/10503958/articles/166504	SSis: Fury M4A3E8 Sherman "EASY EIGHT" #23	491	0	16
https://m.cafe.naver.com/ca-fe/web/cafes/10503958/articles/166414	하유니 아빠: 퓨리~플젝팀- 인형도색 및 베이스 마무리	711	0	28
https://m.cafe.naver.com/ca-fe/web/cafes/10503958/articles/166413	블랙호크다운: m1131부품분실	424	0	0
https://m.cafe.naver.com/ca-fe/web/cafes/10503958/articles/166362	SSis: Fury M4A3E8 Sherman "EASY EIGHT" #22	491	0	0
https://m.cafe.naver.com/ca-fe/web/cafes/10503958/articles/166352	SSis: IDF Achzarit early, Gaza border in 2008 #7	357	0	0
https://m.cafe.naver.com/ca-fe/web/cafes/10503958/articles/166342	designpower: M198 155mm Medium Towed Howitzer 조립	555	0	0
https://m.cafe.naver.com/ca-fe/web/cafes/10503958/articles/165867	기라펄기: [ACADEMY]King tiger 미군 노획형 제작기-7 (최종제작기)	596	0	0
https://m.cafe.naver.com/ca-fe/web/cafes/10503958/articles/165766	기라펄기: (청소년)[ACADEMY]King tiger 미군 노획형 제작기-6	375	0	0
https://m.cafe.naver.com/ca-fe/web/cafes/10503958/articles/165765	기라펄기: (청소년)[ACADEMY]King tiger 미군 노획형 제작기-5	175	0	0
https://m.cafe.naver.com/ca-fe/web/cafes/10503958/articles/165680	SSis: Fury M4A3E8 Sherman "EASY EIGHT" #22	552	0	0
https://m.cafe.naver.com/ca-fe/web/cafes/10503958/articles/165541	designpower: K511A1 2.5 ton Cargo Truck 조립	718	0	11
https://m.cafe.naver.com/ca-fe/web/cafes/10503958/articles/165273	designpower: [TRUMPETER] M1133 Stryker MEV 조립	488	0	0
https://m.cafe.naver.com/ca-fe/web/cafes/10503958/articles/165241	기라펄기: [ACADEMY]King tiger 미군 노획형 제작기-4 (1차 중간점검)	423	0	0
https://m.cafe.naver.com/ca-fe/web/cafes/10503958/articles/165205	산바람: 이지에잇 장비품 작업	458	0	0
https://m.cafe.naver.com/ca-fe/web/cafes/10503958/articles/165023	하유니 아빠: 퓨리~플젝팀-웨더링 및 베이스-	385	0	0
https://m.cafe.naver.com/ca-fe/web/cafes/10503958/articles/165004	에이프릴: <가제:전장으로>#2	501	0	0
https://m.cafe.naver.com/ca-fe/web/cafes/10503958/articles/164781	하유니 아빠: 퓨리~플젝팀-2차도색 및 치핑-	542	0	0
https://m.cafe.naver.com/ca-fe/web/cafes/10503958/articles/164725	하하하: [이탈레리] M4A1 (76) Sherman Tank 1/35 -3- 데칼작업	353	0	0
https://m.cafe.naver.com/ca-fe/web/cafes/10503958/articles/164676	HOLlDAY: 아카데미 타이거 초기형	571	0	0
https://m.cafe.naver.com/ca-fe/web/cafes/10503958/articles/164672	SSis: Fury M4A3E8 Sherman "EASY EIGHT" #19	623	0	0
https://m.cafe.naver.com/ca-fe/web/cafes/10503958/articles/164602	하하하: [이탈레리] M4A1 (76) Sherman Tank 1/35 -2- 기본도색	347	0	0
https://m.cafe.naver.com/ca-fe/web/cafes/10503958/articles/164594	SSis: Fury M4A3E8 Sherman "EASY EIGHT" #18	575	0	0
https://m.cafe.naver.com/ca-fe/web/cafes/10503958/articles/164591	산바람: [1/35] M4A3E8 디오라마 제작중 (워싱 및 베이스)	487	0	0
https://m.cafe.naver.com/ca-fe/web/cafes/10503958/articles/164460	하유니 아빠: 퓨리 프로젝트 -1차 도색-	514	0	0
https://m.cafe.naver.com/ca-fe/web/cafes/10503958/articles/164164	SSis: Fury M4A3E8 Sherman "EASY EIGHT" #17	522	0	0
https://m.cafe.naver.com/ca-fe/web/cafes/10503958/articles/164105	산바람: [1/35] M4A3E8 디오라마 제작중 제목미정(퓨리??)	553	0	0
https://m.cafe.naver.com/ca-fe/web/cafes/10503958/articles/164037	SSis: Fury M4A3E8 Sherman "EASY EIGHT" #16	517	0	0
https://m.cafe.naver.com/ca-fe/web/cafes/10503958/articles/163959	SSis: Fury M4A3E8 Sherman "EASY EIGHT" #15	597	0	16
https://m.cafe.naver.com/ca-fe/web/cafes/10503958/articles/163943	SSis: Fury M4A3E8 Sherman "EASY EIGHT" #14	517	0	0
https://m.cafe.naver.com/ca-fe/web/cafes/10503958/articles/163847	백면서생: [ACE1:72] MERCAVA MK3 004	274	0	0
https://m.cafe.naver.com/ca-fe/web/cafes/10503958/articles/163800	SSis: Fury M4A3E8 Sherman "EASY EIGHT" #13	591	0	0
https://m.cafe.naver.com/ca-fe/web/cafes/10503958/articles/163424	SSis: Fury M4A3E8 Sherman "EASY EIGHT" #9	680	0	0
https://m.cafe.naver.com/ca-fe/web/cafes/10503958/articles/163414	SSis: Fury M4A3E8 Sherman "EASY EIGHT" #8	466	0	0
https://m.cafe.naver.com/ca-fe/web/cafes/10503958/articles/163410	SSis: Fury M4A3E8 Sherman "EASY EIGHT" #7	440	0	0
https://m.cafe.naver.com/ca-fe/web/cafes/10503958/articles/163389	SSis: Fury M4A3E8 Sherman "EASY EIGHT" #6	470	0	0
https://m.cafe.naver.com/ca-fe/web/cafes/10503958/articles/163312	designpower: FRENCH FT-17 LIGHT TANK 조립	485	0	0
https://m.cafe.naver.com/ca-fe/web/cafes/10503958/articles/163246	SSis: Fury M4A3E8 Sherman "EASY EIGHT" #5	693	0	0
https://m.cafe.naver.com/ca-fe/web/cafes/10503958/articles/163218	불또리: (성인)제작기 타미야 1/35 M4A3E8 SHERMAN EASY EIGHT-2	589	1	18
https://m.cafe.naver.com/ca-fe/web/cafes/10503958/articles/163138	SSis: Fury M4A3E8 Sherman "EASY EIGHT" #4	536	0	0
https://m.cafe.naver.com/ca-fe/web/cafes/10503958/articles/162747	백면서생: [ACE1:72] MERCAVA MK3 003	256	0	0
https://m.cafe.naver.com/ca-fe/web/cafes/10503958/articles/162634	기라펄기: (청소년)[ACADEMY]KingTiger 제작기-1	574	0	7
https://m.cafe.naver.com/ca-fe/web/cafes/10503958/articles/162555	우리해군: 중간점검	254	0	0
https://m.cafe.naver.com/ca-fe/web/cafes/10503958/articles/162553	우리해군: TRUMPETER 1/35 Soviet KV-122 Heavy tank #8	361	0	0
https://m.cafe.naver.com/ca-fe/web/cafes/10503958/articles/162552	우리해군: TRUMPETER 1/35 Soviet KV-122 Heavy tank #7	305	0	0
https://m.cafe.naver.com/ca-fe/web/cafes/10503958/articles/162542	styleby: M1083 FMTV Standard Cargo Truck 조립	505	0	0
https://m.cafe.naver.com/ca-fe/web/cafes/10503958/articles/162493	불또리: (성인)제작기 타미야 1/35 M4A3E8 SHERMAN EASY EIGHT-1(추가킷인증)	450	0	0
https://m.cafe.naver.com/ca-fe/web/cafes/10503958/articles/162135	우리해군: TRUMPETER 1/35 Soviet KV-122 Heavy tank #6	279	0	0
https://m.cafe.naver.com/ca-fe/web/cafes/10503958/articles/162132	산바람: T-80 Soviet Light Tank [MiniArt] 웨더링,베이스 제작	346	0	0
https://m.cafe.naver.com/ca-fe/web/cafes/10503958/articles/162014	햇살쬐는강일영감: [TAMIYA] 1/35 M4A3 Sherman 75mm 'Front Line Breakthrough' (Late Production)  - 제작기	301	0	0
https://m.cafe.naver.com/ca-fe/web/cafes/10503958/articles/161951	산바람: T-80 Soviet Light Tank [MiniArt] 워싱, 먹선넣기	451	0	0
https://m.cafe.naver.com/ca-fe/web/cafes/10503958/articles/161649	꾸미는 손: 블랙독 레진 구입 리뷰~~	285	0	0
https://m.cafe.naver.com/ca-fe/web/cafes/10503958/articles/161465	Sogelli: Tamiya BA-64 Hairspray and life color	421	0	0
https://m.cafe.naver.com/ca-fe/web/cafes/10503958/articles/161410	리엔: 스탈린그라드 디오라마 베이스 세부작업중 입니다~^^	511	0	0
https://m.cafe.naver.com/ca-fe/web/cafes/10503958/articles/161310	산바람: T-80 Soviet Light Tank [MiniArt] 조립 and 기본도색  / 쿵스 도료 리뷰 (1)	381	0	0
https://m.cafe.naver.com/ca-fe/web/cafes/10503958/articles/160826	백면서생: [ACE1:72] Leclerc T.5 005	196	0	0
https://m.cafe.naver.com/ca-fe/web/cafes/10503958/articles/160751	백면서생: [ACE1:72] MERCAVA MK3 001	216	0	0
https://m.cafe.naver.com/ca-fe/web/cafes/10503958/articles/160587	하하하: 전차 재생 프로젝트 1탄 트럼페터 K1 전차 -2-	340	0	0
https://m.cafe.naver.com/ca-fe/web/cafes/10503958/articles/160558	앤디: 1/48 타미야 Tiger I Early Production	718	0	14
https://m.cafe.naver.com/ca-fe/web/cafes/10503958/articles/160477	산바람: Quad GunTractor조립중	259	0	0
https://m.cafe.naver.com/ca-fe/web/cafes/10503958/articles/160445	꾸미는 손: M48A5 백골부대 실제 운영 전차 제작	816	0	0
https://m.cafe.naver.com/ca-fe/web/cafes/10503958/articles/159967	가난한 모델러: 1/4ton 4×4 Ambulance Jeep & Military Police U.S. 1/35 - 1 조립&기본도색&데칼	451	1	0
https://m.cafe.naver.com/ca-fe/web/cafes/10503958/articles/159820	하얀섬: 아카데미 1/35 K1A1 (지상군페스티벌참가용-아이가타고있어요)	743	0	0
https://m.cafe.naver.com/ca-fe/web/cafes/10503958/articles/159764	백면서생: [ACE1:72] Leclerc T.5 003	199	0	0
https://m.cafe.naver.com/ca-fe/web/cafes/10503958/articles/159664	HOLlDAY: 전차4호H/J(넨도로이드.ver)	461	0	0
https://m.cafe.naver.com/ca-fe/web/cafes/10503958/articles/159524	하하하: [타미야]  Panzer Kampfwagen II Ausf. F/G	332	0	0
https://m.cafe.naver.com/ca-fe/web/cafes/10503958/articles/159506	Sogelli: Italeri 1/56 Sherman chipping with hair spray	311	0	0
https://m.cafe.naver.com/ca-fe/web/cafes/10503958/articles/159451	산바람: 베트남전쟁 오작교작전 #6	478	0	8
https://m.cafe.naver.com/ca-fe/web/cafes/10503958/articles/159395	햇살쬐는강일영감: [Academy] 1/35 K1A1 작업기 2 & 디오라마	501	1	0
https://m.cafe.naver.com/ca-fe/web/cafes/10503958/articles/158997	햇살쬐는강일영감: [Academy] 1/35 K1A1 작업기 & 쿵스서페이서 사용기	461	0	0
https://m.cafe.naver.com/ca-fe/web/cafes/10503958/articles/158988	햇살쬐는강일영감: [DRAGON] 1/35 IDF M50 Super Sherman - 작업중	263	1	0
https://m.cafe.naver.com/ca-fe/web/cafes/10503958/articles/158309	바람지기: 4호 F1 (4) : 트랙 작업	312	0	0
https://m.cafe.naver.com/ca-fe/web/cafes/10503958/articles/158265	산바람: 베트남전쟁 오작교작전 #3	398	0	0
https://m.cafe.naver.com/ca-fe/web/cafes/10503958/articles/157202	리엔: 스탈린그라드 배경의 디오라마 구도 입니다	806	0	0
https://m.cafe.naver.com/ca-fe/web/cafes/10503958/articles/157162	산바람: 베트남전쟁 오작교작전 #1	464	0	0
https://m.cafe.naver.com/ca-fe/web/cafes/10503958/articles/156778	styleby: M2A2, M1130, ZTZ-96A 도색중	442	1	0
https://m.cafe.naver.com/ca-fe/web/cafes/10503958/articles/156770	바람지기: 4호 F1 (3) : 하체 조립	331	0	0
https://m.cafe.naver.com/ca-fe/web/cafes/10503958/articles/155972	styleby: [TRUMPETER] Soviet T-64BV MOD 1985 1/35 조립	553	0	0
https://m.cafe.naver.com/ca-fe/web/cafes/10503958/articles/155963	바람지기: Pzbeobwg. III Ausf.H (Sd.kfz.143) : (2) 트랙 작업	346	0	0
https://m.cafe.naver.com/ca-fe/web/cafes/10503958/articles/155836	뱡기헬기: 아카데미 1/35 4호전차 명암도색, 모듈레이션 시도중	952	0	0
https://m.cafe.naver.com/ca-fe/web/cafes/10503958/articles/155572	헬로우바이러스: M1A2 SEP v2 TUSK 2 조립완성	526	0	0
https://m.cafe.naver.com/ca-fe/web/cafes/10503958/articles/155053	기라펄기: [DRAGON+ACADEMY]aufklarungspanzer panther(아청판터)	412	0	0
https://m.cafe.naver.com/ca-fe/web/cafes/10503958/articles/154650	한방인생: 제작8호[이탈레리][1/35][조립완료]M923 Gun truck	487	0	0
https://m.cafe.naver.com/ca-fe/web/cafes/10503958/articles/154259	산바람: M8 그레이하운드 #1	480	0	0
https://m.cafe.naver.com/ca-fe/web/cafes/10503958/articles/154217	SSis: IDF M1070 & M1000 #14	310	0	0
https://m.cafe.naver.com/ca-fe/web/cafes/10503958/articles/154106	GON: Sturmgeschutz Sdkfz.167(독일 돌격 전차) 제작기 04 - 바퀴 궤도 적용 후 웨더링 마무리	295	0	0
https://m.cafe.naver.com/ca-fe/web/cafes/10503958/articles/154082	GON: Sturmgeschutz Sdkfz.167(독일 돌격 전차) 제작기 03 - 데칼질 및 웨더링	285	0	0
https://m.cafe.naver.com/ca-fe/web/cafes/10503958/articles/154039	GON: Sturmgeschutz Sdkfz.167(독일 돌격 전차) 제작기 02 - 기본 도색 및 웨더링 준비 작업	280	0	10
https://m.cafe.naver.com/ca-fe/web/cafes/10503958/articles/153980	GON: Sturmgeschutz Sdkfz.167(독일 돌격 전차) 제작기 01 - 박스 리뷰 및 Pre-assembling	269	0	0
https://m.cafe.naver.com/ca-fe/web/cafes/10503958/articles/153870	긴: 즈베즈다  T-90 도색	804	0	0
https://m.cafe.naver.com/ca-fe/web/cafes/10503958/articles/153285	슈트름게베르44: M26A1 Pershng - 1	548	0	0
https://m.cafe.naver.com/ca-fe/web/cafes/10503958/articles/153281	후터스: tamiya kubelwagen 1/35 작업 중..	282	0	0
https://m.cafe.naver.com/ca-fe/web/cafes/10503958/articles/153191	슈트름게베르44: KV-1	509	0	0
https://m.cafe.naver.com/ca-fe/web/cafes/10503958/articles/153115	axlkwon: [Tamiya] 1/35 Panzerkampfwagen II Ausf.C 제작기 PART2	415	0	0
https://m.cafe.naver.com/ca-fe/web/cafes/10503958/articles/153114	axlkwon: [Tamiya] 1/35 Panzerkampfwagen II Ausf.C 제작기 PART1	314	0	0
https://m.cafe.naver.com/ca-fe/web/cafes/10503958/articles/153085	axlkwon: [Tristar] 1/35 German Panzer I Ausf A 제작기 Part2	313	0	0
https://m.cafe.naver.com/ca-fe/web/cafes/10503958/articles/153084	axlkwon: [Tristar] 1/35 German Panzer I Ausf A 제작기 Part1	254	0	0
https://m.cafe.naver.com/ca-fe/web/cafes/10503958/articles/153026	가난한 모델러: M4A3E8 'EASYEIGHT' & WC51 BEEP' WW2 U.S.ARMY 1/35 - 4 허접 웨더링	522	0	0
https://m.cafe.naver.com/ca-fe/web/cafes/10503958/articles/153006	후터스: 아카데미 메르카바 MK3 작업 중	363	0	0
https://m.cafe.naver.com/ca-fe/web/cafes/10503958/articles/152879	슈트름게베르44: M1A1 AIM 조립완료	573	0	0
https://m.cafe.naver.com/ca-fe/web/cafes/10503958/articles/152843	스쿠터봉봉: RC 버전 M1A2 입니다~^^	552	0	0
https://m.cafe.naver.com/ca-fe/web/cafes/10503958/articles/152777	캡틴 신: M4A3E8 'EASYEIGHT' & WC51 BEEP' WW2 U.S.ARMY 1/35 - 3 워싱 & 드라이브러싱	435	0	0
https://m.cafe.naver.com/ca-fe/web/cafes/10503958/articles/152350	기라펄기: [TAMIYA] SU-122 피격디오라마 제작기-3	409	0	0
https://m.cafe.naver.com/ca-fe/web/cafes/10503958/articles/152317	styleby: [ACADEMY] M1A1 ABRAMS 조립	460	0	0
https://m.cafe.naver.com/ca-fe/web/cafes/10503958/articles/152291	기라펄기: [TAMIYA] SU-122 피격디오라마 제작기-2	365	0	0
https://m.cafe.naver.com/ca-fe/web/cafes/10503958/articles/152277	캡틴 신: M4A3E8 'EASYEIGHT' & WC51 BEEP' WW2 U.S.ARMY 1/35 - 1 조립&기본도색	456	0	0
https://m.cafe.naver.com/ca-fe/web/cafes/10503958/articles/152203	기라펄기: [TAMIYA]SU-122 피격디오라마 제작기-1	523	0	0
https://m.cafe.naver.com/ca-fe/web/cafes/10503958/articles/152189	장갑차: German Pz.Kpfm KV-1 #2	336	0	0
https://m.cafe.naver.com/ca-fe/web/cafes/10503958/articles/152086	후터스: 아카데미 워리어 MCV 악세서리 작업 + 1차 웨더링.	351	0	0
https://m.cafe.naver.com/ca-fe/web/cafes/10503958/articles/152038	후터스: 아카데미  워리어 MCV 기본 도색	438	0	0
https://m.cafe.naver.com/ca-fe/web/cafes/10503958/articles/152010	styleby: [ACADEMY] Merkava Mk.IID 조립	352	0	0
https://m.cafe.naver.com/ca-fe/web/cafes/10503958/articles/151539	하얀섬: 아카데미 1/35 메르카바 MK.IID #4 궤도작업및 웨더링 시작	497	0	0
https://m.cafe.naver.com/ca-fe/web/cafes/10503958/articles/151530	산바람: 노르망디 1944	353	0	13
https://m.cafe.naver.com/ca-fe/web/cafes/10503958/articles/151494	백면서생: ACADEMY M1126 72스케일 003	252	0	0
https://m.cafe.naver.com/ca-fe/web/cafes/10503958/articles/151485	기라펄기: [AFV] sd.Kfz.251/7 Ausf.C STURMBRUCKE	257	0	0
https://m.cafe.naver.com/ca-fe/web/cafes/10503958/articles/151379	대한제국황실친위대: [트럼페터] 1/35 KV-122 제작기 (2)	528	0	13
https://m.cafe.naver.com/ca-fe/web/cafes/10503958/articles/151296	하얀섬: [아카데미] 1/35 메르카바 MK.IID #3 부분도장	416	0	0
https://m.cafe.naver.com/ca-fe/web/cafes/10503958/articles/151277	종빈아빠: SOVIET HEAVY TANK JOSEPH STALIN-2 (6)	302	0	0
https://m.cafe.naver.com/ca-fe/web/cafes/10503958/articles/151271	꾸짬마: 진행중인....혹은 손놓고있는....먼지만 쌓이고 있는..(5)	409	0	0
https://m.cafe.naver.com/ca-fe/web/cafes/10503958/articles/151270	꾸짬마: 진행중인....혹은 손놓고있는....먼지만 쌓이고 있는..(4)	269	0	0
https://m.cafe.naver.com/ca-fe/web/cafes/10503958/articles/151269	꾸짬마: 진행중인....혹은 손놓고있는....먼지만 쌓이고 있는..(3)	238	0	0
https://m.cafe.naver.com/ca-fe/web/cafes/10503958/articles/151268	꾸짬마: 진행중인....혹은 손놓고있는....먼지만 쌓이고 있는.. (2)	205	0	0
https://m.cafe.naver.com/ca-fe/web/cafes/10503958/articles/151267	꾸짬마: 진행중인....혹은 손놓고있는....먼지만 쌓이고 있는..	258	0	0
https://m.cafe.naver.com/ca-fe/web/cafes/10503958/articles/151237	종빈아빠: SOVIET HEAVY TANK JOSEPH STALIN-2 (5)	225	0	16
https://m.cafe.naver.com/ca-fe/web/cafes/10503958/articles/151168	백면서생: ACADEMY M1126 72스케일 002	287	0	0
https://m.cafe.naver.com/ca-fe/web/cafes/10503958/articles/150579	바람지기: M163A1 Valcan : (1) 조립 완료	372	0	0
https://m.cafe.naver.com/ca-fe/web/cafes/10503958/articles/150498	산바람: [1/35 Dragon] Tiger-1 중기형 제작 2	434	0	0
https://m.cafe.naver.com/ca-fe/web/cafes/10503958/articles/150485	종빈아빠: SOVIET HEAVY TANK JOSEPH STALIN-2 (3)	409	0	0
https://m.cafe.naver.com/ca-fe/web/cafes/10503958/articles/150453	장갑차: M60A1 Blazer #1	214	0	0
https://m.cafe.naver.com/ca-fe/web/cafes/10503958/articles/150444	엠스: 이탈레리 1/35 STURMTIGER 디오라마 제작기 -1-	360	0	0
https://m.cafe.naver.com/ca-fe/web/cafes/10503958/articles/150388	바람지기: MERKAVA MK.2 : (2) 조립 완료	340	0	0
https://m.cafe.naver.com/ca-fe/web/cafes/10503958/articles/150380	styleby: Pz.Kpfw.V1 Ausf.E TIGER I 조립	435	0	0
https://m.cafe.naver.com/ca-fe/web/cafes/10503958/articles/150369	슈트름게베르44: Stug III Ausf.G early prodution	430	0	0
https://m.cafe.naver.com/ca-fe/web/cafes/10503958/articles/150346	Martian: [제작기] Object 279 Soviet Heavy Tank (1/35 Amusing Hobby) #4	302	0	0
https://m.cafe.naver.com/ca-fe/web/cafes/10503958/articles/150321	온천마왕: T-55w/kmt-5기본칠	406	0	0
https://m.cafe.naver.com/ca-fe/web/cafes/10503958/articles/150244	백면서생: ACADEMY M1126 72스케일 001	309	0	0
https://m.cafe.naver.com/ca-fe/web/cafes/10503958/articles/150203	바람지기: MERKAVA MK.2 : (1) 차체 상판 작업	363	0	0
https://m.cafe.naver.com/ca-fe/web/cafes/10503958/articles/150174	산바람: [1/35 Dragon] Tiger-1 중기형 제작 1	433	0	0
https://m.cafe.naver.com/ca-fe/web/cafes/10503958/articles/150131	하하하: 전차 재생 프로젝트 1탄 트럼페터 K1 전차 -1-	417	0	0
https://m.cafe.naver.com/ca-fe/web/cafes/10503958/articles/150076	styleby: [TRUMPETER] M1135 Stryker NBC RV  조립	442	0	0
https://m.cafe.naver.com/ca-fe/web/cafes/10503958/articles/149668	styleby: [TAMIYA] MERKAVA 도색중	395	0	0
https://m.cafe.naver.com/ca-fe/web/cafes/10503958/articles/149571	산바람: 타미야 T-55A (TAMIYA T-55A) 1/35 제작 3	411	0	0
https://m.cafe.naver.com/ca-fe/web/cafes/10503958/articles/149539	하드: ACADEMY 1/35 LVTP-7 (해병대 상륙장갑차) RC 개조작업	732	0	21
https://m.cafe.naver.com/ca-fe/web/cafes/10503958/articles/149493	산바람: 타미야 T-55A  (TAMIYA T-55A) 1/35  제작 2	448	0	0
https://m.cafe.naver.com/ca-fe/web/cafes/10503958/articles/149423	Martian: [제작기] Object 279 Soviet Heavy Tank (1/35 Amusing Hobby) #2	385	0	10
https://m.cafe.naver.com/ca-fe/web/cafes/10503958/articles/149420	산바람: 타미야 T-55A 스타트   (TAMIYA T-55A) 1/35 스케일 리뷰및 제작	334	0	0
https://m.cafe.naver.com/ca-fe/web/cafes/10503958/articles/149382	Martian: [제작기] Object 279 Soviet Heavy Tank (1/35 Amusing Hobby) #1	363	0	0
https://m.cafe.naver.com/ca-fe/web/cafes/10503958/articles/149327	무자헤딘: T-55A (도색편02)	435	0	0
https://m.cafe.naver.com/ca-fe/web/cafes/10503958/articles/149326	무자헤딘: Russian ChTZ S-65 도색편 마무리	283	0	0
https://m.cafe.naver.com/ca-fe/web/cafes/10503958/articles/149216	하하하: 제작중인 것들 이스라엘 M50 슈퍼셔먼, M3 하프트랙, 한국군 M24	391	1	0
https://m.cafe.naver.com/ca-fe/web/cafes/10503958/articles/149196	ki865: [ACADEMY+DRAGON] PZ.4/KV-2.T(병사호)	425	0	0
https://m.cafe.naver.com/ca-fe/web/cafes/10503958/articles/149195	ki865: [TAMIYA+ACADEMY] T-34/85 88GUN(2번째 제작기)	311	0	0
https://m.cafe.naver.com/ca-fe/web/cafes/10503958/articles/149136	기라펄기: [TAMIYA+ACADEMY] T-34/85  88주포 장착버젼	490	0	0
https://m.cafe.naver.com/ca-fe/web/cafes/10503958/articles/148713	하드: ACADEMY 1/35 M1A1, M60A1 RC 개조작업(GEAR BOX 비교)	899	0	0
https://m.cafe.naver.com/ca-fe/web/cafes/10503958/articles/148673	캡틴 신: 1944 France Villiage-1/35 (2 인형도색)	285	0	0
https://m.cafe.naver.com/ca-fe/web/cafes/10503958/articles/148650	하하하: 아카데미 M60A1 기본도색 및 유화워싱 완료	418	0	0
https://m.cafe.naver.com/ca-fe/web/cafes/10503958/articles/148523	무자헤딘: T-55A (도색편01)	495	0	25
https://m.cafe.naver.com/ca-fe/web/cafes/10503958/articles/148519	styleby: Merkava Mk.3D & M2A2 도색중	396	0	0
https://m.cafe.naver.com/ca-fe/web/cafes/10503958/articles/148439	긴: 킹티거 도색중^^ -2-	553	0	0
https://m.cafe.naver.com/ca-fe/web/cafes/10503958/articles/148414	긴: 킹티거 도색중^^	444	0	0
https://m.cafe.naver.com/ca-fe/web/cafes/10503958/articles/148272	styleby: [Trumpter] BMP-3 도색중	478	0	8
https://m.cafe.naver.com/ca-fe/web/cafes/10503958/articles/148231	하하하: 아카데미 M60A3 전차와 M2A2 보병전투차	387	1	0
https://m.cafe.naver.com/ca-fe/web/cafes/10503958/articles/148202	hitboy2013: 독일탱크군단	457	0	0
https://m.cafe.naver.com/ca-fe/web/cafes/10503958/articles/148172	캡틴 신: 1944 France Villiage-1/35	411	0	0
https://m.cafe.naver.com/ca-fe/web/cafes/10503958/articles/147804	백면서생: T-72 007	356	0	0
https://m.cafe.naver.com/ca-fe/web/cafes/10503958/articles/147803	난나나놔: Waffentrager 88mm PAK-43 (라인메탈) 기본도색 및 데칼부착	477	0	3
https://m.cafe.naver.com/ca-fe/web/cafes/10503958/articles/147699	밀레니엄: [즈베즈다] 1/72 SS-25 ICBM "TOPOL"	551	0	0
https://m.cafe.naver.com/ca-fe/web/cafes/10503958/articles/147678	무자헤딘: 소금 치핑 테스트	823	0	8
https://m.cafe.naver.com/ca-fe/web/cafes/10503958/articles/147677	무자헤딘: 하수구 ㅠㅠ	493	0	11
https://m.cafe.naver.com/ca-fe/web/cafes/10503958/articles/147640	styleby: [TRUMPETER] Russian BTR-70 APC late version	399	0	0
https://m.cafe.naver.com/ca-fe/web/cafes/10503958/articles/147427	코털휘날리며: #2 hemtt gun truck 이타레리 1/35	435	0	0
https://m.cafe.naver.com/ca-fe/web/cafes/10503958/articles/147330	난나나놔: Waffentrager 88mm PAK-43 (라인메탈) 조립완료	494	0	0
https://m.cafe.naver.com/ca-fe/web/cafes/10503958/articles/146772	무자헤딘: T-55A (조립편)	654	0	23
https://m.cafe.naver.com/ca-fe/web/cafes/10503958/articles/146744	슈트름게베르44: Советский тяжелый танк КВ-2	641	0	0
https://m.cafe.naver.com/ca-fe/web/cafes/10503958/articles/146735	코털휘날리며: 이타레리 1/35 hemtt gun truck 크레인 조립	329	1	7
https://m.cafe.naver.com/ca-fe/web/cafes/10503958/articles/146635	슈트름게베르44: Советский тяжелый танк КВ-2	557	0	0
https://m.cafe.naver.com/ca-fe/web/cafes/10503958/articles/146546	styleby: [MENG MODEL] PICK UP w/ZU-23-2	477	0	0
https://m.cafe.naver.com/ca-fe/web/cafes/10503958/articles/146490	장갑차: TAMIYA 1/35 German 88mm Gun Flak37/38	298	0	0
https://m.cafe.naver.com/ca-fe/web/cafes/10503958/articles/146064	장갑차: Flankpanzer IV Wirbelwind #2	351	0	0
https://m.cafe.naver.com/ca-fe/web/cafes/10503958/articles/146033	불또리: 1/35 프럼페터 Russia KV-1 1942 Simplified Turret-2	330	0	0
https://m.cafe.naver.com/ca-fe/web/cafes/10503958/articles/145710	styleby: AAVP-7A1 RAM/RS w/EAAK 조립	490	1	0
https://m.cafe.naver.com/ca-fe/web/cafes/10503958/articles/145623	슈트름게베르44: Soviet assultgun JSU-152	471	0	0
https://m.cafe.naver.com/ca-fe/web/cafes/10503958/articles/145537	슈트름게베르44: Soviet assultgun JSU-152	503	0	0
https://m.cafe.naver.com/ca-fe/web/cafes/10503958/articles/145522	styleby: [DRAGON] Pz.Kpfw.III (5cm) 1/35	296	0	0
https://m.cafe.naver.com/ca-fe/web/cafes/10503958/articles/144834	슈트름게베르44: panzerkampfwagen VI Ausf.E Tiger I - 세부도색, 웨더링	730	0	24
https://m.cafe.naver.com/ca-fe/web/cafes/10503958/articles/144773	캡틴 신: K200 R.O.K ARMY 1/35 - 6 웨더링	468	0	0
https://m.cafe.naver.com/ca-fe/web/cafes/10503958/articles/144738	강이아빠: KV-1 도색 시작	417	0	12
https://m.cafe.naver.com/ca-fe/web/cafes/10503958/articles/144676	산바람: Дорога жизни 생명의길 - 제작- 2	451	0	0
https://m.cafe.naver.com/ca-fe/web/cafes/10503958/articles/144067	하하하: [타미야] 25파운드 영국군 야포	372	0	13
https://m.cafe.naver.com/ca-fe/web/cafes/10503958/articles/143838	백면서생: T-72 002	322	0	0
https://m.cafe.naver.com/ca-fe/web/cafes/10503958/articles/143782	캡틴 신: K200 R.O.K ARMY 1/35 - 5 마감제 & 데칼	430	0	0
https://m.cafe.naver.com/ca-fe/web/cafes/10503958/articles/143661	뻥구: 1/100 Soviet Light Tank BT-5 경전차	502	1	0
https://m.cafe.naver.com/ca-fe/web/cafes/10503958/articles/143644	캡틴 신: K200 R.O.K ARMY 1/35 - 4 기본도색	656	0	12
https://m.cafe.naver.com/ca-fe/web/cafes/10503958/articles/143567	슈트름게베르44: Hetzer 초기형 도색 - 블루택을 이용한 위장무늬 도색	965	1	16
https://m.cafe.naver.com/ca-fe/web/cafes/10503958/articles/143511	산바람: Дорога жизни 생명의길 - 제작- 1	390	0	0
https://m.cafe.naver.com/ca-fe/web/cafes/10503958/articles/143438	캡틴 신: K200 R.O.K ARMY 1/35 - 3 외부조립	557	0	0
https://m.cafe.naver.com/ca-fe/web/cafes/10503958/articles/143437	캡틴 신: K200 R.O.K ARMY 1/35 - 2 내부도색	420	0	3
https://m.cafe.naver.com/ca-fe/web/cafes/10503958/articles/143436	캡틴 신: K200 R.O.K ARMY 1/35 - 1 내부조립	530	0	0
https://m.cafe.naver.com/ca-fe/web/cafes/10503958/articles/143431	백면서생: T-72 001	309	0	0
https://m.cafe.naver.com/ca-fe/web/cafes/10503958/articles/143362	장갑차: PICKUP w/ZU-23-2 #3	304	0	0
https://m.cafe.naver.com/ca-fe/web/cafes/10503958/articles/142275	슈트름게베르44: German Tank Destroyer MARDER III M	736	0	22
https://m.cafe.naver.com/ca-fe/web/cafes/10503958/articles/142214	백면서생: T-55 (1:72 스케일)	355	0	0
https://m.cafe.naver.com/ca-fe/web/cafes/10503958/articles/142123	공현욱: 비넷 제작중. 1/35 (미군 구출)	777	0	0
https://m.cafe.naver.com/ca-fe/web/cafes/10503958/articles/142096	프라모델사랑: Tiger-1 완성!	812	0	20
https://m.cafe.naver.com/ca-fe/web/cafes/10503958/articles/141951	styleby: [HOBBY GALLERY] ROK Army M110 SPH 1/35 도색중	537	0	10
https://m.cafe.naver.com/ca-fe/web/cafes/10503958/articles/141584	사일라: 1/35 ROKMC K1A1, K9, K511  #1	582	0	7
https://m.cafe.naver.com/ca-fe/web/cafes/10503958/articles/141580	슈트름게베르44: Panzerkampfwagen III midium tank adsf.J - Dragon (도색)	773	0	23
https://m.cafe.naver.com/ca-fe/web/cafes/10503958/articles/141579	장갑차: 독일군 35t 비넷 제작중	349	0	0
https://m.cafe.naver.com/ca-fe/web/cafes/10503958/articles/141500	슈트름게베르44: Panzerkampfwagen III midium tank adsf.J - Dragon	579	0	0
https://m.cafe.naver.com/ca-fe/web/cafes/10503958/articles/141476	산바람: 35t 비넷 95% 완료	503	0	0
https://m.cafe.naver.com/ca-fe/web/cafes/10503958/articles/141413	styleby: [TAMIYA] Israeli Tiran 5 1/35	664	0	8
https://m.cafe.naver.com/ca-fe/web/cafes/10503958/articles/141330	산바람: 아카데미 35t 비넷 공정 90% 완료	521	0	0
https://m.cafe.naver.com/ca-fe/web/cafes/10503958/articles/140976	캡틴 신: K1A1 R.O.K.ARMY MBT 1/35 (ACADEMY) - [1.조립]	848	1	10
https://m.cafe.naver.com/ca-fe/web/cafes/10503958/articles/140920	styleby: [ACADEMY] Magach 6B Gal Batash 조립완료	506	0	0
https://m.cafe.naver.com/ca-fe/web/cafes/10503958/articles/140842	산바람: 아카데미 35t 비넷 작업중(장비품도색중)	398	0	0
https://m.cafe.naver.com/ca-fe/web/cafes/10503958/articles/140838	무자헤딘: Chtz S-65 트랙터 제작기 (01)	358	0	0
https://m.cafe.naver.com/ca-fe/web/cafes/10503958/articles/140804	SSis: M60 Blazer #1	426	0	0
https://m.cafe.naver.com/ca-fe/web/cafes/10503958/articles/140774	산바람: 아카데미 35t 작업 다시 시작	371	0	0
https://m.cafe.naver.com/ca-fe/web/cafes/10503958/articles/140771	괴물: german 8ton semitruck 제작중	349	0	0
https://m.cafe.naver.com/ca-fe/web/cafes/10503958/articles/140729	MLRS: 아카데미 King Tiger 후기형(최후생산형) 1/35 제작기 - 1	546	0	0
https://m.cafe.naver.com/ca-fe/web/cafes/10503958/articles/140676	공현욱: Quad Gun Tractor 1/35	552	0	1
https://m.cafe.naver.com/ca-fe/web/cafes/10503958/articles/140655	SSis: IDF M109 Doher #5	495	0	0
https://m.cafe.naver.com/ca-fe/web/cafes/10503958/articles/140530	SSis: IDF M109 Doher #4	447	0	17
https://m.cafe.naver.com/ca-fe/web/cafes/10503958/articles/140371	styleby: Merkava Mk.3D Early 1/35	546	0	5
https://m.cafe.naver.com/ca-fe/web/cafes/10503958/articles/140357	SSis: IDF M109 Doher #3	460	0	3
https://m.cafe.naver.com/ca-fe/web/cafes/10503958/articles/139969	MLRS: 아카데미 Jagdpanzer 38(t) Hetzer 1/35 제작기 - 2	425	0	0
https://m.cafe.naver.com/ca-fe/web/cafes/10503958/articles/139804	산바람: 아카데미 헤처 초기형 도색(동계)	311	0	0
https://m.cafe.naver.com/ca-fe/web/cafes/10503958/articles/139606	너바나: 아카데미 스트라이커 1/72 제작중입니다.	442	1	7
https://m.cafe.naver.com/ca-fe/web/cafes/10503958/articles/139568	케이군: ACADEMY 1/35 M-51 Super Sherman 제작기 #2 기본 도색	311	0	5
https://m.cafe.naver.com/ca-fe/web/cafes/10503958/articles/139409	로베: Bronco 1/35 Buffalo #3	535	0	0
https://m.cafe.naver.com/ca-fe/web/cafes/10503958/articles/139386	styleby: TAMIYA MERKAVA 1/35	404	0	2
https://m.cafe.naver.com/ca-fe/web/cafes/10503958/articles/139179	로베: Bronco 1/35 Buffalo #2	249	0	0
https://m.cafe.naver.com/ca-fe/web/cafes/10503958/articles/139124	styleby: [ZVEZDA] Russian MBT T-90 조립	750	0	0
https://m.cafe.naver.com/ca-fe/web/cafes/10503958/articles/139050	로베: Bronco 1/35 Buffalo #1	428	0	0
https://m.cafe.naver.com/ca-fe/web/cafes/10503958/articles/138516	코털휘날리며: 드래곤 m51 아이셔먼	525	0	22
https://m.cafe.naver.com/ca-fe/web/cafes/10503958/articles/138256	styleby: [MENG Model] Merkava Mk.3 BAZ 1/35 조립	539	1	6
https://m.cafe.naver.com/ca-fe/web/cafes/10503958/articles/138026	놀자꾸나: 타미야 레오파드 호피VER2.0 제작중	503	0	0
https://m.cafe.naver.com/ca-fe/web/cafes/10503958/articles/137847	슈트름게베르44: German heavy Tank - KINGTIGER(TIGER II)	592	0	0
https://m.cafe.naver.com/ca-fe/web/cafes/10503958/articles/137835	햇살쬐는강일영감: [DRAGON] 1/35 5cm PAK 38 w/Fallschirmjager 작업중	448	0	5
https://m.cafe.naver.com/ca-fe/web/cafes/10503958/articles/137789	styleby: [AFV CLUB] IDF SHOT Kal 1973 조립	543	0	6
https://m.cafe.naver.com/ca-fe/web/cafes/10503958/articles/137767	뭘뽑지: 메탈하우스 sv-002 메탈슬러그 조립중	655	0	9
https://m.cafe.naver.com/ca-fe/web/cafes/10503958/articles/137738	로베: Trumpeter 1/35 M1078 armor cap 조립완료	301	0	0
https://m.cafe.naver.com/ca-fe/web/cafes/10503958/articles/137043	공병: SU-85 제작기 -3-	284	0	0
https://m.cafe.naver.com/ca-fe/web/cafes/10503958/articles/136970	슈트름게베르44: (청소년)쿠르스크 디오라마-베이스 작업	520	0	0
https://m.cafe.naver.com/ca-fe/web/cafes/10503958/articles/136860	배추도사: MENG 1/35 D9R ARMORED BULLDOZER 제작기 PART 3	491	0	0
https://m.cafe.naver.com/ca-fe/web/cafes/10503958/articles/136859	배추도사: MENG 1/35 D9R ARMORED BULLDOZER 제작기 PART 2	461	0	0
https://m.cafe.naver.com/ca-fe/web/cafes/10503958/articles/136763	styleby: [TRUMPETER] Soviet SU-152 Late 1/35 조립	516	0	1
https://m.cafe.naver.com/ca-fe/web/cafes/10503958/articles/136739	공병: SU-85 제작기 -2-	360	0	0
https://m.cafe.naver.com/ca-fe/web/cafes/10503958/articles/136368	현석: 천마 시험 제작 터렛 [......ING]	631	0	0
https://m.cafe.naver.com/ca-fe/web/cafes/10503958/articles/136366	현석: 천마 시험 제작 (차체 종합)	296	0	0
https://m.cafe.naver.com/ca-fe/web/cafes/10503958/articles/136349	산바람: 아카데미 35t 비넷 지면 제작중	450	0	0
https://m.cafe.naver.com/ca-fe/web/cafes/10503958/articles/136244	스코: M110 자주포 서페이싱	512	0	0
https://m.cafe.naver.com/ca-fe/web/cafes/10503958/articles/136101	산바람: 아카데미 35t 제작중(2) DEF모델 디테일업킷 적용	532	0	0
https://m.cafe.naver.com/ca-fe/web/cafes/10503958/articles/135518	styleby: PICKUP w/ZU-23-2 조립중	329	0	1
https://m.cafe.naver.com/ca-fe/web/cafes/10503958/articles/135315	데나트: '백마! 근무 다녀오겠습니다!' 제작기 2부 - 보병 및 베이스의 제작	1148	0	12
https://m.cafe.naver.com/ca-fe/web/cafes/10503958/articles/135314	데나트: '백마! 근무 다녀오겠습니다!' 제작기 1부 - 단품의 제작	1236	1	9
https://m.cafe.naver.com/ca-fe/web/cafes/10503958/articles/135296	citizen: JS-2 중간점검	327	0	0
https://m.cafe.naver.com/ca-fe/web/cafes/10503958/articles/135283	온천마왕: K1A1제작기? 처음올려봅니다ㅠ	400	1	0
https://m.cafe.naver.com/ca-fe/web/cafes/10503958/articles/135227	sunny79: 1/35 Bushmaster  호주 육군 장갑차	653	1	0
https://m.cafe.naver.com/ca-fe/web/cafes/10503958/articles/134940	햇살쬐는강일영감: [억불모형방??!!]1/35 임시자주포진지 베이스	527	0	16
https://m.cafe.naver.com/ca-fe/web/cafes/10503958/articles/134922	햇살쬐는강일영감: [D-corp]1/35 M4A3E8 "Easy Eight" - 작업기	425	0	0
https://m.cafe.naver.com/ca-fe/web/cafes/10503958/articles/134431	노원의 혁명: 도색 중간 보고입니다.	678	0	0
https://m.cafe.naver.com/ca-fe/web/cafes/10503958/articles/134378	황보상훈: CAT D9R  작업중~	667	0	0
https://m.cafe.naver.com/ca-fe/web/cafes/10503958/articles/134364	노원의 혁명: 도색대기중....	513	0	0
https://m.cafe.naver.com/ca-fe/web/cafes/10503958/articles/134239	강경준: D9R 제작기 5	687	0	0
https://m.cafe.naver.com/ca-fe/web/cafes/10503958/articles/134148	슈트름게베르44: 페르디난드 쿠르스크버전 - 제작기(2)	785	0	0
https://m.cafe.naver.com/ca-fe/web/cafes/10503958/articles/134124	SSis: IDF M1070 & M1000 #12	478	0	0
https://m.cafe.naver.com/ca-fe/web/cafes/10503958/articles/134062	SSis: IDF M1070 & M1000 #11	480	0	5
https://m.cafe.naver.com/ca-fe/web/cafes/10503958/articles/134058	강경준: D9R 제작기 4	628	0	0
https://m.cafe.naver.com/ca-fe/web/cafes/10503958/articles/133980	livecono: BB탄 발사 탱크 Jagdpanther (1/25) 제작기	998	1	27
https://m.cafe.naver.com/ca-fe/web/cafes/10503958/articles/133942	강경준: D9R 제작기 3	461	0	0
https://m.cafe.naver.com/ca-fe/web/cafes/10503958/articles/133899	배추도사: MENG 1/35 D9R ARMORED BULLDOZER 제작기 PART 1	452	0	10
https://m.cafe.naver.com/ca-fe/web/cafes/10503958/articles/133898	배추도사: MENG 1/35 D9R ARMORED BULLDOZER 제작기 INTRO	447	0	0
https://m.cafe.naver.com/ca-fe/web/cafes/10503958/articles/133740	뭘뽑지: soar art 1/144 도라 열차포 -03-	522	0	5
https://m.cafe.naver.com/ca-fe/web/cafes/10503958/articles/133133	강경준: M1070 Truck Tractor & M1000 HET Semi-trailer <2탄> 제작기 4	401	0	0
https://m.cafe.naver.com/ca-fe/web/cafes/10503958/articles/133132	에이프릴: <아카데미> 킹타이거 최후기형 part1	1154	0	0
https://m.cafe.naver.com/ca-fe/web/cafes/10503958/articles/133080	대한건아: 1/35 tiger 밑칠했습니다	319	0	0
https://m.cafe.naver.com/ca-fe/web/cafes/10503958/articles/133062	대한제국황실친위대: 8월 모형터 전시회 참가 작품 '은덕전차전' 거의 완성됬네요....	494	0	0
https://m.cafe.naver.com/ca-fe/web/cafes/10503958/articles/132961	산바람: AFVclub M36 잭슨 제작(1)	457	0	0
https://m.cafe.naver.com/ca-fe/web/cafes/10503958/articles/132544	juho0612: JAGDTIGER 제작기 (1)	922	0	7
https://m.cafe.naver.com/ca-fe/web/cafes/10503958/articles/132530	산바람: 35(t)디오라마 제작 (3)	467	0	0
https://m.cafe.naver.com/ca-fe/web/cafes/10503958/articles/132398	SSis: IDF M1070 & M1000 #9	406	0	0
https://m.cafe.naver.com/ca-fe/web/cafes/10503958/articles/132237	무자헤딘: T-34/85 중간 보고...[1991년 유고 슬라비아 내전 ver.]	553	1	18
https://m.cafe.naver.com/ca-fe/web/cafes/10503958/articles/132211	SSis: IDF M1070 & M1000 #8	369	0	0
https://m.cafe.naver.com/ca-fe/web/cafes/10503958/articles/132180	산바람: 35(t) 디오라마 제작 (2)	558	0	0
https://m.cafe.naver.com/ca-fe/web/cafes/10503958/articles/132143	쿠어스: 1/35 드래곤 4호 전차 J형(후기형)	751	0	8
https://m.cafe.naver.com/ca-fe/web/cafes/10503958/articles/132133	산바람: 35(t) 디오라마 제작 (1)	386	0	0
https://m.cafe.naver.com/ca-fe/web/cafes/10503958/articles/132126	강경준: M1070 Truck Tractor & M1000 HET Semi-trailer <2탄> 제작기 3	444	0	0
https://m.cafe.naver.com/ca-fe/web/cafes/10503958/articles/132106	뭘뽑지: 1/35 e-100 짬짬히 작업?	438	0	6
https://m.cafe.naver.com/ca-fe/web/cafes/10503958/articles/132050	Hikaru: 1/72 AFV 제작중	898	2	9
https://m.cafe.naver.com/ca-fe/web/cafes/10503958/articles/131930	dododa1: 1/35 트럼펫 SLT-56 트레일러 제작	538	0	5
https://m.cafe.naver.com/ca-fe/web/cafes/10503958/articles/131231	citizen: 어제 완성작 올린 타이거 마지막 제작기입니다.	333	0	11
https://m.cafe.naver.com/ca-fe/web/cafes/10503958/articles/131229	Honey: M-12자주포 녹표현하기최종편	291	0	12
https://m.cafe.naver.com/ca-fe/web/cafes/10503958/articles/131200	SSis: IDF M1070 & M1000 #6	320	0	5
https://m.cafe.naver.com/ca-fe/web/cafes/10503958/articles/131117	강경준: M1070 Truck Tractor & M1000 HET Semi-trailer <2탄> 제작기 1	353	0	0
https://m.cafe.naver.com/ca-fe/web/cafes/10503958/articles/130845	The Equalizer: [탱크:1/72 ] Sturmhaubitze 42 - Dragon	459	0	10
https://m.cafe.naver.com/ca-fe/web/cafes/10503958/articles/130752	무자헤딘: T-34/85 제작기 (공구 박스?) [1991년 유고 슬라비아 내전 ver.]	530	1	10
https://m.cafe.naver.com/ca-fe/web/cafes/10503958/articles/130154	강경준: 아카데미 HETZER PRAGUE 1945 제작기 1	592	0	5
https://m.cafe.naver.com/ca-fe/web/cafes/10503958/articles/130000	Honey: 1/72드래곤웨건	225	0	0
https://m.cafe.naver.com/ca-fe/web/cafes/10503958/articles/129908	SSis: IDF M1070 & M1000 #3	343	0	5
https://m.cafe.naver.com/ca-fe/web/cafes/10503958/articles/129888	SSis: M109A6 Paladin #7	549	0	7
https://m.cafe.naver.com/ca-fe/web/cafes/10503958/articles/129887	SSis: IDF M1070 & M1000 #2	318	0	5
https://m.cafe.naver.com/ca-fe/web/cafes/10503958/articles/129868	꾸미는 손: IDF M113 ZELDA TOGA 장갑 점검	311	0	0
https://m.cafe.naver.com/ca-fe/web/cafes/10503958/articles/129863	꾸미는 손: IDF M113 ZELDA 인젝션 핸드메이드 타공 쉰제품	378	0	5
https://m.cafe.naver.com/ca-fe/web/cafes/10503958/articles/129836	카일: Stug III Ausf. g Early #1 Building	246	0	12
https://m.cafe.naver.com/ca-fe/web/cafes/10503958/articles/129812	SSis: M109A6 Paladin #6	348	0	0
https://m.cafe.naver.com/ca-fe/web/cafes/10503958/articles/129751	SSis: M109A6 Paladin #5	342	0	3
https://m.cafe.naver.com/ca-fe/web/cafes/10503958/articles/129134	놀자꾸나: 포발사 효과와 폭발장면 제작중입니다.	893	0	36
https://m.cafe.naver.com/ca-fe/web/cafes/10503958/articles/128914	밀레니엄: [에어픽스] 1/48 Supacat HMT400 Jackal	430	0	0
https://m.cafe.naver.com/ca-fe/web/cafes/10503958/articles/128856	뭘뽑지: soar art 1/144 도라 열차포 -02-	559	0	0
https://m.cafe.naver.com/ca-fe/web/cafes/10503958/articles/128673	뭘뽑지: soar art 1/144 도라 열차포 -01-	338	0	10
https://m.cafe.naver.com/ca-fe/web/cafes/10503958/articles/127986	강경준: M977 HEMTT 트럭 제작기 4	388	0	4
https://m.cafe.naver.com/ca-fe/web/cafes/10503958/articles/127851	쿠어스: 드래곤 King Tiger 기본도색 완료!!	531	1	0
https://m.cafe.naver.com/ca-fe/web/cafes/10503958/articles/127734	toysoldier92: Sol모형- ZUNDAPP KS 750/1 제작기-4	270	0	0
https://m.cafe.naver.com/ca-fe/web/cafes/10503958/articles/127733	toysoldier92: Sol모형- ZUNDAPP KS750/1 제작기-3	106	0	0
https://m.cafe.naver.com/ca-fe/web/cafes/10503958/articles/127732	toysoldier92: Sol모형- ZUNDAPP KS 750/1 제작기-2	116	0	0
https://m.cafe.naver.com/ca-fe/web/cafes/10503958/articles/127731	toysoldier92: Sol모형- ZUNDAPP KS 750/1 제작기-1	167	0	0
https://m.cafe.naver.com/ca-fe/web/cafes/10503958/articles/127232	강경준: M977 HEMTT 트럭 제작기 1	442	0	0
https://m.cafe.naver.com/ca-fe/web/cafes/10503958/articles/127132	SSis: Merkava Mk.3D #8	343	0	0
https://m.cafe.naver.com/ca-fe/web/cafes/10503958/articles/127060	SSis: Merkava Mk.3D #7	379	0	0
https://m.cafe.naver.com/ca-fe/web/cafes/10503958/articles/127048	SSis: Merkava Mk.3D #6	237	0	0
https://m.cafe.naver.com/ca-fe/web/cafes/10503958/articles/126983	SSis: Merkava Mk.3D #5	283	0	0
https://m.cafe.naver.com/ca-fe/web/cafes/10503958/articles/126967	강경준: M1117 가디언 제작기 1	403	0	7
https://m.cafe.naver.com/ca-fe/web/cafes/10503958/articles/126922	SSis: Merkava Mk.3D #5	303	0	8
https://m.cafe.naver.com/ca-fe/web/cafes/10503958/articles/126891	강경준: M1070 Truck Tractor & M1000 HET Semi-trailer 제작기 7	566	0	22
https://m.cafe.naver.com/ca-fe/web/cafes/10503958/articles/126550	햇살쬐는강일영감: [Academy] 1/35 ROK Army K9 - 작업기 2 -	561	0	0
https://m.cafe.naver.com/ca-fe/web/cafes/10503958/articles/126541	SSis: R.O.K. K-9 #2	371	0	0
https://m.cafe.naver.com/ca-fe/web/cafes/10503958/articles/126520	hopq0457: 아카데미 1/72 스트라이커 플젝 제작기-1	257	0	0
https://m.cafe.naver.com/ca-fe/web/cafes/10503958/articles/126490	SSis: R.O.K. K-9 #1	314	0	0
https://m.cafe.naver.com/ca-fe/web/cafes/10503958/articles/126482	SSis: Jagdpanzer 38(t) Hetzer "Late Version" #5	322	0	0
https://m.cafe.naver.com/ca-fe/web/cafes/10503958/articles/126378	햇살쬐는강일영감: [Academy] 1/35 ROK Army K9 - 작업기 1 -	503	0	0
https://m.cafe.naver.com/ca-fe/web/cafes/10503958/articles/126331	슘둥: 열차시리즈(아직도 진행중)	575	0	25
https://m.cafe.naver.com/ca-fe/web/cafes/10503958/articles/126195	SSis: Jagdpanzer 38(t) Hetzer "Late Version" #4	403	0	12
https://m.cafe.naver.com/ca-fe/web/cafes/10503958/articles/125747	스톰: 하세가와 1/72 Pz.Kpfw v PANTHER ausf. G 판더(판터) #2	246	0	0
https://m.cafe.naver.com/ca-fe/web/cafes/10503958/articles/125710	SSis: Pz. Kpfw. 38(t) Ausf.F #3	342	0	0
https://m.cafe.naver.com/ca-fe/web/cafes/10503958/articles/125688	citizen: JS-2 Stalin (Tamiya 1/48) - WIP (6)	289	0	0
https://m.cafe.naver.com/ca-fe/web/cafes/10503958/articles/125632	SSis: M109A6 Paladin #1	438	0	0
https://m.cafe.naver.com/ca-fe/web/cafes/10503958/articles/125631	SSis: Jagdpanzer 38(t) Hetzer "Late Version" #1	311	0	0
https://m.cafe.naver.com/ca-fe/web/cafes/10503958/articles/125621	산바람: [1/35] 트럼페터 KV-122제작기(8)	391	0	0
https://m.cafe.naver.com/ca-fe/web/cafes/10503958/articles/125465	산바람: [1/35] 트럼페터 KV-122제작기(7)	382	0	0
https://m.cafe.naver.com/ca-fe/web/cafes/10503958/articles/124425	에이프릴: sd.kfz 250/8	381	0	13
https://m.cafe.naver.com/ca-fe/web/cafes/10503958/articles/124289	뭘뽑지: 1:76 Accurate Armor WWII 28cm SK C 34 Battleship Drillingturme -01	333	0	0
https://m.cafe.naver.com/ca-fe/web/cafes/10503958/articles/124156	산바람: 4호구축전차[1/72 스케일 드래곤]	436	0	0
https://m.cafe.naver.com/ca-fe/web/cafes/10503958/articles/124087	산바람: [1/35] 트럼페터 KV-122제작기(5)	439	0	18
https://m.cafe.naver.com/ca-fe/web/cafes/10503958/articles/123910	뭘뽑지: 아카데미 1/35 킹타이거 -01-	671	0	22
https://m.cafe.naver.com/ca-fe/web/cafes/10503958/articles/123853	styleby: [DRAGON] Aufklarungspanzer 38(t) mit 2cm Kw.K 1/35 조립	398	0	9
https://m.cafe.naver.com/ca-fe/web/cafes/10503958/articles/123288	Honey: 이런..너무열중하다보니	292	0	23
https://m.cafe.naver.com/ca-fe/web/cafes/10503958/articles/123239	산바람: [1/35] 트럼페터 KV-122제작기(3)	457	0	26
https://m.cafe.naver.com/ca-fe/web/cafes/10503958/articles/123187	좌절금지: 타미야 티란5	489	0	0
https://m.cafe.naver.com/ca-fe/web/cafes/10503958/articles/123178	산바람: [1/35] 트럼페터 KV-122제작기(2)	525	0	0
https://m.cafe.naver.com/ca-fe/web/cafes/10503958/articles/123159	Sogelli: 1/48 airfix jackal weathering part 1	248	0	0
https://m.cafe.naver.com/ca-fe/web/cafes/10503958/articles/123011	citizen: TIGER-1 (Dragon 1/35) - 작업중 1	370	0	0
https://m.cafe.naver.com/ca-fe/web/cafes/10503958/articles/123007	노숙지존: 1/72 way station - br52,karl,leopold / 조연차량도색 - 07	511	0	0
https://m.cafe.naver.com/ca-fe/web/cafes/10503958/articles/122424	Sogelli: 1/48 Airfix Jackal little detail up	214	0	0
https://m.cafe.naver.com/ca-fe/web/cafes/10503958/articles/122380	노숙지존: 1/72 way station - br52,karl,leopold / 깜빡하고 넘어가버린 베이스제작기 - 05	385	0	0
https://m.cafe.naver.com/ca-fe/web/cafes/10503958/articles/122375	노숙지존: 1/72 way station - br52,karl,leopold / 침목재도색,자리잡기 - 04	323	0	0
https://m.cafe.naver.com/ca-fe/web/cafes/10503958/articles/122197	뭘뽑지: 1/35 독일 다포탑 전차 노이바우파르초이크 라인메탈, 크루프 -02-	300	0	0
https://m.cafe.naver.com/ca-fe/web/cafes/10503958/articles/122187	좌절금지: KV "BIg" turret	449	0	0
https://m.cafe.naver.com/ca-fe/web/cafes/10503958/articles/122147	노숙지존: 1/72 way station - br52,karl,leopold / 도색시작,나무표현 및 간이역도색 - 03	603	0	0
https://m.cafe.naver.com/ca-fe/web/cafes/10503958/articles/121400	SPOOKY: [BT-5] #1 킷 개봉	409	0	0
https://m.cafe.naver.com/ca-fe/web/cafes/10503958/articles/121384	에이프릴: 1/35 <타미야> 뫼벨바겐	554	0	0
https://m.cafe.naver.com/ca-fe/web/cafes/10503958/articles/121243	산바람: 아카데미 킹타이거 제작중 (3)	505	0	0
https://m.cafe.naver.com/ca-fe/web/cafes/10503958/articles/121089	산바람: 아카데미 킹타이거 제작중 (2)	337	0	0
https://m.cafe.naver.com/ca-fe/web/cafes/10503958/articles/120926	SPOOKY: [Hetzer] #5. 기본도색 완료	358	0	21
https://m.cafe.naver.com/ca-fe/web/cafes/10503958/articles/120912	SPOOKY: [Hetzer] #4. 마스킹	267	0	11
https://m.cafe.naver.com/ca-fe/web/cafes/10503958/articles/120895	SPOOKY: [Hetzer] #3. 궤도 조립	309	0	8
https://m.cafe.naver.com/ca-fe/web/cafes/10503958/articles/120889	장갑차: m1a2(2)	271	0	0
https://m.cafe.naver.com/ca-fe/web/cafes/10503958/articles/120880	SPOOKY: [Hetzer] #2. 궤도 도색	354	0	0
https://m.cafe.naver.com/ca-fe/web/cafes/10503958/articles/120850	장갑차: m1a2	312	0	6
https://m.cafe.naver.com/ca-fe/web/cafes/10503958/articles/120259	뭘뽑지: 방청도료 실험	296	0	0
https://m.cafe.naver.com/ca-fe/web/cafes/10503958/articles/120025	citizen: (청소년) "Down!" - 작업중 17	406	0	8
https://m.cafe.naver.com/ca-fe/web/cafes/10503958/articles/119986	Soap: Tiger-I 제작기 TWO!	355	0	11
https://m.cafe.naver.com/ca-fe/web/cafes/10503958/articles/119975	보아보노: M48 알씨화 진행중..	533	0	8
https://m.cafe.naver.com/ca-fe/web/cafes/10503958/articles/119929	Soap: Tiger-I 초기형 열심히달리는중!	350	0	10
https://m.cafe.naver.com/ca-fe/web/cafes/10503958/articles/119777	citizen: (청소년) "Down!" - 작업중 16	640	0	26
https://m.cafe.naver.com/ca-fe/web/cafes/10503958/articles/119750	산바람: [성인부]스튜어트허니 딩고 디오라마 제작 (2)	566	0	0
https://m.cafe.naver.com/ca-fe/web/cafes/10503958/articles/119360	킴아빠: 독일대공포  2cm Flak 38	331	0	0
https://m.cafe.naver.com/ca-fe/web/cafes/10503958/articles/119319	citizen: Panther G Late Version (Dragon 1/35) - 제작중 (5)	312	0	0
https://m.cafe.naver.com/ca-fe/web/cafes/10503958/articles/119131	citizen: Panther G Late Version (Dragon 1/35) - 제작중 (4)	362	0	0
https://m.cafe.naver.com/ca-fe/web/cafes/10503958/articles/119118	에이프릴: (성인부) EPISODE5. 무대완성	499	0	10
https://m.cafe.naver.com/ca-fe/web/cafes/10503958/articles/119062	칼칼: 아카데미신제품 킹타이거2013.02.12	507	0	0
https://m.cafe.naver.com/ca-fe/web/cafes/10503958/articles/119059	citizen: (청소년부) [MasterBox] "Operation Milkman" [03]	299	0	0
https://m.cafe.naver.com/ca-fe/web/cafes/10503958/articles/118384	citizen: [청소년] Pz.Kpfw.IV Ausf. D 08	382	0	17
https://m.cafe.naver.com/ca-fe/web/cafes/10503958/articles/118148	좌절금지: [성인부] 타미야 1/35 BT-7 #9 차체도색완료	1047	0	45
https://m.cafe.naver.com/ca-fe/web/cafes/10503958/articles/118135	산바람: [성인부]딩고 제작기 (3)	517	0	31
https://m.cafe.naver.com/ca-fe/web/cafes/10503958/articles/118049	좌절금지: [성인부] 타미야 1/35 BT-7 #8 헤드도색	535	0	28
https://m.cafe.naver.com/ca-fe/web/cafes/10503958/articles/117878	블루마스터: m1a1 도색중입니다.	544	0	18
https://m.cafe.naver.com/ca-fe/web/cafes/10503958/articles/117389	재용쒸v: [아카데미] 1/35 M1151 험비.. 제작중	463	0	0
https://m.cafe.naver.com/ca-fe/web/cafes/10503958/articles/117301	산바람: [성인부]딩고 제작기 (1)	409	0	9
https://m.cafe.naver.com/ca-fe/web/cafes/10503958/articles/116922	citizen: [청소년] Pz.Kpfw.IV Ausf.D 06	354	0	29
https://m.cafe.naver.com/ca-fe/web/cafes/10503958/articles/116741	뭘뽑지: 1/35 어뮤징하비 뢰베(Lowe) 작업 -04-	355	0	0
https://m.cafe.naver.com/ca-fe/web/cafes/10503958/articles/116280	citizen: [WORK] Pz.IV.Ausf. D 04	268	0	0
https://m.cafe.naver.com/ca-fe/web/cafes/10503958/articles/116194	citizen: [WORK] "Operation Milkman" 02 (청소년)	301	0	0
https://m.cafe.naver.com/ca-fe/web/cafes/10503958/articles/116152	좌절금지: [성인부] 타미야 1/35 BT-7 #5(추가사진)	918	0	0
https://m.cafe.naver.com/ca-fe/web/cafes/10503958/articles/116090	citizen: [WORK] R75 German Motorcycle 01	238	0	0
https://m.cafe.naver.com/ca-fe/web/cafes/10503958/articles/116042	쿠쇼: 1/35 T-34/85 제작기 Dragon Premium Kit	276	0	0
https://m.cafe.naver.com/ca-fe/web/cafes/10503958/articles/115950	쿠쇼: 1/72 King Tiger Italeri	286	0	0
https://m.cafe.naver.com/ca-fe/web/cafes/10503958/articles/115829	citizen: [Lion Roar] German R75 BMW Bike	325	0	0
https://m.cafe.naver.com/ca-fe/web/cafes/10503958/articles/115768	citizen: 추가 키트 인증입니다. (청소년)	327	0	16
https://m.cafe.naver.com/ca-fe/web/cafes/10503958/articles/115720	좌절금지: [성인부] 타미야 1/35 BT-7 #4	541	1	16
https://m.cafe.naver.com/ca-fe/web/cafes/10503958/articles/114903	좌절금지: [성인부] 타미야 1/35 BT-7	772	2	11
https://m.cafe.naver.com/ca-fe/web/cafes/10503958/articles/114889	산바람: [성인부]아카데미 M3 STUART "HONEY" 제작기 - 8	538	0	0
https://m.cafe.naver.com/ca-fe/web/cafes/10503958/articles/114884	좌절금지: [성인부] 콘테스트 참가신청합니다!	404	0	6
https://m.cafe.naver.com/ca-fe/web/cafes/10503958/articles/114861	뭘뽑지: 1/35 어뮤징하비 뢰베 작업-01-	393	0	0
https://m.cafe.naver.com/ca-fe/web/cafes/10503958/articles/114751	엔비: 미니아트(T-70M 초기형) 유화작업	592	0	0
https://m.cafe.naver.com/ca-fe/web/cafes/10503958/articles/114643	citizen: [TRISTAR] Pz.Kpfw.IV Ausf.D - 작업 2	332	0	0
https://m.cafe.naver.com/ca-fe/web/cafes/10503958/articles/114510	에이프릴: EPISODE<3>. 미니아트의 선전	477	0	0
https://m.cafe.naver.com/ca-fe/web/cafes/10503958/articles/114508	엔비: 미니아트(T-70 M 초기형) 기본색칠	512	0	0
https://m.cafe.naver.com/ca-fe/web/cafes/10503958/articles/113842	산바람: [성인부]아카데미 M3 STUART "HONEY" 제작기 - 4	330	0	14
https://m.cafe.naver.com/ca-fe/web/cafes/10503958/articles/113771	산바람: [성인부]아카데미 M3 STUART "HONEY" 제작기 - 3	378	0	0
https://m.cafe.naver.com/ca-fe/web/cafes/10503958/articles/113701	에이프릴: [드래곤] Bison 2호전차 / [타미야] Steyr 1500A	668	0	0
https://m.cafe.naver.com/ca-fe/web/cafes/10503958/articles/113673	Hard Worker: (청소년)타이거 제작기 1	348	0	5
https://m.cafe.naver.com/ca-fe/web/cafes/10503958/articles/113573	citizen: [DRAGON] Pz.Beob.Wg. III Ausf. H	304	0	0
https://m.cafe.naver.com/ca-fe/web/cafes/10503958/articles/113484	창조: 중간 작업물	339	0	12
https://m.cafe.naver.com/ca-fe/web/cafes/10503958/articles/113479	citizen: [ACADEMY] CV9040B Swedish Infanaty Fighting Vehicle - 작업 1	315	0	0
https://m.cafe.naver.com/ca-fe/web/cafes/10503958/articles/113476	제로: KING TIGER(1)	325	0	0
https://m.cafe.naver.com/ca-fe/web/cafes/10503958/articles/113406	엔비: 미니아트(T-70 M 초기형)	427	0	0
https://m.cafe.naver.com/ca-fe/web/cafes/10503958/articles/112506	소시민: 227MM ROCKET POD	399	0	0
https://m.cafe.naver.com/ca-fe/web/cafes/10503958/articles/112210	사일라: 1/35 LVTP-7 ROKMC 제작기	369	0	0
https://m.cafe.naver.com/ca-fe/web/cafes/10503958/articles/111038	노숙지존: 1/35 한국군(M270,KAAV,K9,K511) - 10 장비품,데칼,등화류 등등등 마지막제작기~	812	1	40
https://m.cafe.naver.com/ca-fe/web/cafes/10503958/articles/110896	사일라: 1/48  Patriot Controller MSQ104  #제작기	261	0	0
https://m.cafe.naver.com/ca-fe/web/cafes/10503958/articles/110881	창조: 해쳐제작중...	334	0	0
https://m.cafe.naver.com/ca-fe/web/cafes/10503958/articles/110879	citizen: [TRISTAR] Pz.Kpfw.IV Ausf.C - (3)	231	0	0
https://m.cafe.naver.com/ca-fe/web/cafes/10503958/articles/110816	뭘뽀뽑지: 1/35 레벨 슈투름티거 제작기	468	0	0
https://m.cafe.naver.com/ca-fe/web/cafes/10503958/articles/110745	산바람: 54cm MORSER "LOKI" GREAT 041 제작 2	415	0	0
https://m.cafe.naver.com/ca-fe/web/cafes/10503958/articles/110637	산바람: 54cm MORSER "LOKI" GREAT 041 제작 1	388	0	0
https://m.cafe.naver.com/ca-fe/web/cafes/10503958/articles/110508	노숙지존: 1/35 한국군(M270,KAAV,K9,K511) - 09 kaav,k9,k511 기본도색 w/블루텍	887	0	0
https://m.cafe.naver.com/ca-fe/web/cafes/10503958/articles/110462	citizen: [AFV Club] M1128 MGS(Mobile Gun System) - 작업 3	310	0	0
https://m.cafe.naver.com/ca-fe/web/cafes/10503958/articles/110405	창아: Sd.Kfz.7/1 2cm Flakvierling 38 auf Selbstfahrlafette 제작중	375	0	0
https://m.cafe.naver.com/ca-fe/web/cafes/10503958/articles/110333	노숙지존: 1/35 한국군(M270,KAAV,K9,K511) - 08 m270 mlrs기본도색 및 베이스이것저것	878	1	0
https://m.cafe.naver.com/ca-fe/web/cafes/10503958/articles/109601	citizen: [Tristar] Pz.Kpfw.IV Ausf.C - 1	290	0	0
https://m.cafe.naver.com/ca-fe/web/cafes/10503958/articles/109216	산바람: DRAGON 1/72 Tiger-1 initial porduction 제작 (5)	322	0	0
https://m.cafe.naver.com/ca-fe/web/cafes/10503958/articles/109078	장갑차: 험비 제작중	370	0	0
https://m.cafe.naver.com/ca-fe/web/cafes/10503958/articles/109052	뭘뽀뽑지: 1/35 트럼페터 독일중전차 e-75 제작기 -04-	277	0	0
https://m.cafe.naver.com/ca-fe/web/cafes/10503958/articles/108920	산바람: DRAGON 1/72 Tiger-1 initial porduction 제작 (4)	261	0	0
https://m.cafe.naver.com/ca-fe/web/cafes/10503958/articles/108835	놀자꾸나: BM-21  제작기(1)	327	1	0
https://m.cafe.naver.com/ca-fe/web/cafes/10503958/articles/108777	사일라: 1/25   Jagd Panter   #2  (동영상 도색강좌)	435	0	0
https://m.cafe.naver.com/ca-fe/web/cafes/10503958/articles/108691	우찬아빠: M-ATV-6 (미현용 피규어페인팅)	468	0	0
https://m.cafe.naver.com/ca-fe/web/cafes/10503958/articles/107688	혼다맨: tamiya  hanomag / Italeri bmw r75	498	0	0
https://m.cafe.naver.com/ca-fe/web/cafes/10503958/articles/107656	우찬아빠: M-ATV-1,2,3	629	0	0
https://m.cafe.naver.com/ca-fe/web/cafes/10503958/articles/107635	뭘뽀뽑지: 트럼페터 독일 중전차 e-75 제작기 -02-	297	0	8
https://m.cafe.naver.com/ca-fe/web/cafes/10503958/articles/107590	citizen: [Trumpeter] M1133 Medical Evacuation Vehichle (MEV) - 작업 6	301	0	0
https://m.cafe.naver.com/ca-fe/web/cafes/10503958/articles/107540	citizen: [Trumpeter] M1133 Medical Evacuation Vehichle (MEV) - 작업 5	284	0	0
https://m.cafe.naver.com/ca-fe/web/cafes/10503958/articles/107503	안드라스: 아카데미 1/35 4호 돌격포	285	0	0
https://m.cafe.naver.com/ca-fe/web/cafes/10503958/articles/107495	산바람: K1A1제작 (1)	358	0	0
https://m.cafe.naver.com/ca-fe/web/cafes/10503958/articles/107412	citizen: [Dragon] Tiger-1 Late Production	245	0	0
https://m.cafe.naver.com/ca-fe/web/cafes/10503958/articles/107352	citizen: 도색중 Tiger-1 Ausf. E	333	0	0
https://m.cafe.naver.com/ca-fe/web/cafes/10503958/articles/107273	songjk02: 프라모델을 만들어봤습니다	258	0	0
https://m.cafe.naver.com/ca-fe/web/cafes/10503958/articles/107134	citizen: 도색중 비단개구리 Sd.Kfz.164 Nashorn - 1	330	0	0
https://m.cafe.naver.com/ca-fe/web/cafes/10503958/articles/106924	citizen: [도색중] Tiger-1 Ausf.E Late Version	225	0	0
https://m.cafe.naver.com/ca-fe/web/cafes/10503958/articles/106118	citizen: 제작중 "Hetzer Factory"	306	0	0
https://m.cafe.naver.com/ca-fe/web/cafes/10503958/articles/105912	citizen: 조립중 M1133 Stryker MEV (Medical Evacuation Vehicle)	256	0	0
https://m.cafe.naver.com/ca-fe/web/cafes/10503958/articles/105795	노숙지존: 1/35 한국군(M270,KAAV,K9,K511) - 03 K511 조립및 인테리어 추가	604	1	12
https://m.cafe.naver.com/ca-fe/web/cafes/10503958/articles/105684	citizen: 조립중 German 38(t) Hetzer Late Version	264	0	0
https://m.cafe.naver.com/ca-fe/web/cafes/10503958/articles/105623	citizen: [조립중] Jadgpanzer 38(t) HETZER Late Version	240	0	0
https://m.cafe.naver.com/ca-fe/web/cafes/10503958/articles/105507	노숙지존: 1/35 한국군(M270,KAAV,K9) - 02 인테리어 완성	495	1	11
https://m.cafe.naver.com/ca-fe/web/cafes/10503958/articles/105366	노숙지존: 1/35 한국군(M270,KAAV,K9) - 01 인테리어 조립 및 기본도색	534	1	0
https://m.cafe.naver.com/ca-fe/web/cafes/10503958/articles/105299	citizen: 사진 공부를 합시다~~^^	290	0	0
https://m.cafe.naver.com/ca-fe/web/cafes/10503958/articles/105258	돌격포: 아카데미  헷쳐 제작 진행중	222	0	0
https://m.cafe.naver.com/ca-fe/web/cafes/10503958/articles/105232	citizen: [1/35, Dragon] Pz.Beob.Wg.III Ausf.H - 작업 5	262	0	0
https://m.cafe.naver.com/ca-fe/web/cafes/10503958/articles/105221	스고이: trumpeter BMP-3UPDATE ARMOR 제작기 3.	274	0	0
https://m.cafe.naver.com/ca-fe/web/cafes/10503958/articles/105192	citizen: [1/35, Dragon] Pz.Beob.Wg.III Ausf.H - 작업 4	223	0	0
https://m.cafe.naver.com/ca-fe/web/cafes/10503958/articles/104560	citizen: 초프모 플젝상품 [1/35, Dragon] Pz.Beob.Wg.IIIAusf.H  - 작업 1	301	0	0
https://m.cafe.naver.com/ca-fe/web/cafes/10503958/articles/104465	신호등: 하비갤러리 '한국제 T-158 변형궤도' 키트의 문제사항 03(完)	549	0	0
https://m.cafe.naver.com/ca-fe/web/cafes/10503958/articles/104375	뭘뽀뽑지: 드래곤 1/35 독일 초중전차 E-100 제작기 -03-	415	0	0
https://m.cafe.naver.com/ca-fe/web/cafes/10503958/articles/104288	뭘뽀뽑지: 드래곤 1/35 독일 초중전차 E-100 제작기 -02-	381	0	0
https://m.cafe.naver.com/ca-fe/web/cafes/10503958/articles/104190	뭘뽀뽑지: 1/35 독일 초중전차 E-100 제작기 -01-	412	0	0
https://m.cafe.naver.com/ca-fe/web/cafes/10503958/articles/104164	SSis: 1/35 레진 복제 아이스박스	445	0	0
https://m.cafe.naver.com/ca-fe/web/cafes/10503958/articles/104038	엔트로피: 엔트로피 막장 제작기	342	0	0
https://m.cafe.naver.com/ca-fe/web/cafes/10503958/articles/103821	스고이: hobbyboss 1/35 leopard2a6 can 제작기10.	351	0	0
https://m.cafe.naver.com/ca-fe/web/cafes/10503958/articles/103020	citizen: [1/35, Academy] Jadgpanther 38(t) Hetzer "Late Version" - 작업 7일차	255	0	0
https://m.cafe.naver.com/ca-fe/web/cafes/10503958/articles/103007	citizen: [1/35, Academy] Jadnpanther 38(t) Hetzer "Late Version" - 작업 5,6,7 일차	319	0	0
https://m.cafe.naver.com/ca-fe/web/cafes/10503958/articles/103000	styleby: [ACADEMY]  M1151 1/35 조립	456	0	12
https://m.cafe.naver.com/ca-fe/web/cafes/10503958/articles/102926	스고이: hobbyboss leopard2a6 can 제작기 6.	246	0	0
https://m.cafe.naver.com/ca-fe/web/cafes/10503958/articles/102899	SSis: 1/35 Modern USMC IRAQ	364	0	0
https://m.cafe.naver.com/ca-fe/web/cafes/10503958/articles/102889	스고이: hobbyboss leopard2a6 can 제작기 5	268	0	0
https://m.cafe.naver.com/ca-fe/web/cafes/10503958/articles/102838	스고이: hobbyboss leopard2a6 can 제작기 4.	296	0	0
https://m.cafe.naver.com/ca-fe/web/cafes/10503958/articles/102795	스고이: hobbyboss leopard2a6 can  제작기 3.	245	0	0
https://m.cafe.naver.com/ca-fe/web/cafes/10503958/articles/102762	스고이: hobby boss  leooard2a6 can 작업기 2.	186	0	0
https://m.cafe.naver.com/ca-fe/web/cafes/10503958/articles/102725	스고이: hobbyboss leopard2a6m can 작업기1	253	0	0
https://m.cafe.naver.com/ca-fe/web/cafes/10503958/articles/102241	산바람: UM 1/72 스케일 Sd.Kfz.140 Antiaircraft tank 제작	260	0	0
https://m.cafe.naver.com/ca-fe/web/cafes/10503958/articles/102169	산바람: 1/72 드래곤 3호전차L형, 킹타이거 제작	362	0	13
https://m.cafe.naver.com/ca-fe/web/cafes/10503958/articles/102158	신호등: 하비갤러리 '한국제 T-158 변형궤도' 키트의 문제사항 01	918	0	0
https://m.cafe.naver.com/ca-fe/web/cafes/10503958/articles/102102	GPM까칠민이: [AFV] 모터라이즈 M1A1에이브람스 가조립90%완료	339	0	0
https://m.cafe.naver.com/ca-fe/web/cafes/10503958/articles/102048	싹난화분: 험비 제작기 1	292	0	0
https://m.cafe.naver.com/ca-fe/web/cafes/10503958/articles/101866	citizen: [1/35, AFV Club] M1128 MGS (Mobile Gun System) - 작업 7	281	0	0
https://m.cafe.naver.com/ca-fe/web/cafes/10503958/articles/101828	산바람: 1/72 드래곤 3호전차L형 도색중..	305	0	0
https://m.cafe.naver.com/ca-fe/web/cafes/10503958/articles/101820	엔트로피: M5A1제작중....	303	0	0
https://m.cafe.naver.com/ca-fe/web/cafes/10503958/articles/101638	GPM까칠민이: 모터라이즈 M1A1에이브람스 포탑작업중	289	0	0
https://m.cafe.naver.com/ca-fe/web/cafes/10503958/articles/101602	쉼표: M8 Greyhound 작업중입니다.	333	0	0
https://m.cafe.naver.com/ca-fe/web/cafes/10503958/articles/101538	산바람: 1/72 드래곤 3호전차L형 조립	264	0	0
https://m.cafe.naver.com/ca-fe/web/cafes/10503958/articles/101526	창조: 웬밤에 이짓을 하고있는지.....(4호 토치카 제작기-1)	308	0	0
https://m.cafe.naver.com/ca-fe/web/cafes/10503958/articles/101431	산바람: 아카데미 1/72 퀴벨바겐 제작(1)	282	0	0
https://m.cafe.naver.com/ca-fe/web/cafes/10503958/articles/100001	창조: 귀요미 레옹제작기-1편	240	0	0
https://m.cafe.naver.com/ca-fe/web/cafes/10503958/articles/99489	citizen: [1/72, Revell] Sd.Kfz.251/9 Ausf. C - 작업 3	238	0	0
https://m.cafe.naver.com/ca-fe/web/cafes/10503958/articles/99360	에이프릴: 3호 돌격포 F/8형 - 헤어스프레이 기법 사용.(2)	846	1	0
https://m.cafe.naver.com/ca-fe/web/cafes/10503958/articles/98740	무자헤딘: Technical Truck 제작기 (04)	520	0	9
https://m.cafe.naver.com/ca-fe/web/cafes/10503958/articles/98739	무자헤딘: Technical Truck 제작기 (03)	219	0	0
https://m.cafe.naver.com/ca-fe/web/cafes/10503958/articles/97642	오노데라 리츠: M5A1 제작기1	401	0	0
https://m.cafe.naver.com/ca-fe/web/cafes/10503958/articles/97596	citizen: [1/35, AFV Club] M1128 Stryker MGS (Mobile  Gun System) - 작업 6	299	0	0
https://m.cafe.naver.com/ca-fe/web/cafes/10503958/articles/97420	citizen: [1/35, AFV CLUB] M1128 Stryker MGS (Mobile Gun System) - 작업 5	273	1	0
https://m.cafe.naver.com/ca-fe/web/cafes/10503958/articles/97349	citizen: [1/35, AFV Club] M1128 MGS (Mobile Gun System) - 작업 4	202	0	0
https://m.cafe.naver.com/ca-fe/web/cafes/10503958/articles/97347	citizen: [1/35, AFV Club] M1128 Stryker MGS (Mobile Gun System) - 작업 3	152	1	0
https://m.cafe.naver.com/ca-fe/web/cafes/10503958/articles/97145	citizen: [1/35, AFV CLUB] M1128 Stryker MGS (Mobile Gun System) - 작업 2	310	0	26
https://m.cafe.naver.com/ca-fe/web/cafes/10503958/articles/97017	citizen: [1/35, AFV Club] M1128 MGS (Mobile Gun System) - 작업 1	297	0	0
https://m.cafe.naver.com/ca-fe/web/cafes/10503958/articles/97015	citizen: 모아서 웨더링하기 (2)	313	0	0
https://m.cafe.naver.com/ca-fe/web/cafes/10503958/articles/95997	citizen: 1/72 StuG.III Ausf.G Early Production w/Sch&uuml;rzen - 작업 1	242	0	0
https://m.cafe.naver.com/ca-fe/web/cafes/10503958/articles/95881	뭘뽀뽑지: 1/35 일본제국육군 5식중전차 치리 -04-	255	0	0
https://m.cafe.naver.com/ca-fe/web/cafes/10503958/articles/95763	뭘뽀뽑지: 1/35 일본제국육군 5식 중전차 치리 -04-	243	0	0
https://m.cafe.naver.com/ca-fe/web/cafes/10503958/articles/95690	뭘뽀뽑지: 1/35 구 일본육군 5식 중전차 치리 -03-	232	0	0
https://m.cafe.naver.com/ca-fe/web/cafes/10503958/articles/95609	citizen: [1/72, Dragon] M1114 w/M2 + w/Mk.14 - 작업 6	244	0	0
https://m.cafe.naver.com/ca-fe/web/cafes/10503958/articles/95256	citizen: 만원의 행복] 1/72 m60a1 - 작업 6	286	0	0
https://m.cafe.naver.com/ca-fe/web/cafes/10503958/articles/95191	citizen: 만원의 행복] 1/72 m60a1 - 작업 4	301	0	0
https://m.cafe.naver.com/ca-fe/web/cafes/10503958/articles/94418	사일라: Merkava .Mk1 [만원의행복.1] #7 베이스#2	299	0	0
https://m.cafe.naver.com/ca-fe/web/cafes/10503958/articles/94224	사일라: Merkava .Mk1 [만원의행복.1] #6	311	0	0
https://m.cafe.naver.com/ca-fe/web/cafes/10503958/articles/94218	사일라: Merkava .Mk1 [만원의행복.1] #5	300	0	0
https://m.cafe.naver.com/ca-fe/web/cafes/10503958/articles/94113	사일라: Merkava .Mk1 [만원의행복.1] #4   베이스#1	441	0	0
https://m.cafe.naver.com/ca-fe/web/cafes/10503958/articles/94085	병현아빠: [스마트폰 RC 탱크 개조] 아카데미 1/35 M1A1 Abrams 모터라이즈 / 보완 - PART 13	405	0	9
https://m.cafe.naver.com/ca-fe/web/cafes/10503958/articles/94077	사일라: Merkava .Mk1 [만원의행복.1] #3	300	0	0
https://m.cafe.naver.com/ca-fe/web/cafes/10503958/articles/94053	에이프릴: sd.kfz.7 / 퀴벨바겐 82타입/ 4호전차 H형	462	0	0
https://m.cafe.naver.com/ca-fe/web/cafes/10503958/articles/93921	사일라: Merkava .Mk1  [만원의행복.1]  #2	343	0	0
https://m.cafe.naver.com/ca-fe/web/cafes/10503958/articles/93919	사일라: Merkava .Mk1  [만원의행복.1]  #1	399	0	0
https://m.cafe.naver.com/ca-fe/web/cafes/10503958/articles/93899	SSis: Diorama - Unexpected Encounter #1	286	0	0
https://m.cafe.naver.com/ca-fe/web/cafes/10503958/articles/93081	퍼즐: 아카데미 4호돌격포 제작기 -2-	378	0	0
https://m.cafe.naver.com/ca-fe/web/cafes/10503958/articles/92924	병현아빠: [스마트폰 RC 탱크 개조] 아카데미 1/35 M1A1 Abrams 모터라이즈 / 주행 TEST- PART 11	278	0	0
https://m.cafe.naver.com/ca-fe/web/cafes/10503958/articles/92062	산바람: [아카데미]M4A2 해병대 셔먼 (5)	329	0	0
https://m.cafe.naver.com/ca-fe/web/cafes/10503958/articles/92102	돌격포: [아카데미]M4A2 해병대 셔먼 (5)	117	0	0
https://m.cafe.naver.com/ca-fe/web/cafes/10503958/articles/91932	노숙지존: 1/35 swedish armored unit 03 / 위장패턴 + 지옥의 마스킹	378	0	0
https://m.cafe.naver.com/ca-fe/web/cafes/10503958/articles/91872	퍼즐: 지난2달간의 퍼즐과 로키/토르의 사투 그리고 고입	282	0	32
https://m.cafe.naver.com/ca-fe/web/cafes/10503958/articles/91840	조지마이클: 1930년대 일제 자동차.	280	0	0
https://m.cafe.naver.com/ca-fe/web/cafes/10503958/articles/91594	애견차주: [타미야]Sd.Kfz.222[3]	216	0	0
https://m.cafe.naver.com/ca-fe/web/cafes/10503958/articles/91570	산바람: [아카데미]M4A2 해병대 셔먼 (4)	394	0	0
https://m.cafe.naver.com/ca-fe/web/cafes/10503958/articles/91461	산바람: [아카데미]M4A2 해병대 셔먼 (3)	236	0	0
https://m.cafe.naver.com/ca-fe/web/cafes/10503958/articles/91420	산바람: [아카데미]M4A2 해병대 셔먼 (2)	268	0	0
https://m.cafe.naver.com/ca-fe/web/cafes/10503958/articles/90951	GPM까칠민이: 킹타이거 작업기2	195	0	0
https://m.cafe.naver.com/ca-fe/web/cafes/10503958/articles/90912	노숙지존: 1/35 swedish armored unit / 조립,서페이서,베이스구상	251	0	0
https://m.cafe.naver.com/ca-fe/web/cafes/10503958/articles/90882	산바람: [아카데미]M1151 험비 제작(3)	333	0	0
https://m.cafe.naver.com/ca-fe/web/cafes/10503958/articles/90875	GPM까칠민이: 킹타이거 작업네역	177	0	0
https://m.cafe.naver.com/ca-fe/web/cafes/10503958/articles/90868	병현아빠: [스마트폰 RC 탱크 개조] 아카데미 1/35 M1A1 Abrams 모터라이즈 / 회로 및 음향 test - PART 8	233	0	0
https://m.cafe.naver.com/ca-fe/web/cafes/10503958/articles/90767	산바람: [아카데미]M1151 험비 제작(2)	297	0	0
https://m.cafe.naver.com/ca-fe/web/cafes/10503958/articles/90712	노커트: 타미야 1/35 타이거-1 제작 1번 - 조립,찌메릿코팅	244	0	0
https://m.cafe.naver.com/ca-fe/web/cafes/10503958/articles/90593	산바람: [아카데미] M1151 험비 제작(1)	331	0	0
https://m.cafe.naver.com/ca-fe/web/cafes/10503958/articles/90572	citizen: 1/35 Chinese Tank Transporter - 언제 완성할까요 ㅜㅜ	265	0	0
https://m.cafe.naver.com/ca-fe/web/cafes/10503958/articles/90496	styleby: [TRUMPETER] M1133 STRYKER MEV 1/35 조립완료	316	0	0
https://m.cafe.naver.com/ca-fe/web/cafes/10503958/articles/90404	병현아빠: [스마트폰 RC 탱크 개조] 아카데미 1/35 M1A1 Abrams 모터라이즈 / LED 조명 설치 - PART 7	379	0	0
https://m.cafe.naver.com/ca-fe/web/cafes/10503958/articles/89808	산바람: [아카데미]1/72 P-51B/C 베이스&카고트럭 (5)	377	0	0
https://m.cafe.naver.com/ca-fe/web/cafes/10503958/articles/89764	병현아빠: [스마트폰 RC 탱크 개조] 아카데미 1/35 M1A1 Abrams 모터라이즈 / RC 서보모터 개조 와 포탑 회전 TEST - PART 6	385	0	0
https://m.cafe.naver.com/ca-fe/web/cafes/10503958/articles/88584	병현아빠: [스마트폰 RC 탱크 개조] 아카데미 1/35 M1A1 Abrams 모터라이즈 / 포신 및 포탑 개조  - PART 2	315	0	0
https://m.cafe.naver.com/ca-fe/web/cafes/10503958/articles/88413	병현아빠: [스마트폰 RC 탱크 개조] 아카데미 1/35 M1A1 Abrams 모터라이즈 - PART 1	395	0	0
https://m.cafe.naver.com/ca-fe/web/cafes/10503958/articles/88303	산바람: 1/72 U.S.AMBULANCE	251	0	0
https://m.cafe.naver.com/ca-fe/web/cafes/10503958/articles/88115	산바람: 트럼페터 German Pz.KpfW 4 Aust F Fahrgestell 제작기 (6)	233	0	0
https://m.cafe.naver.com/ca-fe/web/cafes/10503958/articles/87224	산바람: 트럼페터 German Pz.KpfW 4 Aust F Fahrgestell 제작기 (3)	208	0	0
https://m.cafe.naver.com/ca-fe/web/cafes/10503958/articles/87020	산바람: 트럼페터 German Pz.KpfW 4 Aust F Fahrgestell 제작기 (2)	199	0	0
https://m.cafe.naver.com/ca-fe/web/cafes/10503958/articles/86916	산바람: 트럼페터 German Pz.KpfW 4 Aust F Fahrgestell 제작기 (1)	251	0	0
https://m.cafe.naver.com/ca-fe/web/cafes/10503958/articles/85855	styleby: 제작 [TRUMPETER] LAV-25 SLEP 1/35	371	0	0
https://m.cafe.naver.com/ca-fe/web/cafes/10503958/articles/85143	좌절금지: 업데이트 킷 사용 M1151제작중	862	0	0
https://m.cafe.naver.com/ca-fe/web/cafes/10503958/articles/84972	Albas97: ACE킹타이거 작업기 (2)	406	0	0
https://m.cafe.naver.com/ca-fe/web/cafes/10503958/articles/84797	Albas97: ACE 킹타이거 작업기	526	0	0
https://m.cafe.naver.com/ca-fe/web/cafes/10503958/articles/84793	파아란꿈: 나이든 초보의 험비입니다...	475	0	0
https://m.cafe.naver.com/ca-fe/web/cafes/10503958/articles/84583	조지마이클: 독일군 대공포부대~	390	0	3
https://m.cafe.naver.com/ca-fe/web/cafes/10503958/articles/84570	마린: 타이거1 중기형 3번째	252	0	0
https://m.cafe.naver.com/ca-fe/web/cafes/10503958/articles/84380	마린: 타이거 1 중기형 2번째	260	0	0
https://m.cafe.naver.com/ca-fe/web/cafes/10503958/articles/84332	마린: 타이거 1 중기형 1번째	343	0	0
https://m.cafe.naver.com/ca-fe/web/cafes/10503958/articles/83750	병현아빠: 모델 전차를 스마트폰으로	422	0	0
https://m.cafe.naver.com/ca-fe/web/cafes/10503958/articles/83749	마린: S-37 베르쿠트 (망작을 되살림)	352	0	0
https://m.cafe.naver.com/ca-fe/web/cafes/10503958/articles/82212	노숙지존: 1/72 hmmwv m1114 일단조립	515	0	0
https://m.cafe.naver.com/ca-fe/web/cafes/10503958/articles/81160	엔비: 러시아 SAM-6	677	0	0
https://m.cafe.naver.com/ca-fe/web/cafes/10503958/articles/80967	뭘뽀뽑지: 1/35 일본육군 5식 중전차 치리	303	0	0
https://m.cafe.naver.com/ca-fe/web/cafes/10503958/articles/80890	칼칼: 1/35 스케일 아카데미 K-9 자주포 작업 NO2/2011.03.31	472	0	0
https://m.cafe.naver.com/ca-fe/web/cafes/10503958/articles/80885	Albas97: TIGER-1 독일군중전차 (2)	399	0	0
https://m.cafe.naver.com/ca-fe/web/cafes/10503958/articles/78238	솔저: 1/35, 아카데미 티이거-1 후기형/최후기형 겸용 (2) 완성	377	0	0
https://m.cafe.naver.com/ca-fe/web/cafes/10503958/articles/77662	솔저: 1/35, 아카데미 티이거-1 후기형/최후기형 겸용 (1)	303	0	0
https://m.cafe.naver.com/ca-fe/web/cafes/10503958/articles/77204	cdw7543: ...... 아.. 프라를 접어야 하나  「과유불급」	579	0	0
https://m.cafe.naver.com/ca-fe/web/cafes/10503958/articles/76930	뼈덕후: 1/35 독일군 보병, 4명 중 1명 완성.	535	0	10
https://m.cafe.naver.com/ca-fe/web/cafes/10503958/articles/75266	블랙이글: 60트럭 만들기 4	679	0	21
https://m.cafe.naver.com/ca-fe/web/cafes/10503958/articles/74782	돔이랑: 아카데미 K-9제작기 01	998	0	0
https://m.cafe.naver.com/ca-fe/web/cafes/10503958/articles/74732	소비에트cccp: 10일만에 완성한 초작-드래곤 킹타이거	808	0	11
https://m.cafe.naver.com/ca-fe/web/cafes/10503958/articles/74376	엔비: 킹타이거 기본색칠.	689	0	0
https://m.cafe.naver.com/ca-fe/web/cafes/10503958/articles/74306	블랙이글: 60트럭 만들기 3	725	0	0
https://m.cafe.naver.com/ca-fe/web/cafes/10503958/articles/74070	로니: T-62 mod. 1962	334	0	8
https://m.cafe.naver.com/ca-fe/web/cafes/10503958/articles/72066	블루래리: 1/35 셔먼 이지에잇 조립완료	378	0	0
https://m.cafe.naver.com/ca-fe/web/cafes/10503958/articles/71834	조지마이클: 완성품이지만, 1:35 독일군 부대입니다.^^	382	0	4
https://m.cafe.naver.com/ca-fe/web/cafes/10503958/articles/71713	조지마이클: 2차대전 미군, 상륙부대와 해안폭파병	490	0	0
https://m.cafe.naver.com/ca-fe/web/cafes/10503958/articles/71678	곰탱: M60A1 RISE WITH M9 DOZER BLADE   도색중입니다	378	0	0
https://m.cafe.naver.com/ca-fe/web/cafes/10503958/articles/70904	설록사: 디오라마 제작 일지.	577	0	0
https://m.cafe.naver.com/ca-fe/web/cafes/10503958/articles/70894	대한제국황실친위대: 셔먼과 패허된 농가 디오라마	1085	0	36
https://m.cafe.naver.com/ca-fe/web/cafes/10503958/articles/67114	고양이맨: 아카데미 M1A1 제작기 (4)	858	0	0
https://m.cafe.naver.com/ca-fe/web/cafes/10503958/articles/67085	고양이맨: 아카데미 M1A1 제작기 (3)	618	0	15
https://m.cafe.naver.com/ca-fe/web/cafes/10503958/articles/66929	고양이맨: 아카데미 M1A1 제작기 (2)	583	0	11
https://m.cafe.naver.com/ca-fe/web/cafes/10503958/articles/66923	히틀러: 험비 개조 제작기	495	0	6
https://m.cafe.naver.com/ca-fe/web/cafes/10503958/articles/66800	고양이맨: 아카데미 M1A1 제작기 (1)	490	0	3
https://m.cafe.naver.com/ca-fe/web/cafes/10503958/articles/64442	스고이: 험비 끝을 달리고있습니다 ^^*	597	0	9
https://m.cafe.naver.com/ca-fe/web/cafes/10503958/articles/64439	wax98765: 누구나 할수있는 풀밭 디오라마	1673	0	34
https://m.cafe.naver.com/ca-fe/web/cafes/10503958/articles/64414	스고이: m1114 humvee 제작기.2.	408	0	10
https://m.cafe.naver.com/ca-fe/web/cafes/10503958/articles/64344	앙탈바둥: 날 다치게한 그놈	410	0	0
https://m.cafe.naver.com/ca-fe/web/cafes/10503958/articles/63627	야크트판터: 1/35 드래곤 : German Super Tank MAUS(마우스)	506	0	14
https://m.cafe.naver.com/ca-fe/web/cafes/10503958/articles/63386	화랑: 1/35 M1114 제작기3	357	0	0
https://m.cafe.naver.com/ca-fe/web/cafes/10503958/articles/63211	화랑: 1/35 M1114 Humvee 제작기 2	497	0	0
https://m.cafe.naver.com/ca-fe/web/cafes/10503958/articles/63069	낭묘: T-72 제작기(도색중)	636	0	12
https://m.cafe.naver.com/ca-fe/web/cafes/10503958/articles/61698	동이리: 아카데미 1/35 K9 제작	1151	0	25
https://m.cafe.naver.com/ca-fe/web/cafes/10503958/articles/60572	늙은여우: 독일휠드키친카 (아카데미)	607	0	0
https://m.cafe.naver.com/ca-fe/web/cafes/10503958/articles/60064	칼칼: M1A1/A2 아브람스 지뢰장착(1/35트럼패트)작업 2009.09.07	594	0	0
https://m.cafe.naver.com/ca-fe/web/cafes/10503958/articles/60053	늙은여우: 명장군세트 (아카데미)	816	0	0
https://m.cafe.naver.com/ca-fe/web/cafes/10503958/articles/59911	밀크캬라멜: 독일4호돌격전차 이리저리 모방	420	0	0
https://m.cafe.naver.com/ca-fe/web/cafes/10503958/articles/58911	청풍: K1A1 대한민국 주력전차  #2	495	0	12
https://m.cafe.naver.com/ca-fe/web/cafes/10503958/articles/56627	미스터감자: 하노마그 로드휠 완료	382	0	0
https://m.cafe.naver.com/ca-fe/web/cafes/10503958/articles/55867	클린: t-34/76 제작중	262	0	0
https://m.cafe.naver.com/ca-fe/web/cafes/10503958/articles/55837	자유: k-200 두번쨰작	327	0	0
https://m.cafe.naver.com/ca-fe/web/cafes/10503958/articles/55601	동이리: 하비보스 AAVP-7A1 조립중	408	1	0
https://m.cafe.naver.com/ca-fe/web/cafes/10503958/articles/55180	동이리: K200과 M60 IDF 형을 동시 제작중입니다	456	0	0
https://m.cafe.naver.com/ca-fe/web/cafes/10503958/articles/55000	you10111: 1/72 훔멜,sd.kfz.251/7(드래곤),sd.kfz.250/9(이탈레리)	323	0	0
https://m.cafe.naver.com/ca-fe/web/cafes/10503958/articles/54211	동이리: 드래곤 M1A1 AIM 제작일지 2	468	0	0
https://m.cafe.naver.com/ca-fe/web/cafes/10503958/articles/54162	미스터감자: 오늘 석고로 작업한 디오라마 베이스 (도색완료)	829	0	0
https://m.cafe.naver.com/ca-fe/web/cafes/10503958/articles/54122	양군: [M-10] 남들이 메르카바 만들 때...3	509	0	0
https://m.cafe.naver.com/ca-fe/web/cafes/10503958/articles/54109	동이리: 드래곤 M1A1 AIM 제작일지  1	473	0	0
https://m.cafe.naver.com/ca-fe/web/cafes/10503958/articles/53632	포맨: 메르카바4 작업끝냈습니다.(도색은 이번주에^^)	412	0	0
https://m.cafe.naver.com/ca-fe/web/cafes/10503958/articles/53068	junsu1018: 나미츠항공모함과독일전차보급병 처음으로 올리는거예여 보급병중어떤사람이 계급이 놓아여?	257	0	0
https://m.cafe.naver.com/ca-fe/web/cafes/10503958/articles/52941	xotn3089: 제발 도와주세요 ㅠㅠㅠㅠㅠㅠㅠㅠㅠㅠㅠㅠㅠㅠㅠㅠㅠ	277	0	0
https://m.cafe.naver.com/ca-fe/web/cafes/10503958/articles/52788	칼칼: 메르카바 마크 4 전차(1/35 아카데미 작업 2번째)2009.02.04	380	0	11
https://m.cafe.naver.com/ca-fe/web/cafes/10503958/articles/52677	칼칼: 메르카바 Mk4 이스라엘전차 작업 첫째날(1/35 아카데미 2009.02.02)	447	0	0
https://m.cafe.naver.com/ca-fe/web/cafes/10503958/articles/52631	dhgudfhr12: [아카데미 M1A1이라크버저]붓도장 역시 힘들다;	492	0	0
https://m.cafe.naver.com/ca-fe/web/cafes/10503958/articles/52602	호반장: 작업 중인 JS-2  스탈린(1/35 드래곤)	678	0	0
https://m.cafe.naver.com/ca-fe/web/cafes/10503958/articles/51233	qlgodrl147: 1:35 Pz.Kpfw.IV Ausf.E'Vorpanzer'[Dragon] -2-	354	0	0
https://m.cafe.naver.com/ca-fe/web/cafes/10503958/articles/51045	솔저: 택시 조립완료	580	0	0
https://m.cafe.naver.com/ca-fe/web/cafes/10503958/articles/50976	qlgodrl147: 1:35 Pz.kpfw.IV Ausf.E'Vorpanzer'[Dragon]	284	0	0
https://m.cafe.naver.com/ca-fe/web/cafes/10503958/articles/50026	마이다스: 1/35 아카데미 M1A1 OIF 도색 작업중 #1	843	0	0
https://m.cafe.naver.com/ca-fe/web/cafes/10503958/articles/50021	칼칼: 타이거1전차 작업3번째 (일부도색 1/35 아카데미 2008.11.27)	250	0	0
https://m.cafe.naver.com/ca-fe/web/cafes/10503958/articles/49971	칼칼: 타이거전차 작업 두번째(2008.11.25)	273	0	0
https://m.cafe.naver.com/ca-fe/web/cafes/10503958/articles/49919	칼칼: 타이거전차 작업 첫째날(1/35 아카데미 2008.11.23)	316	0	0
https://m.cafe.naver.com/ca-fe/web/cafes/10503958/articles/49693	칼칼: M2A2 브래들리 장갑차 작업 마지막 군장결속 (1/35 아카데미 2008.11.14)	395	0	0
https://m.cafe.naver.com/ca-fe/web/cafes/10503958/articles/49651	칼칼: M2A2 브래들리 장갑차 작업 (기본3색완료)	406	0	0
https://m.cafe.naver.com/ca-fe/web/cafes/10503958/articles/49627	칼칼: M2A2 브래들리 장갑차 작업(1/35 아카데미  2008.11.11)	329	0	0
https://m.cafe.naver.com/ca-fe/web/cafes/10503958/articles/49509	라우렐린: 1) TAMIYA 타미야 challenger2 챌린저2	412	0	0
https://m.cafe.naver.com/ca-fe/web/cafes/10503958/articles/49445	칼칼: 보병작업(2008.11.04 )	433	0	0
https://m.cafe.naver.com/ca-fe/web/cafes/10503958/articles/48996	이사벨: 독일4호전차 장갑형 드뎌 완성입니다.	629	0	0
https://m.cafe.naver.com/ca-fe/web/cafes/10503958/articles/48787	케 이: 독일군 보병 돌격!!	431	0	0
https://m.cafe.naver.com/ca-fe/web/cafes/10503958/articles/48687	칼칼: 피라니아(LAV-C2)지휘장갑차 작업 첫째날(1/35 트럼패트)	279	0	0
https://m.cafe.naver.com/ca-fe/web/cafes/10503958/articles/48573	이사벨: 독일4호 전차장갑형(아카데미1/35)	483	0	0
https://m.cafe.naver.com/ca-fe/web/cafes/10503958/articles/48525	칼칼: K1A1전차 작업두번째날	462	0	0
https://m.cafe.naver.com/ca-fe/web/cafes/10503958/articles/48496	칼칼: K1A1 한국 육군주력전차 작업(1/35 아카데미) 2008.09.30 첫째날 하부작업	468	0	0
https://m.cafe.naver.com/ca-fe/web/cafes/10503958/articles/48042	칼칼: (상흔)	306	0	0
https://m.cafe.naver.com/ca-fe/web/cafes/10503958/articles/47616	몰라: 쉐리단 진흙탕에 빠지다....	442	0	0
https://m.cafe.naver.com/ca-fe/web/cafes/10503958/articles/47336	칼칼: 레오파드 2A4 (1/35 하비보스) 작업 첫째날 2008.08.21	356	0	0
https://m.cafe.naver.com/ca-fe/web/cafes/10503958/articles/47228	몰라: 재활용 군포 만들기....제작 비용 0원	458	0	0
https://m.cafe.naver.com/ca-fe/web/cafes/10503958/articles/47160	몰라: 아카 순정 쉐리단 조립 사진	365	0	0
https://m.cafe.naver.com/ca-fe/web/cafes/10503958/articles/47152	몰라: 2번째 도전: 쉐리단 탱크	321	0	0
https://m.cafe.naver.com/ca-fe/web/cafes/10503958/articles/47080	칼칼: 타이거1전차 작업(1/35 아카데미) 및 최 한성 의 모형 제작일부	428	0	0
https://m.cafe.naver.com/ca-fe/web/cafes/10503958/articles/46641	칼칼: K1A1전차 도색완료(70%)	635	0	0
https://m.cafe.naver.com/ca-fe/web/cafes/10503958/articles/46621	칼칼: K1A1전차 마지막작업	541	0	14
https://m.cafe.naver.com/ca-fe/web/cafes/10503958/articles/46599	칼칼: K1A1한국주력전차 작업 세번째	514	0	0
https://m.cafe.naver.com/ca-fe/web/cafes/10503958/articles/46579	칼칼: K1A1작업 두번째	452	0	16
https://m.cafe.naver.com/ca-fe/web/cafes/10503958/articles/46510	첨: 생에 첫 디오라마 도전 중 입니다 ^^;	585	0	11
https://m.cafe.naver.com/ca-fe/web/cafes/10503958/articles/46495	칼칼: K1A1 ROK ARMY  MBT 작업 첫째 (1/35 아카데미)	517	0	0
https://m.cafe.naver.com/ca-fe/web/cafes/10503958/articles/46434	칼칼: 킹타이거(포르쉐 1/35 드래곤 작업2일째 .아크릴붓도색)	278	0	0
https://m.cafe.naver.com/ca-fe/web/cafes/10503958/articles/46393	칼칼: 킹타이거포르쉐 작업(1/35 드래곤 2008.07.23)	276	0	0
https://m.cafe.naver.com/ca-fe/web/cafes/10503958/articles/45862	칼칼: 야크트 판터작업(2008.07.04 1/35 타미야)	391	0	0
https://m.cafe.naver.com/ca-fe/web/cafes/10503958/articles/45771	시헌아빠: [1/72] 아카데미 DRAGON WAGON 가조립	526	0	0
https://m.cafe.naver.com/ca-fe/web/cafes/10503958/articles/44756	칼칼: M16 대공기총 차량 작업 세번째 (2008.05.20)	216	0	0
https://m.cafe.naver.com/ca-fe/web/cafes/10503958/articles/44722	칼칼: M16 대공기총 차량 작업 두번째(2008.05.19.하부작업)	189	0	0
https://m.cafe.naver.com/ca-fe/web/cafes/10503958/articles/44688	칼칼: M16 자주대공기총 미육군차량(M16 U.S MULTIPLE GUN MOTOR CAR)작업 첫째날 2008.05.18	202	0	0
https://m.cafe.naver.com/ca-fe/web/cafes/10503958/articles/44601	모형미학: 무제 작업중	206	0	0
https://m.cafe.naver.com/ca-fe/web/cafes/10503958/articles/43676	모형미학: 1/48 German StuG III Ausf.G	283	0	0
https://m.cafe.naver.com/ca-fe/web/cafes/10503958/articles/43621	클린: 스튜어트 경전차 작업	316	0	0
https://m.cafe.naver.com/ca-fe/web/cafes/10503958/articles/43527	iup13: m3a1 스튜어트 경전차 작업기	272	0	0
https://m.cafe.naver.com/ca-fe/web/cafes/10503958/articles/41362	달곰: [MBTProject] 'TRUMPETER' 1/35 - Korea MBT K1A1 -부분도색, 웨더링, 디테일	501	0	0
https://m.cafe.naver.com/ca-fe/web/cafes/10503958/articles/41315	달곰: [MBTProject] 'TRUMPETER' 1/35 - Korea MBT K1A1 -위장도색	611	0	0
https://m.cafe.naver.com/ca-fe/web/cafes/10503958/articles/41264	달곰: [MBTProject] 'TRUMPETER' 1/35 - Korea MBT K1A1 -기본도색	473	0	0
https://m.cafe.naver.com/ca-fe/web/cafes/10503958/articles/41241	달곰: [MBTProject] 'TRUMPETER' 1/35 - Korea MBT K1A1 -포탑조립	344	0	0
https://m.cafe.naver.com/ca-fe/web/cafes/10503958/articles/41210	달곰: [MBTProject] 'TRUMPETER' 1/35 - Korea MBT K1A1 -상부차체조립	388	0	0
https://m.cafe.naver.com/ca-fe/web/cafes/10503958/articles/41182	기관사짱: 1/72[TRUMPETER] US ARMY M116 Stryker ICV	259	0	0
https://m.cafe.naver.com/ca-fe/web/cafes/10503958/articles/41175	기관사짱: 1/72 [DRAGON] ARMER PRO HORNISSE	222	0	0
https://m.cafe.naver.com/ca-fe/web/cafes/10503958/articles/41166	달곰: [MBTProject] 'TRUMPETER' 1/35 - Korea MBT K1A1 - 하부차체조립	296	0	0
https://m.cafe.naver.com/ca-fe/web/cafes/10503958/articles/40903	달곰: [TAMIYA] 1/35 MARDER2 -웨더링작업 칩핑-	382	0	0
https://m.cafe.naver.com/ca-fe/web/cafes/10503958/articles/40852	달곰: [TAMIYA] 1/35 MARDER2 -도색 작업-	295	0	0
https://m.cafe.naver.com/ca-fe/web/cafes/10503958/articles/40807	heinkel111: ARUCARD 제작기	193	0	0
https://m.cafe.naver.com/ca-fe/web/cafes/10503958/articles/40766	칼칼: 체린저1Mk5전차작업첫째날	160	0	0
https://m.cafe.naver.com/ca-fe/web/cafes/10503958/articles/40718	칼칼: 첼린저 1 Mk3(CHALLENGER 1 MK3)영국전차 키트 작업예정	242	0	0
https://m.cafe.naver.com/ca-fe/web/cafes/10503958/articles/40613	snuba94b: 1/35 타이거 전차 후기형 with 찌메리트 타미야제..	487	0	0
https://m.cafe.naver.com/ca-fe/web/cafes/10503958/articles/40268	장원석: 이탈레리 M109A6 제작기 part3	463	0	0
https://m.cafe.naver.com/ca-fe/web/cafes/10503958/articles/40241	한개의콩: 밥아저씨의 비넷제작기-무제	355	0	0
https://m.cafe.naver.com/ca-fe/web/cafes/10503958/articles/39907	장원석: 이탈레리 M109A6 제작기 part1	320	0	0
https://m.cafe.naver.com/ca-fe/web/cafes/10503958/articles/38012	칼칼: S전차<스웨덴무포탑전차 작업 2007.11.20작업개시 완료예정24일>	203	0	0
https://m.cafe.naver.com/ca-fe/web/cafes/10503958/articles/37937	가랑비: 1/72 드래곤제 TIGERⅠ 제작기	306	0	0
https://m.cafe.naver.com/ca-fe/web/cafes/10503958/articles/37875	무자헤딘: 다음 작품 예고..^^(모형)	287	0	0
https://m.cafe.naver.com/ca-fe/web/cafes/10503958/articles/37603	무자헤딘: KH-178 곡사포 제작중(4)	389	0	5
https://m.cafe.naver.com/ca-fe/web/cafes/10503958/articles/37190	무자헤딘: KH-178 곡사포 제작중(3)	436	0	0
https://m.cafe.naver.com/ca-fe/web/cafes/10503958/articles/37114	정네오: 1:72 Panzer IV Lang 작업중입니다.	270	0	0
https://m.cafe.naver.com/ca-fe/web/cafes/10503958/articles/36204	무자헤딘: KH-178 곡사포 제작중(2)	407	0	0
https://m.cafe.naver.com/ca-fe/web/cafes/10503958/articles/35849	무자헤딘: KH-178 곡사포 제작중(1)	488	0	0
https://m.cafe.naver.com/ca-fe/web/cafes/10503958/articles/35467	바보: 무사시와 큐벨바겐	277	0	0
https://m.cafe.naver.com/ca-fe/web/cafes/10503958/articles/33341	무자헤딘: FV-107 시미타 제작기(14)	262	0	0
https://m.cafe.naver.com/ca-fe/web/cafes/10503958/articles/33248	칼칼: M1A2SEP 도색및 군장결속완비 동유럽전선출동준비끝	213	0	0
https://m.cafe.naver.com/ca-fe/web/cafes/10503958/articles/33087	칼칼: M1A2 SEP 작업3<마무리조립 도색준비.도색 나토3색 전투모드 가제 동유럽전선전투모드예정>	262	0	0
https://m.cafe.naver.com/ca-fe/web/cafes/10503958/articles/32915	칼칼: M1A2 SEP제작2<공장부분파업으로인하여 출고시한연장>	277	0	0
https://m.cafe.naver.com/ca-fe/web/cafes/10503958/articles/32715	칼칼: M1A2SEP 작업 하부트랙까지완료<사진은 퍼온것으로 모형작업 참조사진입니다> 도색작업1단계까지입니다	228	0	0
https://m.cafe.naver.com/ca-fe/web/cafes/10503958/articles/32619	무자헤딘: FV-107 시미타 제작기(13)	252	0	0
https://m.cafe.naver.com/ca-fe/web/cafes/10503958/articles/32335	무자헤딘: FV-107 시미타 제작기(12)	240	0	0
https://m.cafe.naver.com/ca-fe/web/cafes/10503958/articles/32105	무자헤딘: FV-107 시미타 제작기(11)	260	0	0
https://m.cafe.naver.com/ca-fe/web/cafes/10503958/articles/31820	삼계탕국: ACADEMY M48A5K 작업기3 (벌써 완성했습니다)	235	0	0
https://m.cafe.naver.com/ca-fe/web/cafes/10503958/articles/31787	대마쿠몽: 아카데미 1/35 Tiger1 작업중 - 6 (데칼 및 녹표현)	469	0	0
https://m.cafe.naver.com/ca-fe/web/cafes/10503958/articles/31744	무자헤딘: FV-107 시미타 제작기(10)	168	0	0
https://m.cafe.naver.com/ca-fe/web/cafes/10503958/articles/31703	대마쿠몽: 아카데미 1/35 Tiger1 작업중 - 5 (흙먼지 웨더링)	336	0	0
https://m.cafe.naver.com/ca-fe/web/cafes/10503958/articles/31694	무자헤딘: FV-107 시미타 제작기(9)	159	0	0
https://m.cafe.naver.com/ca-fe/web/cafes/10503958/articles/31684	대마쿠몽: 아카데미 1/35 Tiger1 작업중 - 4	222	0	0
https://m.cafe.naver.com/ca-fe/web/cafes/10503958/articles/31654	대마쿠몽: 아카데미 1/35 Tiger1 작업중 - 3	225	0	0
https://m.cafe.naver.com/ca-fe/web/cafes/10503958/articles/31531	칼칼: USMC LAV-25작업<하부도색완료,차후웨더링작업에정 나토군사향>	206	0	0
https://m.cafe.naver.com/ca-fe/web/cafes/10503958/articles/30678	칼칼: 치프텐 작업	175	0	0
https://m.cafe.naver.com/ca-fe/web/cafes/10503958/articles/30491	백교: 23년만의 밀리터리...^^;	411	0	7
https://m.cafe.naver.com/ca-fe/web/cafes/10503958/articles/29893	로니: HETZER command version 1/35 #3 - 인형	268	0	0
https://m.cafe.naver.com/ca-fe/web/cafes/10503958/articles/29843	무자헤딘: FV-107 시미타 제작기(7)	207	0	0
https://m.cafe.naver.com/ca-fe/web/cafes/10503958/articles/29764	무자헤딘: FV-107 시미타 제작기(6)	230	0	0
https://m.cafe.naver.com/ca-fe/web/cafes/10503958/articles/29757	칼칼: k200 장갑차작업중	353	0	0
https://m.cafe.naver.com/ca-fe/web/cafes/10503958/articles/29552	무자헤딘: FV-107 시미타 제작기(5)	193	0	0
https://m.cafe.naver.com/ca-fe/web/cafes/10503958/articles/29497	무자헤딘: FV-107 시미타 제작기(4)	193	0	0
https://m.cafe.naver.com/ca-fe/web/cafes/10503958/articles/29496	무자헤딘: FV-107 시미타 제작기(3)	226	0	0
https://m.cafe.naver.com/ca-fe/web/cafes/10503958/articles/29076	무자헤딘: FV-107 시미타 제작기(2)	270	0	0
https://m.cafe.naver.com/ca-fe/web/cafes/10503958/articles/26108	무자헤딘: 워리어 MCV 제작기(2)	553	0	0
https://m.cafe.naver.com/ca-fe/web/cafes/10503958/articles/26107	무자헤딘: 워리어 MCV 제작기(1)	480	0	0
https://m.cafe.naver.com/ca-fe/web/cafes/10503958/articles/25713	무자헤딘: T-62 제작기(0)	529	0	0
https://m.cafe.naver.com/ca-fe/web/cafes/10503958/articles/25398	한개의콩: 밥아저씨의프라제작기<LVTP-7>(4)	441	0	0
https://m.cafe.naver.com/ca-fe/web/cafes/10503958/articles/24919	가랑비: 1/72 Revell M1A2 작업중	356	0	0
https://m.cafe.naver.com/ca-fe/web/cafes/10503958/articles/23777	가랑비: 1/72 레벨제 T-72M1 이라크군 사양 작업중	306	0	0
https://m.cafe.naver.com/ca-fe/web/cafes/10503958/articles/22580	가랑비: 1/72 4호전차 베이스에 들어갈 인형들	275	0	0
https://m.cafe.naver.com/ca-fe/web/cafes/10503958/articles/22552	장아찌: 88mm 효과주기	397	0	0
https://m.cafe.naver.com/ca-fe/web/cafes/10503958/articles/22377	가랑비: 1/72 4호전차 j형 디오라마 제작중(초소 눈표현)	399	0	0
https://m.cafe.naver.com/ca-fe/web/cafes/10503958/articles/22276	철혈남아: m1a1제작기 <끝> 완료편	469	0	0
https://m.cafe.naver.com/ca-fe/web/cafes/10503958/articles/22258	가랑비: 1/72 4호전차 j형 디오라마? 제작중	307	0	0
https://m.cafe.naver.com/ca-fe/web/cafes/10503958/articles/22033	가랑비: 초소완성 ^^	240	0	0
https://m.cafe.naver.com/ca-fe/web/cafes/10503958/articles/21640	가랑비: 우선 전차만 완성했어요.	303	0	0
https://m.cafe.naver.com/ca-fe/web/cafes/10503958/articles/21542	설록사: 덕빌 전차 80% 진행공정.	309	0	0
https://m.cafe.naver.com/ca-fe/web/cafes/10503958/articles/21466	가랑비: 1/72 레벨  4호전차 J형(Pz.Kpfw. IV Ausf.J)	341	0	0
https://m.cafe.naver.com/ca-fe/web/cafes/10503958/articles/21306	상큼발랄: M4A3 작업기입니다.	562	0	0
https://m.cafe.naver.com/ca-fe/web/cafes/10503958/articles/21256	삼계탕국: ACADEMY 1/35 m2브래들리 (1)	580	0	0
https://m.cafe.naver.com/ca-fe/web/cafes/10503958/articles/20098	한개의콩: <아카데미? LVTP-7 제작중입니다(2)	269	0	0
https://m.cafe.naver.com/ca-fe/web/cafes/10503958/articles/19975	한개의콩: <아카데미>LVTP-7 제작중입니다.	245	0	0
https://m.cafe.naver.com/ca-fe/web/cafes/10503958/articles/19973	삼계탕국: ACADEMY 1/35 k200 작업기 6	346	0	0
https://m.cafe.naver.com/ca-fe/web/cafes/10503958/articles/19971	삼계탕국: ACADEMY 1/35 k200 작업기 5	342	0	0
https://m.cafe.naver.com/ca-fe/web/cafes/10503958/articles/19931	삼계탕국: ACADEMY 1/35 k200 작업기 4	338	0	0
https://m.cafe.naver.com/ca-fe/web/cafes/10503958/articles/19861	삼계탕국: ACADEMY 1/35 k200 제작기 3	343	0	0
https://m.cafe.naver.com/ca-fe/web/cafes/10503958/articles/19726	삼계탕국: ACADEMY 1/35 k200제작기2	461	0	0
https://m.cafe.naver.com/ca-fe/web/cafes/10503958/articles/19536	철혈남아: 흐흐흐. m1a1 제작기 <2>도색및건조	397	0	7
https://m.cafe.naver.com/ca-fe/web/cafes/10503958/articles/19398	삼계탕국: ACADEMY 1/35 k200 제작기 (1)	517	0	0
https://m.cafe.naver.com/ca-fe/web/cafes/10503958/articles/19359	철혈남아: 흐흐흐. m1a1 제작기 <1>조립	271	0	0
https://m.cafe.naver.com/ca-fe/web/cafes/10503958/articles/19345	한개의콩: LVTP-7 조립중입니다.	366	0	0
https://m.cafe.naver.com/ca-fe/web/cafes/10503958/articles/17893	루피: 디오라마 'Old and new' 제작기 3부 - 베이스의 제작	1715	0	22
https://m.cafe.naver.com/ca-fe/web/cafes/10503958/articles/17892	루피: 디오라마 'Old and new' 제작기 2부 - 보병의 제작 및 단품의 보충	1388	0	14
https://m.cafe.naver.com/ca-fe/web/cafes/10503958/articles/17891	루피: 디오라마 'Old and new' 제작기 1부 - 단품의 제작	1574	1	13
https://m.cafe.naver.com/ca-fe/web/cafes/10503958/articles/15122	테루: 1/72 드래곤 판터G 초기형	280	0	5
https://m.cafe.naver.com/ca-fe/web/cafes/10503958/articles/14212	이 희철: 스웨덴 S전차 // 벌지전 셔먼	453	0	0
https://m.cafe.naver.com/ca-fe/web/cafes/10503958/articles/13188	kun8000: 대한민국 육군훈련소~! // 김상병 중대를돌려라~!	350	0	0
https://m.cafe.naver.com/ca-fe/web/cafes/10503958/articles/13162	이 희철: 준비작업	201	0	0
https://m.cafe.naver.com/ca-fe/web/cafes/10503958/articles/13032	이 희철: 쉽게 끝나지 않을것 같은....	162	0	0
https://m.cafe.naver.com/ca-fe/web/cafes/10503958/articles/12833	테루: 미군101공수사단&윈리 서페이서질	323	0	0
https://m.cafe.naver.com/ca-fe/web/cafes/10503958/articles/12631	푸른하늘: 아카데미 1/48 Strv103 전차 (도색준비중)	272	0	0
https://m.cafe.naver.com/ca-fe/web/cafes/10503958/articles/11346	독일군: K200 위장무늬	473	0	0
https://m.cafe.naver.com/ca-fe/web/cafes/10503958/articles/11328	이 희철: 아마도 다섯번째 작품이 될듯한 M20 작업중입니다.	276	0	0
https://m.cafe.naver.com/ca-fe/web/cafes/10503958/articles/11293	링길: M1A1 제작기	446	0	0
https://m.cafe.naver.com/ca-fe/web/cafes/10503958/articles/11070	rogue98: 현재 하루 1시간에서 30분정도 투자해서 만들고 있는...	383	0	9
https://m.cafe.naver.com/ca-fe/web/cafes/10503958/articles/11069	rogue98: 오랫만에^^;;	211	0	0
https://m.cafe.naver.com/ca-fe/web/cafes/10503958/articles/10895	콤프맨: 아카데미 M2A2 제작기 (PART4) '먹선넣기 편"	798	0	0
https://m.cafe.naver.com/ca-fe/web/cafes/10503958/articles/10894	콤프맨: 아카데미 M2A2 제작기 (PART3)	630	0	0
https://m.cafe.naver.com/ca-fe/web/cafes/10503958/articles/10890	콤프맨: 아카데미 M2A2 제작기 (PART2)	471	1	0
https://m.cafe.naver.com/ca-fe/web/cafes/10503958/articles/10888	콤프맨: 아카데미 M2A2 Bradley 완벽도색방법을 알아보자 (part1)	459	0	0
https://m.cafe.naver.com/ca-fe/web/cafes/10503958/articles/10884	독일군: 디오라마 계획.	385	0	0
https://m.cafe.naver.com/ca-fe/web/cafes/10503958/articles/10804	rogue98: 음...망친거 같아요..ㅠㅠ	415	0	0
https://m.cafe.naver.com/ca-fe/web/cafes/10503958/articles/10688	독일군: 타이거 퍼티작업.	443	0	0
https://m.cafe.naver.com/ca-fe/web/cafes/10503958/articles/10680	강토회원: 덕일군 보병임돠..^^	451	0	0
https://m.cafe.naver.com/ca-fe/web/cafes/10503958/articles/10678	강토회원: 워어!!리어..ㅎ	275	0	0
https://m.cafe.naver.com/ca-fe/web/cafes/10503958/articles/10624	독일군: 현재 디오라마 제작현황.	1050	0	0
https://m.cafe.naver.com/ca-fe/web/cafes/10503958/articles/10554	파이퍼: Revell 1:72 크롬웰 위싱 및 필터링 하일라이팅..	622	0	0
https://m.cafe.naver.com/ca-fe/web/cafes/10503958/articles/10529	종이모형: 1/72 드래곤 타이거 1 후기형	363	0	0
https://m.cafe.naver.com/ca-fe/web/cafes/10503958/articles/10369	이 희철: 도색중 한컷---워리어 (아카데미 1/35)	480	0	0
https://m.cafe.naver.com/ca-fe/web/cafes/10503958/articles/10367	이 희철: 도색중 한컷---쉐리단 (아카데미 1/35)	319	0	0
https://m.cafe.naver.com/ca-fe/web/cafes/10503958/articles/10365	이 희철: 작업중 한컷---시미라 (아카데미 1/35)	293	0	0
https://m.cafe.naver.com/ca-fe/web/cafes/10503958/articles/10185	사략해적: m2a2 제작기 입니다^^;;	451	0	0
https://m.cafe.naver.com/ca-fe/web/cafes/10503958/articles/10105	파이퍼: Revell 1:72 크롬웰 기본 도장	644	0	11
https://m.cafe.naver.com/ca-fe/web/cafes/10503958/articles/9901	이 희철: 범선생이 제작중인 땅크들-2	354	0	0
https://m.cafe.naver.com/ca-fe/web/cafes/10503958/articles/9900	이 희철: 범선생이 제작중인 땅크들-1	351	0	0
https://m.cafe.naver.com/ca-fe/web/cafes/10503958/articles/9894	주상완: M825 토우미사일 지프	281	0	0
https://m.cafe.naver.com/ca-fe/web/cafes/10503958/articles/9724	joosangwan: 아카데미 M151A2 하드탑 , 트레일러 포함 (데칼작업까지 마쳤습니다)	462	0	0
https://m.cafe.naver.com/ca-fe/web/cafes/10503958/articles/9623	dkfhddlb: mg42기관총세트팀.음음..3마리완성.	446	0	0
https://m.cafe.naver.com/ca-fe/web/cafes/10503958/articles/9485	플랭커: 오랜만에 글을 올립니다	358	0	0
https://m.cafe.naver.com/ca-fe/web/cafes/10503958/articles/9434	유비: 1/35 독일군 팬저 기갑사단 하사관	401	0	0
https://m.cafe.naver.com/ca-fe/web/cafes/10503958/articles/9408	유비: 1/35 독일군 제품은 드라곤입니다.	407	0	0
https://m.cafe.naver.com/ca-fe/web/cafes/10503958/articles/8422	종이모형: 4호전차-2	398	0	0
https://m.cafe.naver.com/ca-fe/web/cafes/10503958/articles/8383	jdu9208: LVTP-7 제작기	334	0	0
https://m.cafe.naver.com/ca-fe/web/cafes/10503958/articles/8159	파워즈: 채색 중인 스카웃 모델	399	0	0
https://m.cafe.naver.com/ca-fe/web/cafes/10503958/articles/8072	dhdbtkd: 안녕하세요	355	0	0
https://m.cafe.naver.com/ca-fe/web/cafes/10503958/articles/8017	towngeant: 타미야제 4호 돌격포	452	0	0
https://m.cafe.naver.com/ca-fe/web/cafes/10503958/articles/7957	종이모형: 1/35 독일 4호전차!! -디오라마 시작이다!	653	0	0
https://m.cafe.naver.com/ca-fe/web/cafes/10503958/articles/7956	종이모형: 1/72 아카데미 A-10	574	0	0
https://m.cafe.naver.com/ca-fe/web/cafes/10503958/articles/7883	독일군: m113a2?  (잘모른겠네요... 설명서를 버려서..)	381	0	0
https://m.cafe.naver.com/ca-fe/web/cafes/10503958/articles/7874	창이: M113병력수송장갑자 페이지5[수정]	443	0	0
https://m.cafe.naver.com/ca-fe/web/cafes/10503958/articles/6876	이싸벨: M113 피터..	469	0	0
https://m.cafe.naver.com/ca-fe/web/cafes/10503958/articles/6795	독일군: 휴~3시간반 동안 만든것	646	0	0
https://m.cafe.naver.com/ca-fe/web/cafes/10503958/articles/6763	루피: 디오라마 계획	892	0	0
https://m.cafe.naver.com/ca-fe/web/cafes/10503958/articles/6505	에나멜: 텍산 비넷 제작중	495	0	0
https://m.cafe.naver.com/ca-fe/web/cafes/10503958/articles/6348	창이: M113병력수송장갑자 페이지3	500	0	0
https://m.cafe.naver.com/ca-fe/web/cafes/10503958/articles/6265	창이: M113병력수송장갑자 페이지2.	579	0	0
https://m.cafe.naver.com/ca-fe/web/cafes/10503958/articles/5834	냥이아빠: 벽돋 만들기와 독일군 군복 위장 무늬	841	0	0
https://m.cafe.naver.com/ca-fe/web/cafes/10503958/articles/5592	테루: 멀티 작업中	657	0	0
https://m.cafe.naver.com/ca-fe/web/cafes/10503958/articles/5591	테루: 1/72 Dragon Nashorn 제작中	582	0	0
https://m.cafe.naver.com/ca-fe/web/cafes/10503958/articles/5453	hahaguni: 1/35 타이야 싸이클보병	808	0	0
https://m.cafe.naver.com/ca-fe/web/cafes/10503958/articles/5427	topolo1: Dragon's Tiger Late version	950	0	0
https://m.cafe.naver.com/ca-fe/web/cafes/10503958/articles/5426	topolo1: Desperate Defense 작업 1 입니다.	427	0	0
https://m.cafe.naver.com/ca-fe/web/cafes/10503958/articles/5359	ㅋ: 어제 집 정리하다가 장롱 위에서 발견!	697	0	0
https://m.cafe.naver.com/ca-fe/web/cafes/10503958/articles/5065	초코파이: ........................	497	0	0
https://m.cafe.naver.com/ca-fe/web/cafes/10503958/articles/4955	그래퍼: 1/48 아카데미 메르카바 탱크..	588	0	0
https://m.cafe.naver.com/ca-fe/web/cafes/10503958/articles/4898	종이모형: 1/48 아카데미 메르카바 MKII	563	0	0
https://m.cafe.naver.com/ca-fe/web/cafes/10503958/articles/4644	제네시스: 초보의 "타미야 마더2 " 제작기~	928	0	0
https://m.cafe.naver.com/ca-fe/web/cafes/10503958/articles/4527	hahaguni: helong 1/16 Tiger I RC 탱크	1066	0	0
https://m.cafe.naver.com/ca-fe/web/cafes/10503958/articles/4251	xmfmaaos111: 쟈드팬저탱크!!! 1/48	668	0	0
https://m.cafe.naver.com/ca-fe/web/cafes/10503958/articles/4216	dkfhddlb: 메르카바ll 제작기.[3]	635	0	0
https://m.cafe.naver.com/ca-fe/web/cafes/10503958/articles/198318	designpower: [HOBBYBOSS] AAVP-7A1 제작중 조립	351	1	0
https://m.cafe.naver.com/ca-fe/web/cafes/10503958/articles/198572	wax98765: 아카데미 헷쪄 제작중	397	2	6
https://m.cafe.naver.com/ca-fe/web/cafes/10503958/articles/198565	사일라: [해병대] 해병대 셋트 제작기 #2	800	8	11
https://m.cafe.naver.com/ca-fe/web/cafes/10503958/articles/198628	designpower: PANTHER Ausf.D 프라모델 제작 도색중	528	5	10
