408636	https://m.cafe.naver.com/ca-fe/web/cafes/10503958/articles/408636	RAF	초보의 처녀도색작업: 1/48 500D (아프가니스탄 공군 Ver)	17	1	0
408627	https://m.cafe.naver.com/ca-fe/web/cafes/10503958/articles/408627	남양주고든램지	MIG 21 PF INDIAN TIGER	31	4	0
408615	https://m.cafe.naver.com/ca-fe/web/cafes/10503958/articles/408615	실마리온	Bf 109 G-2 사막형	35	4	0
408603	https://m.cafe.naver.com/ca-fe/web/cafes/10503958/articles/408603	시뇨	베트남전에서 미그기 킬러로 명성을 떨쳤다던 F-4B 썬다우너즈	10	1	0
408597	https://m.cafe.naver.com/ca-fe/web/cafes/10503958/articles/408597	진매	아카데미 1/48 팬텀II 졸리로저스	2	0	0
408595	https://m.cafe.naver.com/ca-fe/web/cafes/10503958/articles/408595	모룰이ㅣ이현우	아카데미 1/48 TBM-3 완성	14	1	0
408593	https://m.cafe.naver.com/ca-fe/web/cafes/10503958/articles/408593	팀머스탱 오경환	스케일 1:10, F-35C Lightning II 처녀비행 영상	33	1	0
408571	https://m.cafe.naver.com/ca-fe/web/cafes/10503958/articles/408571	타키온71v천안	키티호크 1/48 Mig-25PD	31	5	1
408568	https://m.cafe.naver.com/ca-fe/web/cafes/10503958/articles/408568	샤이가이	포켓키트 f16 썬더버드입니다.	0	0	0
408550	https://m.cafe.naver.com/ca-fe/web/cafes/10503958/articles/408550	GOMCUS	[ 개초보 ] 탈출기? F - 14 1/48	10	0	0
408549	https://m.cafe.naver.com/ca-fe/web/cafes/10503958/articles/408549	GOMCUS	[ 개초보 ] 탈출기? F - 15 1/48  & 1/72	7	0	0
408542	https://m.cafe.naver.com/ca-fe/web/cafes/10503958/articles/408542	도민	대한민국 해군 1/48 이탈레리 UH-60 완성	43	3	3
408539	https://m.cafe.naver.com/ca-fe/web/cafes/10503958/articles/408539	무궁화	1/48 JASDF F-38D Saber	27	3	0
408532	https://m.cafe.naver.com/ca-fe/web/cafes/10503958/articles/408532	20507	타미야 1/72 f-35b	2	0	0
408525	https://m.cafe.naver.com/ca-fe/web/cafes/10503958/articles/408525	GOMCUS	[ 개초보 ] 탈출기? F - 15 1/48	13	0	0
408524	https://m.cafe.naver.com/ca-fe/web/cafes/10503958/articles/408524	GOMCUS	[ 개초보 ] 탈출기? F - 15 1/48	11	0	0
408523	https://m.cafe.naver.com/ca-fe/web/cafes/10503958/articles/408523	윤2364	아카데미 1/72 f/a-18e 슈퍼호넷 탑건 매버릭 버전	15	0	0
408522	https://m.cafe.naver.com/ca-fe/web/cafes/10503958/articles/408522	GOMCUS	[ 개초보 ] 탈출기? F - 15D EAGLE 1/72	4	0	0
408511	https://m.cafe.naver.com/ca-fe/web/cafes/10503958/articles/408511	댄싱브러쉬	F-102 DELTA DAGGER VIETNAM	2	1	0
408509	https://m.cafe.naver.com/ca-fe/web/cafes/10503958/articles/408509	시뇨	프랑스 해군형 라팔 M, 근데 왜 마린인가요??	13	3	4
408501	https://m.cafe.naver.com/ca-fe/web/cafes/10503958/articles/408501	경남도	이탈레리 1/72 P-51D (ROKAF)	13	0	0
408485	https://m.cafe.naver.com/ca-fe/web/cafes/10503958/articles/408485	피자감자칩	레벨 1/48 P-51B 머스탱	23	2	3
408474	https://m.cafe.naver.com/ca-fe/web/cafes/10503958/articles/408474	오스카조병창	아카데미 500MD 토우	22	3	0
408443	https://m.cafe.naver.com/ca-fe/web/cafes/10503958/articles/408443	송범	[한국공군 전투기] F-15K	45	5	0
408430	https://m.cafe.naver.com/ca-fe/web/cafes/10503958/articles/408430	윤2364	타미야 1/72 f-35c 라이트닝2 그리고 타미야 1/72 f-16cj	29	2	0
408422	https://m.cafe.naver.com/ca-fe/web/cafes/10503958/articles/408422	Waterloo	F-14A VF-154 프리덤 모델 SD스케일	8	1	0
408419	https://m.cafe.naver.com/ca-fe/web/cafes/10503958/articles/408419	서울발 부산행 무궁화	ROKAF F-4E 도색, 데칼 1차 완성작	25	1	0
408397	https://m.cafe.naver.com/ca-fe/web/cafes/10503958/articles/408397	302 72 핸섬	고전프라 1/48 아카데미 미라지3R 완성	21	1	0
408380	https://m.cafe.naver.com/ca-fe/web/cafes/10503958/articles/408380	충남홍성 이원창	#79-1/72 USN E/A-18G(ACADEMY)+ VAQ-138 Yellow Jackets decal set(Def.Model)	6	2	1
408379	https://m.cafe.naver.com/ca-fe/web/cafes/10503958/articles/408379	깜도르네	타미야 1:72 F-16CJ : 52th FW	11	1	1
408368	https://m.cafe.naver.com/ca-fe/web/cafes/10503958/articles/408368	시뇨	A-4M 스카이호크 함재기, 하세가와 1/48	37	7	6
408366	https://m.cafe.naver.com/ca-fe/web/cafes/10503958/articles/408366	뿌릉	ROKAF KF-21 보라매 100호기 완성.	23	4	1
408346	https://m.cafe.naver.com/ca-fe/web/cafes/10503958/articles/408346	Kickflip	하세가와 1/72 F9F-2 팬서	9	0	0
408333	https://m.cafe.naver.com/ca-fe/web/cafes/10503958/articles/408333	Waterloo	플라츠 YF-23 1/72	0	0	0
408319	https://m.cafe.naver.com/ca-fe/web/cafes/10503958/articles/408319	서울발 부산행 무궁화	ROKAF F-4E 제 17 전투비행대	23	1	0
408313	https://m.cafe.naver.com/ca-fe/web/cafes/10503958/articles/408313	남양주고든램지	슈터르모빅+판터	19	0	0
408285	https://m.cafe.naver.com/ca-fe/web/cafes/10503958/articles/408285	여보미안해	AMK 1/48 F-14D SUPER TOMCAT 완성	51	8	1
408284	https://m.cafe.naver.com/ca-fe/web/cafes/10503958/articles/408284	모룰이ㅣ이현우	몇주전에 만들었던 하비보스 와일드켓 입니다.	0	0	0
408260	https://m.cafe.naver.com/ca-fe/web/cafes/10503958/articles/408260	코코비	근황....	36	1	0
408256	https://m.cafe.naver.com/ca-fe/web/cafes/10503958/articles/408256	타키온71v천안	AMK 1/48 MIG-31	16	1	0
408253	https://m.cafe.naver.com/ca-fe/web/cafes/10503958/articles/408253	저비저비	Kittyhawk Jas-39 Gripen 그리펜	12	1	0
408251	https://m.cafe.naver.com/ca-fe/web/cafes/10503958/articles/408251	후니듀라	아카데미 1/48 TBM-3 Bunker hill 제작기 4_ 완성+리뷰?	0	0	0
408237	https://m.cafe.naver.com/ca-fe/web/cafes/10503958/articles/408237	호평프린이아재	[Academy] 1/72 KF-21 시제2호기	11	0	0
408210	https://m.cafe.naver.com/ca-fe/web/cafes/10503958/articles/408210	김승국 dino꾹	즈베즈다 1/72  SU-33	11	1	1
408188	https://m.cafe.naver.com/ca-fe/web/cafes/10503958/articles/408188	코노	f-22 1/48 만들어봤습니다.	16	1	0
408166	https://m.cafe.naver.com/ca-fe/web/cafes/10503958/articles/408166	madgun76김순오	아카데미 1/48 F-86F40	2	0	0
408155	https://m.cafe.naver.com/ca-fe/web/cafes/10503958/articles/408155	잭빠	세계최초의 실전투입 제트 전투기 Me262 A-1a 독일 전투기 완성작입니다	60	5	0
408149	https://m.cafe.naver.com/ca-fe/web/cafes/10503958/articles/408149	lucky07	F-15K 1/72 8일 만에 6대 완성작 입니다!	48	4	0
408140	https://m.cafe.naver.com/ca-fe/web/cafes/10503958/articles/408140	논네이스	[ITALERI] 1/48 AC-130 건쉽	13	5	2
408076	https://m.cafe.naver.com/ca-fe/web/cafes/10503958/articles/408076	시뇨	주말 두대 쌉가능 2탄, 타미야 1/48 F-16c	14	3	0
408067	https://m.cafe.naver.com/ca-fe/web/cafes/10503958/articles/408067	논네이스	레벨/모노그램의 B-1B 입니다.	17	1	1
408061	https://m.cafe.naver.com/ca-fe/web/cafes/10503958/articles/408061	otopilot	[Kitetic] 1/48 F-16A MLU (RNoAF)	6	1	0
408046	https://m.cafe.naver.com/ca-fe/web/cafes/10503958/articles/408046	잭빠	A-10 Thunderbolt II ( USAF A-10C "75FS Flying Tigers") 완성작입니다.	51	7	4
408040	https://m.cafe.naver.com/ca-fe/web/cafes/10503958/articles/408040	시뇨	주말 두대 쌉가능 1탄, F-16C 빨강 멧돼지 완성!	40	7	6
408029	https://m.cafe.naver.com/ca-fe/web/cafes/10503958/articles/408029	타키온71v천안	키티호크 1/48 Mig-25PD Foxbat	15	2	4
408022	https://m.cafe.naver.com/ca-fe/web/cafes/10503958/articles/408022	sh2944	1/35 AH-64D apache "Longbow" 完	74	6	1
408012	https://m.cafe.naver.com/ca-fe/web/cafes/10503958/articles/408012	모룰이ㅣ이현우	아카데미과학 1/48 IL-2M3 슈투르모빅	1	0	0
408011	https://m.cafe.naver.com/ca-fe/web/cafes/10503958/articles/408011	모룰이ㅣ이현우	아카데미과학 1/48 P-38 완성	4	0	0
407999	https://m.cafe.naver.com/ca-fe/web/cafes/10503958/articles/407999	순금보다귀한바로지금	아카데미 1/72 F-14A "IRIAF" (12594)	1	0	0
407994	https://m.cafe.naver.com/ca-fe/web/cafes/10503958/articles/407994	yasasee	Tamiya 1/48 FW190 D9 JV44 with Citroen 11CV	5	0	0
407974	https://m.cafe.naver.com/ca-fe/web/cafes/10503958/articles/407974	움하하핫	1/144 아카즈베 A321-100 아시아나 구도색 HL7588 : 완성하였습니다.	4	1	1
407973	https://m.cafe.naver.com/ca-fe/web/cafes/10503958/articles/407973	움하하핫	1/144 아카데미 B737-400 아시아나 구도색 HL7251 : 완성하였습니다.	9	2	2
407962	https://m.cafe.naver.com/ca-fe/web/cafes/10503958/articles/407962	Kim수한무	Ki-84 Hayate	11	1	0
407941	https://m.cafe.naver.com/ca-fe/web/cafes/10503958/articles/407941	피자감자칩	파인몰드 1/72 F-2A / F-2B 바이퍼 제로	0	0	0
407937	https://m.cafe.naver.com/ca-fe/web/cafes/10503958/articles/407937	김승국 dino꾹	1/48 에듀어드 FW 190A8	10	1	0
407933	https://m.cafe.naver.com/ca-fe/web/cafes/10503958/articles/407933	김승국 dino꾹	아카데미 1/72FW-190D9	12	3	1
407923	https://m.cafe.naver.com/ca-fe/web/cafes/10503958/articles/407923	후니듀라	하세가와 1/48 SBD-3 Dauntless 리미티드 에디션_Pilot 추가	21	1	2
407922	https://m.cafe.naver.com/ca-fe/web/cafes/10503958/articles/407922	논병아리	[ACADEMY] 1/72 F-104G	7	1	0
407920	https://m.cafe.naver.com/ca-fe/web/cafes/10503958/articles/407920	파주c김동현	초보 Revell A380 1/144 대한항공 신도장 으로 내맘 대로 만들기	5	0	0
407880	https://m.cafe.naver.com/ca-fe/web/cafes/10503958/articles/407880	302 72 핸섬	아카데미 UH-1Y 베놈 완성했습니다.	43	4	0
407877	https://m.cafe.naver.com/ca-fe/web/cafes/10503958/articles/407877	잭빠	USMC PBJ-1D (B-25 Mitchell) 완성	31	3	1
407867	https://m.cafe.naver.com/ca-fe/web/cafes/10503958/articles/407867	도끼맨	1/48 AJ37 완성	10	2	2
407864	https://m.cafe.naver.com/ca-fe/web/cafes/10503958/articles/407864	시뇨	특수전 작전 중인 UH-1Y 베놈 완성했습니다	40	7	5
407857	https://m.cafe.naver.com/ca-fe/web/cafes/10503958/articles/407857	꼬끼오	1/48 Tamiya F-16C "Barak"	4	1	0
407844	https://m.cafe.naver.com/ca-fe/web/cafes/10503958/articles/407844	Monte 69	Mitsubishi A6M5c ZERO FIGHTER	21	3	4
407816	https://m.cafe.naver.com/ca-fe/web/cafes/10503958/articles/407816	SPOOKY	A-10C 'ARES'	0	0	0
407788	https://m.cafe.naver.com/ca-fe/web/cafes/10503958/articles/407788	hms충남	1/72 F/A-18F (아카데미) 완성	28	9	0
407769	https://m.cafe.naver.com/ca-fe/web/cafes/10503958/articles/407769	타키온71v천안	아카데미 1/48 미그 23M	53	4	4
407768	https://m.cafe.naver.com/ca-fe/web/cafes/10503958/articles/407768	mmmm072	아시아나항공 구도장HL7703 A321-100 1/144 디오라마 입니다.	32	5	8
407759	https://m.cafe.naver.com/ca-fe/web/cafes/10503958/articles/407759	문수반	아카데미 f104 1/72	12	2	0
407744	https://m.cafe.naver.com/ca-fe/web/cafes/10503958/articles/407744	인아크	TAMIYA 1/48 F-16CJ	1	0	0
407739	https://m.cafe.naver.com/ca-fe/web/cafes/10503958/articles/407739	무야호할아버지	블랙이글스 T-50B 완성기	25	2	2
407738	https://m.cafe.naver.com/ca-fe/web/cafes/10503958/articles/407738	후니듀라	하세가와 1/48 SBD-3 Dauntless 리미티드 에디션 완성	27	4	4
407723	https://m.cafe.naver.com/ca-fe/web/cafes/10503958/articles/407723	changminyu0726	1/72 아파치 헬기입니다.	15	0	0
407722	https://m.cafe.naver.com/ca-fe/web/cafes/10503958/articles/407722	mmmm072	아시아나항공 구도장HL7703 A321-100 1/144 즈베즈다 입니다.	3	1	0
407714	https://m.cafe.naver.com/ca-fe/web/cafes/10503958/articles/407714	월평아재	하세가와 48 톰캣 무장달기	19	1	0
407713	https://m.cafe.naver.com/ca-fe/web/cafes/10503958/articles/407713	월평아재	하세가와 48톰캣 99프로 완성	15	2	1
407709	https://m.cafe.naver.com/ca-fe/web/cafes/10503958/articles/407709	레오해피	아카데미 1/72 F-14 완성	25	3	0
407697	https://m.cafe.naver.com/ca-fe/web/cafes/10503958/articles/407697	타키온71v천안	아카데미 1/48 Mig-29A	61	7	2
407695	https://m.cafe.naver.com/ca-fe/web/cafes/10503958/articles/407695	서울발 부산행 무궁화	아카데미 kf-21 도색 버전 완성	10	1	1
407689	https://m.cafe.naver.com/ca-fe/web/cafes/10503958/articles/407689	lucky07	F-4E 퇴역식 기념기체 1/72 완성작 입니다!	38	6	0
407636	https://m.cafe.naver.com/ca-fe/web/cafes/10503958/articles/407636	lucky07	F-5E 완성작 입니다!	4	1	0
407629	https://m.cafe.naver.com/ca-fe/web/cafes/10503958/articles/407629	김승국 dino꾹	1/72 아카데미 JU-87G2 STUKA KANONEN VOGEL	10	0	0
407609	https://m.cafe.naver.com/ca-fe/web/cafes/10503958/articles/407609	Gaya	[Meng] 1/48 P-51D 15공군31전투비행단 308전투비행대 John voll대위 탑승기안	24	0	0
407586	https://m.cafe.naver.com/ca-fe/web/cafes/10503958/articles/407586	도민	미 공군 1/144 E-3G 센트리 완성	1	0	0
407568	https://m.cafe.naver.com/ca-fe/web/cafes/10503958/articles/407568	lucky07	E-737 완성작 입니다!	17	4	0
407559	https://m.cafe.naver.com/ca-fe/web/cafes/10503958/articles/407559	움하하핫	1/200 하세가와 B737-500 아시아나 구도색 HL7261 - 완성	5	0	0
407556	https://m.cafe.naver.com/ca-fe/web/cafes/10503958/articles/407556	움하하핫	아카데미 1/144 E737 피스아이 완성!	15	0	0
407550	https://m.cafe.naver.com/ca-fe/web/cafes/10503958/articles/407550	피자감자칩	하세가와 1/72 F-4EJ 항자대 50주년 기념마킹	10	2	0
407548	https://m.cafe.naver.com/ca-fe/web/cafes/10503958/articles/407548	피자감자칩	하세가와 1/144 C-130H 항자대 40주년 기념도장	19	1	0
407495	https://m.cafe.naver.com/ca-fe/web/cafes/10503958/articles/407495	코코비	북괴 공군 mig29와 대한민국 F-15K	62	6	1
407486	https://m.cafe.naver.com/ca-fe/web/cafes/10503958/articles/407486	madgun76김순오	아카데미 1/35 MD500	60	3	3
407481	https://m.cafe.naver.com/ca-fe/web/cafes/10503958/articles/407481	타키온71v천안	아카데미 1/144 B-2A	20	3	0
407475	https://m.cafe.naver.com/ca-fe/web/cafes/10503958/articles/407475	로이0083	[ACADEMY 1/72] KF-21 보라매 양산 2호기	22	3	0
407462	https://m.cafe.naver.com/ca-fe/web/cafes/10503958/articles/407462	LAYA	Trumpeter 1/72 F-105G WILD WEASEL	16	1	0
407452	https://m.cafe.naver.com/ca-fe/web/cafes/10503958/articles/407452	송범	[한국공군 초계기] S-2A	60	2	2
407427	https://m.cafe.naver.com/ca-fe/web/cafes/10503958/articles/407427	도민	자투리 데칼로 만든 1/72 F-15K	0	0	0
407405	https://m.cafe.naver.com/ca-fe/web/cafes/10503958/articles/407405	대장장이	에이스 X-35 라이트닝 2	37	3	0
407387	https://m.cafe.naver.com/ca-fe/web/cafes/10503958/articles/407387	티벳여우벼리	아카데미과학 1/48 F4F-4 WildCat 완성!!	115	8	9
407384	https://m.cafe.naver.com/ca-fe/web/cafes/10503958/articles/407384	Panzer General	1/144 [아카데미] 포세이돈 P-8A 대한민국 해군	242	7	5
407346	https://m.cafe.naver.com/ca-fe/web/cafes/10503958/articles/407346	GOMCUS	[ 개초보 ] 탈출기? F - 14A  1/48	200	10	4
407344	https://m.cafe.naver.com/ca-fe/web/cafes/10503958/articles/407344	예쁜반달여우아빠	[아카데미] 1/48 500MD ASW	577	32	13
407333	https://m.cafe.naver.com/ca-fe/web/cafes/10503958/articles/407333	김승국 dino꾹	아카데미 1/72  F-84	246	30	6
407317	https://m.cafe.naver.com/ca-fe/web/cafes/10503958/articles/407317	김승국 dino꾹	1/72 아카데미 P-51B	280	22	11
407310	https://m.cafe.naver.com/ca-fe/web/cafes/10503958/articles/407310	피자감자칩	하세가와 1/48 Me163 코멧	168	15	2
407282	https://m.cafe.naver.com/ca-fe/web/cafes/10503958/articles/407282	포천미성과학사	ZVEZDA 1/72 MIG-3	214	19	5
407259	https://m.cafe.naver.com/ca-fe/web/cafes/10503958/articles/407259	타키온71v천안	하비보스 1/48 SU-34 #2	381	33	26
407249	https://m.cafe.naver.com/ca-fe/web/cafes/10503958/articles/407249	타키온71v천안	하비보스 1/48 SU-34 #1	182	28	12
407244	https://m.cafe.naver.com/ca-fe/web/cafes/10503958/articles/407244	코코비	아카데미과학 프라모델 1/48 CH-47 대한민국 육군 버전	510	15	4
407233	https://m.cafe.naver.com/ca-fe/web/cafes/10503958/articles/407233	GOMCUS	[ 개초보 ] 탈출기? MiG-29AS 1/48	196	18	1
407205	https://m.cafe.naver.com/ca-fe/web/cafes/10503958/articles/407205	GOMCUS	[ 개초보 ] 탈출기? F-15	308	24	3
407202	https://m.cafe.naver.com/ca-fe/web/cafes/10503958/articles/407202	20507	타미야 1/72 f-16	156	9	1
407200	https://m.cafe.naver.com/ca-fe/web/cafes/10503958/articles/407200	lucky07	FA-50 완성작 입니다!	514	30	4
407182	https://m.cafe.naver.com/ca-fe/web/cafes/10503958/articles/407182	DDNE7428	All 마스킹 데칼도색 대한항공 B777-300ER	262	14	6
407179	https://m.cafe.naver.com/ca-fe/web/cafes/10503958/articles/407179	김승국 dino꾹	1/32 트럼페트 F-14B	471	34	23
407124	https://m.cafe.naver.com/ca-fe/web/cafes/10503958/articles/407124	eproman	AC-130H로 재미있게 놀아봅니다.	914	60	32
407114	https://m.cafe.naver.com/ca-fe/web/cafes/10503958/articles/407114	vincence	1/72 F-14A VF-142 고스트라이더스 완성하였습니다	426	34	10
407100	https://m.cafe.naver.com/ca-fe/web/cafes/10503958/articles/407100	까도	Ah-64a 아카데미 합동과학./ Ah-64d 멩	372	24	16
407062	https://m.cafe.naver.com/ca-fe/web/cafes/10503958/articles/407062	Youboy	[아카데미] 1/72 F-15E 494th Fighter Sq. “Valkyrie”	302	23	3
407043	https://m.cafe.naver.com/ca-fe/web/cafes/10503958/articles/407043	jpfalcon01	Academy 1/48 F-4D “여주 휴게소 팬텀”	1989	63	32
407042	https://m.cafe.naver.com/ca-fe/web/cafes/10503958/articles/407042	타키온71v천안	아카데미 1/48 라팔M	716	45	25
407031	https://m.cafe.naver.com/ca-fe/web/cafes/10503958/articles/407031	꼬끼오	1/72 Academy KF-21 'Boramae'	244	24	2
407030	https://m.cafe.naver.com/ca-fe/web/cafes/10503958/articles/407030	lucky07	KF-16CU 완성작 입니다!	241	28	1
407029	https://m.cafe.naver.com/ca-fe/web/cafes/10503958/articles/407029	Panzer General	1/144 Revell Boing 747-8	323	15	7
407028	https://m.cafe.naver.com/ca-fe/web/cafes/10503958/articles/407028	서울발 부산행 무궁화	아카데미 KF-21	645	13	6
407009	https://m.cafe.naver.com/ca-fe/web/cafes/10503958/articles/407009	윤2364	아카데미 1/72 F-35A 라이트닝2 1000th	296	13	0
407002	https://m.cafe.naver.com/ca-fe/web/cafes/10503958/articles/407002	lucky07	F-15K 1/72 MCP 완성작 입니다!	435	28	12
406992	https://m.cafe.naver.com/ca-fe/web/cafes/10503958/articles/406992	피자감자칩	에어픽스 1/72 C-47 노르망디 상륙작전	394	26	9
406991	https://m.cafe.naver.com/ca-fe/web/cafes/10503958/articles/406991	고물성	Avis 1/48 네메스 파라솔	177	18	6
406983	https://m.cafe.naver.com/ca-fe/web/cafes/10503958/articles/406983	슈퍼덩크	종이모형 F-14A 어그레서	431	28	12
406954	https://m.cafe.naver.com/ca-fe/web/cafes/10503958/articles/406954	존이74	하비크래프트 Bf 109E-3	134	13	4
406944	https://m.cafe.naver.com/ca-fe/web/cafes/10503958/articles/406944	팀머스탱 오경환	1:4.4 스케일 Messerschmitt Bf 109	186	5	10
406922	https://m.cafe.naver.com/ca-fe/web/cafes/10503958/articles/406922	피자감자칩	만리장성 1/72 MiG-29 조선인민군 공군	363	25	13
406894	https://m.cafe.naver.com/ca-fe/web/cafes/10503958/articles/406894	피자감자칩	아카데미/AMK 1/48 MiG-31 폭스하운드	549	46	17
406857	https://m.cafe.naver.com/ca-fe/web/cafes/10503958/articles/406857	순금보다귀한바로지금	아카데미 1/72 USN F-14D "VF-2 Bounty Hunters" (12590)	393	30	14
406850	https://m.cafe.naver.com/ca-fe/web/cafes/10503958/articles/406850	스마트70	아카데미 1/72 SR 71 만들어봤습니다	307	16	4
406832	https://m.cafe.naver.com/ca-fe/web/cafes/10503958/articles/406832	glorypunk	U.S Navy F-14A "Tomcat" Fighter 졸리로져스_계란비행기_타이거 모델	347	27	14
406829	https://m.cafe.naver.com/ca-fe/web/cafes/10503958/articles/406829	밀리아	1/144 아카데미 피스아이 완성	207	13	0
406817	https://m.cafe.naver.com/ca-fe/web/cafes/10503958/articles/406817	비행기프라모델러	KA모델 F-14a 졸리로저스	222	15	3
406809	https://m.cafe.naver.com/ca-fe/web/cafes/10503958/articles/406809	피자감자칩	아카데미 1/48 T-50 고등훈련기	369	35	15
406808	https://m.cafe.naver.com/ca-fe/web/cafes/10503958/articles/406808	팀머스탱 오경환	1/4 스케일 PC-21 Pilatus 처녀비행	195	5	2
406798	https://m.cafe.naver.com/ca-fe/web/cafes/10503958/articles/406798	블랙kid	Dog fight	227	16	0
406788	https://m.cafe.naver.com/ca-fe/web/cafes/10503958/articles/406788	팀머스탱 오경환	1/4 스케일 터보프롭 T-27 투카노	199	6	4
406787	https://m.cafe.naver.com/ca-fe/web/cafes/10503958/articles/406787	시뇨	초호화 AH-1W 슈퍼코브라 완성했습니다	1502	89	51
406785	https://m.cafe.naver.com/ca-fe/web/cafes/10503958/articles/406785	움하하핫	즈베즈다/아카데미 B787-10 대한항공 HL8515완성했습니다!	565	24	13
406776	https://m.cafe.naver.com/ca-fe/web/cafes/10503958/articles/406776	네모박스	모든 디테일업은 자작으로 완성한 아카데미 1/35 MD500 완성	1723	118	69
406758	https://m.cafe.naver.com/ca-fe/web/cafes/10503958/articles/406758	프라델러K	UH-1Y 그놈!! 베놈 완성했습니다. (아카데미 1:35)	563	46	24
406750	https://m.cafe.naver.com/ca-fe/web/cafes/10503958/articles/406750	논네이스	1/72 B-2A 입니다.	278	16	5
406738	https://m.cafe.naver.com/ca-fe/web/cafes/10503958/articles/406738	키다리아저씨	아카데미과학 1/35 UH-1C	684	38	9
406727	https://m.cafe.naver.com/ca-fe/web/cafes/10503958/articles/406727	다쓰붸이다	MD500 "ROK ARMY" Hobbyfair 2026 한정판	1183	59	27
406725	https://m.cafe.naver.com/ca-fe/web/cafes/10503958/articles/406725	Panzer General	1/48 F-16U(제20전비)	375	32	5
406716	https://m.cafe.naver.com/ca-fe/web/cafes/10503958/articles/406716	월평아재	[선물용] 아카데미 1/48 F-16C Razorbacks 완성기	731	36	13
406682	https://m.cafe.naver.com/ca-fe/web/cafes/10503958/articles/406682	루터	1/48 IL-2 스튜르모빅 완성했습니다	250	20	3
406675	https://m.cafe.naver.com/ca-fe/web/cafes/10503958/articles/406675	꼬끼오	1/72 Hasegawa AV-8B Harrier II	243	23	7
406673	https://m.cafe.naver.com/ca-fe/web/cafes/10503958/articles/406673	김 건	[ACADEMY] F-111A "Aardvark" 1/48 #완성#	569	40	7
406665	https://m.cafe.naver.com/ca-fe/web/cafes/10503958/articles/406665	얼레벌레	1/35 AH-6J	645	35	10
406663	https://m.cafe.naver.com/ca-fe/web/cafes/10503958/articles/406663	얼레벌레	1/72 F-14D bounty hunter	263	26	21
406652	https://m.cafe.naver.com/ca-fe/web/cafes/10503958/articles/406652	시뇨	호크 중에 젤 예쁜 씨호크, MH-60R 블루호크스 완성했습니다	2261	134	81
406648	https://m.cafe.naver.com/ca-fe/web/cafes/10503958/articles/406648	glorypunk	하세가와 1/48 ROKAF KF-16D Fighting Falcon	615	40	20
406640	https://m.cafe.naver.com/ca-fe/web/cafes/10503958/articles/406640	mmmm072	1/144 에어서울 a321-200 원격주기장 디오라마 입니다.	363	34	24
406637	https://m.cafe.naver.com/ca-fe/web/cafes/10503958/articles/406637	블랙kid	Su-57 Down	284	11	0
406636	https://m.cafe.naver.com/ca-fe/web/cafes/10503958/articles/406636	송범	[한국공군 전투기] F-16C PBU	932	36	8
406629	https://m.cafe.naver.com/ca-fe/web/cafes/10503958/articles/406629	동고리	F-14B 졸리로져스 [아카데미 1:72]	310	19	4
406611	https://m.cafe.naver.com/ca-fe/web/cafes/10503958/articles/406611	eproman	ITALERY 1/72 AC-130H SPECTRE	1146	49	24
406606	https://m.cafe.naver.com/ca-fe/web/cafes/10503958/articles/406606	피자감자칩	드래곤 1/48 Bf110D - ZG.76	301	30	12
406582	https://m.cafe.naver.com/ca-fe/web/cafes/10503958/articles/406582	airboy	V-22 OSPREY (1/48 ITALERI)	279	32	14
406572	https://m.cafe.naver.com/ca-fe/web/cafes/10503958/articles/406572	블랙kid	F-35 A	345	22	2
406562	https://m.cafe.naver.com/ca-fe/web/cafes/10503958/articles/406562	glorypunk	1/48 미해군 USN F/A-18F 호넷 VFA-103 졸리 로저스_아카데미	382	32	9
406560	https://m.cafe.naver.com/ca-fe/web/cafes/10503958/articles/406560	저비저비	1/72 아카데미 F-14D Tomcatters	343	27	14
406553	https://m.cafe.naver.com/ca-fe/web/cafes/10503958/articles/406553	호평프린이아재	[Academy] 1/72 MCP F/A-18F Jolly Rogers	257	25	6
406551	https://m.cafe.naver.com/ca-fe/web/cafes/10503958/articles/406551	타키온71v천안	키티호크 1/48 Jas-39A/C 그리펜	295	29	14
406546	https://m.cafe.naver.com/ca-fe/web/cafes/10503958/articles/406546	모델러 김문수	매버릭 전용 f-14, f-18	378	24	0
406539	https://m.cafe.naver.com/ca-fe/web/cafes/10503958/articles/406539	토토로71	아카데미과학 1:72 f-35b(스펀지+붓도색)	339	14	3
406537	https://m.cafe.naver.com/ca-fe/web/cafes/10503958/articles/406537	외노자 김씨	1/35 UH-1C 휴이 프로그 입니다.	216	10	1
406534	https://m.cafe.naver.com/ca-fe/web/cafes/10503958/articles/406534	자쿠맨	계란비행기 한대 더 만들었습니다	205	15	8
406518	https://m.cafe.naver.com/ca-fe/web/cafes/10503958/articles/406518	무야호할아버지	SR-71 완성했습니다~	222	14	3
406508	https://m.cafe.naver.com/ca-fe/web/cafes/10503958/articles/406508	Waterloo	에이스컴뱃7 SACS 라팔 1/144 완성	216	13	2
406502	https://m.cafe.naver.com/ca-fe/web/cafes/10503958/articles/406502	jjongik9	[Academy 1/48 Phantom] VMFA-122 & VMFA-333	227	14	2
406500	https://m.cafe.naver.com/ca-fe/web/cafes/10503958/articles/406500	모룰이ㅣ이현우	타미야 48 A6M3 & A6M5 전투기 완성	193	14	1
406495	https://m.cafe.naver.com/ca-fe/web/cafes/10503958/articles/406495	허럴룰루	Su-27 Russian knights 기체들 만들어 봤습니다	399	28	8
406486	https://m.cafe.naver.com/ca-fe/web/cafes/10503958/articles/406486	mmmm072	1/144 에어부산A321neo 원격주기장 디오라마 입니다.	827	71	36
406484	https://m.cafe.naver.com/ca-fe/web/cafes/10503958/articles/406484	모룰이ㅣ이현우	아카데미 48 USN SB2U-3 완성	249	24	6
406481	https://m.cafe.naver.com/ca-fe/web/cafes/10503958/articles/406481	니발이 아빠	a-7 코르세어 완성입니다.	434	43	30
406474	https://m.cafe.naver.com/ca-fe/web/cafes/10503958/articles/406474	송범	AREA88 소속기체 6종 SD 버전	260	26	6
406464	https://m.cafe.naver.com/ca-fe/web/cafes/10503958/articles/406464	바사기	[Zvezda] 1/48 Su-57 Felon	334	31	8
406436	https://m.cafe.naver.com/ca-fe/web/cafes/10503958/articles/406436	연우서현아빠	에어리어88 _ 카자마신전용기 _ F-5 _ 연우아빠 신상원편	226	19	2
406433	https://m.cafe.naver.com/ca-fe/web/cafes/10503958/articles/406433	연우서현아빠	에어리어88 _ 미키 전용기 _ F14 _ 연우서현아빠신상원편	180	13	2
406432	https://m.cafe.naver.com/ca-fe/web/cafes/10503958/articles/406432	연우서현아빠	에어리어88 _ 카자마신전용기 _ F-20 타이거 샤크 _ 연우서현아빠 신상원편	190	15	0
406422	https://m.cafe.naver.com/ca-fe/web/cafes/10503958/articles/406422	Koko Park	[1/72 자작] 6세대 무미익 전투기.	263	9	2
406411	https://m.cafe.naver.com/ca-fe/web/cafes/10503958/articles/406411	잊지않으리	도저언~~!!! F/A-18F 만들어보았습니다.	362	24	3
406395	https://m.cafe.naver.com/ca-fe/web/cafes/10503958/articles/406395	Gaya	[TAMIYA] 1/32  F-15E 366th WG,391st FS "Bold Tiger"	736	51	22
406375	https://m.cafe.naver.com/ca-fe/web/cafes/10503958/articles/406375	lucky07	KF-5E 완성작 입니다!	2005	64	18
406341	https://m.cafe.naver.com/ca-fe/web/cafes/10503958/articles/406341	시뇨	짬뽕 전투기, 크피르 완성했습니다	653	40	32
406318	https://m.cafe.naver.com/ca-fe/web/cafes/10503958/articles/406318	가무라상	F-5E kazama shin	330	12	0
406314	https://m.cafe.naver.com/ca-fe/web/cafes/10503958/articles/406314	가무라상	What if TA-50 kazama shin	535	41	12
406282	https://m.cafe.naver.com/ca-fe/web/cafes/10503958/articles/406282	예쁜반달여우아빠	[아카데미] 1/144 E-3G AWACS	270	20	8
406271	https://m.cafe.naver.com/ca-fe/web/cafes/10503958/articles/406271	텅호	[ M7A3 ] 1/35사이즈 프라모델 미육군 중동버전 브래들리 만들기	908	49	18
406270	https://m.cafe.naver.com/ca-fe/web/cafes/10503958/articles/406270	glorypunk	F-2A_프리덤 모델_계란비행기_JASDF F-2A (단좌형)	164	10	0
406267	https://m.cafe.naver.com/ca-fe/web/cafes/10503958/articles/406267	예쁜반달여우아빠	NIKE  ( 트럼페터 1/32 BF-109F Trop   "Gelbe 14" )	357	30	12
406260	https://m.cafe.naver.com/ca-fe/web/cafes/10503958/articles/406260	jpfalcon01	Hasegawa 1/72 F-14B VFA-143 “Pukin Dogs”	243	13	8
406259	https://m.cafe.naver.com/ca-fe/web/cafes/10503958/articles/406259	밀리터리 러버	하비페어에서 산 1/144 스케일 F-14A 롤리로저스 완성했습니다.	226	8	2
406254	https://m.cafe.naver.com/ca-fe/web/cafes/10503958/articles/406254	코노	1/48 f-35a	132	7	0
406247	https://m.cafe.naver.com/ca-fe/web/cafes/10503958/articles/406247	암즈룸	Fokker Dr.I Triplane 포커삼엽기 1/32, MENG	155	17	4
406214	https://m.cafe.naver.com/ca-fe/web/cafes/10503958/articles/406214	김영석	1/48 타미야 슈퍼마린 스핏파이어 mk.1	250	21	1
406209	https://m.cafe.naver.com/ca-fe/web/cafes/10503958/articles/406209	Memph1s Belle	아카데미과학 1/144 CH-47(HC.Mk1)	247	14	1
406199	https://m.cafe.naver.com/ca-fe/web/cafes/10503958/articles/406199	인아크	MENG 1/48 F-4G	294	25	2
406168	https://m.cafe.naver.com/ca-fe/web/cafes/10503958/articles/406168	자쿠맨	초보의 하세가와 계란비행기 만들기 2탄	189	13	3
406160	https://m.cafe.naver.com/ca-fe/web/cafes/10503958/articles/406160	공장장	트럼페터 1/48 드 하빌랜드  씨-빅센 FAW.2	184	17	9
406154	https://m.cafe.naver.com/ca-fe/web/cafes/10503958/articles/406154	재민지파	Area 88 비넷 (1/144 Scale 아카데미)	281	31	39
406148	https://m.cafe.naver.com/ca-fe/web/cafes/10503958/articles/406148	아티반	"Scramble at 10:10". 1/48 Tamiya Spitfire mk.I.	321	24	18
406135	https://m.cafe.naver.com/ca-fe/web/cafes/10503958/articles/406135	Monte 69	1/48 P-47D 썬더볼트	354	16	8
406128	https://m.cafe.naver.com/ca-fe/web/cafes/10503958/articles/406128	소주병	Kittyhawk Mk.III, P-40E, Hasegawa 1/32	393	36	15
406114	https://m.cafe.naver.com/ca-fe/web/cafes/10503958/articles/406114	SPOOKY	ROKA MD500 TOW	903	57	16
406090	https://m.cafe.naver.com/ca-fe/web/cafes/10503958/articles/406090	김영석	1/48 f-16cj	366	23	3
406083	https://m.cafe.naver.com/ca-fe/web/cafes/10503958/articles/406083	전투기 프라 덕후	[완성작] 아카데미과학 1/144 B-2 Stealth Bomber	357	13	0
406081	https://m.cafe.naver.com/ca-fe/web/cafes/10503958/articles/406081	다쓰붸이다	MD500 TOW "IDF" 2호기...^^	1078	51	13
406059	https://m.cafe.naver.com/ca-fe/web/cafes/10503958/articles/406059	집그리는사람	아카데미과학 1/35 500MD TOW [대한민국 육군]	2085	89	28
406000	https://m.cafe.naver.com/ca-fe/web/cafes/10503958/articles/406000	피리딘	1/48 Mig-15, Bronco	297	20	4
405997	https://m.cafe.naver.com/ca-fe/web/cafes/10503958/articles/405997	타키온71v천안	ICM 1/48 MIG-25BM	373	31	22
405993	https://m.cafe.naver.com/ca-fe/web/cafes/10503958/articles/405993	전투기 프라 덕후	[완성작] 아카데미과학 1/72 F-15K 슬램 이글	402	19	2
405990	https://m.cafe.naver.com/ca-fe/web/cafes/10503958/articles/405990	밀리터리 러버	저의 첫 항공기  프라모델 입니다!	378	16	8
405983	https://m.cafe.naver.com/ca-fe/web/cafes/10503958/articles/405983	타키온71v천안	MENG 1/48 FA-18E	394	32	12
405979	https://m.cafe.naver.com/ca-fe/web/cafes/10503958/articles/405979	코코비	트럼페터 1/48 EA-3B 스카이워리어	366	18	5
405952	https://m.cafe.naver.com/ca-fe/web/cafes/10503958/articles/405952	yasasee	1/48 Tamiya Supermarine Spitfire MK.1	155	15	4
405944	https://m.cafe.naver.com/ca-fe/web/cafes/10503958/articles/405944	웅비호	1/144 P-8 포세이돈 아카데미	269	16	2
405941	https://m.cafe.naver.com/ca-fe/web/cafes/10503958/articles/405941	mmmm072	아카데미 1:144 에어버스 A321neo 에어부산 완성입니다.	666	34	18
405904	https://m.cafe.naver.com/ca-fe/web/cafes/10503958/articles/405904	다쓰붸이다	IDF MD500 TOW	1569	50	18
405892	https://m.cafe.naver.com/ca-fe/web/cafes/10503958/articles/405892	eproman	ITALERY 1/72 ME323 D-1 GIGANT 독일 대형수송기	1279	72	32
405888	https://m.cafe.naver.com/ca-fe/web/cafes/10503958/articles/405888	충남홍성 이원창	#78-1/144 USAF B-2A Stealth Bomber 스텔스 폭격기-academy.	280	29	13
405875	https://m.cafe.naver.com/ca-fe/web/cafes/10503958/articles/405875	움하하핫	하세가와 1/200 B747-400 대한항공 HL7477 완성했습니다!	429	18	8
405873	https://m.cafe.naver.com/ca-fe/web/cafes/10503958/articles/405873	움하하핫	하세가와 1/200 B777-300ER 대한항공 HL8008 완성했습니다!	432	14	9
405848	https://m.cafe.naver.com/ca-fe/web/cafes/10503958/articles/405848	소주병	F-14A Tomcat, Top gun Maverick, Tamiya 1/48	528	41	15
405828	https://m.cafe.naver.com/ca-fe/web/cafes/10503958/articles/405828	Zaxon	GWH 1/48 SU-27 Flanker-B	318	35	1
405826	https://m.cafe.naver.com/ca-fe/web/cafes/10503958/articles/405826	GOMCUS	[ 쌩~초보 ] 안녕하세요 ^^	194	12	2
405796	https://m.cafe.naver.com/ca-fe/web/cafes/10503958/articles/405796	야광단무지	1/48 아카 F-15K	432	22	9
405792	https://m.cafe.naver.com/ca-fe/web/cafes/10503958/articles/405792	소주병	Bf109 G-6/Trop, Airfix 1/24	278	32	8
405789	https://m.cafe.naver.com/ca-fe/web/cafes/10503958/articles/405789	나노회장	1/48 A-10C 워트호그	540	33	15
405788	https://m.cafe.naver.com/ca-fe/web/cafes/10503958/articles/405788	나노회장	1/32_1/48 대한민국공군 팬텀퇴역기념기체	748	49	22
405784	https://m.cafe.naver.com/ca-fe/web/cafes/10503958/articles/405784	빈아빠	아카데미 f-14 만들었습니다(area88)	326	20	2
405761	https://m.cafe.naver.com/ca-fe/web/cafes/10503958/articles/405761	타키온71v천안	GWH 1/48 SU-30MKM 플랭커H 말레이지아 공군	607	46	23
405759	https://m.cafe.naver.com/ca-fe/web/cafes/10503958/articles/405759	애긔늬	Rafale M, 1/48 Academy	168	20	2
405755	https://m.cafe.naver.com/ca-fe/web/cafes/10503958/articles/405755	보키복희	1/35 포케불프 트리엡플뤼겔(Focke-Wulf Triebflügel)	388	20	4
405746	https://m.cafe.naver.com/ca-fe/web/cafes/10503958/articles/405746	육항공	Uam 1/48 AV-8B 헤리어 II	336	24	12
405745	https://m.cafe.naver.com/ca-fe/web/cafes/10503958/articles/405745	육항공	아카데미 1/35 AH-1Z 바이퍼	268	16	4
405744	https://m.cafe.naver.com/ca-fe/web/cafes/10503958/articles/405744	육항공	맹모델 1/35 AH-64D APACHE LONGBOW	339	21	12
405710	https://m.cafe.naver.com/ca-fe/web/cafes/10503958/articles/405710	코코비	하세가와 1/48 F-104 완성	349	16	7
405709	https://m.cafe.naver.com/ca-fe/web/cafes/10503958/articles/405709	대장장이	에이스 F-14 톰캣터스와 푸킨독스.	191	13	6
405708	https://m.cafe.naver.com/ca-fe/web/cafes/10503958/articles/405708	김승국 dino꾹	1/48  이탈레리 어벤져	221	21	18
405688	https://m.cafe.naver.com/ca-fe/web/cafes/10503958/articles/405688	다쓰붸이다	USAF F-4C "Vietnam War"	437	30	7
405687	https://m.cafe.naver.com/ca-fe/web/cafes/10503958/articles/405687	아이작12	Revell 1/48 F-105G "Wild Weasel"	442	32	15
405683	https://m.cafe.naver.com/ca-fe/web/cafes/10503958/articles/405683	위이잉	1/48 GWH MiG-29 Fulcrum	256	17	8
405668	https://m.cafe.naver.com/ca-fe/web/cafes/10503958/articles/405668	황구맨	하비보스 1/48 오스프리 MV-22 (Hobbyboss 1/48 OSPREY MV-22) 풀도색 완성 그리고 제작기 : 사진 많음 주의!	317	20	6
405647	https://m.cafe.naver.com/ca-fe/web/cafes/10503958/articles/405647	발칸800	갑판에 고박된 AH-1Z VIPER	3594	68	27
405623	https://m.cafe.naver.com/ca-fe/web/cafes/10503958/articles/405623	TripleJ	대한민국 공군 2호기 완성	307	15	2
405620	https://m.cafe.naver.com/ca-fe/web/cafes/10503958/articles/405620	굴탄	아카데미 1/35 AH-1Z Viper입니다.	1408	71	32
405581	https://m.cafe.naver.com/ca-fe/web/cafes/10503958/articles/405581	어린시절 추억	아카데미 라팔 C (Academy 1/48 Rafale C EC 17 Provence 2012)	576	33	6
405568	https://m.cafe.naver.com/ca-fe/web/cafes/10503958/articles/405568	dolph	당분간 마지막 완성작이 될 듯한...1/48 아카데미 F-15K	1255	39	21
405558	https://m.cafe.naver.com/ca-fe/web/cafes/10503958/articles/405558	이작전우리셋	1/72 트럼펫터 j-10c 입니다	266	18	1
405554	https://m.cafe.naver.com/ca-fe/web/cafes/10503958/articles/405554	저비저비	1/72 F-18F Red rippers 아카데미	353	27	8
405551	https://m.cafe.naver.com/ca-fe/web/cafes/10503958/articles/405551	HK	[Academy] 1/35 IDF MD 500	571	45	8
405549	https://m.cafe.naver.com/ca-fe/web/cafes/10503958/articles/405549	정코개코	토미야 f-35b	271	12	1
405520	https://m.cafe.naver.com/ca-fe/web/cafes/10503958/articles/405520	hwadong	1/48 Lavochkin La-7	117	13	2
405501	https://m.cafe.naver.com/ca-fe/web/cafes/10503958/articles/405501	시뇨	킷 좋네요! 아카데미(amk) 미그31 폭스하운드 완성했습니다	1769	63	36
405500	https://m.cafe.naver.com/ca-fe/web/cafes/10503958/articles/405500	sh2944	1/48 CH-47D "Chinook" 完	475	28	16
405497	https://m.cafe.naver.com/ca-fe/web/cafes/10503958/articles/405497	굴탄	TAMIYA 1/48 F-16C Aggressor입니다.	400	35	13
405480	https://m.cafe.naver.com/ca-fe/web/cafes/10503958/articles/405480	sh2944	1/35 MH-60S "Tridents" 完	367	28	12
405457	https://m.cafe.naver.com/ca-fe/web/cafes/10503958/articles/405457	시뇨	타미야 F-14d VF-213 블랙라이언즈, 1/48 완성했습니다	803	54	33
405429	https://m.cafe.naver.com/ca-fe/web/cafes/10503958/articles/405429	iata	1/144 싱가포르항공 B737-8MAX	181	9	2
405424	https://m.cafe.naver.com/ca-fe/web/cafes/10503958/articles/405424	댄싱브러쉬	Kfir c2 AREA88 Saki Vashtar	379	31	14
405407	https://m.cafe.naver.com/ca-fe/web/cafes/10503958/articles/405407	타키온71v천안	키네틱 1/48 SU-33	251	29	13
405396	https://m.cafe.naver.com/ca-fe/web/cafes/10503958/articles/405396	SPOOKY	4D A-10	368	17	11
405379	https://m.cafe.naver.com/ca-fe/web/cafes/10503958/articles/405379	예쁜반달여우아빠	[아카데미] 1/72 F-8E Crusader	638	40	12
405369	https://m.cafe.naver.com/ca-fe/web/cafes/10503958/articles/405369	남양주고든램지	Ki-61 히엔  (하세가와)	164	16	2
405350	https://m.cafe.naver.com/ca-fe/web/cafes/10503958/articles/405350	시뇨	Mig-23을 잡은 역사적인 톰캣!! F-14A Swordmen, 타미야 1/48	1431	78	37
405321	https://m.cafe.naver.com/ca-fe/web/cafes/10503958/articles/405321	eproman	ACADEMY 1/72 PV-1 미국 해상 초계기	382	32	10
405308	https://m.cafe.naver.com/ca-fe/web/cafes/10503958/articles/405308	빈아빠	1/48 meng F-4G. 만들어 봤습니다	258	19	5
405305	https://m.cafe.naver.com/ca-fe/web/cafes/10503958/articles/405305	FREEWAY	아카데미 F-4J RED DEVIL	328	17	8
405303	https://m.cafe.naver.com/ca-fe/web/cafes/10503958/articles/405303	가브리엘74	8th! 항공기 프라모델 제작! TAMIYA, 1/48scale, F-14A TOMCAT	438	32	10
405290	https://m.cafe.naver.com/ca-fe/web/cafes/10503958/articles/405290	lucky07	FA-50 완성작 입니다!	297	23	1
405266	https://m.cafe.naver.com/ca-fe/web/cafes/10503958/articles/405266	움하하핫	즈베즈다 1/144 A330-300 대한항공 HL7550 완성했습니다!	491	18	6
405247	https://m.cafe.naver.com/ca-fe/web/cafes/10503958/articles/405247	집그리는사람	1/35  Hughes 500D [한국항공]	1442	78	16
405239	https://m.cafe.naver.com/ca-fe/web/cafes/10503958/articles/405239	시뇨	피눈물납니다... F-14A 프리랜서 폭망기ㅠㅠ	4378	77	72
405228	https://m.cafe.naver.com/ca-fe/web/cafes/10503958/articles/405228	SPOOKY	FOREVER! SPOOKY!	605	50	34
405224	https://m.cafe.naver.com/ca-fe/web/cafes/10503958/articles/405224	김 건	[Revell] F-105D Thunderchief 1/48  갑자기완성	409	42	16
405222	https://m.cafe.naver.com/ca-fe/web/cafes/10503958/articles/405222	HK	[Hasegawa] 1/48 F-2A/F-2B	300	30	9
405217	https://m.cafe.naver.com/ca-fe/web/cafes/10503958/articles/405217	얼레벌레	아카데미 1/72 F/A-18F VFA-102 DIAMOND BACKS	386	37	9
405207	https://m.cafe.naver.com/ca-fe/web/cafes/10503958/articles/405207	시뇨	아카데미 숨은 좋은 킷, 1/48 호커헌터 아일랜드 공군	1325	59	36
405192	https://m.cafe.naver.com/ca-fe/web/cafes/10503958/articles/405192	굴탄	2025 항공기 도전 폭망사	652	37	28
405185	https://m.cafe.naver.com/ca-fe/web/cafes/10503958/articles/405185	저비저비	아카데미 72스케일 F-15K	404	26	8
405174	https://m.cafe.naver.com/ca-fe/web/cafes/10503958/articles/405174	미꾸Large	F-8J 크루세이더 (1/48 하세가와)   VF-211"Fighting Checkmates"	281	27	10
405169	https://m.cafe.naver.com/ca-fe/web/cafes/10503958/articles/405169	토토로71	아카데미과학 1:72 f15e 336 전투비행대(스펀지도색)	296	16	1
405168	https://m.cafe.naver.com/ca-fe/web/cafes/10503958/articles/405168	발칸800	아카데미 UH-1Y venom	937	50	20
405155	https://m.cafe.naver.com/ca-fe/web/cafes/10503958/articles/405155	도형화	프리덤모형 블랙호크 UH-60M 완성	287	13	6
405145	https://m.cafe.naver.com/ca-fe/web/cafes/10503958/articles/405145	mmmm072	아카데미 A321neo -> A321-200 에어서울 완성입니다.	433	35	22
405132	https://m.cafe.naver.com/ca-fe/web/cafes/10503958/articles/405132	동고리	F/A-18F 바운티 헌터스 [아카데미 1:72]	250	23	1
405118	https://m.cafe.naver.com/ca-fe/web/cafes/10503958/articles/405118	주뇨니	Meng 1/48 F/A-18E 수퍼호넷	677	60	24
405105	https://m.cafe.naver.com/ca-fe/web/cafes/10503958/articles/405105	집그리는사람	1/35 북괴공군 Hughes 500E	496	27	13
405053	https://m.cafe.naver.com/ca-fe/web/cafes/10503958/articles/405053	괴링	[하세가와] 1/48 F-4E팬텀	300	18	4
405020	https://m.cafe.naver.com/ca-fe/web/cafes/10503958/articles/405020	박봉	1/72 Hasegawa F-4G 'Wild Weasel'	353	31	6
405014	https://m.cafe.naver.com/ca-fe/web/cafes/10503958/articles/405014	다쓰붸이다	키네틱 1/48 KF-16U	470	29	14
405007	https://m.cafe.naver.com/ca-fe/web/cafes/10503958/articles/405007	jpfalcon01	ACE/아카데미 1/144 2F-14A Jolly Rogers	1007	61	16
405004	https://m.cafe.naver.com/ca-fe/web/cafes/10503958/articles/405004	norara016	타미야 F-35A완성 했습니다	418	26	3
404945	https://m.cafe.naver.com/ca-fe/web/cafes/10503958/articles/404945	IJN KURE	G3M완성	125	11	3
404935	https://m.cafe.naver.com/ca-fe/web/cafes/10503958/articles/404935	인아크	1/48 TAMIYA F-35A LIGHTING	597	41	7
404933	https://m.cafe.naver.com/ca-fe/web/cafes/10503958/articles/404933	아이에스	아카데미 1/144 F-14A 톰캣	227	14	2
404931	https://m.cafe.naver.com/ca-fe/web/cafes/10503958/articles/404931	월평아재	하세가와 1/72 F-14A 톰캣 완성작	450	37	14
404918	https://m.cafe.naver.com/ca-fe/web/cafes/10503958/articles/404918	대장장이	드래곤 F/A-18E와 F	180	13	4
404917	https://m.cafe.naver.com/ca-fe/web/cafes/10503958/articles/404917	lucky07	FA-50 완성작 입니다!	319	24	3
404907	https://m.cafe.naver.com/ca-fe/web/cafes/10503958/articles/404907	lucky07	KF-21 완성작 입니다!	371	26	4
404890	https://m.cafe.naver.com/ca-fe/web/cafes/10503958/articles/404890	괴링	[아카데미] 1/48 RAFALE C	285	22	2
404888	https://m.cafe.naver.com/ca-fe/web/cafes/10503958/articles/404888	박봉	1/72 아카데미 F/A-18C/D Hornet 'VFC-12 Fighting Omas'	398	30	10
404887	https://m.cafe.naver.com/ca-fe/web/cafes/10503958/articles/404887	SPOOKY	TA-50! 출격준비!	633	54	32
404886	https://m.cafe.naver.com/ca-fe/web/cafes/10503958/articles/404886	평범한 중딩	아카데미 미그 21 피쉬베드	251	21	5
404855	https://m.cafe.naver.com/ca-fe/web/cafes/10503958/articles/404855	예쁜반달여우아빠	Winged Hussars   [hobbyboss] 1/48  Su-17M4 (Su-22)	725	48	20
404832	https://m.cafe.naver.com/ca-fe/web/cafes/10503958/articles/404832	서누아빠	gwp 1/48 mig-29 북한공군, 울프백 1/48 mig-29	452	21	2
404830	https://m.cafe.naver.com/ca-fe/web/cafes/10503958/articles/404830	서누아빠	아카데미 1/48 su-27 단좌형, 복좌형	496	28	6
404811	https://m.cafe.naver.com/ca-fe/web/cafes/10503958/articles/404811	김승국 dino꾹	하세가와 1/72 F-14A	427	29	15
404810	https://m.cafe.naver.com/ca-fe/web/cafes/10503958/articles/404810	BANDIT MODELS	1/48 ACADEMY IL-2 sturmovik 제작기 및 완성	378	21	9
404800	https://m.cafe.naver.com/ca-fe/web/cafes/10503958/articles/404800	꼬끼오	1/48 Tamiya F-16C Fighting Falcon (Kunsan AB)	398	16	4
404787	https://m.cafe.naver.com/ca-fe/web/cafes/10503958/articles/404787	다쓰붸이다	ROKAF F-35A Freedom Knight 152nd FS, 17th FW, 청주 AB, 2021	782	40	14
404781	https://m.cafe.naver.com/ca-fe/web/cafes/10503958/articles/404781	취미청년	ACADEMY [1/72] 미해군 F-14A VF-143 퓨킨독스	338	29	12
404779	https://m.cafe.naver.com/ca-fe/web/cafes/10503958/articles/404779	iata	1/144 에어서울 A321-200 완성	277	21	14
404736	https://m.cafe.naver.com/ca-fe/web/cafes/10503958/articles/404736	유진아빠	1/72 아카데미 F-14A 'Jolly Rogers VF-84'	712	53	26
404735	https://m.cafe.naver.com/ca-fe/web/cafes/10503958/articles/404735	김승국 dino꾹	아카데미 1/72F-14A(구판)+데프 탑건 데칼	489	30	9
404711	https://m.cafe.naver.com/ca-fe/web/cafes/10503958/articles/404711	네모박스	좌충우돌 한정판 공군2호기 완성했습니다.	341	19	13
404707	https://m.cafe.naver.com/ca-fe/web/cafes/10503958/articles/404707	대장장이	레벨 1/144 F/A-18C 호넷	151	15	4
404674	https://m.cafe.naver.com/ca-fe/web/cafes/10503958/articles/404674	김승국 dino꾹	1/48 아카데미 F-15 Faith Phoenix	442	32	25
404672	https://m.cafe.naver.com/ca-fe/web/cafes/10503958/articles/404672	응맞아	타미야 F-35B / 첫 항공기 도색작입니다~	419	21	21
404664	https://m.cafe.naver.com/ca-fe/web/cafes/10503958/articles/404664	MC스켈러	아카데미 1/48 F-15E "Seymour Johnson"	1401	64	41
404642	https://m.cafe.naver.com/ca-fe/web/cafes/10503958/articles/404642	움하하핫	1/200 대한항공 B777-200 HL7550 완성 입니다.	604	26	11
404634	https://m.cafe.naver.com/ca-fe/web/cafes/10503958/articles/404634	니발이 아빠	f-15 라암입니다.	287	27	10
404623	https://m.cafe.naver.com/ca-fe/web/cafes/10503958/articles/404623	코노	1/48 아카데미 라팔 만들어봤습니다.	336	22	12
404583	https://m.cafe.naver.com/ca-fe/web/cafes/10503958/articles/404583	팀머스탱 오경환	1:9 스케일, 수직 미익의 호랑이가 덮친다! 타이거 미트 도색 MiG-29의 압도적 비행	269	5	13
404581	https://m.cafe.naver.com/ca-fe/web/cafes/10503958/articles/404581	타키온71v천안	SIO models 1/48 Mig-31BS	411	29	11
404580	https://m.cafe.naver.com/ca-fe/web/cafes/10503958/articles/404580	팀머스탱 오경환	1:5 스케일, Westland Lysander	103	1	1
404577	https://m.cafe.naver.com/ca-fe/web/cafes/10503958/articles/404577	쏘카둥둥이	아카데미 1/48 라팔 항모 버전(with a-10c)	543	18	2
404574	https://m.cafe.naver.com/ca-fe/web/cafes/10503958/articles/404574	푸짜르	1/48 아카데미 와일드캣	314	31	17
404572	https://m.cafe.naver.com/ca-fe/web/cafes/10503958/articles/404572	초딩프라	F-14 완성 도색은 못 했지만..	342	15	21
404563	https://m.cafe.naver.com/ca-fe/web/cafes/10503958/articles/404563	저비저비	1/72 아카데미 F-35A	893	48	10
404556	https://m.cafe.naver.com/ca-fe/web/cafes/10503958/articles/404556	타키온71v천안	GWH 1/48 SU-35S 플랭커E	552	42	22
404527	https://m.cafe.naver.com/ca-fe/web/cafes/10503958/articles/404527	다쓰붸이다	Mig-21PF-D	287	31	14
404490	https://m.cafe.naver.com/ca-fe/web/cafes/10503958/articles/404490	신입생	1/72 SU-33 on deck 완성	315	42	8
404432	https://m.cafe.naver.com/ca-fe/web/cafes/10503958/articles/404432	시뇨	F-4C 베트남전쟁 버전 완성했습니다	830	48	46
404420	https://m.cafe.naver.com/ca-fe/web/cafes/10503958/articles/404420	유진아빠	1/144 아카데미 E-737 'Peace Eye'	306	26	4
404411	https://m.cafe.naver.com/ca-fe/web/cafes/10503958/articles/404411	백이사	19번째 F-14 톰캣 VF-11 레드 리퍼스 로우비즈 TPS (스압주의)	1032	42	19
404401	https://m.cafe.naver.com/ca-fe/web/cafes/10503958/articles/404401	20507	하비보스 라팔m 1/72	196	16	4
404385	https://m.cafe.naver.com/ca-fe/web/cafes/10503958/articles/404385	eproman	TAMIYA 1/72 M6A1 SEIRAN 일본 수상정찰기	248	22	8
404383	https://m.cafe.naver.com/ca-fe/web/cafes/10503958/articles/404383	시뇨	Mig-23 Flogger, 러시아 전투기 중 명작이라 꼽힌다는..	1200	75	44
404379	https://m.cafe.naver.com/ca-fe/web/cafes/10503958/articles/404379	뿌릉	탑건 매버릭 다크스타 완성.	1446	83	47
404363	https://m.cafe.naver.com/ca-fe/web/cafes/10503958/articles/404363	대장장이	F-18E super hornet	222	14	2
404358	https://m.cafe.naver.com/ca-fe/web/cafes/10503958/articles/404358	hobby7	F-16C celebrates 100 years 버전 1/72	196	14	1
404351	https://m.cafe.naver.com/ca-fe/web/cafes/10503958/articles/404351	포천미성과학사	Zvezda 1/72 L-5FN, SOVIET AIR FORCE GROUND CREW	194	19	6
404337	https://m.cafe.naver.com/ca-fe/web/cafes/10503958/articles/404337	호평프린이아재	[Academy] 1/72 F-14B Jolly Rogers 완성했습니다.	514	47	20
404327	https://m.cafe.naver.com/ca-fe/web/cafes/10503958/articles/404327	육항공	Uam 1/48 AV-8B HARRIER2	293	23	11
404310	https://m.cafe.naver.com/ca-fe/web/cafes/10503958/articles/404310	인생직진	하비보스 A-6E 인트루더	386	36	12
404299	https://m.cafe.naver.com/ca-fe/web/cafes/10503958/articles/404299	논네이스	[Academy] 1/48 F-15E 대위성 미사일 버젼	724	34	11
404282	https://m.cafe.naver.com/ca-fe/web/cafes/10503958/articles/404282	타키온71v천안	GWH 1/48 SU-30MKI	489	37	19
404277	https://m.cafe.naver.com/ca-fe/web/cafes/10503958/articles/404277	모델러 김문수	아카데미 1/72 f-22	280	24	3
404256	https://m.cafe.naver.com/ca-fe/web/cafes/10503958/articles/404256	솔샘	[항공기완성] 아카데미 P-51c(1/72)를 이용한 디오라마	246	34	9
404245	https://m.cafe.naver.com/ca-fe/web/cafes/10503958/articles/404245	lucky07	KF-21 완성작 입니다	401	33	3
404240	https://m.cafe.naver.com/ca-fe/web/cafes/10503958/articles/404240	움하하핫	1/144 대한항공 B747-8i HL7644 완성 입니다.	958	30	23
404239	https://m.cafe.naver.com/ca-fe/web/cafes/10503958/articles/404239	움하하핫	1/144 대한항공 A321neo HL8528 완성 입니다.	409	19	6
404238	https://m.cafe.naver.com/ca-fe/web/cafes/10503958/articles/404238	움하하핫	1/144 대한항공 A350-900 HL8597 완성 입니다.	694	22	10
404213	https://m.cafe.naver.com/ca-fe/web/cafes/10503958/articles/404213	대장장이	에이스 F-14 만약에	194	20	0
404210	https://m.cafe.naver.com/ca-fe/web/cafes/10503958/articles/404210	metalmetal	극초초초초초초보 모형인의 타미야 1/48 f-4b 완성기 입니다~^^	265	20	6
404198	https://m.cafe.naver.com/ca-fe/web/cafes/10503958/articles/404198	MC스켈러	아카데미 1/48 A-10C Thunderbolt II.	3241	104	28
404183	https://m.cafe.naver.com/ca-fe/web/cafes/10503958/articles/404183	최시원	아카데미 미해군 e2c	251	18	4
404166	https://m.cafe.naver.com/ca-fe/web/cafes/10503958/articles/404166	달모로	1/72 아카데미 F-35 재탕	381	11	4
404155	https://m.cafe.naver.com/ca-fe/web/cafes/10503958/articles/404155	eproman	VALOM 1/72 J2F-5 DUCK 미국 수상정찰기	590	41	19
404149	https://m.cafe.naver.com/ca-fe/web/cafes/10503958/articles/404149	팀머스탱 오경환	1:3.5 스케일, 현대적 경비행기를 정교하게 재현한 Hangar9 XCub	209	1	4
404131	https://m.cafe.naver.com/ca-fe/web/cafes/10503958/articles/404131	팀머스탱 오경환	1:3 스케일, 제1차 세계대전의 전설적인 에이스 '붉은 남작'이 탔던 삼엽기 Fokker DR-1	231	4	4
404106	https://m.cafe.naver.com/ca-fe/web/cafes/10503958/articles/404106	SPOOKY	ROKA CH-47D	1105	54	41
404104	https://m.cafe.naver.com/ca-fe/web/cafes/10503958/articles/404104	다쓰붸이다	USAF F-22A "Air Dominance Fighter" The King of Skies	625	38	14
404100	https://m.cafe.naver.com/ca-fe/web/cafes/10503958/articles/404100	논네이스	[Revell] 1/48 B-1B Lancer입니다.	379	27	7
404095	https://m.cafe.naver.com/ca-fe/web/cafes/10503958/articles/404095	hongmsz	[아카데미] 1/144 라팔M	324	16	6
404091	https://m.cafe.naver.com/ca-fe/web/cafes/10503958/articles/404091	팀머스탱 오경환	1:6 스케일 F8F Bearcat 의 봄나들이	177	2	5
404081	https://m.cafe.naver.com/ca-fe/web/cafes/10503958/articles/404081	dolph	작아서 더 귀여운 1/48 아카데미 슈퍼링스	1111	65	18
404075	https://m.cafe.naver.com/ca-fe/web/cafes/10503958/articles/404075	박봉	1/72 AIRFIX  HARRIER Gr.7A	234	28	8
404074	https://m.cafe.naver.com/ca-fe/web/cafes/10503958/articles/404074	동고리	미라지 2000D [레벨, 1:72]	139	13	2
404068	https://m.cafe.naver.com/ca-fe/web/cafes/10503958/articles/404068	시뇨	미그 21 피쉬베드, 아카데미 1/48 완성했습니다	888	65	43
404060	https://m.cafe.naver.com/ca-fe/web/cafes/10503958/articles/404060	부대열중쉬어	아카데미 A-10C 썬더볼트 비행모드입니다.	404	29	12
404043	https://m.cafe.naver.com/ca-fe/web/cafes/10503958/articles/404043	mmmm072	아카데미 1/144 공군2호기 완성입니다.	415	32	16
404040	https://m.cafe.naver.com/ca-fe/web/cafes/10503958/articles/404040	송범	[한국공군 연락기] L-26A (U-9C)	227	16	6
404026	https://m.cafe.naver.com/ca-fe/web/cafes/10503958/articles/404026	팀머스탱 오경환	1:5 스케일 P-47 Bonnie의 처녀비행	470	12	12
404007	https://m.cafe.naver.com/ca-fe/web/cafes/10503958/articles/404007	개똥철학자	아카데미 F-14B Jolly  Rogers 1/72 완성했습니다	482	35	14
404005	https://m.cafe.naver.com/ca-fe/web/cafes/10503958/articles/404005	아졸바	미그 21기 완성했습니다	272	24	8
403987	https://m.cafe.naver.com/ca-fe/web/cafes/10503958/articles/403987	시뇨	드뎌 초대물 수호이 27 플랭커, 완성하고 야촬했습니다.	897	60	59
403961	https://m.cafe.naver.com/ca-fe/web/cafes/10503958/articles/403961	타키온71v천안	아카데미 1/48 미그29AS	491	47	34
403956	https://m.cafe.naver.com/ca-fe/web/cafes/10503958/articles/403956	dammi321	P-70 night hawk( Revell 1/72 스케일 )	356	35	23
403949	https://m.cafe.naver.com/ca-fe/web/cafes/10503958/articles/403949	저비저비	아카데미 1/72 F-4 팬텀	424	33	19
403917	https://m.cafe.naver.com/ca-fe/web/cafes/10503958/articles/403917	성더슨	아카데미 1/72 Me 262A-1/2 `Last Ace` 완성 입니다.	211	20	14
403874	https://m.cafe.naver.com/ca-fe/web/cafes/10503958/articles/403874	쑤안	아카데미 1/32 F-16 벽 장식	1479	30	22
403855	https://m.cafe.naver.com/ca-fe/web/cafes/10503958/articles/403855	302 72 핸섬	고전프라 하비크래프트 미그17F	238	15	2
403834	https://m.cafe.naver.com/ca-fe/web/cafes/10503958/articles/403834	eproman	HASEGAWA 1/72 G4M1 일본 1식 육상공격기(폭격기)	291	22	12
403828	https://m.cafe.naver.com/ca-fe/web/cafes/10503958/articles/403828	논네이스	[Italeri] 1/72 B-52G 스트라토포트리스 완성입니다.	821	52	7
403827	https://m.cafe.naver.com/ca-fe/web/cafes/10503958/articles/403827	샤이가이	아카데미 4d 키트 t-50 시제기, 블랙이글스	451	17	4
403816	https://m.cafe.naver.com/ca-fe/web/cafes/10503958/articles/403816	다쓰붸이다	USAF U-2S Dragon Lady 80-1084(C/N 084) Osan AB, Korea, 2012	342	29	11
403811	https://m.cafe.naver.com/ca-fe/web/cafes/10503958/articles/403811	논네이스	[Revell/Monogram] 1/48 B-29를 완성해봤습니다.	3418	131	31
403782	https://m.cafe.naver.com/ca-fe/web/cafes/10503958/articles/403782	얼레벌레	1:72 F/A-18F VF-11 Red Repers	295	18	8
403781	https://m.cafe.naver.com/ca-fe/web/cafes/10503958/articles/403781	얼레벌레	1/72 F/A-18F VF-154 Black Knight	211	18	6
403769	https://m.cafe.naver.com/ca-fe/web/cafes/10503958/articles/403769	저비저비	아카데미 1/48 FA-50	362	29	8
403752	https://m.cafe.naver.com/ca-fe/web/cafes/10503958/articles/403752	제국해군	Tamiya 1/48 Spitfire Mk.Vb Trop.	208	32	6
403749	https://m.cafe.naver.com/ca-fe/web/cafes/10503958/articles/403749	빈아빠	아카데미과학 세스나 만들었습니다	332	26	5
403737	https://m.cafe.naver.com/ca-fe/web/cafes/10503958/articles/403737	SPOOKY	USAF F-86F-40	589	47	36
403722	https://m.cafe.naver.com/ca-fe/web/cafes/10503958/articles/403722	니발이 아빠	f-14 울프팩 완성	354	20	2
403708	https://m.cafe.naver.com/ca-fe/web/cafes/10503958/articles/403708	용이97	1/72 아카데미 P-47D	275	25	6
403698	https://m.cafe.naver.com/ca-fe/web/cafes/10503958/articles/403698	서산 똥손후니	아카데미 A-37 블랙이글스	330	22	8
403691	https://m.cafe.naver.com/ca-fe/web/cafes/10503958/articles/403691	cybertruck	아카데미과학(즈베즈다) 1/144 에어버스 A321neo	824	29	4
403689	https://m.cafe.naver.com/ca-fe/web/cafes/10503958/articles/403689	Harris19	British Infantry Normandy 1944 디오라마	295	25	8
403677	https://m.cafe.naver.com/ca-fe/web/cafes/10503958/articles/403677	도용	ICM 1/72 MIG-29	234	21	13
403668	https://m.cafe.naver.com/ca-fe/web/cafes/10503958/articles/403668	성더슨	아카데미 1/72 SR-71 Black Bird 완성입니다.	268	24	19
403654	https://m.cafe.naver.com/ca-fe/web/cafes/10503958/articles/403654	외노자 김씨	1/35 아카데미과학 AH-1W NTS입니다.	737	25	16
403646	https://m.cafe.naver.com/ca-fe/web/cafes/10503958/articles/403646	니발이 아빠	F-4 방위성금헌납기 완성 사진입니다.	368	38	18
403634	https://m.cafe.naver.com/ca-fe/web/cafes/10503958/articles/403634	피자감자칩	타미야 1/48 Bf109 G-6	442	26	8
403628	https://m.cafe.naver.com/ca-fe/web/cafes/10503958/articles/403628	AKUMA	1/48 Tamiya Mitsubishi A6M5 Zero Fighter (Zeke) KamiKaze	146	13	2
403625	https://m.cafe.naver.com/ca-fe/web/cafes/10503958/articles/403625	성더슨	이탈레리 1/72 AH-1W Super Cobra 완성 입니다.	217	19	24
403611	https://m.cafe.naver.com/ca-fe/web/cafes/10503958/articles/403611	박봉	Tamiya 1/72 F-16C Mountain home's gunfighters	267	27	8
403585	https://m.cafe.naver.com/ca-fe/web/cafes/10503958/articles/403585	lucky07	KF-16CU 완성작 입니다!	296	32	3
403563	https://m.cafe.naver.com/ca-fe/web/cafes/10503958/articles/403563	알바트로스97	A-10 썬더볼트2[하세가와 1/72	291	13	5
403543	https://m.cafe.naver.com/ca-fe/web/cafes/10503958/articles/403543	Airman	아카데미 1:144 E-737 피스아이	748	46	13
403521	https://m.cafe.naver.com/ca-fe/web/cafes/10503958/articles/403521	모닥	1/48 하세가와 f-14 완성	304	18	2
403502	https://m.cafe.naver.com/ca-fe/web/cafes/10503958/articles/403502	다쓰붸이다	IJN A6M2b 21. Zero 1st Carrior Div. Akagi(Movie- The Final Countdown, 1980)	137	14	6
403501	https://m.cafe.naver.com/ca-fe/web/cafes/10503958/articles/403501	다쓰붸이다	USN F-14A Tomcat VF-84 "Jolly Rogers" USS Nimiz(Movie-The Final Countdown, 1980)	249	23	8
403498	https://m.cafe.naver.com/ca-fe/web/cafes/10503958/articles/403498	피자감자칩	아카데미 1/72 Mi-24 하인드	510	37	17
403485	https://m.cafe.naver.com/ca-fe/web/cafes/10503958/articles/403485	TripleJ	아카데미 F22 1/72 첫 항공기 도색	341	29	13
403480	https://m.cafe.naver.com/ca-fe/web/cafes/10503958/articles/403480	박봉	1/72 Revell F-16A	256	21	7
403476	https://m.cafe.naver.com/ca-fe/web/cafes/10503958/articles/403476	위이잉	1/48 키네틱 미라지2000C mirage 2000C	256	22	12
403456	https://m.cafe.naver.com/ca-fe/web/cafes/10503958/articles/403456	예쁜반달여우아빠	[댄싱윙하비] 1/16 Albatross D.III   "Hidden Gem"	367	31	15
403423	https://m.cafe.naver.com/ca-fe/web/cafes/10503958/articles/403423	성더슨	아카데미 1/72 F-86E "Gabreski" 탑승기 완성 입니다.	302	20	19
403401	https://m.cafe.naver.com/ca-fe/web/cafes/10503958/articles/403401	프라모델뉴비	하세가와 A-4 1/72 완성	214	22	5
403383	https://m.cafe.naver.com/ca-fe/web/cafes/10503958/articles/403383	FREEWAY	1/144 F-22 자동차 대시보드 시리즈3	219	18	2
403380	https://m.cafe.naver.com/ca-fe/web/cafes/10503958/articles/403380	dolph	하비보스 1/72 ka-29 망둥어 완성!!!!	538	54	21
403372	https://m.cafe.naver.com/ca-fe/web/cafes/10503958/articles/403372	성더슨	아카데미 1/72 P-47D "Gabreski" 탑승기 완성 입니다.	197	17	12
403345	https://m.cafe.naver.com/ca-fe/web/cafes/10503958/articles/403345	SPOOKY	[AREA88] F/A-18F	616	51	24
403313	https://m.cafe.naver.com/ca-fe/web/cafes/10503958/articles/403313	짱구 아빠	[항공기 완성] 1:144 아카데미 B-2A “Stealth Bomber”	326	17	6
403303	https://m.cafe.naver.com/ca-fe/web/cafes/10503958/articles/403303	수호이	1/48 Advanced Super Hornet (F/A-18E & EA-18G)	363	24	4
403273	https://m.cafe.naver.com/ca-fe/web/cafes/10503958/articles/403273	화이트젬	1/48  [하세가와]F-4J SHOWTIME	257	15	9
403266	https://m.cafe.naver.com/ca-fe/web/cafes/10503958/articles/403266	Waterloo	F-15K with RBF tag 1/72 완성	667	50	12
403259	https://m.cafe.naver.com/ca-fe/web/cafes/10503958/articles/403259	백이사	F14 최초 운용 부대 VF-1 울프팩 톰캣(18번째)	490	14	6
403254	https://m.cafe.naver.com/ca-fe/web/cafes/10503958/articles/403254	찐이루	아카데미 1/48 스케일 USN SBD-2 돈틀리스 폭격기 완성( 두번째 완성작)	363	23	6
403221	https://m.cafe.naver.com/ca-fe/web/cafes/10503958/articles/403221	달마	(1/144) B-2A Stealth Bomber.  (자작) 격납고	1260	136	72
403218	https://m.cafe.naver.com/ca-fe/web/cafes/10503958/articles/403218	성더슨	하세가와 1/72 F9F-2 Panther 완성 입니다.	194	19	20
403202	https://m.cafe.naver.com/ca-fe/web/cafes/10503958/articles/403202	김승국 dino꾹	하세가와 1/72  톰캣+데프데칼	197	18	2
403191	https://m.cafe.naver.com/ca-fe/web/cafes/10503958/articles/403191	에디	브리스톨 불독(Bristol Bulldog)	458	40	18
403187	https://m.cafe.naver.com/ca-fe/web/cafes/10503958/articles/403187	김승국 dino꾹	하세가와 1/72  F-14톰캣	229	21	6
403165	https://m.cafe.naver.com/ca-fe/web/cafes/10503958/articles/403165	수호이	1/48 FA-50 (WHAT IF 2)	454	31	5
403164	https://m.cafe.naver.com/ca-fe/web/cafes/10503958/articles/403164	수호이	1/48 RF-16C & RF-16D	296	25	6
403159	https://m.cafe.naver.com/ca-fe/web/cafes/10503958/articles/403159	mmmm072	대한민국공군 1/72 F-35A 아카데미 입니다.	1001	40	12
403157	https://m.cafe.naver.com/ca-fe/web/cafes/10503958/articles/403157	성더슨	아카데미 1/72 미그23 Flogger-B 완성 입니다.	268	19	26
403156	https://m.cafe.naver.com/ca-fe/web/cafes/10503958/articles/403156	박봉	1/72 MPM X-15A-2	174	16	11
403101	https://m.cafe.naver.com/ca-fe/web/cafes/10503958/articles/403101	화이트젬	[아카데미] 1/32  FA-18C	482	34	11
403097	https://m.cafe.naver.com/ca-fe/web/cafes/10503958/articles/403097	성더슨	아카데미 1/48 F-86F The Huff 완성 입니다.	229	23	16
403093	https://m.cafe.naver.com/ca-fe/web/cafes/10503958/articles/403093	또뭐만들지	1/48 F-15K Slam Eagle	503	25	20
403051	https://m.cafe.naver.com/ca-fe/web/cafes/10503958/articles/403051	박봉	1/72 Hasegawa F-4N VF-84	432	37	14
403044	https://m.cafe.naver.com/ca-fe/web/cafes/10503958/articles/403044	댄싱브러쉬	F-4E AUP Aegean ghost, Hellenic airforce	499	55	32
403033	https://m.cafe.naver.com/ca-fe/web/cafes/10503958/articles/403033	백이사	하이비즈 톰캣은 흰색이 아닙니다. 17번째 톰캣 제작기.	1200	43	23
403015	https://m.cafe.naver.com/ca-fe/web/cafes/10503958/articles/403015	FREEWAY	egg plane F/A-18F Super Hornet	271	18	6
403014	https://m.cafe.naver.com/ca-fe/web/cafes/10503958/articles/403014	FREEWAY	egg plane Lancaster Bomber [Snap Kit]	142	13	2
402985	https://m.cafe.naver.com/ca-fe/web/cafes/10503958/articles/402985	시뇨	F-16i SUFA, 아카데미 가성비 갑 대물 에어로	2208	96	68
402955	https://m.cafe.naver.com/ca-fe/web/cafes/10503958/articles/402955	쓰삐빵빵	1/72 하세가와 YF-21 완성	358	27	8
402952	https://m.cafe.naver.com/ca-fe/web/cafes/10503958/articles/402952	가브리엘74	Hobby boss, 1/48scale F/A-18E Super Hornet	426	20	1
402950	https://m.cafe.naver.com/ca-fe/web/cafes/10503958/articles/402950	토리파더	[FineModel] 1/72 Savoia S.21, 붉은돼지 or 홍돈 or PorcoRosso	251	22	2
402949	https://m.cafe.naver.com/ca-fe/web/cafes/10503958/articles/402949	토리파더	1/72 ROKAF F-4E `17th Fighter Wing`, D-corporation	455	35	6
402923	https://m.cafe.naver.com/ca-fe/web/cafes/10503958/articles/402923	jpfalcon01	아이디어과학 1/48 AIRWOLF(feat.KITT)	2800	74	40
402880	https://m.cafe.naver.com/ca-fe/web/cafes/10503958/articles/402880	토토로71	아카데미과학 T-50 블랙이글(스펀지+붓도색)	547	34	10
402879	https://m.cafe.naver.com/ca-fe/web/cafes/10503958/articles/402879	eproman	HASEGAWA 1/72 J2M3 라이덴 일본 고고도 요격기 (JACK)	118	15	0
402870	https://m.cafe.naver.com/ca-fe/web/cafes/10503958/articles/402870	주뇨니	1/48 Mirage 2000-5 프랑스 공군	603	53	20
402843	https://m.cafe.naver.com/ca-fe/web/cafes/10503958/articles/402843	쇼와비행기	파인몰드 1/48 제로전투기 52 갑형	227	20	8
402798	https://m.cafe.naver.com/ca-fe/web/cafes/10503958/articles/402798	BANDIT MODELS	1/48 ZVEZDA YAK-9D 제작기 및 완성	337	17	8
402763	https://m.cafe.naver.com/ca-fe/web/cafes/10503958/articles/402763	SPOOKY	[AREA88] F-16C	1178	63	24
402752	https://m.cafe.naver.com/ca-fe/web/cafes/10503958/articles/402752	302 72 핸섬	아카데미 1/72 FA-18 호넷 스펀지 도색	389	25	8
402733	https://m.cafe.naver.com/ca-fe/web/cafes/10503958/articles/402733	시뇨	일요일 하루만에 완성했습니다, 라팔C 아카데미 1/48	1491	89	68
402724	https://m.cafe.naver.com/ca-fe/web/cafes/10503958/articles/402724	무야호할아버지	KC-135 완성	360	25	2
402700	https://m.cafe.naver.com/ca-fe/web/cafes/10503958/articles/402700	시뇨	전자전 항공기 EA-6A 와일드위즐 완성했습니다.	747	62	53
402693	https://m.cafe.naver.com/ca-fe/web/cafes/10503958/articles/402693	가무라상	아카데미 B-2A (케이스 포함)	666	26	2
402692	https://m.cafe.naver.com/ca-fe/web/cafes/10503958/articles/402692	가무라상	아카데미 C-172(한국항공대 버전)	797	37	7
402691	https://m.cafe.naver.com/ca-fe/web/cafes/10503958/articles/402691	eproman	HASEGAWA 1/72 Ki-43 HAYABUSA 일본 전투기	272	21	8
402677	https://m.cafe.naver.com/ca-fe/web/cafes/10503958/articles/402677	알바트로스97	하비보스 1/72  유로파이터입니다	312	22	3
402666	https://m.cafe.naver.com/ca-fe/web/cafes/10503958/articles/402666	피자감자칩	파인몰드 1/48 MXY-7 오카	248	18	7
402657	https://m.cafe.naver.com/ca-fe/web/cafes/10503958/articles/402657	다쓰붸이다	"Traped." USN F-14D "VF-2 Bounty hunters" 1/48 Academy(AMK)	670	56	21
402654	https://m.cafe.naver.com/ca-fe/web/cafes/10503958/articles/402654	예비역하사 Pusan	아카데미과학 1/72 ROKAF KF-21 보라매 완성작입니다.	1466	33	15
402650	https://m.cafe.naver.com/ca-fe/web/cafes/10503958/articles/402650	시뇨	1/32 유로파이터 타이푼 w/ 스톰쉐도우 완성했습니다	833	47	45
402643	https://m.cafe.naver.com/ca-fe/web/cafes/10503958/articles/402643	다쓰붸이다	"Trap!!" - USN F-14D CAG bird of "VF-2 Bounty hunters" CV-64 USS Constellation May, 2003	297	26	5
402634	https://m.cafe.naver.com/ca-fe/web/cafes/10503958/articles/402634	타키온71v천안	AMK 1/48 F-14 톰캣	757	44	25
402631	https://m.cafe.naver.com/ca-fe/web/cafes/10503958/articles/402631	sh2944	1/35 Kamov Ka-29 Helix - B 完	562	43	17
402603	https://m.cafe.naver.com/ca-fe/web/cafes/10503958/articles/402603	빵께	아카데미 SU-27SM. 에어로 프라모델은 처음 입니다.	679	29	0
402602	https://m.cafe.naver.com/ca-fe/web/cafes/10503958/articles/402602	캐나다초보아재	아카데미 AH-1Z 완성 겸 공구추천 부탁 합니다	281	21	7
402600	https://m.cafe.naver.com/ca-fe/web/cafes/10503958/articles/402600	수호이	1/48 F-20B & F/A-20C (ROKAF버전)	418	27	6
402598	https://m.cafe.naver.com/ca-fe/web/cafes/10503958/articles/402598	백이사	Fender Custom Shop 방식으로 만든 F-14 톰캣 (No.16)	907	31	9
402580	https://m.cafe.naver.com/ca-fe/web/cafes/10503958/articles/402580	SPOOKY	ROKAF F-16C	703	59	26
402568	https://m.cafe.naver.com/ca-fe/web/cafes/10503958/articles/402568	쓰삐빵빵	1/48 키네틱 SEM 완성	383	34	18
402566	https://m.cafe.naver.com/ca-fe/web/cafes/10503958/articles/402566	호라웅	타미야 1/48 Lockheed Martin F-35B VMFA-242 'Bats'	591	36	15
402553	https://m.cafe.naver.com/ca-fe/web/cafes/10503958/articles/402553	도용	T-50 블랙이글스 아카데미과학 1/72	304	16	6
402549	https://m.cafe.naver.com/ca-fe/web/cafes/10503958/articles/402549	인생살	미해군 '졸리로저스  F/A-18F	180	13	0
402548	https://m.cafe.naver.com/ca-fe/web/cafes/10503958/articles/402548	jpfalcon01	Hasegawa 1/48 F/A-18D	585	42	16
402520	https://m.cafe.naver.com/ca-fe/web/cafes/10503958/articles/402520	eproman	BRENGUN. 1/72 HENSCHEL HS-126 B1 독일 정찰기	321	22	25
402502	https://m.cafe.naver.com/ca-fe/web/cafes/10503958/articles/402502	피자감자칩	타미야 1/48 V-1 로켓	196	15	2
402500	https://m.cafe.naver.com/ca-fe/web/cafes/10503958/articles/402500	송범	[한국공군 전투기] F-4D	354	24	7
402490	https://m.cafe.naver.com/ca-fe/web/cafes/10503958/articles/402490	최영호	휴스 H-4 허큘리스 항공기 3D 입체 프라모델	233	8	2
402479	https://m.cafe.naver.com/ca-fe/web/cafes/10503958/articles/402479	알바트로스97	미그 29  펄크럼	273	14	4
402443	https://m.cafe.naver.com/ca-fe/web/cafes/10503958/articles/402443	eproman	REVELL 1/72 ARADO AR-240 독일전투기	230	15	6
402428	https://m.cafe.naver.com/ca-fe/web/cafes/10503958/articles/402428	저비저비	1/72 Heller E-2C HAWKEYE	599	33	20
402423	https://m.cafe.naver.com/ca-fe/web/cafes/10503958/articles/402423	metalmetal	극초초초초보 모형인의 타미야 1/72 f-14d형 완성기 입니다~^^	229	16	12
402385	https://m.cafe.naver.com/ca-fe/web/cafes/10503958/articles/402385	시뇨	뱅기 만들면 갖고 노시나요? A-10 탱크킬러 완성!!	1573	87	91
402383	https://m.cafe.naver.com/ca-fe/web/cafes/10503958/articles/402383	Monte 69	트럼페터 1/32 Corsair F4U -4	497	39	24
402376	https://m.cafe.naver.com/ca-fe/web/cafes/10503958/articles/402376	Joker12	아카데미 1/72 texan(텍산)완성입니다	456	33	12
402357	https://m.cafe.naver.com/ca-fe/web/cafes/10503958/articles/402357	Pano	초보 P-38 라이트닝 완성	190	17	4
402356	https://m.cafe.naver.com/ca-fe/web/cafes/10503958/articles/402356	슈발리에	[HASEGAWA] 1/48 F-15J Shiro Ryu '백룡'	247	19	7
402354	https://m.cafe.naver.com/ca-fe/web/cafes/10503958/articles/402354	화랑모델	1/72 공군 KF-21 보라매 타우러스.ver	326	10	1
402306	https://m.cafe.naver.com/ca-fe/web/cafes/10503958/articles/402306	수호이	1/48 KF-5F	576	38	12
402305	https://m.cafe.naver.com/ca-fe/web/cafes/10503958/articles/402305	수호이	1/48 F-15SE (ROKAF버전)	547	32	3
402276	https://m.cafe.naver.com/ca-fe/web/cafes/10503958/articles/402276	eproman	VALOM 1/72 FOKKER T.V 네덜란드 폭격기	326	24	18
402273	https://m.cafe.naver.com/ca-fe/web/cafes/10503958/articles/402273	꼬끼오	1/48 MENG F-4E ROKAF "Phantom II" MIMEX	679	46	17
402266	https://m.cafe.naver.com/ca-fe/web/cafes/10503958/articles/402266	타키온71v천안	하비보스 1/48 Mig-31 Foxhound	759	50	33
402255	https://m.cafe.naver.com/ca-fe/web/cafes/10503958/articles/402255	공장장	하세가와 1/48 F-16IQ (이라크공군)	260	29	13
402254	https://m.cafe.naver.com/ca-fe/web/cafes/10503958/articles/402254	cybertruck	아카데미(AMK 재포장) 1/48 MIG-31 BM/BSM	553	37	10
402230	https://m.cafe.naver.com/ca-fe/web/cafes/10503958/articles/402230	수호이	1/48 F-15EX (ROKAF 버전)	758	40	12
402223	https://m.cafe.naver.com/ca-fe/web/cafes/10503958/articles/402223	romeo	1/48 Bf109C 'Shark mouth'	430	32	20
402184	https://m.cafe.naver.com/ca-fe/web/cafes/10503958/articles/402184	수호이	1/48 FA-50 (WHAT IF)	548	44	4
402180	https://m.cafe.naver.com/ca-fe/web/cafes/10503958/articles/402180	Waterloo	완성) F-16C 100 Years of Flying Fiends 1/48	338	31	4
402179	https://m.cafe.naver.com/ca-fe/web/cafes/10503958/articles/402179	텅호	[ MH-47 ] 1/72사이즈 프라모델 미특수전 버전 만들기	212	18	3
402171	https://m.cafe.naver.com/ca-fe/web/cafes/10503958/articles/402171	인생살	KF21 보라매 완성입니다..	614	13	1
402153	https://m.cafe.naver.com/ca-fe/web/cafes/10503958/articles/402153	iloom	1/48 아카데미 a6m2 제로	396	19	6
402151	https://m.cafe.naver.com/ca-fe/web/cafes/10503958/articles/402151	댕구	F14 Vampires  입니다	540	25	8
402130	https://m.cafe.naver.com/ca-fe/web/cafes/10503958/articles/402130	HK	【KittyHawk】Su-34	279	26	6
402111	https://m.cafe.naver.com/ca-fe/web/cafes/10503958/articles/402111	신 의 손	T-50 GOLDEN EAGLE 완성기	632	51	9
402108	https://m.cafe.naver.com/ca-fe/web/cafes/10503958/articles/402108	Koko Park	[Con. 201] 무미익기.	267	11	5
402061	https://m.cafe.naver.com/ca-fe/web/cafes/10503958/articles/402061	지나가던 행인	1/48 F-8 완성했습니다	559	27	4
402050	https://m.cafe.naver.com/ca-fe/web/cafes/10503958/articles/402050	동수정	아카데미과학 1:72  F-4J  "졸리 로저스"	301	26	8
402038	https://m.cafe.naver.com/ca-fe/web/cafes/10503958/articles/402038	eproman	ICM 1/72 DO-17Z-2 독일 경폭격기	360	27	8
402037	https://m.cafe.naver.com/ca-fe/web/cafes/10503958/articles/402037	eproman	KPM 1/72  Fiat G.50 bis Freccia 전투기 크로아티아군 버전	233	21	8
402032	https://m.cafe.naver.com/ca-fe/web/cafes/10503958/articles/402032	시뇨	이번엔 슈퍼호넷 완성했습니다. 멩 F/A-18F 슈퍼호넷.	1451	67	62
402029	https://m.cafe.naver.com/ca-fe/web/cafes/10503958/articles/402029	뿌릉	하세가와 1/72 F-4 팬텀II 그레이고스트 완성.	584	50	41
402022	https://m.cafe.naver.com/ca-fe/web/cafes/10503958/articles/402022	명품유리샷시님	1/32차이니스f-7 미그21이네요 ㅎ	197	9	6
402015	https://m.cafe.naver.com/ca-fe/web/cafes/10503958/articles/402015	슈발리에	[Hasegawa] 1/48 F-16CJ Block 50 Operation Southern Watch	434	43	20
401996	https://m.cafe.naver.com/ca-fe/web/cafes/10503958/articles/401996	시뇨	대물 호넷 완성했습니다, 1/32 아카데미 F/A-18D 레거시 호넷	2565	105	76
401994	https://m.cafe.naver.com/ca-fe/web/cafes/10503958/articles/401994	텅호	[ AH-1Z ] 1/72사이즈 프라모델 미해병 바이퍼 만들기	283	19	6
401987	https://m.cafe.naver.com/ca-fe/web/cafes/10503958/articles/401987	SPOOKY	TA-50 (SB open형태)	474	46	23
401985	https://m.cafe.naver.com/ca-fe/web/cafes/10503958/articles/401985	SPOOKY	KAF P-51	398	46	28
401966	https://m.cafe.naver.com/ca-fe/web/cafes/10503958/articles/401966	탐탐	M6A1 Seiran (Tamiya, 1/48)	309	30	14
401965	https://m.cafe.naver.com/ca-fe/web/cafes/10503958/articles/401965	쏘카둥둥이	1/48 tamiya a-10 첫 비행기 프라모델 완성	638	22	4
401957	https://m.cafe.naver.com/ca-fe/web/cafes/10503958/articles/401957	임자929	아카데미 kf-21 1/72	767	36	2
401935	https://m.cafe.naver.com/ca-fe/web/cafes/10503958/articles/401935	알바트로스97	졸리로저스 3형제	607	22	13
401932	https://m.cafe.naver.com/ca-fe/web/cafes/10503958/articles/401932	알바트로스97	F-14  졸리로저스완성입니다	438	24	11
401929	https://m.cafe.naver.com/ca-fe/web/cafes/10503958/articles/401929	소주병	A-10C Thunderbolt II, Academy 1/48	1321	68	32
401923	https://m.cafe.naver.com/ca-fe/web/cafes/10503958/articles/401923	iata	1/144 티웨이항공 A330-300	572	22	11
401909	https://m.cafe.naver.com/ca-fe/web/cafes/10503958/articles/401909	otopilot	1/48 Tamiya F-16C Block 25/32 Fighting Falcon ANG (Air National Guard)	213	19	5
401871	https://m.cafe.naver.com/ca-fe/web/cafes/10503958/articles/401871	타키온71v천안	아카데미 1/48 미그23M	976	58	34
401861	https://m.cafe.naver.com/ca-fe/web/cafes/10503958/articles/401861	위이잉	타미야 1/48 F-16CJ	228	22	2
401829	https://m.cafe.naver.com/ca-fe/web/cafes/10503958/articles/401829	예쁜반달여우아빠	BKACK SHEEP (UMA1/48 AV-8B Harrier II Plus)	1600	91	39
401811	https://m.cafe.naver.com/ca-fe/web/cafes/10503958/articles/401811	코코비	F-14A,su-27,mig-25 완성	329	22	5
401805	https://m.cafe.naver.com/ca-fe/web/cafes/10503958/articles/401805	TripleJ	아카데미 1/72 MCP T50 완성하였습니다.	197	11	3
401798	https://m.cafe.naver.com/ca-fe/web/cafes/10503958/articles/401798	괴링	[하세가와] 1/48 F-16A 이스라엘 공군형.	342	22	4
401794	https://m.cafe.naver.com/ca-fe/web/cafes/10503958/articles/401794	피자감자칩	즈베즈다 1/72 Su-57	439	23	6
401781	https://m.cafe.naver.com/ca-fe/web/cafes/10503958/articles/401781	Joker12	아카데미 1/72 ju87 슈투카 완성입니다	511	40	21
401769	https://m.cafe.naver.com/ca-fe/web/cafes/10503958/articles/401769	dolph	1/48 아카데미 USN SBD-3 그립다 에큐리트미니어쳐	449	32	16
401756	https://m.cafe.naver.com/ca-fe/web/cafes/10503958/articles/401756	소주병	Su-34 Fullback Strike Fighter, Hobbyboss 1/48	1132	67	31
401735	https://m.cafe.naver.com/ca-fe/web/cafes/10503958/articles/401735	피자감자칩	1/72 EA-18G 그라울러	542	41	6
401725	https://m.cafe.naver.com/ca-fe/web/cafes/10503958/articles/401725	Zetex	F-16I 1/48 GWH	1114	46	26
401722	https://m.cafe.naver.com/ca-fe/web/cafes/10503958/articles/401722	저비저비	1/48 타미야 F-16 썬더버즈	442	26	11
401719	https://m.cafe.naver.com/ca-fe/web/cafes/10503958/articles/401719	romeo	아카데미 1/48 Tomahawk Mk.II 'Ace of African front'	758	64	26
401716	https://m.cafe.naver.com/ca-fe/web/cafes/10503958/articles/401716	개똥철학자	F-22 아카데미 1/72 초보의 스폰지도색 완성작입니다 ㅎㅎ	346	26	9
401713	https://m.cafe.naver.com/ca-fe/web/cafes/10503958/articles/401713	시뇨	고생&희열, 미해병대 av-8b 해리어 II plus 완성했습니다.	1044	61	55
401673	https://m.cafe.naver.com/ca-fe/web/cafes/10503958/articles/401673	과부댁돌쇠	Zvezda MIG21MF 완성	176	18	2
401667	https://m.cafe.naver.com/ca-fe/web/cafes/10503958/articles/401667	텅호	[ UH-1Y ] 1/72사이즈 휴이 만들어 봤습니다.	210	8	3
401649	https://m.cafe.naver.com/ca-fe/web/cafes/10503958/articles/401649	테크프라	AC-130 & C-130 플레어 디오라마_죽음의천사	1183	66	36
401635	https://m.cafe.naver.com/ca-fe/web/cafes/10503958/articles/401635	yasasee	1/48 Meng F-4G Phantom 2	303	24	13
401618	https://m.cafe.naver.com/ca-fe/web/cafes/10503958/articles/401618	ti121177	F-4EJ KAI 302SQ 30th anniversary 1/72 hasegawa	239	16	9
401616	https://m.cafe.naver.com/ca-fe/web/cafes/10503958/articles/401616	시뇨	Ah-64d 아파치, 타콤 1/35 입니다	805	47	36
401606	https://m.cafe.naver.com/ca-fe/web/cafes/10503958/articles/401606	알바트로스97	Kf-16  아카데미 완성	1372	38	14
401599	https://m.cafe.naver.com/ca-fe/web/cafes/10503958/articles/401599	피자감자칩	1/48 F-4D '방위성금헌납기'	397	41	8
401591	https://m.cafe.naver.com/ca-fe/web/cafes/10503958/articles/401591	lucky07	KA-1 완성작 입니다ㅎ	387	26	5
401585	https://m.cafe.naver.com/ca-fe/web/cafes/10503958/articles/401585	metalmetal	극초초초초보 모형인의 타미야 32머스탱 제작기4와 완성기 입니다~^^	179	9	4
401583	https://m.cafe.naver.com/ca-fe/web/cafes/10503958/articles/401583	나노회장	WW2 RAF Airfield	177	16	4
401573	https://m.cafe.naver.com/ca-fe/web/cafes/10503958/articles/401573	동수정	아카데미과학 1 : 72 PV-1 "벤츄라"	355	27	15
401546	https://m.cafe.naver.com/ca-fe/web/cafes/10503958/articles/401546	토토로71	아카데미과학 라팔C(스펀지 도색+붓도색)	997	41	18
401525	https://m.cafe.naver.com/ca-fe/web/cafes/10503958/articles/401525	백이사	F-14 톰캣 하이비즈 이렇게도 만들 수 있습니다. (불사웅묘)	914	21	4
401506	https://m.cafe.naver.com/ca-fe/web/cafes/10503958/articles/401506	브란덴부르크	1/48 아카데미 돈틀리스 3색 위장형 완성	1072	73	34
401504	https://m.cafe.naver.com/ca-fe/web/cafes/10503958/articles/401504	탐탐	P-40E Warhawk (Hasegawa, 1/48)	192	26	12
401494	https://m.cafe.naver.com/ca-fe/web/cafes/10503958/articles/401494	피자감자칩	타미야 1/72 F-35A 라이트닝 II	281	20	4
401479	https://m.cafe.naver.com/ca-fe/web/cafes/10503958/articles/401479	화랑모델	1/48 FA-50 동계 위장형 /ex.어그랫서	218	6	2
401462	https://m.cafe.naver.com/ca-fe/web/cafes/10503958/articles/401462	시뇨	대물로 만나니 완전 글래머, F-4 팬텀 미해병대 버전	1068	54	55
401448	https://m.cafe.naver.com/ca-fe/web/cafes/10503958/articles/401448	송범	[한국공군 지상지원기] O-2A	264	18	4
401435	https://m.cafe.naver.com/ca-fe/web/cafes/10503958/articles/401435	과부댁돌쇠	알바트로기 경량기 완성	172	10	6
401425	https://m.cafe.naver.com/ca-fe/web/cafes/10503958/articles/401425	시뇨	겁나 아름다운 대물, 타미야 1/32 F-16 팰콘 완성했습니다.	1557	80	63
401376	https://m.cafe.naver.com/ca-fe/web/cafes/10503958/articles/401376	mmmm072	아카즈베즈다 B777-300ER 대한항공 구도장입니다.	429	29	12
401357	https://m.cafe.naver.com/ca-fe/web/cafes/10503958/articles/401357	타키온71v천안	아카데미 1/48 미그21	874	47	31
401307	https://m.cafe.naver.com/ca-fe/web/cafes/10503958/articles/401307	romeo	1/72 Heinkel He111 Afrika	752	62	29
401305	https://m.cafe.naver.com/ca-fe/web/cafes/10503958/articles/401305	블랙kid	아카데미 mig31 led 작업	550	29	6
401298	https://m.cafe.naver.com/ca-fe/web/cafes/10503958/articles/401298	Wiesel2Ozelot	1/72 유로파이터 입니다.	276	20	1
401292	https://m.cafe.naver.com/ca-fe/web/cafes/10503958/articles/401292	모닥	아카데미 A-10 완성	893	51	14
401239	https://m.cafe.naver.com/ca-fe/web/cafes/10503958/articles/401239	예비역하사 Pusan	아카데미과학 1/48 세스나 172 T-41B 완성작입니다.	749	30	12
401237	https://m.cafe.naver.com/ca-fe/web/cafes/10503958/articles/401237	P159	부끄럽지만...눈팅하다.. 아카데미 T50B 블랙이글과 울프팩의 T50 초도기	490	36	20
401233	https://m.cafe.naver.com/ca-fe/web/cafes/10503958/articles/401233	prose2	Academy 1/72 F-4D 방위성금헌납기	894	56	18
401232	https://m.cafe.naver.com/ca-fe/web/cafes/10503958/articles/401232	SPOOKY	F-15K [02-007]	633	58	43
401217	https://m.cafe.naver.com/ca-fe/web/cafes/10503958/articles/401217	hobby7	F-4E 오산기지 ver.(1/48)	512	19	2
401181	https://m.cafe.naver.com/ca-fe/web/cafes/10503958/articles/401181	햇살쬐는영감	[Hasegawa] 1/32 Messerschmitt Bf 109G-6	237	28	6
401160	https://m.cafe.naver.com/ca-fe/web/cafes/10503958/articles/401160	텅호	[ MH-53 ] 트랜스포머보고 뽕받아서 만들어봤습니다 1\72	326	18	12
401131	https://m.cafe.naver.com/ca-fe/web/cafes/10503958/articles/401131	F14A	F-14A 3D 내부 데칼 링크 있나요?	145	0	6
401126	https://m.cafe.naver.com/ca-fe/web/cafes/10503958/articles/401126	달모로	아카데미 1/72 F-22 완성	663	27	17
401123	https://m.cafe.naver.com/ca-fe/web/cafes/10503958/articles/401123	화랑모델	1/48 KF-21 보라매	345	6	0
401103	https://m.cafe.naver.com/ca-fe/web/cafes/10503958/articles/401103	텅호	[ A-10썬더볼트 ] 1/72사이즈 프라모델  100주년기념 블랙버전 만들기	267	14	5
401102	https://m.cafe.naver.com/ca-fe/web/cafes/10503958/articles/401102	텅호	[ A-10썬더볼트 ] 1/72사이즈 프라모델 주한미군버전 만들기	241	19	5
401043	https://m.cafe.naver.com/ca-fe/web/cafes/10503958/articles/401043	한정훈	아카데미 1/72 f-15	347	31	19
401035	https://m.cafe.naver.com/ca-fe/web/cafes/10503958/articles/401035	아방이엔	Academy 1/72 F-4J	279	30	7
401033	https://m.cafe.naver.com/ca-fe/web/cafes/10503958/articles/401033	프라모델뉴비	아카데미 F-15E 1/72 완성	289	19	8
400994	https://m.cafe.naver.com/ca-fe/web/cafes/10503958/articles/400994	알바트로스97	F/A-18  졸리로저스	337	19	4
400992	https://m.cafe.naver.com/ca-fe/web/cafes/10503958/articles/400992	시뇨	세상 가장 사랑 받는 전투기, F-14D 톰캣의 매력에 푹 빠져보았습니다	1581	69	48
400909	https://m.cafe.naver.com/ca-fe/web/cafes/10503958/articles/400909	화랑모델	L-SAM 장거리 지대공 미사일 모형	222	11	0
400881	https://m.cafe.naver.com/ca-fe/web/cafes/10503958/articles/400881	Pano	1/72 Ka-52 공격헬기 입니다.	434	17	7
400880	https://m.cafe.naver.com/ca-fe/web/cafes/10503958/articles/400880	빈아빠	아카데미 1/48 KF-5E 제공호 만들어봤습니다.area88	1004	55	30
400861	https://m.cafe.naver.com/ca-fe/web/cafes/10503958/articles/400861	romeo	1/48 Gloster Gladiator Mk.I SAAF. Battle of East Africa	244	35	14
400859	https://m.cafe.naver.com/ca-fe/web/cafes/10503958/articles/400859	아졸바	P-47 썬더볼트 만들었습니다	326	19	14
400841	https://m.cafe.naver.com/ca-fe/web/cafes/10503958/articles/400841	스파르타	에듀어드 1/48 P-40E	249	27	2
400822	https://m.cafe.naver.com/ca-fe/web/cafes/10503958/articles/400822	블랙kid	F-14 망한작품..	1274	29	19
400820	https://m.cafe.naver.com/ca-fe/web/cafes/10503958/articles/400820	lucky07	F-4E 1/72 완성작 입니다!	719	49	10
400816	https://m.cafe.naver.com/ca-fe/web/cafes/10503958/articles/400816	시뇨	이런 경험 없을 겁니다, F-102A 델타대거	1347	56	43
400810	https://m.cafe.naver.com/ca-fe/web/cafes/10503958/articles/400810	엘캐피탄	P51D 디오라마 1:32	397	39	8
400795	https://m.cafe.naver.com/ca-fe/web/cafes/10503958/articles/400795	명품유리샷시님	맹f18슈퍼호넷 완성요	466	24	9
400774	https://m.cafe.naver.com/ca-fe/web/cafes/10503958/articles/400774	시뇨	역시 대물은 타미야, F-15E 스트라이크이글 1/32 완성했습니다.	3796	133	96
400756	https://m.cafe.naver.com/ca-fe/web/cafes/10503958/articles/400756	알바트로스97	하비보스 1/72  라팔M	343	19	5
400748	https://m.cafe.naver.com/ca-fe/web/cafes/10503958/articles/400748	Koko Park	[아카데미 1/72 mpc f16] F-16 AT/ U형. 야외촬영을 해보았습니다.	277	13	4
400730	https://m.cafe.naver.com/ca-fe/web/cafes/10503958/articles/400730	LAYA	아카데미 1/100 F-15	282	12	6
400725	https://m.cafe.naver.com/ca-fe/web/cafes/10503958/articles/400725	아카데미과학	아카데미과학 1/72 F22	950	24	10
400709	https://m.cafe.naver.com/ca-fe/web/cafes/10503958/articles/400709	Monte 69	영국의 구원투수 "SPITFIRE" Mk VI ~~	257	20	13
400684	https://m.cafe.naver.com/ca-fe/web/cafes/10503958/articles/400684	개똥철학자	KF-21 1/72 아카데미	381	19	4
400683	https://m.cafe.naver.com/ca-fe/web/cafes/10503958/articles/400683	백이사	TPS F-14 톰캣	801	21	13
400679	https://m.cafe.naver.com/ca-fe/web/cafes/10503958/articles/400679	프라탑모델러	Bell 47D MASH HL 헬기 2002년 아카데미과학 제품입니다	1094	33	15
400675	https://m.cafe.naver.com/ca-fe/web/cafes/10503958/articles/400675	깐돌이	1/32 트럼펫  톰캣 드디어 완성했습니다. 포에버 톰캣	627	37	24
400653	https://m.cafe.naver.com/ca-fe/web/cafes/10503958/articles/400653	metalmetal	연속 이틀 게시 죄송합니다 ㅜ 극초초초보 모형인의 타미야 1/32 스핏파이어 완성했어요	560	40	29
400641	https://m.cafe.naver.com/ca-fe/web/cafes/10503958/articles/400641	Kwonoh	이사 오면서 상당히 많이 부서진 1/48 F-15K...	852	19	3
400624	https://m.cafe.naver.com/ca-fe/web/cafes/10503958/articles/400624	탐탐	F-51D Korean War (Tamiya, 1/48) 사진 재촬영	366	35	12
400621	https://m.cafe.naver.com/ca-fe/web/cafes/10503958/articles/400621	가브리엘74	TAMIYA, 1/48scale F-16CJ	602	30	8
400608	https://m.cafe.naver.com/ca-fe/web/cafes/10503958/articles/400608	타키온71v천안	하비보스 1/48 MIG-31BM w/ 칸잘 두번째	1257	55	24
400607	https://m.cafe.naver.com/ca-fe/web/cafes/10503958/articles/400607	모델러 김문수	1/144 f-4e silber team 커스텀을 만들어 왔습니다.	323	12	5
400598	https://m.cafe.naver.com/ca-fe/web/cafes/10503958/articles/400598	충남홍성 이원창	#77-1/144 ROKAF E-737 'Peace Eye'	567	41	21
400591	https://m.cafe.naver.com/ca-fe/web/cafes/10503958/articles/400591	알바트로스97	1/72 크피르 C7(콜롬비아)-아카데미AMK 완성	553	32	4
400581	https://m.cafe.naver.com/ca-fe/web/cafes/10503958/articles/400581	가브리엘74	하비보스 제품. 1/48scale A-10C. 썬더볼트2.공격기	360	18	5
400533	https://m.cafe.naver.com/ca-fe/web/cafes/10503958/articles/400533	피자감자칩	아카데미 1/48 Ta 183 후케바인	344	25	5
400517	https://m.cafe.naver.com/ca-fe/web/cafes/10503958/articles/400517	탐탐	F-51D Korean War (Tamiya, 1/48)	345	29	16
400482	https://m.cafe.naver.com/ca-fe/web/cafes/10503958/articles/400482	아롱아빠	1/48 B-1B 랜서	508	33	33
400461	https://m.cafe.naver.com/ca-fe/web/cafes/10503958/articles/400461	웅비호	1/48 A-10 아카데미	706	41	9
400460	https://m.cafe.naver.com/ca-fe/web/cafes/10503958/articles/400460	백이사	에메랄드 빛 후기 TPS 톰캣 붓도색으로 실기 재현	557	17	12
400435	https://m.cafe.naver.com/ca-fe/web/cafes/10503958/articles/400435	비비에이트	아카데미 UH-1Y 베놈	615	18	4
400422	https://m.cafe.naver.com/ca-fe/web/cafes/10503958/articles/400422	쓰삐빵빵	1/72 레벨 F-4F 재촬영	1184	28	27
400399	https://m.cafe.naver.com/ca-fe/web/cafes/10503958/articles/400399	도끼맨	1/48 F-14 (이탈레리) 완성	477	31	32
400380	https://m.cafe.naver.com/ca-fe/web/cafes/10503958/articles/400380	lucky07	F-4E 완성작 입니다!	662	49	11
400375	https://m.cafe.naver.com/ca-fe/web/cafes/10503958/articles/400375	paTton model	26년 첫 완성작 - 리틀버드	1058	63	23
400374	https://m.cafe.naver.com/ca-fe/web/cafes/10503958/articles/400374	dolph	아카데미 1/35 UH-60M 블랙호크	1415	54	43
400363	https://m.cafe.naver.com/ca-fe/web/cafes/10503958/articles/400363	괴링	[아카데미] 1/48 MIG-29AS 슬로바키아 공군	292	20	5
400362	https://m.cafe.naver.com/ca-fe/web/cafes/10503958/articles/400362	흰구름	아카데미 UH-1Y 베놈 완성 초보 처음으로 글 올려봅니다.	637	36	12
400351	https://m.cafe.naver.com/ca-fe/web/cafes/10503958/articles/400351	lucky07	F-4E 퇴역식 기념 도장 완성작 입니다ㅎ	462	41	16
400336	https://m.cafe.naver.com/ca-fe/web/cafes/10503958/articles/400336	괴링	[아카데미] 1/48 F-4D 팬텀II 한국공군 "151th FS, 11th FW"	379	28	7
400314	https://m.cafe.naver.com/ca-fe/web/cafes/10503958/articles/400314	타키온71v천안	하비보스 1/48 MIG-31BM w/ 칸잘	1134	37	24
400280	https://m.cafe.naver.com/ca-fe/web/cafes/10503958/articles/400280	차실장	제목 : TA-50 Golden Eagle 1/48 [Wolfpack]	470	35	26
400278	https://m.cafe.naver.com/ca-fe/web/cafes/10503958/articles/400278	도용	이탈레리 1/72 미라지2000c	406	24	8
400233	https://m.cafe.naver.com/ca-fe/web/cafes/10503958/articles/400233	솔냥	처음으로 완성한 프라입니다🔥	701	41	12
400205	https://m.cafe.naver.com/ca-fe/web/cafes/10503958/articles/400205	피자감자칩	하세가와 1/72 F-4J 제작기 (완성편)	392	24	6
400197	https://m.cafe.naver.com/ca-fe/web/cafes/10503958/articles/400197	슈발리에	[KA Models] 1/72 F-14A VF-124 Gunfighters	309	32	12
400170	https://m.cafe.naver.com/ca-fe/web/cafes/10503958/articles/400170	괴링	[AFV] 1/48 F-5E 카자마신  A88버전	337	23	9
400154	https://m.cafe.naver.com/ca-fe/web/cafes/10503958/articles/400154	나노회장	1/72 MV-22B Osprey and ground troop	382	28	7
400147	https://m.cafe.naver.com/ca-fe/web/cafes/10503958/articles/400147	Zetex	1/48 RAFALE M 1000hrs flight	425	26	18
400139	https://m.cafe.naver.com/ca-fe/web/cafes/10503958/articles/400139	피자감자칩	아카데미 1/48 Yak-1B	264	22	2
400113	https://m.cafe.naver.com/ca-fe/web/cafes/10503958/articles/400113	슈발리에	[Freedommodel] SD F-16I Sufa	315	32	9
400091	https://m.cafe.naver.com/ca-fe/web/cafes/10503958/articles/400091	명품유리샷시님	키네틱f16 헬레닉 완성요	381	23	11
400077	https://m.cafe.naver.com/ca-fe/web/cafes/10503958/articles/400077	괴링	[AFV] 1/48 F-CK-1C 경국	404	23	5
400074	https://m.cafe.naver.com/ca-fe/web/cafes/10503958/articles/400074	과부댁돌쇠	가장 싼 48스케일 F16 키트 완성	540	22	14
400070	https://m.cafe.naver.com/ca-fe/web/cafes/10503958/articles/400070	괴링	[아카데미] 1/48 SU-30MK FLANKER B	396	22	4
400044	https://m.cafe.naver.com/ca-fe/web/cafes/10503958/articles/400044	신입생	1/32 AV-8B Harrier II 완성	1177	70	21
400043	https://m.cafe.naver.com/ca-fe/web/cafes/10503958/articles/400043	jjongik9	Academy VF-111 sundowner 특별판 1:48 F-14A & F-4B	565	25	4
400027	https://m.cafe.naver.com/ca-fe/web/cafes/10503958/articles/400027	ROKAF205	1/72 ACADAMY 미해병대 F-35B 라이트닝ll VMFA-242배츠 전투기 완성	248	12	2
400004	https://m.cafe.naver.com/ca-fe/web/cafes/10503958/articles/400004	타키온71v천안	즈베즈다 1/48 SU-57	968	62	42
399999	https://m.cafe.naver.com/ca-fe/web/cafes/10503958/articles/399999	명품유리샷시님	키티호크su27 러시안 나이트 완성요~	288	24	14
399977	https://m.cafe.naver.com/ca-fe/web/cafes/10503958/articles/399977	Koko Park	[1/144 호크아이] 재촬영!	377	23	0
399946	https://m.cafe.naver.com/ca-fe/web/cafes/10503958/articles/399946	송범	[한국공군 전투기] F-5A	395	34	6
399920	https://m.cafe.naver.com/ca-fe/web/cafes/10503958/articles/399920	괴링	[하세가와] 1/48 F-8E 크루세이더 A88 버전	595	32	10
399919	https://m.cafe.naver.com/ca-fe/web/cafes/10503958/articles/399919	소주병	MIG-31BM w/KH-47M2, Hobbyboss 1/48	517	53	20
399911	https://m.cafe.naver.com/ca-fe/web/cafes/10503958/articles/399911	metalmetal	극초초초보의 타미야 1/32 f4u콜세어 완성기입니다	295	20	17
399892	https://m.cafe.naver.com/ca-fe/web/cafes/10503958/articles/399892	움하하핫	1/144 즈베즈다 A320 AERO K 완성	375	13	2
399878	https://m.cafe.naver.com/ca-fe/web/cafes/10503958/articles/399878	탐탐	P-40B (Trumpeter, 1/32)	200	21	8
399864	https://m.cafe.naver.com/ca-fe/web/cafes/10503958/articles/399864	주뇨니	Minibase 1/48 SU-33 플랭커D Red77	751	64	34
399861	https://m.cafe.naver.com/ca-fe/web/cafes/10503958/articles/399861	허럴룰루	[1/144] Academy B-52D Tommy's Tigator 완성했습니다	430	29	10
399848	https://m.cafe.naver.com/ca-fe/web/cafes/10503958/articles/399848	hwadong	1/72 P-51B MUSTANG 'OLD CROW'	160	14	7
399832	https://m.cafe.naver.com/ca-fe/web/cafes/10503958/articles/399832	괴링	[하세가와] 1/48  J35J 드라켄 A88 카자마 신	501	21	2
399822	https://m.cafe.naver.com/ca-fe/web/cafes/10503958/articles/399822	화랑모델	아카데미 1/48 FA-50 전투기 중동/아프리카 버전	344	21	4
399764	https://m.cafe.naver.com/ca-fe/web/cafes/10503958/articles/399764	괴링	[아카데미]  1/48 F-4B 팬텀II 선다우너즈	502	30	9
399749	https://m.cafe.naver.com/ca-fe/web/cafes/10503958/articles/399749	괴링	[아카데미] 1/48 F-4D 팬텀II 방위성금 헌납기	688	44	10
399737	https://m.cafe.naver.com/ca-fe/web/cafes/10503958/articles/399737	Zetex	1/48 REVELL SR-71A	778	35	10
399730	https://m.cafe.naver.com/ca-fe/web/cafes/10503958/articles/399730	Waterloo	X-02s & XFA-27 1/144 (에이스컴뱃)	274	12	3
399723	https://m.cafe.naver.com/ca-fe/web/cafes/10503958/articles/399723	iloom	1/72 아카데미 Ho229 호르텐	497	17	3
399716	https://m.cafe.naver.com/ca-fe/web/cafes/10503958/articles/399716	쓰삐빵빵	1/72 아카데미 수퍼에텐다드 완성	742	49	22
399707	https://m.cafe.naver.com/ca-fe/web/cafes/10503958/articles/399707	괴링	[아카데미] 1/48 KFIR C2/C7	457	30	3
399705	https://m.cafe.naver.com/ca-fe/web/cafes/10503958/articles/399705	괴링	[아카데미] 1/48 MIG-29AS 우크라이나	488	25	7
399687	https://m.cafe.naver.com/ca-fe/web/cafes/10503958/articles/399687	Cayde117	1/48 Mig-25BM 북한(DPRK) 공군 버젼	601	23	4
399679	https://m.cafe.naver.com/ca-fe/web/cafes/10503958/articles/399679	공장장	울프팩 1/48 RTAF (Royal Thai Airforce) T-50TH	248	29	4
399642	https://m.cafe.naver.com/ca-fe/web/cafes/10503958/articles/399642	코노	f-22 1/48 이탈레리	261	13	0
399636	https://m.cafe.naver.com/ca-fe/web/cafes/10503958/articles/399636	SPOOKY	UH-60JA	593	53	18
399631	https://m.cafe.naver.com/ca-fe/web/cafes/10503958/articles/399631	Essere Ferrari	1/48 Academy Su-27 Flanker -B	318	19	0
399613	https://m.cafe.naver.com/ca-fe/web/cafes/10503958/articles/399613	ill200488	아카데미 FA50 1/48	210	12	2
399600	https://m.cafe.naver.com/ca-fe/web/cafes/10503958/articles/399600	백이사	우리집 톰냥이들을 가볍게 소개합니다.	300	14	1
399598	https://m.cafe.naver.com/ca-fe/web/cafes/10503958/articles/399598	시뇨	1/48 하세가와 TA-4J 스카이호크 미해군기 완성했습니다.	935	57	53
399570	https://m.cafe.naver.com/ca-fe/web/cafes/10503958/articles/399570	lucky07	FA-50 완성작 입니다!	412	32	4
399567	https://m.cafe.naver.com/ca-fe/web/cafes/10503958/articles/399567	탐탐	F-22A (Academy, 1/72)	459	32	12
399559	https://m.cafe.naver.com/ca-fe/web/cafes/10503958/articles/399559	ti121177	Finemolds F-2B 완성했습니다	227	16	4
399546	https://m.cafe.naver.com/ca-fe/web/cafes/10503958/articles/399546	eproman	ITALERI 1/72 S.79 Sparviero 이탈리아 중형 폭격기/뇌격기	342	25	16
399521	https://m.cafe.naver.com/ca-fe/web/cafes/10503958/articles/399521	lucky07	F-15K MCP 완성작 입니다!	464	20	7
399490	https://m.cafe.naver.com/ca-fe/web/cafes/10503958/articles/399490	lucky07	FA-50 완성작 입니다!	829	43	14
399487	https://m.cafe.naver.com/ca-fe/web/cafes/10503958/articles/399487	Pano	타미야 1/72 F-14D 톰캣 입니다.	552	30	15
399480	https://m.cafe.naver.com/ca-fe/web/cafes/10503958/articles/399480	쑤안	아카데미 F-14A 퓨킨독스	677	29	4
399456	https://m.cafe.naver.com/ca-fe/web/cafes/10503958/articles/399456	또니아빠	1/72 아카데미 a-10 킴 캠벨 대위 탑승기 완성	533	20	12
399453	https://m.cafe.naver.com/ca-fe/web/cafes/10503958/articles/399453	라면국물	F-15K 1차분 001번 기체입니다. (아카데미 1/48)	325	15	1
399428	https://m.cafe.naver.com/ca-fe/web/cafes/10503958/articles/399428	시뇨	F-15i 라암 이스라엘 전폭기 완성했습니다	1177	54	54
399396	https://m.cafe.naver.com/ca-fe/web/cafes/10503958/articles/399396	HK	【MENG】1/48 J-20	625	38	3
399387	https://m.cafe.naver.com/ca-fe/web/cafes/10503958/articles/399387	위이잉	1/48 아카데미 T-50 고등훈련기	258	16	10
399386	https://m.cafe.naver.com/ca-fe/web/cafes/10503958/articles/399386	르클레르사생팬	아카데미과학 F-15C ANG 75th Anniversary "Medal Of Honor"	293	13	0
399359	https://m.cafe.naver.com/ca-fe/web/cafes/10503958/articles/399359	lucky07	KF-16CU 완성작 입니다!	631	37	6
399328	https://m.cafe.naver.com/ca-fe/web/cafes/10503958/articles/399328	뿌릉	1/72 Su-33 Flanker D 완성하였습니다.	2150	108	46
399322	https://m.cafe.naver.com/ca-fe/web/cafes/10503958/articles/399322	명품유리샷시님	키네틱su-33 완성요~~	251	18	22
399287	https://m.cafe.naver.com/ca-fe/web/cafes/10503958/articles/399287	아졸바	F-22 랩터입니다	1126	31	14
399285	https://m.cafe.naver.com/ca-fe/web/cafes/10503958/articles/399285	아듀	새해 데칼까지 마무리 지었네요	140	8	0
399260	https://m.cafe.naver.com/ca-fe/web/cafes/10503958/articles/399260	저비저비	1/48 이탈레리 Red arrows 영국공군	219	19	6
399259	https://m.cafe.naver.com/ca-fe/web/cafes/10503958/articles/399259	쓰삐빵빵	1/72 레벨 F-4F 완성	671	45	26
399227	https://m.cafe.naver.com/ca-fe/web/cafes/10503958/articles/399227	도끼맨	1/48  HARRIER GR Mk.7	421	31	15
399204	https://m.cafe.naver.com/ca-fe/web/cafes/10503958/articles/399204	리페어32	아카데미 1/48 A6M2b 제로센	442	20	7
399168	https://m.cafe.naver.com/ca-fe/web/cafes/10503958/articles/399168	꼬끼오	1/72 Academy F-35A Lightning II ROKAF	269	23	0
399139	https://m.cafe.naver.com/ca-fe/web/cafes/10503958/articles/399139	소주병	A-4M Skyhawk, Hasegawa 1/48	565	50	22
399131	https://m.cafe.naver.com/ca-fe/web/cafes/10503958/articles/399131	아롱아빠	1/48 에어로 진열장.	1330	66	18
399106	https://m.cafe.naver.com/ca-fe/web/cafes/10503958/articles/399106	Monte 69	1/32 F-16CJ 훨훨 날아라 ~~	845	40	33
399097	https://m.cafe.naver.com/ca-fe/web/cafes/10503958/articles/399097	시뇨	드뎌 빅스케일 F-4G 야생족제비 완성했습니다	779	58	61
399054	https://m.cafe.naver.com/ca-fe/web/cafes/10503958/articles/399054	예비역하사 Pusan	아카데미과학 1/48 UH-1D/H 헬리콥터 완성기입니다.	558	16	14
399049	https://m.cafe.naver.com/ca-fe/web/cafes/10503958/articles/399049	아오조아라	2025년도 완성작 결산 (feat 제미나이)	446	24	16
399043	https://m.cafe.naver.com/ca-fe/web/cafes/10503958/articles/399043	eproman	SPECIAL HOBBY 1/72 DELTA-1D/E  호주 경수송기	202	14	4
399032	https://m.cafe.naver.com/ca-fe/web/cafes/10503958/articles/399032	metalmetal	극 초초초초보 모형인의 타미야 1/48 f35c형 완성기 입니다 ㅜ	413	22	6
398993	https://m.cafe.naver.com/ca-fe/web/cafes/10503958/articles/398993	나노회장	1/48 Su-25 Frogfoot	570	44	14
398990	https://m.cafe.naver.com/ca-fe/web/cafes/10503958/articles/398990	나노회장	1/72 대한민국공군 팬텀퇴역식 3종	478	32	8
398982	https://m.cafe.naver.com/ca-fe/web/cafes/10503958/articles/398982	나자리노	1/48 MENG F-4E PHANTOM2 - 팬텀 퇴역식 기체+퇴역식 베이스,,,(사진 많음)	731	40	29
398963	https://m.cafe.naver.com/ca-fe/web/cafes/10503958/articles/398963	웅비호	1/48 울프팩 미그-21	380	19	3
398951	https://m.cafe.naver.com/ca-fe/web/cafes/10503958/articles/398951	심안	USMC F-35B. 1/72	391	20	5
398908	https://m.cafe.naver.com/ca-fe/web/cafes/10503958/articles/398908	프라델러K	썬더볼트 P-47D 30RA - 미니아트 1:48스케일	260	31	14
398895	https://m.cafe.naver.com/ca-fe/web/cafes/10503958/articles/398895	집그리는사람	1/35 UH-1H US ARMY 377TH MEDICAL COMPANY [1972 S.KOREA]- White door	592	48	33
398874	https://m.cafe.naver.com/ca-fe/web/cafes/10503958/articles/398874	오리꼬미	F-15j	260	22	3
398860	https://m.cafe.naver.com/ca-fe/web/cafes/10503958/articles/398860	타키온71v천안	미니베이스 1/48 SU-33	328	29	24
398836	https://m.cafe.naver.com/ca-fe/web/cafes/10503958/articles/398836	스큐의 프라 실험실	1/72 Academy F4U Corsair	456	28	12
398835	https://m.cafe.naver.com/ca-fe/web/cafes/10503958/articles/398835	시뇨	1/48 F-4J 팬텀II 다이아몬드백스 완성했습니다!	3681	96	63
398823	https://m.cafe.naver.com/ca-fe/web/cafes/10503958/articles/398823	HK	[G.W.H] 1/48 Su-30SM 'Blue 43'	756	54	14
398822	https://m.cafe.naver.com/ca-fe/web/cafes/10503958/articles/398822	둘기쓰	아카데미과학 1/144 f14 톰켓입니다	287	9	0
398791	https://m.cafe.naver.com/ca-fe/web/cafes/10503958/articles/398791	SPOOKY	[TAMIYA] F-35B VMFA-211 "Wake Island Avengers"	935	44	30
398772	https://m.cafe.naver.com/ca-fe/web/cafes/10503958/articles/398772	타키온71v천안	GWH 1/48 SU-35S	448	38	24
398764	https://m.cafe.naver.com/ca-fe/web/cafes/10503958/articles/398764	타키온71v천안	아카데미 1/48 S-27	270	28	6
398725	https://m.cafe.naver.com/ca-fe/web/cafes/10503958/articles/398725	eproman	MASTER CRAFT 1/72 SIEBEL SI-204 D/E  독일 경수송기	195	19	8
398720	https://m.cafe.naver.com/ca-fe/web/cafes/10503958/articles/398720	Koko Park	[쉬페르 에텐다르] 아카데미 1/72 super etendard	392	22	16
398714	https://m.cafe.naver.com/ca-fe/web/cafes/10503958/articles/398714	hobbys2nd	1/48 아카데미 F-15K	820	38	11
398694	https://m.cafe.naver.com/ca-fe/web/cafes/10503958/articles/398694	이세형81	아카데미과학 1/72 P-40N Warhawk 완성입니다	294	15	2
398693	https://m.cafe.naver.com/ca-fe/web/cafes/10503958/articles/398693	인아크	[1/48] MENG MODEL EA-18G 'GROWLER'	808	55	5
398690	https://m.cafe.naver.com/ca-fe/web/cafes/10503958/articles/398690	저비저비	1/48 UMA model, AV-8B 해리어	513	29	3
398686	https://m.cafe.naver.com/ca-fe/web/cafes/10503958/articles/398686	화랑모델	1/72 KF-21 동계위장 기체	351	14	2
398685	https://m.cafe.naver.com/ca-fe/web/cafes/10503958/articles/398685	화랑모델	1/72 KF-21 중동/아프리카 공군	185	8	0
398684	https://m.cafe.naver.com/ca-fe/web/cafes/10503958/articles/398684	충남홍성 이원창	#76-1/72 F-14A 톰캣 VF-33 Starfighters-ACADEMY.	433	36	22
398683	https://m.cafe.naver.com/ca-fe/web/cafes/10503958/articles/398683	화랑모델	1/72 KF-21 유러피안/아시안 공군	133	4	0
398682	https://m.cafe.naver.com/ca-fe/web/cafes/10503958/articles/398682	화랑모델	1/72 한국 공군 KF-21 4호기	164	5	0
398677	https://m.cafe.naver.com/ca-fe/web/cafes/10503958/articles/398677	ill200488	AI합성	169	11	3
398673	https://m.cafe.naver.com/ca-fe/web/cafes/10503958/articles/398673	yasasee	1/48 Academy F4F-4 Wildcat with vignetts	146	10	1
398669	https://m.cafe.naver.com/ca-fe/web/cafes/10503958/articles/398669	백이사	저도 이란 알리캣 완성?은 아니고...	984	31	15
398646	https://m.cafe.naver.com/ca-fe/web/cafes/10503958/articles/398646	hobby7	KF-5E 1/72 완성	285	28	2
398645	https://m.cafe.naver.com/ca-fe/web/cafes/10503958/articles/398645	하하하하하하요	1/48 F-14A Tomcat '' IRIAF '' Alicat	415	24	2
398630	https://m.cafe.naver.com/ca-fe/web/cafes/10503958/articles/398630	탐탐	Cessna 172 Floatplane (Academy, 1/48)	368	27	6
398604	https://m.cafe.naver.com/ca-fe/web/cafes/10503958/articles/398604	sanwam82004	AIRFIX 1/48 WESTLAND SEA KING HU.5	895	48	30
398603	https://m.cafe.naver.com/ca-fe/web/cafes/10503958/articles/398603	HK	【G.W.H】1/48 Su-35S	790	58	12
398572	https://m.cafe.naver.com/ca-fe/web/cafes/10503958/articles/398572	이세형81	아카데미과학 1/72 A-37B Dragonfly 완성	651	38	6
398522	https://m.cafe.naver.com/ca-fe/web/cafes/10503958/articles/398522	화랑모델	1/72 공군 F-35A 17전투비행단	322	4	1
398521	https://m.cafe.naver.com/ca-fe/web/cafes/10503958/articles/398521	화랑모델	1/48 공군 FA-50 공격기	616	11	1
398520	https://m.cafe.naver.com/ca-fe/web/cafes/10503958/articles/398520	화랑모델	1/48 KF-5F 제공호 복좌기체	293	3	0
398513	https://m.cafe.naver.com/ca-fe/web/cafes/10503958/articles/398513	송범	[한국공군 정찰기] RQ-4	273	17	4
398497	https://m.cafe.naver.com/ca-fe/web/cafes/10503958/articles/398497	시뇨	Mi-24, 하인드 공격헬기 완성했습니다.	1337	62	51
398463	https://m.cafe.naver.com/ca-fe/web/cafes/10503958/articles/398463	집그리는사람	1/35 UH-1H US ARMY 377th medical company [(1972 S.KOREA)]	596	41	20
398438	https://m.cafe.naver.com/ca-fe/web/cafes/10503958/articles/398438	MC스켈러	1/48 MiG-29AS "Slovak Air Force" 완성 입니다.	288	18	4
398437	https://m.cafe.naver.com/ca-fe/web/cafes/10503958/articles/398437	쓰삐빵빵	1/48 F-22 완성	616	32	17
398404	https://m.cafe.naver.com/ca-fe/web/cafes/10503958/articles/398404	차영	아카데미 1/72  F-15K Slam Eagle (12554)	738	46	6
398391	https://m.cafe.naver.com/ca-fe/web/cafes/10503958/articles/398391	maker	kf-21 완성	796	15	2
398390	https://m.cafe.naver.com/ca-fe/web/cafes/10503958/articles/398390	실마리온	아카데미 bf109 g-2 완성	246	18	2
398373	https://m.cafe.naver.com/ca-fe/web/cafes/10503958/articles/398373	쑤안	아카데미 C-130J 슈퍼 허큘리스	495	22	2
398372	https://m.cafe.naver.com/ca-fe/web/cafes/10503958/articles/398372	lucky07	현실고증 수정 후 완성된 TA-50 입니다	357	17	3
398354	https://m.cafe.naver.com/ca-fe/web/cafes/10503958/articles/398354	jjoo0908	저의 첫프라였어요	264	21	8
398340	https://m.cafe.naver.com/ca-fe/web/cafes/10503958/articles/398340	명품유리샷시님	하비보스su27 완성요~~	487	37	12
398321	https://m.cafe.naver.com/ca-fe/web/cafes/10503958/articles/398321	잊지않으리	초보의 노력으로 탄생한 레벨 A-6E 입니다.	454	33	7
398316	https://m.cafe.naver.com/ca-fe/web/cafes/10503958/articles/398316	mmmm072	하세가와 1/200 b737-800 제주항공 입니다.	980	48	26
398310	https://m.cafe.naver.com/ca-fe/web/cafes/10503958/articles/398310	김씨아저씨	1/144 아카데미 G4M1 Betty	464	18	4
398302	https://m.cafe.naver.com/ca-fe/web/cafes/10503958/articles/398302	HK	[AMK] 1/48 F-14D 'Black Lions'	715	58	17
398296	https://m.cafe.naver.com/ca-fe/web/cafes/10503958/articles/398296	임당	아카데미과학 와일드캣 완성!🇺🇸	565	32	13
398288	https://m.cafe.naver.com/ca-fe/web/cafes/10503958/articles/398288	lucky07	TA-50 완성작 입니다!	401	33	2
398280	https://m.cafe.naver.com/ca-fe/web/cafes/10503958/articles/398280	탐탐	B-52H (GWH, 1/144)	957	61	16
398279	https://m.cafe.naver.com/ca-fe/web/cafes/10503958/articles/398279	탐탐	SB2C-4 Helldiver (Academy, 1/72)	439	40	12
398243	https://m.cafe.naver.com/ca-fe/web/cafes/10503958/articles/398243	슈발리에	[Trumpeter] 1/48 Su-24M Fencer-D	520	37	22
398228	https://m.cafe.naver.com/ca-fe/web/cafes/10503958/articles/398228	시뇨	MH-6J 리틀버드 특수부대 강습모드 완성했습니다.	1622	86	67
398209	https://m.cafe.naver.com/ca-fe/web/cafes/10503958/articles/398209	공장장	하비보스 1/48 F/A-18F 블랙나이츠	393	29	12
398190	https://m.cafe.naver.com/ca-fe/web/cafes/10503958/articles/398190	시뇨	장르확장 연습도전, F-14A 푸킨독스 1/72	932	55	47
398179	https://m.cafe.naver.com/ca-fe/web/cafes/10503958/articles/398179	명품유리샷시님	1:32트럼펫 타이푼	366	18	17
398153	https://m.cafe.naver.com/ca-fe/web/cafes/10503958/articles/398153	다쓰붸이다	F-4E	4398	74	25
398152	https://m.cafe.naver.com/ca-fe/web/cafes/10503958/articles/398152	다쓰붸이다	F-15K	313	19	0
398151	https://m.cafe.naver.com/ca-fe/web/cafes/10503958/articles/398151	다쓰붸이다	KF-16D	418	22	0
398150	https://m.cafe.naver.com/ca-fe/web/cafes/10503958/articles/398150	은빛달	아카데미 1/144 C-130J-30 Super Hercules	580	22	5
398108	https://m.cafe.naver.com/ca-fe/web/cafes/10503958/articles/398108	이세형81	[Academy] 1/48 P-51 완성입니다	269	25	5
398093	https://m.cafe.naver.com/ca-fe/web/cafes/10503958/articles/398093	시나몬대위	아카데미 B-26 리버레이터 치핑+웨더링 도색	348	15	3
398077	https://m.cafe.naver.com/ca-fe/web/cafes/10503958/articles/398077	심안	ACADEMY 1/72 F-15C ANG "75th Anniversary Medal of Honor"	566	41	16
398064	https://m.cafe.naver.com/ca-fe/web/cafes/10503958/articles/398064	봉다뤼	타미야 1/48 f-14a 입니다	770	37	7
398050	https://m.cafe.naver.com/ca-fe/web/cafes/10503958/articles/398050	아아아아어	아카데미 1/72 Messerschmitt Bf109G-14	611	32	6
398034	https://m.cafe.naver.com/ca-fe/web/cafes/10503958/articles/398034	romeo	1/48 Henschel HS-129B-2 North Africa	337	23	2
398026	https://m.cafe.naver.com/ca-fe/web/cafes/10503958/articles/398026	연우아빠	에어리어88 _ 카자마신 전용기 3종 F-8E, F-5E, F20 _ 연우아빠 신상원편	387	24	16
398009	https://m.cafe.naver.com/ca-fe/web/cafes/10503958/articles/398009	한정훈	하세가와 1/32 me262 슈발베	182	13	2
397963	https://m.cafe.naver.com/ca-fe/web/cafes/10503958/articles/397963	airboy	F-16 MLU TIGER MEET (1/144 REVELL)	244	23	12
397962	https://m.cafe.naver.com/ca-fe/web/cafes/10503958/articles/397962	airboy	F-16C (BLOCK 25／32) FIGHTING FALCON ANG (1／48 TAMIYA)	240	25	4
397945	https://m.cafe.naver.com/ca-fe/web/cafes/10503958/articles/397945	소주병	P-47N Special “Expected Goose”, Academy 1/48	405	31	17
397909	https://m.cafe.naver.com/ca-fe/web/cafes/10503958/articles/397909	깜도르네	아카데미 1:72 CF-18A - No.433 "Porcupines" Sqn	349	15	4
397898	https://m.cafe.naver.com/ca-fe/web/cafes/10503958/articles/397898	저비저비	1/48 하세가와 YF-19 마크로스	623	30	12
397896	https://m.cafe.naver.com/ca-fe/web/cafes/10503958/articles/397896	eproman	ITALERI 1/72  FIAT CR.42 FALCO & CR.32  이탈리아 복엽 전투기	390	31	16
397880	https://m.cafe.naver.com/ca-fe/web/cafes/10503958/articles/397880	lucky07	KF-16CU 완성작 입니다!	491	38	4
397870	https://m.cafe.naver.com/ca-fe/web/cafes/10503958/articles/397870	코노	1/48 ea-18g vikings 버전?	244	14	5
397857	https://m.cafe.naver.com/ca-fe/web/cafes/10503958/articles/397857	prose2	F-4C "Robin Olds" (Academy 1:48)	609	52	16
397827	https://m.cafe.naver.com/ca-fe/web/cafes/10503958/articles/397827	탐탐	A6M2b Zero Fighter (Academy, 1/48)	470	36	9
397688	https://m.cafe.naver.com/ca-fe/web/cafes/10503958/articles/397688	metalmetal	극초초초보 모형인의 타미야1/48 화이트톰캣 완성했어용~^^	752	37	20
397679	https://m.cafe.naver.com/ca-fe/web/cafes/10503958/articles/397679	톰켓	(아카데미)F4F-4 Wild cat 입니다.	415	26	11
397663	https://m.cafe.naver.com/ca-fe/web/cafes/10503958/articles/397663	화랑모델	1/72 F-35A 제17전투비행단	318	15	2
397630	https://m.cafe.naver.com/ca-fe/web/cafes/10503958/articles/397630	jpfalcon01	1/72 F/A-18 Blue Angels(Legacy hornet)	460	27	5
397595	https://m.cafe.naver.com/ca-fe/web/cafes/10503958/articles/397595	도용	su57 아카데미과학 1/72	528	27	17
397551	https://m.cafe.naver.com/ca-fe/web/cafes/10503958/articles/397551	햇살쬐는영감	[Kinetic] 1/48 F/A-18C Hornet US Navy	551	26	4
397550	https://m.cafe.naver.com/ca-fe/web/cafes/10503958/articles/397550	햇살쬐는영감	[Kinetic] 1/48 ROKAF KF-16U Block 52 Viper	388	24	2
397548	https://m.cafe.naver.com/ca-fe/web/cafes/10503958/articles/397548	하하하하하하요	[REVEL] 1/48 F/A-18F SUPER HORNET	282	20	3
397536	https://m.cafe.naver.com/ca-fe/web/cafes/10503958/articles/397536	송범	[한국공군 전투기] F-86D	240	26	6
397527	https://m.cafe.naver.com/ca-fe/web/cafes/10503958/articles/397527	댄싱브러쉬	1/48 ACADEMY F-86F-40 RTAF	596	39	12
397437	https://m.cafe.naver.com/ca-fe/web/cafes/10503958/articles/397437	eproman	REVELL 1/72 BV-138 C-1/MS 독일 해상초계기	370	23	10
397427	https://m.cafe.naver.com/ca-fe/web/cafes/10503958/articles/397427	lucky07	F-5E 완성작 입니다!	424	28	4
397415	https://m.cafe.naver.com/ca-fe/web/cafes/10503958/articles/397415	ak74	아파치 ~~	608	18	6
397402	https://m.cafe.naver.com/ca-fe/web/cafes/10503958/articles/397402	도깨ㅂl	Das Werk 1/32 Ju EF-126	231	23	10
397392	https://m.cafe.naver.com/ca-fe/web/cafes/10503958/articles/397392	탐탐	Mirage IIIc (Hobby Boss, 1/48)	417	28	10
397391	https://m.cafe.naver.com/ca-fe/web/cafes/10503958/articles/397391	탐탐	PBY-5 (Academy, 1/72)	344	28	12
397389	https://m.cafe.naver.com/ca-fe/web/cafes/10503958/articles/397389	성더슨	아카데미 1/72 USN Lockheed PV-1 `Patrol Bomber`  완성 입니다.	266	22	17
397369	https://m.cafe.naver.com/ca-fe/web/cafes/10503958/articles/397369	스파르타	Revell 1/48 F-15E	704	41	14
397336	https://m.cafe.naver.com/ca-fe/web/cafes/10503958/articles/397336	성더슨	에어픽스 1/72 English Electric Lightning F.2A  완성 입니다.	177	16	19
397250	https://m.cafe.naver.com/ca-fe/web/cafes/10503958/articles/397250	붓도색	F- 86F 1/72 아카데미과학	365	18	3
397231	https://m.cafe.naver.com/ca-fe/web/cafes/10503958/articles/397231	noa730224	일본 전투기	241	1	0
397228	https://m.cafe.naver.com/ca-fe/web/cafes/10503958/articles/397228	noa730224	일본 전투기 입니다..^^	154	2	1
397211	https://m.cafe.naver.com/ca-fe/web/cafes/10503958/articles/397211	에브로인	1/72 V2 발사 장면 디오라마	627	62	15
397205	https://m.cafe.naver.com/ca-fe/web/cafes/10503958/articles/397205	lucky07	아카데미 콘테스트 출품작 입니다!	608	28	2
397182	https://m.cafe.naver.com/ca-fe/web/cafes/10503958/articles/397182	댕구	아카데미 P51B  1/48 입니다	295	10	0
397176	https://m.cafe.naver.com/ca-fe/web/cafes/10503958/articles/397176	cybertruck	아카데미 콘테스트 출품해봅니다.	517	21	2
397152	https://m.cafe.naver.com/ca-fe/web/cafes/10503958/articles/397152	성더슨	아카데미 1/48 ROKAF F-86D "108th Fighter-Interceptor Squadron"   완성 입니다.	227	18	14
397120	https://m.cafe.naver.com/ca-fe/web/cafes/10503958/articles/397120	슈발리에	[Academy] 1/48 F-15K Slam Eagle	963	59	10
397044	https://m.cafe.naver.com/ca-fe/web/cafes/10503958/articles/397044	톰켓	(ACADEMY) A6M2b Zero Fighter "battle of Midway”	302	23	14
397022	https://m.cafe.naver.com/ca-fe/web/cafes/10503958/articles/397022	졸린라이언	KF-21 생존신고합니다~^^;	285	13	2
397021	https://m.cafe.naver.com/ca-fe/web/cafes/10503958/articles/397021	논네이스	아카데미 Ah-1W Super Cobra 완성입니다.	516	26	4
397019	https://m.cafe.naver.com/ca-fe/web/cafes/10503958/articles/397019	논네이스	아카데미 Ah-64 아파치 완성했습니다.	446	19	5
397003	https://m.cafe.naver.com/ca-fe/web/cafes/10503958/articles/397003	SCALERZ	아카데미 b-2 sprit 도색완성	938	41	14
396999	https://m.cafe.naver.com/ca-fe/web/cafes/10503958/articles/396999	시뇨	아카콘 출품 임박에 초조와 설렘- uh-1y 베놈 완성	1010	39	47
396987	https://m.cafe.naver.com/ca-fe/web/cafes/10503958/articles/396987	타키온71v천안	MENG 1/48 J-20	400	28	20
396916	https://m.cafe.naver.com/ca-fe/web/cafes/10503958/articles/396916	나자리노	국민의 손길에서 국민의 마음으로......방금 마쳤습니다	579	47	19
396906	https://m.cafe.naver.com/ca-fe/web/cafes/10503958/articles/396906	lucky07	KF-16DU 완성작 입니다!	533	32	5
396890	https://m.cafe.naver.com/ca-fe/web/cafes/10503958/articles/396890	귀덩이	듕궈 Freedom 모형 F-4 완성	272	15	6
396888	https://m.cafe.naver.com/ca-fe/web/cafes/10503958/articles/396888	탐탐	F-35A 1000th (Academy, 1/72) 사진 재촬영해서 다시 올립니다.^^	260	29	8
396880	https://m.cafe.naver.com/ca-fe/web/cafes/10503958/articles/396880	고길동	북한공군의  F-15	425	15	3
396872	https://m.cafe.naver.com/ca-fe/web/cafes/10503958/articles/396872	바닷가에서	1/48 Academy 한국 공군 T-41 완성했습니다.	642	34	6
396862	https://m.cafe.naver.com/ca-fe/web/cafes/10503958/articles/396862	탐탐	P-39 (Academy, 1/48) 완성	295	23	10
396851	https://m.cafe.naver.com/ca-fe/web/cafes/10503958/articles/396851	김승국 dino꾹	1/72  아카데미 KF-21	1989	51	15
396803	https://m.cafe.naver.com/ca-fe/web/cafes/10503958/articles/396803	성더슨	아카데미 1/144 스케일 USAF B-1B Lancer 34th BS Thunderbirds 완성 입니다.	303	20	31
396800	https://m.cafe.naver.com/ca-fe/web/cafes/10503958/articles/396800	스파르타	magic factory 1/48 A-4M	425	30	9
396792	https://m.cafe.naver.com/ca-fe/web/cafes/10503958/articles/396792	성더슨	아카데미 1/48 USN XF5F-1 Skyrocket 완성 입니다.	221	14	18
396791	https://m.cafe.naver.com/ca-fe/web/cafes/10503958/articles/396791	탐탐	F-35A 1000th (Academy, 1/72)	379	22	0
396785	https://m.cafe.naver.com/ca-fe/web/cafes/10503958/articles/396785	SPOOKY	C-54 SKYMASTER	516	31	10
396780	https://m.cafe.naver.com/ca-fe/web/cafes/10503958/articles/396780	TU134	아카데미과학 1/144스케일 E-2C 완성	503	19	2
396730	https://m.cafe.naver.com/ca-fe/web/cafes/10503958/articles/396730	madgun76김순오	아카데미 1/48 BF109G-2 완성	671	34	15
396718	https://m.cafe.naver.com/ca-fe/web/cafes/10503958/articles/396718	말벌	TAMIYA 1/32 A6M3 Zero fighter 입니다.	465	28	16
396693	https://m.cafe.naver.com/ca-fe/web/cafes/10503958/articles/396693	madgun76김순오	타미야 1/48 FW190D-9	232	22	9
396664	https://m.cafe.naver.com/ca-fe/web/cafes/10503958/articles/396664	스파르타	UMA MODEL 1/48 AV-8B Harrier II Plus	510	35	16
396621	https://m.cafe.naver.com/ca-fe/web/cafes/10503958/articles/396621	타키온71v천안	ICM 1/48 MIG-25 BM	1032	44	23
396600	https://m.cafe.naver.com/ca-fe/web/cafes/10503958/articles/396600	성더슨	아카데미 1/144 Tu-22M3 Backfire C 폭격기 완성 입니다.	300	21	14
396583	https://m.cafe.naver.com/ca-fe/web/cafes/10503958/articles/396583	성더슨	하비보스 1/72 F-5E Tiger2 완성 입니다.	302	20	12
396573	https://m.cafe.naver.com/ca-fe/web/cafes/10503958/articles/396573	lucky07	KF-5E 완성작 입니다!	902	52	10
396570	https://m.cafe.naver.com/ca-fe/web/cafes/10503958/articles/396570	부정악사	TAMIYA 1/48 메서슈미트 Bf109 G-6	292	23	5
396569	https://m.cafe.naver.com/ca-fe/web/cafes/10503958/articles/396569	eproman	ACADEMY 1/72 PBM-5A 미국 해상 초계기	663	40	25
396550	https://m.cafe.naver.com/ca-fe/web/cafes/10503958/articles/396550	reformed17	1/72 P-51D 신념의 조인	279	13	0
396512	https://m.cafe.naver.com/ca-fe/web/cafes/10503958/articles/396512	김승국 dino꾹	1/48 하비갤러리 FA-50	720	30	10
396508	https://m.cafe.naver.com/ca-fe/web/cafes/10503958/articles/396508	감자맨	아카데미 KF-21 1/72	836	24	0
396506	https://m.cafe.naver.com/ca-fe/web/cafes/10503958/articles/396506	reformed17	1/72 Curtis P-40N & 81-A-2	170	8	0
396498	https://m.cafe.naver.com/ca-fe/web/cafes/10503958/articles/396498	프라델러K	미해병대 경공격 스카이호크 A-4M - 매직팩토리 1:48스케일	694	61	46
396494	https://m.cafe.naver.com/ca-fe/web/cafes/10503958/articles/396494	Koko Park	[가을은 짧아 이사람들아!] 아카데미 1/48 F15K with Taurus.	615	21	27
396488	https://m.cafe.naver.com/ca-fe/web/cafes/10503958/articles/396488	eproman	TRUMPETER 1/72 Be-6 Madge 소련 해상 초계기	473	25	26
396486	https://m.cafe.naver.com/ca-fe/web/cafes/10503958/articles/396486	육항공	아카데미 UH-1Y 베놈	603	36	13
396468	https://m.cafe.naver.com/ca-fe/web/cafes/10503958/articles/396468	madgun76김순오	나팔수 1/48 H-34 로터폴딩	323	26	12
396466	https://m.cafe.naver.com/ca-fe/web/cafes/10503958/articles/396466	madgun76김순오	키네틱 1/48 F-16C 바락	605	41	20
396404	https://m.cafe.naver.com/ca-fe/web/cafes/10503958/articles/396404	김승국 dino꾹	1/35 AH-1Z VIPER	605	33	22
396400	https://m.cafe.naver.com/ca-fe/web/cafes/10503958/articles/396400	엄마손차이	1/144 B-2 완성	422	22	10
396397	https://m.cafe.naver.com/ca-fe/web/cafes/10503958/articles/396397	RAPTER	B-2 완성 했습니다!!	217	16	1
396385	https://m.cafe.naver.com/ca-fe/web/cafes/10503958/articles/396385	송범	[한국공군 훈련기] KT-1	314	32	8
396384	https://m.cafe.naver.com/ca-fe/web/cafes/10503958/articles/396384	타키온71v천안	앜뎀 1/35 UH-1Y 베놈	1195	48	33
396376	https://m.cafe.naver.com/ca-fe/web/cafes/10503958/articles/396376	모델러 김문수	아카데미 1/48 sbd-3	495	23	3
396374	https://m.cafe.naver.com/ca-fe/web/cafes/10503958/articles/396374	모델러 김문수	아카데미 1/48 a6m2 제로센	458	25	5
396368	https://m.cafe.naver.com/ca-fe/web/cafes/10503958/articles/396368	metalmetal	타미야 1/48 스핏파이어 완성했어요 초보라 힘드네유	225	16	4
396365	https://m.cafe.naver.com/ca-fe/web/cafes/10503958/articles/396365	말벌	MENG 1/48 F/A-18F Super hornet 입니다	826	57	28
396361	https://m.cafe.naver.com/ca-fe/web/cafes/10503958/articles/396361	Zetex	1/35 AH-64D	339	24	3
396333	https://m.cafe.naver.com/ca-fe/web/cafes/10503958/articles/396333	테크프라	[아카데미] C-130J-30 1/144	813	29	8
396283	https://m.cafe.naver.com/ca-fe/web/cafes/10503958/articles/396283	요워니	1/144 B-2A 스텔스 폭격기	423	24	3
396251	https://m.cafe.naver.com/ca-fe/web/cafes/10503958/articles/396251	신 의 손	UH-1Y 베놈 완성했습니다.	774	45	10
396244	https://m.cafe.naver.com/ca-fe/web/cafes/10503958/articles/396244	육항공	아카데미 1/35 UH-1Y 베놈	688	48	23
396205	https://m.cafe.naver.com/ca-fe/web/cafes/10503958/articles/396205	eproman	HASEGAWA 1/72 H8K1 TYPE2 (EMILY) 일본 해상초계기	423	25	21
396203	https://m.cafe.naver.com/ca-fe/web/cafes/10503958/articles/396203	아티반	1/48 하비보스 호커 허리케인 mk.i	211	16	3
396162	https://m.cafe.naver.com/ca-fe/web/cafes/10503958/articles/396162	댄싱브러쉬	F-15QA ABABIL	458	36	22
396160	https://m.cafe.naver.com/ca-fe/web/cafes/10503958/articles/396160	아졸바	한국군 블락호크 만들었습니다	465	30	22
396132	https://m.cafe.naver.com/ca-fe/web/cafes/10503958/articles/396132	오리꼬미	F-14D 톰캣 cvw-14	1332	63	47
396120	https://m.cafe.naver.com/ca-fe/web/cafes/10503958/articles/396120	뿌릉	아카데미 1/72 F-8E 크루세이더  완성.	912	53	39
396107	https://m.cafe.naver.com/ca-fe/web/cafes/10503958/articles/396107	꼬끼오	1/48 MENG F-4E ROKAF "Phantom II"	731	46	18
396092	https://m.cafe.naver.com/ca-fe/web/cafes/10503958/articles/396092	Harlock	1/72 B-2 붉은 가오리 입니다.	333	12	4
396090	https://m.cafe.naver.com/ca-fe/web/cafes/10503958/articles/396090	타키온71v천안	즈베즈다 1/48  SU-57	729	53	25
396087	https://m.cafe.naver.com/ca-fe/web/cafes/10503958/articles/396087	김 건	[FUJIMI] MIRAGE IIIC / 1:48 / 완성 (아카데미 미라지 3 바로그놈)	218	20	10
396073	https://m.cafe.naver.com/ca-fe/web/cafes/10503958/articles/396073	lucky07	E-737 완성작 입니다!	434	28	3
396050	https://m.cafe.naver.com/ca-fe/web/cafes/10503958/articles/396050	해장국	아카데미 과학 1/72 A-6E 인트루더 함재 공격기	662	21	4
396047	https://m.cafe.naver.com/ca-fe/web/cafes/10503958/articles/396047	성더슨	아카데미 1/72스케일 이탈레리 재포장 F-100D 슈퍼 세이버 (은메기 버전1) 완성 했습니다.	230	15	15
396046	https://m.cafe.naver.com/ca-fe/web/cafes/10503958/articles/396046	은빛달	아카데미 1/48 Rafale M "Marine Nationale"	287	17	7
396045	https://m.cafe.naver.com/ca-fe/web/cafes/10503958/articles/396045	mmmm072	아카즈베즈다 B777-200ER 진에어 개조 완성입니다.	1077	39	32
396021	https://m.cafe.naver.com/ca-fe/web/cafes/10503958/articles/396021	엘디맨	1/48 유로파이터 타이푼 고스트타이거	336	23	7
396005	https://m.cafe.naver.com/ca-fe/web/cafes/10503958/articles/396005	과부댁돌쇠	뉴비의 F-4 팬텀기 제작	754	32	19
395991	https://m.cafe.naver.com/ca-fe/web/cafes/10503958/articles/395991	뿌릉	ACADEMY 1/144 B-2A Stealth Bomber	722	70	71
395987	https://m.cafe.naver.com/ca-fe/web/cafes/10503958/articles/395987	프라하는아빠	아카데미 1/32 숍위드 카멜 F.1	268	23	5
395986	https://m.cafe.naver.com/ca-fe/web/cafes/10503958/articles/395986	피자감자칩	토리팩토리 1/72 KA-1 웅비	558	29	9
395973	https://m.cafe.naver.com/ca-fe/web/cafes/10503958/articles/395973	성더슨	아카데미 1/144 B-52D stratofortress 완성 입니다.	366	21	31
395960	https://m.cafe.naver.com/ca-fe/web/cafes/10503958/articles/395960	강원II야간비행74	아이디어 과학 1:48 SPITFIRE MK.XIV	344	17	8
395957	https://m.cafe.naver.com/ca-fe/web/cafes/10503958/articles/395957	시뇨	로우비지 바이퍼, ah-1z 입니다	859	50	38
395917	https://m.cafe.naver.com/ca-fe/web/cafes/10503958/articles/395917	성더슨	아카데미 1/144 스케일 B-2A 스텔스 폭격기 완성 입니다.	263	30	25
395804	https://m.cafe.naver.com/ca-fe/web/cafes/10503958/articles/395804	madgun76김순오	레벨 1/48 토네이도	309	25	14
395782	https://m.cafe.naver.com/ca-fe/web/cafes/10503958/articles/395782	주뇨니	Minibase 1/48 SU-33 플랭커D Red78	484	42	32
395773	https://m.cafe.naver.com/ca-fe/web/cafes/10503958/articles/395773	소주병	A-10 Thunder bolt 2, Hobbyboss 1/48	517	47	17
395760	https://m.cafe.naver.com/ca-fe/web/cafes/10503958/articles/395760	부정악사	타미야 1/48 Brewster B-339 Buffalo `Pacific Theater`	148	15	2
395755	https://m.cafe.naver.com/ca-fe/web/cafes/10503958/articles/395755	꼬끼오	1/48 MENG F-4G Phantom II `Wild Weasel`	285	26	12
395752	https://m.cafe.naver.com/ca-fe/web/cafes/10503958/articles/395752	Zetex	SEPECAT Jaguar GR.1A XZ118	228	19	6
395742	https://m.cafe.naver.com/ca-fe/web/cafes/10503958/articles/395742	쓰삐빵빵	1/72 아카데미 F-14A 완성하였습니다	906	56	38
395681	https://m.cafe.naver.com/ca-fe/web/cafes/10503958/articles/395681	도용	아카데미, Sea Harrier FRS1, 1/72	349	17	9
395628	https://m.cafe.naver.com/ca-fe/web/cafes/10503958/articles/395628	SPOOKY	FAREWELL A-10C	574	54	36
395611	https://m.cafe.naver.com/ca-fe/web/cafes/10503958/articles/395611	Waterloo	F-51D 13번기&신념의 조인 1/72	204	20	1
395595	https://m.cafe.naver.com/ca-fe/web/cafes/10503958/articles/395595	Waterloo	F-15DJ Aggressor 1/72	407	30	3
395575	https://m.cafe.naver.com/ca-fe/web/cafes/10503958/articles/395575	예비역하사 Pusan	ACADEMY 1:48 대한민국 공군 F-15K SLAM EAGLE  완성작입니다.	516	31	7
395573	https://m.cafe.naver.com/ca-fe/web/cafes/10503958/articles/395573	페이퍼 프라	컨버지 발판디오라마 프로펠라기편	162	13	10
395551	https://m.cafe.naver.com/ca-fe/web/cafes/10503958/articles/395551	비락식혜	1/12 Lockheed Martin F-16 Cockpit	323	29	4
395514	https://m.cafe.naver.com/ca-fe/web/cafes/10503958/articles/395514	iloom	1/72 타미야 a6m5 type 52	141	11	1
395424	https://m.cafe.naver.com/ca-fe/web/cafes/10503958/articles/395424	저비저비	1/48 에어픽스 씨킹 seaking	635	37	15
395410	https://m.cafe.naver.com/ca-fe/web/cafes/10503958/articles/395410	블랙kid	Su 57	368	22	2
395407	https://m.cafe.naver.com/ca-fe/web/cafes/10503958/articles/395407	육항공	하세가와 1/48 이스라엘공군 AH-64D APACHE LONGBOW	733	35	16
395393	https://m.cafe.naver.com/ca-fe/web/cafes/10503958/articles/395393	madgun76김순오	나팔수 1/32mig-15 트레이너	246	16	8
395391	https://m.cafe.naver.com/ca-fe/web/cafes/10503958/articles/395391	슈발리에	[Wolfpack-D] TA-50 Block2 Golden Eagle 'LIFT'	513	47	19
395387	https://m.cafe.naver.com/ca-fe/web/cafes/10503958/articles/395387	타키온71v천안	즈베즈다 1/48 SU-57	1211	56	38
395352	https://m.cafe.naver.com/ca-fe/web/cafes/10503958/articles/395352	강원II야간비행74	ARII 1:48 SRITFIRE MK.VIII	206	17	8
395350	https://m.cafe.naver.com/ca-fe/web/cafes/10503958/articles/395350	타키온71v천안	아카데미 1/48 F-15K	460	38	15
395349	https://m.cafe.naver.com/ca-fe/web/cafes/10503958/articles/395349	강원II야간비행74	오래전에 만들었던 ARII 1:48 P-47D	208	20	8
395338	https://m.cafe.naver.com/ca-fe/web/cafes/10503958/articles/395338	madgun76김순오	디코퍼레이션 1/72 F-4E공군퇴역 마킹	292	29	2
395266	https://m.cafe.naver.com/ca-fe/web/cafes/10503958/articles/395266	romeo	카페 등급하락방지용!! 1/72 Fiat G50 Finnish airforce	335	26	18
395256	https://m.cafe.naver.com/ca-fe/web/cafes/10503958/articles/395256	타키온71v천안	아카데미 1/48 미그21	306	31	18
395250	https://m.cafe.naver.com/ca-fe/web/cafes/10503958/articles/395250	슈발리에	[Hasegawa] 1/48 F-14D Tomcat VF-2 Bounty Hunters	391	34	21
395248	https://m.cafe.naver.com/ca-fe/web/cafes/10503958/articles/395248	Tom cat	1/72 F-35A Lightning 1000th 완성	305	15	4
395229	https://m.cafe.naver.com/ca-fe/web/cafes/10503958/articles/395229	정민군	타미야 1/48 P-38 라이트닝 F/J	311	28	2
395202	https://m.cafe.naver.com/ca-fe/web/cafes/10503958/articles/395202	FREEWAY	메버릭 과 졸리로저스	269	20	3
395151	https://m.cafe.naver.com/ca-fe/web/cafes/10503958/articles/395151	mmmm072	아카 즈베즈다 B777-300ER 티웨이 완성입니다.	723	41	37
395147	https://m.cafe.naver.com/ca-fe/web/cafes/10503958/articles/395147	시뇨	키티호크 MH-60L 블랙호크 완성했습니다.	1247	62	44
395125	https://m.cafe.naver.com/ca-fe/web/cafes/10503958/articles/395125	돌아온엿장수	탑건 메버릭	454	15	0
395117	https://m.cafe.naver.com/ca-fe/web/cafes/10503958/articles/395117	민교아빠	몇년전 인생 첫 전체 도색한 비행기 입니다. ㅎㅎㅎ	340	14	7
395100	https://m.cafe.naver.com/ca-fe/web/cafes/10503958/articles/395100	동이아빠	[Mig-25PD FoxBat] Kitty Hawk 1/48	468	31	14
395079	https://m.cafe.naver.com/ca-fe/web/cafes/10503958/articles/395079	광주II헬리보이	아카데미 F-35B 1/72 만들어 봤습니다.	1687	56	18
395078	https://m.cafe.naver.com/ca-fe/web/cafes/10503958/articles/395078	탄산	ROKAF ACADEMY 1/72 KF-16	370	26	4
395076	https://m.cafe.naver.com/ca-fe/web/cafes/10503958/articles/395076	김 건	[WIN MODEL] / F-35A /  1/48  빤짝빤짝새거느낌	1197	41	16
395058	https://m.cafe.naver.com/ca-fe/web/cafes/10503958/articles/395058	공장장	하세가와 1/48 F-8E ver. AREA88	305	34	15
395046	https://m.cafe.naver.com/ca-fe/web/cafes/10503958/articles/395046	madgun76김순오	레벨 1/32 스핏파이어 완성	283	26	7
395038	https://m.cafe.naver.com/ca-fe/web/cafes/10503958/articles/395038	compmania	USN F/A-18F "VFA-103 Jolly Rogers" #12535 [1/72th ACADEMY MADE IN KOREA]	300	18	8
395027	https://m.cafe.naver.com/ca-fe/web/cafes/10503958/articles/395027	metalmetal	스펀지도색 타미야 1/48 f4u-1 완성했어요 ㅜ	376	20	6
395004	https://m.cafe.naver.com/ca-fe/web/cafes/10503958/articles/395004	모델러 김문수	아카데미 1/72 a-10	512	21	9
394974	https://m.cafe.naver.com/ca-fe/web/cafes/10503958/articles/394974	sh2944	1/32 A-1H Skyraider 完	356	26	8
394957	https://m.cafe.naver.com/ca-fe/web/cafes/10503958/articles/394957	밥풀때끼	아카데미 1/144 B-2 가오리 완성	466	32	21
394947	https://m.cafe.naver.com/ca-fe/web/cafes/10503958/articles/394947	youngeei	아카데미 1/72 USAF F-15E 완성	427	43	23
394939	https://m.cafe.naver.com/ca-fe/web/cafes/10503958/articles/394939	과부댁돌쇠	에듀어드  헬켓 완성입니다	265	21	13
394926	https://m.cafe.naver.com/ca-fe/web/cafes/10503958/articles/394926	뿌릉	아카데미 1/72 F-14D Bounty Hunters #3 기체완성	576	57	46
394884	https://m.cafe.naver.com/ca-fe/web/cafes/10503958/articles/394884	재민지파	KF-5E 제공호 (1/72 Scale Dreammodel)	326	41	19
394883	https://m.cafe.naver.com/ca-fe/web/cafes/10503958/articles/394883	에브로인	1/35 Diorama B-17 Crashed into the sea.	1110	117	81
394875	https://m.cafe.naver.com/ca-fe/web/cafes/10503958/articles/394875	저비저비	1/48 MENG E/A-18G Growler	524	41	7
394805	https://m.cafe.naver.com/ca-fe/web/cafes/10503958/articles/394805	노보트니	아카데미 1/35 UH-60M	1322	51	28
394789	https://m.cafe.naver.com/ca-fe/web/cafes/10503958/articles/394789	시뇨	US Navy 2 hawks, 야외 촬영했습니다	625	49	44
394782	https://m.cafe.naver.com/ca-fe/web/cafes/10503958/articles/394782	동이아빠	[Mig-31BM Foxhound] 아카데미/ AMK 1/48	985	59	27
394744	https://m.cafe.naver.com/ca-fe/web/cafes/10503958/articles/394744	시뇨	UH-1Y 베놈: 속이 후련, 아카데미가 큰 거 내놨다!	2016	85	106
394730	https://m.cafe.naver.com/ca-fe/web/cafes/10503958/articles/394730	madgun76김순오	하비보스 1/48 A-4M	372	28	4
394678	https://m.cafe.naver.com/ca-fe/web/cafes/10503958/articles/394678	친환경	1/144 zvezda 에어버스 A321 XLR	315	16	6
394667	https://m.cafe.naver.com/ca-fe/web/cafes/10503958/articles/394667	metalmetal	스펀지도색 타미야 1/48 f35a 완성입니다 ㅜ	670	28	14
394665	https://m.cafe.naver.com/ca-fe/web/cafes/10503958/articles/394665	모델러 김문수	what if? 아카데미 f-35b 해상자위대 가상 도색	212	16	0
394663	https://m.cafe.naver.com/ca-fe/web/cafes/10503958/articles/394663	lucky07	FA-50 2대 완성작 입니다!	341	23	2
394648	https://m.cafe.naver.com/ca-fe/web/cafes/10503958/articles/394648	친환경	1/144 Revell 에어버스 벨루가 XL	378	23	19
394642	https://m.cafe.naver.com/ca-fe/web/cafes/10503958/articles/394642	잡학다식	Shell We Dance With Us?(Ace Combat 대사)	206	13	4
394630	https://m.cafe.naver.com/ca-fe/web/cafes/10503958/articles/394630	도용	F-5E 1/72 하비보스 완성^^	393	23	22
394629	https://m.cafe.naver.com/ca-fe/web/cafes/10503958/articles/394629	과부댁돌쇠	뉴비의 F16완성입니다	364	20	5
394626	https://m.cafe.naver.com/ca-fe/web/cafes/10503958/articles/394626	yasasee	[Academy] 1/72 USMC F-4J RedDevils	222	12	5
394624	https://m.cafe.naver.com/ca-fe/web/cafes/10503958/articles/394624	airboy	MIG-21MF EGYPTIAN AIRFORCE 1982 (1/48 ACADEMY)	265	35	29
394579	https://m.cafe.naver.com/ca-fe/web/cafes/10503958/articles/394579	다쓰붸이다	Bf-109G-6 "Rote Dreizehn : Marga"	257	28	8
394578	https://m.cafe.naver.com/ca-fe/web/cafes/10503958/articles/394578	madgun76김순오	키네틱 1/48 F-16C바락	428	30	10
394577	https://m.cafe.naver.com/ca-fe/web/cafes/10503958/articles/394577	madgun76김순오	이탈래리 1/48비겐	224	25	13
394558	https://m.cafe.naver.com/ca-fe/web/cafes/10503958/articles/394558	yasasee	[Academy] 1/72 F-15K Slam Eagle	264	11	3
394515	https://m.cafe.naver.com/ca-fe/web/cafes/10503958/articles/394515	Koko Park	[아카데미 1/72 mpc f16] F-16 AT/ U형.	264	19	15
394500	https://m.cafe.naver.com/ca-fe/web/cafes/10503958/articles/394500	시뇨	비명 지르는 인디언, MH-60S 나이트호크 완성했습니다.	1782	93	82
394459	https://m.cafe.naver.com/ca-fe/web/cafes/10503958/articles/394459	오닉스	[Academy] 1/72 ROKAF F-15K "SLAM EAGLE"	821	54	14
394451	https://m.cafe.naver.com/ca-fe/web/cafes/10503958/articles/394451	dolph	키네틱 1/48 CF-188A 드디어 완성!!!!	399	42	39
394430	https://m.cafe.naver.com/ca-fe/web/cafes/10503958/articles/394430	잡학다식	1/72 Dream Model J-20 Stealth Fighter	271	13	4
394409	https://m.cafe.naver.com/ca-fe/web/cafes/10503958/articles/394409	youngeei	디코퍼레이션 1/72 ROKAF F-4E 완성	449	34	16
394398	https://m.cafe.naver.com/ca-fe/web/cafes/10503958/articles/394398	서산 후니	아카데미 1/72 F-51D 머스탱 한국공군	238	23	6
394391	https://m.cafe.naver.com/ca-fe/web/cafes/10503958/articles/394391	다쓰붸이다	Ju-88G-6 "Nacht Jäger"	266	26	14
394389	https://m.cafe.naver.com/ca-fe/web/cafes/10503958/articles/394389	고도슴치	F-toys Boeing Collection (B-52H) 통채로 Flex 후기	177	6	1
394348	https://m.cafe.naver.com/ca-fe/web/cafes/10503958/articles/394348	SPOOKY	VFA-143 F/A-18E	212	17	8
394347	https://m.cafe.naver.com/ca-fe/web/cafes/10503958/articles/394347	SPOOKY	VFA-2 F/A-18F	138	16	4
394346	https://m.cafe.naver.com/ca-fe/web/cafes/10503958/articles/394346	SPOOKY	VMAF-232 F/A-18F (WHATIF)	134	16	0
394335	https://m.cafe.naver.com/ca-fe/web/cafes/10503958/articles/394335	또뭐만들지	1/144 B737-8 jinair	652	23	13
394334	https://m.cafe.naver.com/ca-fe/web/cafes/10503958/articles/394334	충남홍성 이원창	#75-1/72 USMC F-35B Lightning II VMFA-242 `Bats`	503	45	25
394333	https://m.cafe.naver.com/ca-fe/web/cafes/10503958/articles/394333	캬캬로트	아카데미 1/72 fa-18 치피호 만들어 봤습니다	219	18	6
394308	https://m.cafe.naver.com/ca-fe/web/cafes/10503958/articles/394308	dammi321	타미야  F-14A 톰캣 (1/72스케일 Sundowners)	1045	39	15
394280	https://m.cafe.naver.com/ca-fe/web/cafes/10503958/articles/394280	뿌릉	아카데미 1/72 FA-18F 슈퍼호넷 바운티 헌터스 기체 완성.	504	42	44
394268	https://m.cafe.naver.com/ca-fe/web/cafes/10503958/articles/394268	스파르타	hasegawa 1/48 fw-190a4	171	14	1
394236	https://m.cafe.naver.com/ca-fe/web/cafes/10503958/articles/394236	MC스켈러	하비크래프트 삼엽기 1/28 Fokker Dr.1.. "Red Baron"	186	15	4
394224	https://m.cafe.naver.com/ca-fe/web/cafes/10503958/articles/394224	저비저비	1/48 F-16 텍사스주방위군 공군 65주년 기념도색기	529	30	19
394198	https://m.cafe.naver.com/ca-fe/web/cafes/10503958/articles/394198	madgun76김순오	하비보스 1/48 F6F-3 헬캣 완성	237	17	6
394168	https://m.cafe.naver.com/ca-fe/web/cafes/10503958/articles/394168	데코즈와이즈멜	아카데미과학 1/35 UH-1Y 베놈	1274	51	21
394161	https://m.cafe.naver.com/ca-fe/web/cafes/10503958/articles/394161	slowalker	아카데미 1/48 미해군 F-4J 졸리로저스	314	20	8
394158	https://m.cafe.naver.com/ca-fe/web/cafes/10503958/articles/394158	lucky07	F-15K 완성작 입니다!	1174	68	17
394153	https://m.cafe.naver.com/ca-fe/web/cafes/10503958/articles/394153	youngeei	아카데미 1/144 KC-135R 완성	413	28	12
394152	https://m.cafe.naver.com/ca-fe/web/cafes/10503958/articles/394152	모형광	1/72 대한민국 공군 KF-21 보라매 005호기 -(202513)	289	22	14
394145	https://m.cafe.naver.com/ca-fe/web/cafes/10503958/articles/394145	과부댁돌쇠	뉴비의 FA50 완성	400	21	9
394133	https://m.cafe.naver.com/ca-fe/web/cafes/10503958/articles/394133	lucky07	KF-5E 완성작 입니다!	225	23	7
394132	https://m.cafe.naver.com/ca-fe/web/cafes/10503958/articles/394132	lucky07	KF-21 1호기 완성작 입니다!	733	43	5
394123	https://m.cafe.naver.com/ca-fe/web/cafes/10503958/articles/394123	eproman	SPECIAL HOBBY 1/72 Fairey Barracuda Mk.III 영국 함상 뇌격기	277	20	12
394108	https://m.cafe.naver.com/ca-fe/web/cafes/10503958/articles/394108	lucky07	KF-5F 완성작 입니다!	465	36	31
394104	https://m.cafe.naver.com/ca-fe/web/cafes/10503958/articles/394104	lucky07	F-16D PBU 완성작 입니다!	568	37	6
394100	https://m.cafe.naver.com/ca-fe/web/cafes/10503958/articles/394100	시뇨	MH-60R 씨호크, HSM-78 블루호크스 완성했습니다!	1271	71	78
394098	https://m.cafe.naver.com/ca-fe/web/cafes/10503958/articles/394098	lucky07	E-737 완성작 입니다!	413	27	15
394084	https://m.cafe.naver.com/ca-fe/web/cafes/10503958/articles/394084	RAPTER	T-50B 블랙이글스 우여곡절끝 완성	373	22	12
394076	https://m.cafe.naver.com/ca-fe/web/cafes/10503958/articles/394076	lucky07	KF-16C 완성작 입니다!	645	44	8
394073	https://m.cafe.naver.com/ca-fe/web/cafes/10503958/articles/394073	madgun76김순오	아카데미 1/48 라팔M완성	829	47	28
394056	https://m.cafe.naver.com/ca-fe/web/cafes/10503958/articles/394056	햇살쬐는영감	[Hasegawa] 1/48 ROKAF KF-16D Fighting Falcon	683	53	13
394046	https://m.cafe.naver.com/ca-fe/web/cafes/10503958/articles/394046	lucky07	UH-60M 완성작 입니다ㅎㅎ	355	17	13
394011	https://m.cafe.naver.com/ca-fe/web/cafes/10503958/articles/394011	eproman	SPECIAL HOBBY 1/72 Fairey Fulmur NF Mk.II 영국 함상전투기	261	17	13
394005	https://m.cafe.naver.com/ca-fe/web/cafes/10503958/articles/394005	암즈룸	제로기 Zero Fighter (A6M5) / Tamiya / 1:32	224	20	11
394002	https://m.cafe.naver.com/ca-fe/web/cafes/10503958/articles/394002	lucky07	KF-16CU 완성작 입니다ㅎ	404	30	4
393988	https://m.cafe.naver.com/ca-fe/web/cafes/10503958/articles/393988	lucky07	KF-5E 완성작 입니다!	390	34	8
393984	https://m.cafe.naver.com/ca-fe/web/cafes/10503958/articles/393984	발칸800	Cessna 대한민국 공군 T-41B	552	36	12
393978	https://m.cafe.naver.com/ca-fe/web/cafes/10503958/articles/393978	lucky07	FA-50 완성작 입니다ㅎㅎ	417	32	12
393974	https://m.cafe.naver.com/ca-fe/web/cafes/10503958/articles/393974	타키온71v천안	타미야 1/48 F-14D	830	56	37
393973	https://m.cafe.naver.com/ca-fe/web/cafes/10503958/articles/393973	mmmm072	아카 즈베즈다 1/144  B777-300ER 대한항공 신도장 완성입니다.	626	34	27
393970	https://m.cafe.naver.com/ca-fe/web/cafes/10503958/articles/393970	LAYA	아카데미 1/72 A-37 오랜만에 완성작입니다...by dong dong	292	19	23
393964	https://m.cafe.naver.com/ca-fe/web/cafes/10503958/articles/393964	madgun76김순오	하세가와 1/48 AV-8B 헤리어	427	32	25
393955	https://m.cafe.naver.com/ca-fe/web/cafes/10503958/articles/393955	Viperone	세 번째 완성작은 F-16D PBU 입니다!	334	31	10
393954	https://m.cafe.naver.com/ca-fe/web/cafes/10503958/articles/393954	Viperone	두 번째 모형은 TA-50 입니다ㅎ	213	19	2
393953	https://m.cafe.naver.com/ca-fe/web/cafes/10503958/articles/393953	Viperone	처음 인사 드립니다 첫 인사로 F-4E 완성작 입니다!	436	35	7
393928	https://m.cafe.naver.com/ca-fe/web/cafes/10503958/articles/393928	쓰삐빵빵	1/72 아카데미 E/A-18G 완성	1331	78	49
393907	https://m.cafe.naver.com/ca-fe/web/cafes/10503958/articles/393907	다쓰붸이다	ROKAF FA-50 "Take off"	1171	38	21
393883	https://m.cafe.naver.com/ca-fe/web/cafes/10503958/articles/393883	과부댁돌쇠	SU-9 Fishpot 48스케일 완성	316	27	17
393865	https://m.cafe.naver.com/ca-fe/web/cafes/10503958/articles/393865	시뇨	호크 쌈싸먹기: 키티호크 HH-60H 레스큐호크 완성했습니다.	1145	69	64
393813	https://m.cafe.naver.com/ca-fe/web/cafes/10503958/articles/393813	아졸바	T-50B 블랙 이글스 만들었습니다	508	37	20
393810	https://m.cafe.naver.com/ca-fe/web/cafes/10503958/articles/393810	다쓰붸이다	USAAF P-51D Mustang  354th FS, 355th FG, 1945 Lt. Col Gordon Grham	229	22	6
393809	https://m.cafe.naver.com/ca-fe/web/cafes/10503958/articles/393809	다쓰붸이다	USAAF P-51B Mustang "Blue Nose" 486th FS, 352nd FG, 8th USAAF, Norfolk, UK June 1944	176	19	5
393803	https://m.cafe.naver.com/ca-fe/web/cafes/10503958/articles/393803	eproman	MPM 1/72 Fokker G-1 네덜란드 전투기	414	28	18
393795	https://m.cafe.naver.com/ca-fe/web/cafes/10503958/articles/393795	madgun76김순오	하세가와 1/48 F-4J 쇼타임 100	355	32	15
393782	https://m.cafe.naver.com/ca-fe/web/cafes/10503958/articles/393782	다쓰붸이다	KF-5E 제공호	658	28	23
393779	https://m.cafe.naver.com/ca-fe/web/cafes/10503958/articles/393779	youngeei	아카데미 1/48 FA-50 완성	472	29	22
393778	https://m.cafe.naver.com/ca-fe/web/cafes/10503958/articles/393778	youngeei	하세가와 1/48 KF-16D 완성	315	25	15
393772	https://m.cafe.naver.com/ca-fe/web/cafes/10503958/articles/393772	로즈마리숲	[왕초보 결과물] SU-47 베르쿠트 완성해 보았습니다. (1/72 scale, Hobbyboss 제품)	296	14	3
393768	https://m.cafe.naver.com/ca-fe/web/cafes/10503958/articles/393768	네모박스	아카데미 E-737 피스아이 완성했습니다.	540	24	6
393744	https://m.cafe.naver.com/ca-fe/web/cafes/10503958/articles/393744	다쓰붸이다	F-15C, F-16C 호위기...	347	16	4
393738	https://m.cafe.naver.com/ca-fe/web/cafes/10503958/articles/393738	소주병	F-104S Starfighter “Tiger Meet 1996”, Hasegawa 1/48	233	29	11
393700	https://m.cafe.naver.com/ca-fe/web/cafes/10503958/articles/393700	이러쿵저러쿵	키네틱 1/48 KF-16U/D 완성	788	34	12
393692	https://m.cafe.naver.com/ca-fe/web/cafes/10503958/articles/393692	하늘색	아카데미 1/48 제로센 완성입니다	320	20	12
393686	https://m.cafe.naver.com/ca-fe/web/cafes/10503958/articles/393686	꼬끼오	1/72 Hobbyboss Super Lynx Mk.95, Marinha	311	18	10
393685	https://m.cafe.naver.com/ca-fe/web/cafes/10503958/articles/393685	성더슨	레벨 1/48 F/A-18E 슈퍼 호넷 탑건 매버릭 탑승기 완성 입니다.	403	28	30
393676	https://m.cafe.naver.com/ca-fe/web/cafes/10503958/articles/393676	김승국 dino꾹	1/48 아카데미 F/A-18E Chippy-Ho	344	23	15
393668	https://m.cafe.naver.com/ca-fe/web/cafes/10503958/articles/393668	타키온71v천안	트럼피터 1/35 MIL MI-24V	738	38	39
393661	https://m.cafe.naver.com/ca-fe/web/cafes/10503958/articles/393661	Waterloo	A-10A 75FS 1/72	312	12	2
393658	https://m.cafe.naver.com/ca-fe/web/cafes/10503958/articles/393658	모형광	1/72 대한민국 공군 KF-21 보라매 001호기 -(202512)	253	26	4
393646	https://m.cafe.naver.com/ca-fe/web/cafes/10503958/articles/393646	romeo	F-84G vs. Mig-15	521	47	14
393642	https://m.cafe.naver.com/ca-fe/web/cafes/10503958/articles/393642	romeo	1/72 Me 210(Italeri)	216	23	3
393628	https://m.cafe.naver.com/ca-fe/web/cafes/10503958/articles/393628	정진우	1/48 대한민국 공군 F-16C PBU	1239	48	19
393621	https://m.cafe.naver.com/ca-fe/web/cafes/10503958/articles/393621	eproman	HOBBY BOSS 1/72 MS 406 프랑스 전투기	309	24	16
393615	https://m.cafe.naver.com/ca-fe/web/cafes/10503958/articles/393615	용문	아카데미 B-2A	351	11	1
393614	https://m.cafe.naver.com/ca-fe/web/cafes/10503958/articles/393614	모래발톱	아카데미 1/72 대한민국 공군 T-50 고등훈련기 MCP 완성	1101	26	9
393589	https://m.cafe.naver.com/ca-fe/web/cafes/10503958/articles/393589	호라웅	Academy 1/144 B-2 Spirit	551	29	8
393586	https://m.cafe.naver.com/ca-fe/web/cafes/10503958/articles/393586	티벳여우벼리	아카데미과학 1/72 F-8E 크루세이더 ver.Area88	228	17	14
393574	https://m.cafe.naver.com/ca-fe/web/cafes/10503958/articles/393574	스코	Academy 1/144 B-2 Spirit "Spirit of Nebraska"	211	15	5
393544	https://m.cafe.naver.com/ca-fe/web/cafes/10503958/articles/393544	움하하핫	대한항공 도입 예정기 완성 B737-8 HL8567 신도색	768	14	3
393541	https://m.cafe.naver.com/ca-fe/web/cafes/10503958/articles/393541	다쓰붸이다	USAF C-130J Super Hercules 374th Airlift Wing, 5th AF, Yokota AB, Japan 2023	285	17	15
393530	https://m.cafe.naver.com/ca-fe/web/cafes/10503958/articles/393530	소주병	F-16C Fighting Falcon ‘Tiger Meet 2012’, Hasegawa 1/48	522	45	26
393529	https://m.cafe.naver.com/ca-fe/web/cafes/10503958/articles/393529	다쓰붸이다	ROKAF E-737 Peace Eye	539	26	4
393513	https://m.cafe.naver.com/ca-fe/web/cafes/10503958/articles/393513	xongsang	아카데미 1/48 F-4B 팬텀2 "선다우너즈"	568	35	9
393477	https://m.cafe.naver.com/ca-fe/web/cafes/10503958/articles/393477	SlowButDeadly	아카 KC-135R (다이소 홀로그램 테이프 활용)	523	13	13
393471	https://m.cafe.naver.com/ca-fe/web/cafes/10503958/articles/393471	다쓰붸이다	USAF E-3Gs 552nd AAW Tinker AFB, Oklahoma, 2023	239	12	2
393449	https://m.cafe.naver.com/ca-fe/web/cafes/10503958/articles/393449	다쓰붸이다	F-22A Raptor(s)	539	33	19
393448	https://m.cafe.naver.com/ca-fe/web/cafes/10503958/articles/393448	다쓰붸이다	USAF B-1B Lancer	604	41	8
393446	https://m.cafe.naver.com/ca-fe/web/cafes/10503958/articles/393446	다쓰붸이다	USAF B-2 Spirit	370	23	8
393424	https://m.cafe.naver.com/ca-fe/web/cafes/10503958/articles/393424	발칸800	대한민국 공군 E-737 피스아이	642	33	12
393413	https://m.cafe.naver.com/ca-fe/web/cafes/10503958/articles/393413	romeo	1/48 Bf109E-1 'Blitz krieg'	427	33	27
393367	https://m.cafe.naver.com/ca-fe/web/cafes/10503958/articles/393367	명준아빠	E-737 피스아이 (아카데미과학 1/144) 우여곡절 끝에 완성하였습니다.	605	32	13
393352	https://m.cafe.naver.com/ca-fe/web/cafes/10503958/articles/393352	metalmetal	스펀지도색 맹팬텀 완성은 했으나 어제와 차이가 없네요 ㅋㅋㅋ	341	16	18
393341	https://m.cafe.naver.com/ca-fe/web/cafes/10503958/articles/393341	무사트	대한민국공군 F-35A	689	27	1
393333	https://m.cafe.naver.com/ca-fe/web/cafes/10503958/articles/393333	iloom	1/35  보더모델 A6M2 제로기	436	33	11
393324	https://m.cafe.naver.com/ca-fe/web/cafes/10503958/articles/393324	eproman	HOBBY BOSS 1/72 Gloster Gladiator 노르웨이 공군 버전	385	36	18
393321	https://m.cafe.naver.com/ca-fe/web/cafes/10503958/articles/393321	쓰삐빵빵	(재촬영) 1/72 MIG-15 bis	359	29	16
393317	https://m.cafe.naver.com/ca-fe/web/cafes/10503958/articles/393317	샤아	B-2 완성 (자석질 + 왓이프 서비스~~샷)	416	17	14
393305	https://m.cafe.naver.com/ca-fe/web/cafes/10503958/articles/393305	무사트	대한민국 공군 KF-5E 제공호	310	21	3
393304	https://m.cafe.naver.com/ca-fe/web/cafes/10503958/articles/393304	무사트	미해군 F-14A (타미야)	414	20	1
393300	https://m.cafe.naver.com/ca-fe/web/cafes/10503958/articles/393300	무사트	대한민국공군 F-4E 팬텀	673	25	6
393299	https://m.cafe.naver.com/ca-fe/web/cafes/10503958/articles/393299	무사트	대한민국육군 AH-64E 아파치 가디언	585	22	3
393296	https://m.cafe.naver.com/ca-fe/web/cafes/10503958/articles/393296	인아크	1/48 RAFALE-M	578	32	9
393276	https://m.cafe.naver.com/ca-fe/web/cafes/10503958/articles/393276	다쓰붸이다	Boeing B-52H Stratofortress "Memphis Belle IV" 2nd Bomb wing. Barksdale AFB. 2018	732	41	21
393269	https://m.cafe.naver.com/ca-fe/web/cafes/10503958/articles/393269	쇼와비행기	Ki-61  3식전투기 히엔	170	20	4
393253	https://m.cafe.naver.com/ca-fe/web/cafes/10503958/articles/393253	네모박스	B-2 또 완성했습니다!!	460	26	11
393194	https://m.cafe.naver.com/ca-fe/web/cafes/10503958/articles/393194	슥튝핏잭	SBD-5 던툴리스	275	23	6
393174	https://m.cafe.naver.com/ca-fe/web/cafes/10503958/articles/393174	브란덴부르크	묘하게 귀여운 1/72 바이킹 초계기완성	604	44	33
393173	https://m.cafe.naver.com/ca-fe/web/cafes/10503958/articles/393173	madgun76김순오	아카데미 144. B-2, 135 공중급유기	295	23	3
393128	https://m.cafe.naver.com/ca-fe/web/cafes/10503958/articles/393128	dolph	아카데미 1/72 KF-16C	902	55	24
393126	https://m.cafe.naver.com/ca-fe/web/cafes/10503958/articles/393126	슈발리에	[Academy] 1/32 KF-16C ROKAF	1501	71	35
393109	https://m.cafe.naver.com/ca-fe/web/cafes/10503958/articles/393109	재민지파	B-2A spirit (1/144 scale 아카데미)	1243	99	43
393100	https://m.cafe.naver.com/ca-fe/web/cafes/10503958/articles/393100	시뇨	미 육군 특수전 w/ MH-6J 리틀버드	1367	46	45
393095	https://m.cafe.naver.com/ca-fe/web/cafes/10503958/articles/393095	저비저비	타미야 1/48 F-14A	918	37	10
393089	https://m.cafe.naver.com/ca-fe/web/cafes/10503958/articles/393089	vincence	1/144 B-2 스탤스 폭격기 완성했습니다	495	37	13
393079	https://m.cafe.naver.com/ca-fe/web/cafes/10503958/articles/393079	Waterloo	F-14D VF-2 CAG 1/72	495	30	8
393074	https://m.cafe.naver.com/ca-fe/web/cafes/10503958/articles/393074	Waterloo	F-14A PMTC 1/72	296	21	6
393046	https://m.cafe.naver.com/ca-fe/web/cafes/10503958/articles/393046	romeo	1/72 Macchi MC.202 Folgore	347	39	23
393010	https://m.cafe.naver.com/ca-fe/web/cafes/10503958/articles/393010	도용	하비보스 라팔m 1/72	297	20	10
393005	https://m.cafe.naver.com/ca-fe/web/cafes/10503958/articles/393005	쓰삐빵빵	1/72 트럼페터 F-107A 완성	328	31	31
392997	https://m.cafe.naver.com/ca-fe/web/cafes/10503958/articles/392997	Koko Park	[아카데미 72 슈페르 에텐다드] 야와촬영!	225	18	13
392986	https://m.cafe.naver.com/ca-fe/web/cafes/10503958/articles/392986	슥튝핏잭	타미야 148 키트 일본 가와사키 심식전투기	176	14	4
392941	https://m.cafe.naver.com/ca-fe/web/cafes/10503958/articles/392941	romeo	1/48 Kittyhawk Mk.III(P-40E) RAAF	356	35	21
392922	https://m.cafe.naver.com/ca-fe/web/cafes/10503958/articles/392922	hanjo76	T-50 GOLDEN EAGLE 프로토타입 완성	479	48	8
392900	https://m.cafe.naver.com/ca-fe/web/cafes/10503958/articles/392900	움하하핫	1/144 대한항공  B787-9 HL8081 신도색 완성 입니다.	921	22	26
392883	https://m.cafe.naver.com/ca-fe/web/cafes/10503958/articles/392883	슥튝핏잭	PBY-4 카탈리나 아카데미 1/72	269	16	3
392869	https://m.cafe.naver.com/ca-fe/web/cafes/10503958/articles/392869	romeo	1/48 Spitfire Mk.1 - Batte of Britain	378	41	34
392857	https://m.cafe.naver.com/ca-fe/web/cafes/10503958/articles/392857	아말록	1/72  아카데미 SR-71 블랙버드	439	18	9
392853	https://m.cafe.naver.com/ca-fe/web/cafes/10503958/articles/392853	슥튝핏잭	톰캣 작업 완료 인증^^	186	8	1
392833	https://m.cafe.naver.com/ca-fe/web/cafes/10503958/articles/392833	늙은애	광복절  시리즈	569	57	34
392821	https://m.cafe.naver.com/ca-fe/web/cafes/10503958/articles/392821	모델러 김문수	광복절 기념 국군 장비를 만들자!! (아카데미1/144 피스아이)	384	15	3
392814	https://m.cafe.naver.com/ca-fe/web/cafes/10503958/articles/392814	romeo	1/72 bf109F-4 & Macchi MC 200 Saetta	267	25	11
392807	https://m.cafe.naver.com/ca-fe/web/cafes/10503958/articles/392807	슥튝핏잭	드디어 완성(와일드캣)	281	22	12
392793	https://m.cafe.naver.com/ca-fe/web/cafes/10503958/articles/392793	김승국 dino꾹	1/48 하세가와 HARRIER II PLUS	404	28	23
392773	https://m.cafe.naver.com/ca-fe/web/cafes/10503958/articles/392773	과부댁돌쇠	처음으로 완성한 조립식 비행기입니다	1376	44	34
392720	https://m.cafe.naver.com/ca-fe/web/cafes/10503958/articles/392720	모형광	계란 비행기 KI - 84 HAYATE  (202510)	287	22	15
392705	https://m.cafe.naver.com/ca-fe/web/cafes/10503958/articles/392705	정공돌	KF-21B 블랙 이글스 사양	429	28	5
392685	https://m.cafe.naver.com/ca-fe/web/cafes/10503958/articles/392685	코노	키티호크제 F-35c 1/48 제작 겸 질문	242	9	1
392663	https://m.cafe.naver.com/ca-fe/web/cafes/10503958/articles/392663	romeo	Airfix 1/72 Martlet Mk.III(F4F-3)	422	32	24
392649	https://m.cafe.naver.com/ca-fe/web/cafes/10503958/articles/392649	티벳여우벼리	아카데미과학 1/144 F-5 & F-14 ver.AREA88	200	13	3
392639	https://m.cafe.naver.com/ca-fe/web/cafes/10503958/articles/392639	타키온71v천안	UMA 1/48 AV-8B 헤리어2	1361	69	72
392614	https://m.cafe.naver.com/ca-fe/web/cafes/10503958/articles/392614	모델러1	P-51C MUSTANG RedTails 1/72 아카데미	336	27	21
392595	https://m.cafe.naver.com/ca-fe/web/cafes/10503958/articles/392595	eproman	IBG MODEL 1/72 PZL P.24A/F 터키 전투기	259	27	20
392591	https://m.cafe.naver.com/ca-fe/web/cafes/10503958/articles/392591	꼬끼오	1/48 Wolfpack TA-50 Golden Eagle	285	22	6
392567	https://m.cafe.naver.com/ca-fe/web/cafes/10503958/articles/392567	타키온71v천안	MENG 1/35 AH-64D 아파치	531	22	15
392555	https://m.cafe.naver.com/ca-fe/web/cafes/10503958/articles/392555	kㅏ	아카데미 1/48 Israeli Air Force KFIR C2/C7	250	16	6
392541	https://m.cafe.naver.com/ca-fe/web/cafes/10503958/articles/392541	까도	HH-60G 페이브호크 아카데미과학 1/35	345	26	14
392519	https://m.cafe.naver.com/ca-fe/web/cafes/10503958/articles/392519	SPOOKY	[ACADEMY 1/35] UH-1Y VENOM	2634	111	65
392513	https://m.cafe.naver.com/ca-fe/web/cafes/10503958/articles/392513	움하하핫	1/144 B707-320 대한항공 HL7433 I Love NEW YORK (완성)	381	19	12
392499	https://m.cafe.naver.com/ca-fe/web/cafes/10503958/articles/392499	아키용가	[AREA88]1/72 F-105 썬더치프 구엔반촘 전용기 완성기	277	20	24
392467	https://m.cafe.naver.com/ca-fe/web/cafes/10503958/articles/392467	아키용가	[AREA88]1/72 F-18A 호넷 칸자기 전용기 완성기	188	11	7
392452	https://m.cafe.naver.com/ca-fe/web/cafes/10503958/articles/392452	Koko Park	[아카데미과학 1/72 슈퍼에텐다르] with 에어크래프트 캐리어 베이스.	309	16	10
392437	https://m.cafe.naver.com/ca-fe/web/cafes/10503958/articles/392437	mmmm072	아카데미 1/144 E-737 피스아이 입니다.	1431	72	25
392425	https://m.cafe.naver.com/ca-fe/web/cafes/10503958/articles/392425	아키용가	[AREA88]1/72 A-10A 썬더볼트2 그렉게이츠 전용기 완성기	204	15	12
392406	https://m.cafe.naver.com/ca-fe/web/cafes/10503958/articles/392406	시즈쿠 매버릭 오사카	11비 F-15K	417	13	1
392384	https://m.cafe.naver.com/ca-fe/web/cafes/10503958/articles/392384	cybertruck	아카데미과학 1/72 F-22A	779	35	10
392378	https://m.cafe.naver.com/ca-fe/web/cafes/10503958/articles/392378	아키용가	[AREA88]1/72 F-15 이글 샤키바슈탈 전용기 완성기	191	10	18
392351	https://m.cafe.naver.com/ca-fe/web/cafes/10503958/articles/392351	아키용가	[AREA88]1/72 F-16 파이팅팔콘 찰리 전용기 완성기	230	16	12
392345	https://m.cafe.naver.com/ca-fe/web/cafes/10503958/articles/392345	중딩	아카데미 수파 1/32 / 한국 KF-16	870	28	8
392331	https://m.cafe.naver.com/ca-fe/web/cafes/10503958/articles/392331	엔프리티	[SOMA-M]1/72 Hawker 400xrp	205	19	5
392305	https://m.cafe.naver.com/ca-fe/web/cafes/10503958/articles/392305	용문	타미야 1/48 Bf 109G	326	20	4
392292	https://m.cafe.naver.com/ca-fe/web/cafes/10503958/articles/392292	iloom	1/72 파인몰드 제로기	218	12	5
392286	https://m.cafe.naver.com/ca-fe/web/cafes/10503958/articles/392286	모델러1	HAWKER HURRICANE MK.I  1/72 AIRFIX	227	13	6
392278	https://m.cafe.naver.com/ca-fe/web/cafes/10503958/articles/392278	김 건	이탈레리 / F-15C EAGLE / 1/48 #완성	784	41	19
392271	https://m.cafe.naver.com/ca-fe/web/cafes/10503958/articles/392271	친환경	1/144 zvezda 에어버스A320 샤크렛	338	14	10
392268	https://m.cafe.naver.com/ca-fe/web/cafes/10503958/articles/392268	dolph	1/72 아카데미 FA-18A RED DEVILS	482	29	18
392262	https://m.cafe.naver.com/ca-fe/web/cafes/10503958/articles/392262	에디	고양이와 집사들	580	39	26
392258	https://m.cafe.naver.com/ca-fe/web/cafes/10503958/articles/392258	글쎄요	아카데미 B2 완성했습니다.	390	31	11
392244	https://m.cafe.naver.com/ca-fe/web/cafes/10503958/articles/392244	airboy	F-8J CRUSADER (HASEGAWA 1/48)	210	24	15
392238	https://m.cafe.naver.com/ca-fe/web/cafes/10503958/articles/392238	화랑모델	1/144 E-737 AEW&C Peace Eye 피스아이 공중조기경보통제기	372	17	4
392237	https://m.cafe.naver.com/ca-fe/web/cafes/10503958/articles/392237	화랑모델	1/144 E-3G Sentry AEW&C 공중조기경보통제기	214	7	2
392223	https://m.cafe.naver.com/ca-fe/web/cafes/10503958/articles/392223	Youboy	[아카데미] 1/72 KF-16C	632	30	11
392198	https://m.cafe.naver.com/ca-fe/web/cafes/10503958/articles/392198	이내별들	아카데미 1/72 USN F-4J 첫 항공기 조립도색	295	24	17
392189	https://m.cafe.naver.com/ca-fe/web/cafes/10503958/articles/392189	아키용가	[AREA88]1/72 Mig-27 Flogger D 파파울프 전용기 완성기	167	10	8
392167	https://m.cafe.naver.com/ca-fe/web/cafes/10503958/articles/392167	성더슨	아카데미 구판 48스케일 F-14A 톰캣 매버릭, 구스 탑승기 완성 입니다.	306	27	29
392155	https://m.cafe.naver.com/ca-fe/web/cafes/10503958/articles/392155	용문	1/72 F-51D Mustang	227	18	7
392154	https://m.cafe.naver.com/ca-fe/web/cafes/10503958/articles/392154	아키용가	[AREA88]1/72 Av-8 해리어 킴아바 전용기 완성기	164	14	9
392136	https://m.cafe.naver.com/ca-fe/web/cafes/10503958/articles/392136	뿌릉	아카데미 1/144 C-118 Liftmaster 대한민국 에어포스1	1717	46	24
392104	https://m.cafe.naver.com/ca-fe/web/cafes/10503958/articles/392104	아키용가	[AREA88]1/72 F-14 톰캣 미키사이먼 전용기 완성기	192	11	12
392090	https://m.cafe.naver.com/ca-fe/web/cafes/10503958/articles/392090	eproman	KORA  1/72 CURTISS WRIGHT CW32 FALCON 네덜란드 정찰기및 훈련기	197	19	4
392076	https://m.cafe.naver.com/ca-fe/web/cafes/10503958/articles/392076	위대한 유니콘	하세가와 1:200 ANA항공 보잉 777-200 완성	225	6	1
392054	https://m.cafe.naver.com/ca-fe/web/cafes/10503958/articles/392054	아키용가	[AREA88] 1/72 F-20 타이거샤크 카자마신 전용기 완성기	192	10	16
392024	https://m.cafe.naver.com/ca-fe/web/cafes/10503958/articles/392024	mmmm072	아카데미 B737-8max 대한항공 구도장 두번째 입니다.	901	45	20
392022	https://m.cafe.naver.com/ca-fe/web/cafes/10503958/articles/392022	다쓰붸이다	Ju-87G-1 Sutuka "Kanonen Vogel"	239	17	5
392013	https://m.cafe.naver.com/ca-fe/web/cafes/10503958/articles/392013	아키용가	[AREA88]1/72 F-8E 크루세이더 보리스 전용기 완성기	186	12	10
392000	https://m.cafe.naver.com/ca-fe/web/cafes/10503958/articles/392000	DDNE7428	대한항공 A380, HL7612	938	17	9
391999	https://m.cafe.naver.com/ca-fe/web/cafes/10503958/articles/391999	DDNE7428	아카데미 b787-9	491	13	4
391961	https://m.cafe.naver.com/ca-fe/web/cafes/10503958/articles/391961	아키용가	[AREA88]1/72 F-100F 슈퍼세이버 미키사이먼 전용기 완성기	141	11	4
391941	https://m.cafe.naver.com/ca-fe/web/cafes/10503958/articles/391941	공장장	Meng 1:48 대한민국공군 F-4E "Last flight"	1035	64	31
391936	https://m.cafe.naver.com/ca-fe/web/cafes/10503958/articles/391936	아키용가	[AREA88] A-4 스카이호크 그레그 전용기 완성기	152	8	6
391922	https://m.cafe.naver.com/ca-fe/web/cafes/10503958/articles/391922	티벳여우벼리	아카데미과학 1/72 F-14 “BLACK BUNNY”	250	10	5
391916	https://m.cafe.naver.com/ca-fe/web/cafes/10503958/articles/391916	신 의 손	B-2 SPIRIT 완성입니다.	406	27	11
391883	https://m.cafe.naver.com/ca-fe/web/cafes/10503958/articles/391883	paTton model	F-4J & F-4B	270	24	2
391874	https://m.cafe.naver.com/ca-fe/web/cafes/10503958/articles/391874	타키온71v천안	아카데미 1/48 A-10C	1113	60	29
391873	https://m.cafe.naver.com/ca-fe/web/cafes/10503958/articles/391873	동이아빠	[V-22 Osprey] 아이디어과학 1/72	496	36	22
391871	https://m.cafe.naver.com/ca-fe/web/cafes/10503958/articles/391871	MLRS	JU 87 B-2	214	16	12
391865	https://m.cafe.naver.com/ca-fe/web/cafes/10503958/articles/391865	metalmetal	스펀지도색러 아카데미 1/48 f-4j 졸리로저스 날림완성입니다 ㅜ	371	22	14
391860	https://m.cafe.naver.com/ca-fe/web/cafes/10503958/articles/391860	리젯01	아카데미 1/144 미해군 F-14A VF-84 "졸리 로저스"	289	21	18
391845	https://m.cafe.naver.com/ca-fe/web/cafes/10503958/articles/391845	뿌릉	Revell 1/72 Tornado ,,PRIDE OF BOELCKE" 완성.	373	40	35
391843	https://m.cafe.naver.com/ca-fe/web/cafes/10503958/articles/391843	충남홍성 이원창	#74-1/144 USAF B-1B Lancer 34th BS `Thunderbirds`	241	28	15
391838	https://m.cafe.naver.com/ca-fe/web/cafes/10503958/articles/391838	용문	타미야 corsair	309	11	5
391822	https://m.cafe.naver.com/ca-fe/web/cafes/10503958/articles/391822	엔프리티	1/72 JASDF U-125A	320	24	12
391808	https://m.cafe.naver.com/ca-fe/web/cafes/10503958/articles/391808	꼬끼오	1/48 Hasegawa ROKAF RF-4C "Phantom II"	349	31	16
391807	https://m.cafe.naver.com/ca-fe/web/cafes/10503958/articles/391807	romeo	Airfix 1/48 Bf109E7	467	52	27
391803	https://m.cafe.naver.com/ca-fe/web/cafes/10503958/articles/391803	재민지파	F/A-18E 탑건 매버릭 ( 1/72 Scale 아카데미 + DEF Model )	1287	89	54
391800	https://m.cafe.naver.com/ca-fe/web/cafes/10503958/articles/391800	보키복희	1/24 BF-109 G2 완성	348	33	17
391788	https://m.cafe.naver.com/ca-fe/web/cafes/10503958/articles/391788	eproman	HOBBY BOSS 1/72 PE-2 소련 경폭격기	343	36	19
391712	https://m.cafe.naver.com/ca-fe/web/cafes/10503958/articles/391712	madgun76김순오	아카데미 1/144 B-2	1011	50	27
391585	https://m.cafe.naver.com/ca-fe/web/cafes/10503958/articles/391585	댄싱브러쉬	SU-30MKI Indian Airforce	393	31	22
391580	https://m.cafe.naver.com/ca-fe/web/cafes/10503958/articles/391580	탐탐	P-40B Flying Tigers (Trumpeter, 1/32)	247	27	13
391558	https://m.cafe.naver.com/ca-fe/web/cafes/10503958/articles/391558	모래발톱	아카데미 1/72 대한민국 공군 KF-16C MCP 완성	956	27	8
391552	https://m.cafe.naver.com/ca-fe/web/cafes/10503958/articles/391552	카이트701	1/144 플라츠 P-47D 썬더볼트	212	14	3
391546	https://m.cafe.naver.com/ca-fe/web/cafes/10503958/articles/391546	스파르타	Revell 1/144 A321	173	0	1
391535	https://m.cafe.naver.com/ca-fe/web/cafes/10503958/articles/391535	클론파일럿	아카데미 UH-60P 1/48 (완성)	750	23	5
391525	https://m.cafe.naver.com/ca-fe/web/cafes/10503958/articles/391525	엔프리티	1/144 아카데미 737-8 MAX	855	31	9
391520	https://m.cafe.naver.com/ca-fe/web/cafes/10503958/articles/391520	쓰삐빵빵	1/48 아카데미 세스나 완성	973	64	31
391505	https://m.cafe.naver.com/ca-fe/web/cafes/10503958/articles/391505	부대열중쉬어	미공군 A-10C 썬더볼트2, 1/48	430	26	10
391502	https://m.cafe.naver.com/ca-fe/web/cafes/10503958/articles/391502	slowalker	아카데미 1/48 USAF A-10C 붓도색 완성 세번째	743	43	10
391493	https://m.cafe.naver.com/ca-fe/web/cafes/10503958/articles/391493	Cayde117	1/48 다쏘 라팔(Dassault Rafale) 한국 공군 버젼	802	44	20
391488	https://m.cafe.naver.com/ca-fe/web/cafes/10503958/articles/391488	조박	21채널 1/72 벽걸이 선풍기 ^^;	407	19	14
391459	https://m.cafe.naver.com/ca-fe/web/cafes/10503958/articles/391459	테크프라	아카데미_울프팩 F-22A 랩터 1/72_플레어 디오라마	597	42	9
391451	https://m.cafe.naver.com/ca-fe/web/cafes/10503958/articles/391451	제이손	아카데미 1/144 B-2 완성,	384	25	16
391448	https://m.cafe.naver.com/ca-fe/web/cafes/10503958/articles/391448	친환경	1/144 zvezda  차이나 에어라인 A350-900	481	17	3
391446	https://m.cafe.naver.com/ca-fe/web/cafes/10503958/articles/391446	Haddock	1/72 아카데미 SPAD XIII 복엽기 만들어 봤습니다.	344	17	16
391420	https://m.cafe.naver.com/ca-fe/web/cafes/10503958/articles/391420	cybertruck	아카데미과학 1/144 B-2 SPIRIT OF NEBRASKA	1104	29	4
391411	https://m.cafe.naver.com/ca-fe/web/cafes/10503958/articles/391411	후니듀라	Academy 1/144 미공군 stelth bomber B-2 완성	574	30	7
391398	https://m.cafe.naver.com/ca-fe/web/cafes/10503958/articles/391398	eproman	AOSHIMA 1/72 Ta-152H 독일 고고도 요격기	279	20	11
391396	https://m.cafe.naver.com/ca-fe/web/cafes/10503958/articles/391396	꼬끼오	1/72 HobbyBoss CH-46D 'Sea Knight'	245	9	4
391373	https://m.cafe.naver.com/ca-fe/web/cafes/10503958/articles/391373	네모박스	B-2 도색은 스폰지 하나면 끝!!	650	28	15
391323	https://m.cafe.naver.com/ca-fe/web/cafes/10503958/articles/391323	소주병	F-14B Tomcat, Hobbyboss 1/48	513	39	18
391322	https://m.cafe.naver.com/ca-fe/web/cafes/10503958/articles/391322	hongmsz	[아카데미] 1/144 B-2A	622	34	11
391260	https://m.cafe.naver.com/ca-fe/web/cafes/10503958/articles/391260	소주병	A-7D/E Corsair 2, Hasegawa 1/48	354	36	22
391254	https://m.cafe.naver.com/ca-fe/web/cafes/10503958/articles/391254	g38	Junkers F 13, 1/72 Revell	231	26	6
391236	https://m.cafe.naver.com/ca-fe/web/cafes/10503958/articles/391236	화랑모델	1/144 KC-135 to B-2 '한밤의 망치 작전	507	29	3
391235	https://m.cafe.naver.com/ca-fe/web/cafes/10503958/articles/391235	화랑모델	1/144 B-2 스피릿 스텔스 폭격기	267	8	0
391234	https://m.cafe.naver.com/ca-fe/web/cafes/10503958/articles/391234	화랑모델	1/144 KC-135 스트라토탱커 공중급유기	197	8	0
391232	https://m.cafe.naver.com/ca-fe/web/cafes/10503958/articles/391232	xongsang	아카데미 B-2A 스텔스 폭격기	643	42	8
391210	https://m.cafe.naver.com/ca-fe/web/cafes/10503958/articles/391210	소주병	USMC AH-1Z Viper “Shark Mouth”, Academy 1/35	362	26	26
391181	https://m.cafe.naver.com/ca-fe/web/cafes/10503958/articles/391181	타키온71v천안	타미야 1/48 F-14D 바운티 헌터스	1007	59	39
391176	https://m.cafe.naver.com/ca-fe/web/cafes/10503958/articles/391176	카이트701	1/144 플라츠 J35F 드라켄	247	24	14
391170	https://m.cafe.naver.com/ca-fe/web/cafes/10503958/articles/391170	romeo	1/72 Savoia Marchetti SM.79 (Italeri)	199	17	5
391138	https://m.cafe.naver.com/ca-fe/web/cafes/10503958/articles/391138	romeo	1/48 Macchi C.202 folgore(Hasegawa)	237	16	10
391132	https://m.cafe.naver.com/ca-fe/web/cafes/10503958/articles/391132	타키온71v천안	타미야 1/48 F-35B	863	43	33
391126	https://m.cafe.naver.com/ca-fe/web/cafes/10503958/articles/391126	웅비호	1/48 아카데미F-4J팬텀	553	21	8
391122	https://m.cafe.naver.com/ca-fe/web/cafes/10503958/articles/391122	Free모델	아카데미 와일드캣 완성	378	13	2
391117	https://m.cafe.naver.com/ca-fe/web/cafes/10503958/articles/391117	romeo	1/48 Spitfire Mk.IX (ICM)	327	26	12
391116	https://m.cafe.naver.com/ca-fe/web/cafes/10503958/articles/391116	romeo	1/48 Macchi MC.200 Saetta(Italeri)	164	14	3
391115	https://m.cafe.naver.com/ca-fe/web/cafes/10503958/articles/391115	화랑모델	1/48 T-50 바리에이션_(국내)	295	14	4
391114	https://m.cafe.naver.com/ca-fe/web/cafes/10503958/articles/391114	화랑모델	1/48 T-50B 블랙이글스	214	7	2
391113	https://m.cafe.naver.com/ca-fe/web/cafes/10503958/articles/391113	화랑모델	1/48 KUH-1M 메디온 의무후송헬리콥터	248	7	0
391098	https://m.cafe.naver.com/ca-fe/web/cafes/10503958/articles/391098	romeo	1/72 Fiat  BR.20 (Italeri)	297	30	14
391093	https://m.cafe.naver.com/ca-fe/web/cafes/10503958/articles/391093	LeMon101	Academy 1/144 USAF B-2A 'Stealth Bomber' - 완성	254	28	11
391080	https://m.cafe.naver.com/ca-fe/web/cafes/10503958/articles/391080	네모박스	B-2 스펀지도색 기법으로 도색하기~~	2132	79	30
391072	https://m.cafe.naver.com/ca-fe/web/cafes/10503958/articles/391072	ololee	B-2 SPIRIT ( MOP 투하버전 ) / 아카데미 1/144	508	27	5
391048	https://m.cafe.naver.com/ca-fe/web/cafes/10503958/articles/391048	vincence	1/144 KC-135R 완성했습니다	374	23	6
391045	https://m.cafe.naver.com/ca-fe/web/cafes/10503958/articles/391045	Prorsum	1/48 GWH Su-35s RED 10 "Full Attack"	405	25	7
391043	https://m.cafe.naver.com/ca-fe/web/cafes/10503958/articles/391043	아오조아라	Meng 1/48 EA-18G Growler	465	37	10
391034	https://m.cafe.naver.com/ca-fe/web/cafes/10503958/articles/391034	도용	아카데미 f18/F16/슈페르에땅다르/F4. 이탈레리 토네이도	459	36	13
391030	https://m.cafe.naver.com/ca-fe/web/cafes/10503958/articles/391030	mmmm072	아카데미 1/144 B737-8max 대한항공 신도장 입니다.	1582	58	20
390983	https://m.cafe.naver.com/ca-fe/web/cafes/10503958/articles/390983	에디	Bf109G-6 (에어픽스 1/72)	333	28	19
390971	https://m.cafe.naver.com/ca-fe/web/cafes/10503958/articles/390971	꼬끼오	1/48 Academy TBF-1C "Avenger"	378	22	12
390894	https://m.cafe.naver.com/ca-fe/web/cafes/10503958/articles/390894	eproman	ICM 1/72 SU-2 소련 경폭격기	278	17	4
390886	https://m.cafe.naver.com/ca-fe/web/cafes/10503958/articles/390886	타키온71v천안	타미야 1/48 F-35A	876	47	35
390876	https://m.cafe.naver.com/ca-fe/web/cafes/10503958/articles/390876	madgun76김순오	대한민국 F-4E팬텀 퇴역마킹	751	48	13
390864	https://m.cafe.naver.com/ca-fe/web/cafes/10503958/articles/390864	캐나다초보아재	아카데미 1/48 A-10C 완성 및 생존신고	719	40	30
390823	https://m.cafe.naver.com/ca-fe/web/cafes/10503958/articles/390823	Free모델	요즘 핫한 B2 완성입니다	440	13	1
390813	https://m.cafe.naver.com/ca-fe/web/cafes/10503958/articles/390813	둥사장님	F-4B Phantom II VF - 161	348	31	5
390769	https://m.cafe.naver.com/ca-fe/web/cafes/10503958/articles/390769	화랑모델	1/48 T-41 메스칼레로 기본훈련기	221	8	0
390759	https://m.cafe.naver.com/ca-fe/web/cafes/10503958/articles/390759	시나브로15	아카데미과학 1/48 세스나 172 스카이호크 #2 (완성작)	587	26	4
390757	https://m.cafe.naver.com/ca-fe/web/cafes/10503958/articles/390757	술병자리	핼기 야외촬영했어요	285	12	0
390749	https://m.cafe.naver.com/ca-fe/web/cafes/10503958/articles/390749	동이아빠	F4U-1A Corsair 1/48 아이디어과학	326	20	10
390734	https://m.cafe.naver.com/ca-fe/web/cafes/10503958/articles/390734	테크프라	아카데미_울프팩 F-22A 랩터 1/72 제작기_LED,Motor_Final	499	26	14
390729	https://m.cafe.naver.com/ca-fe/web/cafes/10503958/articles/390729	dolph	아카데미 1/48 UH-1H	748	42	21
390726	https://m.cafe.naver.com/ca-fe/web/cafes/10503958/articles/390726	백향	1/48 아카데미 IAI KFIR C7 완성	634	41	16
390722	https://m.cafe.naver.com/ca-fe/web/cafes/10503958/articles/390722	슈발리에	[Academy] 1/72 F-15K Slam Eagle ROKAF	739	57	15
390719	https://m.cafe.naver.com/ca-fe/web/cafes/10503958/articles/390719	밥풀때끼	타미야 1/48 P-38J 완성기	355	30	15
390712	https://m.cafe.naver.com/ca-fe/web/cafes/10503958/articles/390712	제이손	G.W.H 1/48 IAF F-15I Ra'am	502	39	26
390691	https://m.cafe.naver.com/ca-fe/web/cafes/10503958/articles/390691	다쓰붸이다	"Memphis Belle", UK, May 1943	389	33	16
390684	https://m.cafe.naver.com/ca-fe/web/cafes/10503958/articles/390684	술병자리	1/57 Scale UH-60 한국 육군	366	16	1
390659	https://m.cafe.naver.com/ca-fe/web/cafes/10503958/articles/390659	명품유리샷시님	계획에없던f14두넘 완성요 졸작...	411	17	7
390632	https://m.cafe.naver.com/ca-fe/web/cafes/10503958/articles/390632	하늘색	cyber hobby f6f-3 헬켓 완성	269	13	9
390608	https://m.cafe.naver.com/ca-fe/web/cafes/10503958/articles/390608	스파르타	Academy 1/144 B737-8max	452	27	12
390596	https://m.cafe.naver.com/ca-fe/web/cafes/10503958/articles/390596	깜도르네	아카데미 1:72 F-14A - VF-111 Sundowners	444	27	17
390592	https://m.cafe.naver.com/ca-fe/web/cafes/10503958/articles/390592	모델러 김문수	호국 보훈의 달 기념 1/72 t-50	269	6	0
390590	https://m.cafe.naver.com/ca-fe/web/cafes/10503958/articles/390590	동이아빠	[T-6G Taxan ROKAF] 아카데미 1/72	267	24	4
390556	https://m.cafe.naver.com/ca-fe/web/cafes/10503958/articles/390556	eproman	DORA WINGS 1/72 Marcel-Bloch M.B.151 그리스 전투기	260	21	10
390533	https://m.cafe.naver.com/ca-fe/web/cafes/10503958/articles/390533	가입한 사람	아카데미 1/72 KF-21	440	19	5
390522	https://m.cafe.naver.com/ca-fe/web/cafes/10503958/articles/390522	metalmetal	스펀지도색 아카데미 1/72 f-4j 완성은 했습니다..ㅜ	1684	48	36
390509	https://m.cafe.naver.com/ca-fe/web/cafes/10503958/articles/390509	mmmm072	아카데미 즈베즈다 B787-9대한항공 50주년 특도입니다.	759	37	11
390504	https://m.cafe.naver.com/ca-fe/web/cafes/10503958/articles/390504	화랑모델	1/48 T- 50 고등훈련기 프로토 타입	260	13	0
390503	https://m.cafe.naver.com/ca-fe/web/cafes/10503958/articles/390503	화랑모델	1/48 TA-50 전술훈련기	232	11	0
390474	https://m.cafe.naver.com/ca-fe/web/cafes/10503958/articles/390474	슈발리에	[Academy] 1/48 T-50 ROKAF Black Eagles	576	33	15
390472	https://m.cafe.naver.com/ca-fe/web/cafes/10503958/articles/390472	재민지파	FA-50  Fighting Eagle(Tori Factory Conversion set + T-50 아카데미 1/72 scale)	386	35	20
390471	https://m.cafe.naver.com/ca-fe/web/cafes/10503958/articles/390471	MC스켈러	아카데미 1/48 SB2U-3 미드웨이 해전 80주년~	536	24	6
390440	https://m.cafe.naver.com/ca-fe/web/cafes/10503958/articles/390440	모델러 김문수	아카데미 1/72 f-100	319	15	4
390433	https://m.cafe.naver.com/ca-fe/web/cafes/10503958/articles/390433	머브	usn sb2u-3 완성!	303	10	5
390425	https://m.cafe.naver.com/ca-fe/web/cafes/10503958/articles/390425	탈모형	아카데미 1/48 f-15k 슬램이글 완성(?) 했습니다	610	41	17
390423	https://m.cafe.naver.com/ca-fe/web/cafes/10503958/articles/390423	인아크	Kinetic 1/48 KF-16U 완성	1399	50	21
390415	https://m.cafe.naver.com/ca-fe/web/cafes/10503958/articles/390415	슈발리에	[Hobbyboss] 1/48 F-105D Thunderchief 'OLD CROW II'	401	40	28
390402	https://m.cafe.naver.com/ca-fe/web/cafes/10503958/articles/390402	다쓰붸이다	RAF Boulton Paul Defiant	287	18	4
390388	https://m.cafe.naver.com/ca-fe/web/cafes/10503958/articles/390388	ARIEL	언제 완성했는지도 모르겠는 1/72 Bf109	295	18	6
390342	https://m.cafe.naver.com/ca-fe/web/cafes/10503958/articles/390342	브란덴부르크	아카데미 1/48 P-38 네이키드 써니호 중무장형 완성했습니다	596	55	46
390340	https://m.cafe.naver.com/ca-fe/web/cafes/10503958/articles/390340	카이트701	1/144 ACE F/A-18C HORNET	335	16	7
390317	https://m.cafe.naver.com/ca-fe/web/cafes/10503958/articles/390317	화랑모델	RQ-4 글로벌호크 고고도무인기	298	9	0
390315	https://m.cafe.naver.com/ca-fe/web/cafes/10503958/articles/390315	화랑모델	1/48 MQ-9 리퍼 무인공격기	224	7	0
390313	https://m.cafe.naver.com/ca-fe/web/cafes/10503958/articles/390313	화랑모델	1/48 한국공군 A-37 드래곤 플라이	562	24	3
390312	https://m.cafe.naver.com/ca-fe/web/cafes/10503958/articles/390312	화랑모델	1/48 T-38A 탈론 공군 (구)고등훈련기	195	6	0
390275	https://m.cafe.naver.com/ca-fe/web/cafes/10503958/articles/390275	동이아빠	[F-18C VFA-105] Revell 1/48	477	36	22
390259	https://m.cafe.naver.com/ca-fe/web/cafes/10503958/articles/390259	madgun76김순오	아카데미 1/35 바이퍼 완성	1172	54	33
390250	https://m.cafe.naver.com/ca-fe/web/cafes/10503958/articles/390250	dolph	[아카데미] 1/48 USN T-34B Mentor	376	25	18
390238	https://m.cafe.naver.com/ca-fe/web/cafes/10503958/articles/390238	햇살쬐는영감	[Hasegawa] 1/48 Mitsubishi F1M2 Zero Observation Seaplane Type 11	303	17	4
390233	https://m.cafe.naver.com/ca-fe/web/cafes/10503958/articles/390233	지강아빠	간만에 올립니다	381	27	8
390213	https://m.cafe.naver.com/ca-fe/web/cafes/10503958/articles/390213	그카이	아카데미 sbd-3 만들었습니다.	466	28	8
390176	https://m.cafe.naver.com/ca-fe/web/cafes/10503958/articles/390176	포항오천읍뉴비	S-2 트래커	525	26	16
390169	https://m.cafe.naver.com/ca-fe/web/cafes/10503958/articles/390169	다쓰붸이다	Cessna 172S Skyhawk SP	417	26	12
390142	https://m.cafe.naver.com/ca-fe/web/cafes/10503958/articles/390142	eproman	SPECIAL HOBBY 1/72 CA.311 Caproni 이탈리아 정찰기	332	29	14
390112	https://m.cafe.naver.com/ca-fe/web/cafes/10503958/articles/390112	움하하핫	1/72 아카데미 F-35B 완성	589	26	2
390104	https://m.cafe.naver.com/ca-fe/web/cafes/10503958/articles/390104	움하하핫	1/144 아카데미 (즈베즈다) 이스타항공 B737-8 HL8599	511	19	10
390095	https://m.cafe.naver.com/ca-fe/web/cafes/10503958/articles/390095	네모박스	귀욤뽀짝....어떻게 이걸 안 만들고 배겨...??	778	43	25
390094	https://m.cafe.naver.com/ca-fe/web/cafes/10503958/articles/390094	마이더스801	[F-16 콕핏] 도색완성작. aka 노안과의 사투	446	31	11
390080	https://m.cafe.naver.com/ca-fe/web/cafes/10503958/articles/390080	움하하핫	1/144 아카데미 (즈베즈다) 대한항공 B737-900 HL8248	608	17	10
390067	https://m.cafe.naver.com/ca-fe/web/cafes/10503958/articles/390067	공장장	하세가와 1:48 F-4EJ 改 (Kai)	343	29	18
390063	https://m.cafe.naver.com/ca-fe/web/cafes/10503958/articles/390063	꿀땅콩	A-10 제작 완료	445	33	18
390051	https://m.cafe.naver.com/ca-fe/web/cafes/10503958/articles/390051	동이아빠	[F-14A TOMCAT VF-84] TAMIYA + KA 1/48	459	27	24
390048	https://m.cafe.naver.com/ca-fe/web/cafes/10503958/articles/390048	김승국 dino꾹	TAMIYA 1/48 A-1H SKYRAIDER	338	20	14
390021	https://m.cafe.naver.com/ca-fe/web/cafes/10503958/articles/390021	캬캬로트	아카데미 P-40e 1/72 우여곡절끝에 완성해보았습니다	197	14	9
389979	https://m.cafe.naver.com/ca-fe/web/cafes/10503958/articles/389979	madgun76김순오	아카데미 1/48 세스나(공군마킹)	635	34	16
389954	https://m.cafe.naver.com/ca-fe/web/cafes/10503958/articles/389954	동이아빠	[F-4D PHANTOM II ROKAF] Academy 1/48	595	43	25
389922	https://m.cafe.naver.com/ca-fe/web/cafes/10503958/articles/389922	엘디맨	아카데미 1:72 FA-18C : VFA-192 Golden Dragons	279	21	5
389916	https://m.cafe.naver.com/ca-fe/web/cafes/10503958/articles/389916	SPOOKY	B-2 Spirit	501	48	32
389915	https://m.cafe.naver.com/ca-fe/web/cafes/10503958/articles/389915	다쓰붸이다	P-51D Mustang352nd FG 487FS John C. Meyer "Blue Nose"	303	19	10
389907	https://m.cafe.naver.com/ca-fe/web/cafes/10503958/articles/389907	다쓰붸이다	FW-190A3 포케불프	295	23	2
389906	https://m.cafe.naver.com/ca-fe/web/cafes/10503958/articles/389906	다쓰붸이다	P-47D 썬더볼트	363	22	13
389903	https://m.cafe.naver.com/ca-fe/web/cafes/10503958/articles/389903	명품유리샷시님	고증무시 내맘대로 수호이	349	24	12
389888	https://m.cafe.naver.com/ca-fe/web/cafes/10503958/articles/389888	hwadong	Alpha jet A	168	15	9
389884	https://m.cafe.naver.com/ca-fe/web/cafes/10503958/articles/389884	norara016	키네틱 1:48 F-16완성 했습니다.	463	32	12
389852	https://m.cafe.naver.com/ca-fe/web/cafes/10503958/articles/389852	아오조아라	하비보스 1/48 미그-31 Foxhound	358	24	6
389829	https://m.cafe.naver.com/ca-fe/web/cafes/10503958/articles/389829	아티반	1/48 Tamiya Me262 A-2a w/ Kettenkraftrad	297	24	7
389828	https://m.cafe.naver.com/ca-fe/web/cafes/10503958/articles/389828	아산곰씨	1/144 C-130J 대한민국 공군 입니다.	915	31	13
389803	https://m.cafe.naver.com/ca-fe/web/cafes/10503958/articles/389803	아오조아라	GWH 1/48 수호이 Su-35S Flanker-E	580	42	24
389801	https://m.cafe.naver.com/ca-fe/web/cafes/10503958/articles/389801	뉴클리어런치	1/48 USN F3F-2 VF-6 Fighting Six	195	14	13
389791	https://m.cafe.naver.com/ca-fe/web/cafes/10503958/articles/389791	동이아빠	[F-14D VX-9 Vandy-1]  Revell 1/48	490	34	14
389775	https://m.cafe.naver.com/ca-fe/web/cafes/10503958/articles/389775	metalmetal	아카데미 1/48 a-10c 스펀지도색 완성은 했어요 ㅜ ㅜ	579	25	29
389763	https://m.cafe.naver.com/ca-fe/web/cafes/10503958/articles/389763	차영	울프팩디자인 1/72 T-2C Buckeye "Last Flight" (10011)	417	21	14
389754	https://m.cafe.naver.com/ca-fe/web/cafes/10503958/articles/389754	성더슨	아카데미 구판 48스케일 F-14A 완성 입니다.	267	17	10
389746	https://m.cafe.naver.com/ca-fe/web/cafes/10503958/articles/389746	충남홍성 이원창	#73-1/72 F/A-18D Hornet `US Marine Corps`VMFA-533 Hawks	344	31	26
389725	https://m.cafe.naver.com/ca-fe/web/cafes/10503958/articles/389725	Waterloo	깨작깨작 f-14 제작기+ p-40 완성	254	4	1
389715	https://m.cafe.naver.com/ca-fe/web/cafes/10503958/articles/389715	sh2944	1:35 UH-1C Iroquois "Huey" 完	389	23	14
389714	https://m.cafe.naver.com/ca-fe/web/cafes/10503958/articles/389714	타키온71v천안	아카데미 1/35 AH-1W	823	44	31
389696	https://m.cafe.naver.com/ca-fe/web/cafes/10503958/articles/389696	eproman	TRUMPETER 1/72 FW200C-8 Condor 독일 히틀러 전용 장거리 항공기	528	37	18
389683	https://m.cafe.naver.com/ca-fe/web/cafes/10503958/articles/389683	정진우	1/72 A-10A OIF	451	47	33
389682	https://m.cafe.naver.com/ca-fe/web/cafes/10503958/articles/389682	동이아빠	[F-14A VF-154 2003] Hasegawa 1/48	335	30	17
389676	https://m.cafe.naver.com/ca-fe/web/cafes/10503958/articles/389676	타키온71v천안	아카데미 1/48 F-15K	594	37	24
389673	https://m.cafe.naver.com/ca-fe/web/cafes/10503958/articles/389673	꼬끼오	1/48 Tamiya F-35A Lightning II ROKAF	432	25	9
389662	https://m.cafe.naver.com/ca-fe/web/cafes/10503958/articles/389662	쓰삐빵빵	1/48 Mig-21SMT 완성	417	38	31
389645	https://m.cafe.naver.com/ca-fe/web/cafes/10503958/articles/389645	화성갈꺼니끄아	KittyHwak su-27ub	330	29	6
389637	https://m.cafe.naver.com/ca-fe/web/cafes/10503958/articles/389637	dolph	[아카데미] 1/72 USS SB2C-4E Helldiver	430	38	21
389629	https://m.cafe.naver.com/ca-fe/web/cafes/10503958/articles/389629	니오	Revell 1/32scale ec135 ADAC 완성	1390	85	87
389556	https://m.cafe.naver.com/ca-fe/web/cafes/10503958/articles/389556	차실장	U.S.A.F B-2A SPIRIT Stealth Bomber with MOP GBU-57 1/72 [modelcollect]	607	35	8
389483	https://m.cafe.naver.com/ca-fe/web/cafes/10503958/articles/389483	성더슨	하비보스 1/48 F-105D Thunder chief 완성 했습니다.	412	30	28
389472	https://m.cafe.naver.com/ca-fe/web/cafes/10503958/articles/389472	한반도70	아카데미 1/144 "Top Gun"  1/144 스케일 벽걸이 디오라마	845	57	25
389464	https://m.cafe.naver.com/ca-fe/web/cafes/10503958/articles/389464	뿌릉	하세가와 1/72 RF-4B PHANTOM2 완성.	360	33	32
389430	https://m.cafe.naver.com/ca-fe/web/cafes/10503958/articles/389430	준건	아카데미 1/48 A-10C 드디어 완성했어요.^^	442	21	10
389422	https://m.cafe.naver.com/ca-fe/web/cafes/10503958/articles/389422	저비저비	1/48 F-16 wild weasel 타미야	455	22	4
389386	https://m.cafe.naver.com/ca-fe/web/cafes/10503958/articles/389386	다쓰붸이다	He111-3 ICM 1/48	416	28	18
389381	https://m.cafe.naver.com/ca-fe/web/cafes/10503958/articles/389381	xongsang	아카데미 F4F-4 와일드캣	528	33	5
389290	https://m.cafe.naver.com/ca-fe/web/cafes/10503958/articles/389290	madgun76김순오	헬기 완성작 재촬영	379	23	14
389280	https://m.cafe.naver.com/ca-fe/web/cafes/10503958/articles/389280	MC스켈러	아카데미 1/32 솝위드카멜 F.1..--	268	17	16
389243	https://m.cafe.naver.com/ca-fe/web/cafes/10503958/articles/389243	술병자리	1/144 대한민국 공군 C-130	578	13	6
389228	https://m.cafe.naver.com/ca-fe/web/cafes/10503958/articles/389228	수퍼스탤리온	이탈레리 1/48 HH-60H 레스큐 호크	647	28	11
389222	https://m.cafe.naver.com/ca-fe/web/cafes/10503958/articles/389222	다쓰붸이다	Ju-87G-2 Sutuka Kanonen Vogel	330	18	10
389211	https://m.cafe.naver.com/ca-fe/web/cafes/10503958/articles/389211	준건	아카데미 F-15K 슬램이글 완성	450	16	9
389209	https://m.cafe.naver.com/ca-fe/web/cafes/10503958/articles/389209	타키온71v천안	아카데미 1/48 F-22 랩터	673	30	15
389208	https://m.cafe.naver.com/ca-fe/web/cafes/10503958/articles/389208	madgun76김순오	아카데미 1/48 F-15K	486	26	18
389207	https://m.cafe.naver.com/ca-fe/web/cafes/10503958/articles/389207	madgun76김순오	윈모델(키네틱) 1/48 F-35A	321	20	6
389206	https://m.cafe.naver.com/ca-fe/web/cafes/10503958/articles/389206	madgun76김순오	아카데미 1/48 FA-50	550	20	1
389205	https://m.cafe.naver.com/ca-fe/web/cafes/10503958/articles/389205	madgun76김순오	아카데미 1/48 F-5	268	19	6
389202	https://m.cafe.naver.com/ca-fe/web/cafes/10503958/articles/389202	SPOOKY	승호리 철교 차단작전 (52.1.12 ~ 15)	250	30	26
389200	https://m.cafe.naver.com/ca-fe/web/cafes/10503958/articles/389200	jjongik9	1/48 Academy F-15K	602	30	14
389180	https://m.cafe.naver.com/ca-fe/web/cafes/10503958/articles/389180	다쓰붸이다	Battle of Britain III. Sutuka	204	17	4
389168	https://m.cafe.naver.com/ca-fe/web/cafes/10503958/articles/389168	아오조아라	키네틱 1/48 캐나다공군 F-18 데모팀 데칼버전 2017	328	21	24
389164	https://m.cafe.naver.com/ca-fe/web/cafes/10503958/articles/389164	움하하핫	1/144 아카데미 (즈베즈다) 대한항공 B737-8 HL8350 / World EXPO 2030 특별도색 완성	835	26	6
389159	https://m.cafe.naver.com/ca-fe/web/cafes/10503958/articles/389159	metalmetal	meng 1/48 ea-18g 스펀지 도색 완성했습니다	366	17	12
389153	https://m.cafe.naver.com/ca-fe/web/cafes/10503958/articles/389153	다쓰붸이다	Battle of Britain II BF110C	178	16	2
389144	https://m.cafe.naver.com/ca-fe/web/cafes/10503958/articles/389144	고양이별	1/48 하세가와 KF-16D #2   완성	334	24	9
389117	https://m.cafe.naver.com/ca-fe/web/cafes/10503958/articles/389117	시뇨	키티호크 블랙호크 건쉽 완성 & 키티호크 호크 시리즈 간단평	2812	83	68
389111	https://m.cafe.naver.com/ca-fe/web/cafes/10503958/articles/389111	다쓰붸이다	Battle of Britain I.	281	28	6
389084	https://m.cafe.naver.com/ca-fe/web/cafes/10503958/articles/389084	norara016	1:48타미야 F-35C완성 했습니다.	1022	32	19
389065	https://m.cafe.naver.com/ca-fe/web/cafes/10503958/articles/389065	eproman	AIRFIX 1/72 ARMSTRONG WHITWORTH WHITLEY GR.Mk.VII 영국 폭격기	300	23	10
389044	https://m.cafe.naver.com/ca-fe/web/cafes/10503958/articles/389044	SCALERZ	AH-1Z 바이퍼 완성했습니다.	1094	65	20
388960	https://m.cafe.naver.com/ca-fe/web/cafes/10503958/articles/388960	madgun76김순오	윈모델(키네틱) 1/48 대한민국공곤F-35	607	28	20
388952	https://m.cafe.naver.com/ca-fe/web/cafes/10503958/articles/388952	도끼맨	1/72 F-14A	474	25	24
388904	https://m.cafe.naver.com/ca-fe/web/cafes/10503958/articles/388904	방부처리굴비	1/48 F14 타미야	684	23	8
388897	https://m.cafe.naver.com/ca-fe/web/cafes/10503958/articles/388897	화랑모델	대만 공군 1/48 F-CK-1D 경국 전투기	300	12	3
388873	https://m.cafe.naver.com/ca-fe/web/cafes/10503958/articles/388873	시뇨	MH-60S 나이트호크 & 네이비씰 완성했습니다.	777	55	80
388871	https://m.cafe.naver.com/ca-fe/web/cafes/10503958/articles/388871	갈고또갈고	ka-27완성했습니다!(1:48)	420	30	14
388841	https://m.cafe.naver.com/ca-fe/web/cafes/10503958/articles/388841	SPOOKY	EGG 방위성금헌납기	287	26	21
388823	https://m.cafe.naver.com/ca-fe/web/cafes/10503958/articles/388823	MODELERY	(1/48) GWH Su-27B 플랭커	963	52	16
388820	https://m.cafe.naver.com/ca-fe/web/cafes/10503958/articles/388820	스큐의 프라 실험실	Hasegawa P-51D Eggstang	196	15	3
388811	https://m.cafe.naver.com/ca-fe/web/cafes/10503958/articles/388811	eproman	ICM 1/72 FW 189A-2 독일정찰기	213	15	12
388804	https://m.cafe.naver.com/ca-fe/web/cafes/10503958/articles/388804	타키온71v천안	타미야 1/48 F-35B	652	43	33
388791	https://m.cafe.naver.com/ca-fe/web/cafes/10503958/articles/388791	cybertruck	1/200 하세가와 일본항공 777-200	222	9	1
388790	https://m.cafe.naver.com/ca-fe/web/cafes/10503958/articles/388790	DK9	Tamiya[1/48] P-51D MUSTANG	201	13	2
388738	https://m.cafe.naver.com/ca-fe/web/cafes/10503958/articles/388738	madgun76김순오	아카데미 1/48 F-5 제공호, FA-50	705	35	24
388718	https://m.cafe.naver.com/ca-fe/web/cafes/10503958/articles/388718	MC스켈러	아카데미 1/72 B-17F "Memphis Belle"~^^	506	32	21
388679	https://m.cafe.naver.com/ca-fe/web/cafes/10503958/articles/388679	다쓰붸이다	BF-109/G2	395	22	11
388621	https://m.cafe.naver.com/ca-fe/web/cafes/10503958/articles/388621	도끼맨	1/48 J35F/J	655	51	42
388620	https://m.cafe.naver.com/ca-fe/web/cafes/10503958/articles/388620	재민지파	KF-5E 제공호 (1/72 scale Hobbyboss)	1210	64	47
388603	https://m.cafe.naver.com/ca-fe/web/cafes/10503958/articles/388603	쿨쿨키덜트	[Academy] AH-64A 아파치 자작데칼	345	14	4
388586	https://m.cafe.naver.com/ca-fe/web/cafes/10503958/articles/388586	술병자리	YUXIANG RC핼기 AH-64 아파치(YUXIANG RC Halicopter AH-64 Apache)	372	5	8
388566	https://m.cafe.naver.com/ca-fe/web/cafes/10503958/articles/388566	저비저비	1/48 아카데미 F-5 제공호	572	36	13
388547	https://m.cafe.naver.com/ca-fe/web/cafes/10503958/articles/388547	찐계란	완성작 진열	333	10	6
388531	https://m.cafe.naver.com/ca-fe/web/cafes/10503958/articles/388531	꼬끼오	1/144 Zvezda B787-9 Dreamliner "All Nippon Airways"	344	11	7
388506	https://m.cafe.naver.com/ca-fe/web/cafes/10503958/articles/388506	dammi321	F-16C/D (1/72 Hasegawa)	430	22	10
388502	https://m.cafe.naver.com/ca-fe/web/cafes/10503958/articles/388502	은빛달	취미두목 1/48 F6F Hellcat Late Version.	297	18	5
388497	https://m.cafe.naver.com/ca-fe/web/cafes/10503958/articles/388497	타키온71v천안	키네틱 1/48 SU-33	595	49	29
388459	https://m.cafe.naver.com/ca-fe/web/cafes/10503958/articles/388459	댄싱브러쉬	F-16 Ukrainian Airforce	369	33	22
388437	https://m.cafe.naver.com/ca-fe/web/cafes/10503958/articles/388437	Rick	탐형님 사인 1/32 F/A-18E TOP GUN ‘MAVERICK’	1061	62	32
388420	https://m.cafe.naver.com/ca-fe/web/cafes/10503958/articles/388420	예비역하사 Pusan	[항공기완성기] ACADEMY 1:72 KF-16C Fighting Falcon 완성기입니다.	355	20	13
388414	https://m.cafe.naver.com/ca-fe/web/cafes/10503958/articles/388414	madgun76김순오	나팔수 1/48 파키스탄 JF-17 썬더~	648	20	17
388383	https://m.cafe.naver.com/ca-fe/web/cafes/10503958/articles/388383	MC스켈러	아카데미 1/72 JU-87G 슈투카~..^	325	16	21
388354	https://m.cafe.naver.com/ca-fe/web/cafes/10503958/articles/388354	노보트니	아카데미 1/35 MH-60M	843	23	22
388343	https://m.cafe.naver.com/ca-fe/web/cafes/10503958/articles/388343	도끼맨	1/72 X-29	359	22	9
388337	https://m.cafe.naver.com/ca-fe/web/cafes/10503958/articles/388337	시뇨	대잠해상타격대 HSM-49 스콜피온즈, MH-60R 씨호크	608	40	55
388309	https://m.cafe.naver.com/ca-fe/web/cafes/10503958/articles/388309	mmmm072	아카데미 B737-8max 티웨이항공 입니다.	1229	43	46
388307	https://m.cafe.naver.com/ca-fe/web/cafes/10503958/articles/388307	SPOOKY	FA-50 [16-202]	293	26	24
388305	https://m.cafe.naver.com/ca-fe/web/cafes/10503958/articles/388305	시뇨	MH-60R 씨호크 완성!	1165	65	91
388296	https://m.cafe.naver.com/ca-fe/web/cafes/10503958/articles/388296	타키온71v천안	하세가와 1/48 F-14A	567	39	45
388284	https://m.cafe.naver.com/ca-fe/web/cafes/10503958/articles/388284	엘디맨	MiG-29as 슬로바키아 에어포스	298	20	3
388275	https://m.cafe.naver.com/ca-fe/web/cafes/10503958/articles/388275	김민종 Diorama	1/35 Scale 아카데미과학 MH-60S 주로터 테일로터 LED장착	676	28	7
388260	https://m.cafe.naver.com/ca-fe/web/cafes/10503958/articles/388260	친환경	1/144 아카데미 B777-300ER 보잉 하우스 컬러	680	18	10
388252	https://m.cafe.naver.com/ca-fe/web/cafes/10503958/articles/388252	성더슨	아카데미 (즈베즈다 재포장) 1/72 러시아 공군 MiG-29 미그 29 펄크럼 완성 입니다.	396	22	20
388239	https://m.cafe.naver.com/ca-fe/web/cafes/10503958/articles/388239	SPOOKY	TA-50 "ZENITH"	271	23	10
388222	https://m.cafe.naver.com/ca-fe/web/cafes/10503958/articles/388222	리리스	T-50b 블랙이글스 입니다	375	12	8
388191	https://m.cafe.naver.com/ca-fe/web/cafes/10503958/articles/388191	타키온71v천안	아카데미 1/48 FA-50	700	42	42
388167	https://m.cafe.naver.com/ca-fe/web/cafes/10503958/articles/388167	둥사장님	Sea Harrier FA 2	244	24	12
388144	https://m.cafe.naver.com/ca-fe/web/cafes/10503958/articles/388144	뿌릉	아카데미 구판 F-15D 1/72 완성.	523	40	26
388116	https://m.cafe.naver.com/ca-fe/web/cafes/10503958/articles/388116	친환경	아카데미 1/144 B777-300ER 대한항공	614	23	12
388104	https://m.cafe.naver.com/ca-fe/web/cafes/10503958/articles/388104	찐이루	Border 1/35 bf109-G6 완성	387	22	8
388095	https://m.cafe.naver.com/ca-fe/web/cafes/10503958/articles/388095	심안	ACADEMY 1/72 A-6E VMA-121 Green Knights,	363	25	4
388076	https://m.cafe.naver.com/ca-fe/web/cafes/10503958/articles/388076	00색션	아카데미 1/48 F-22A	352	16	3
388060	https://m.cafe.naver.com/ca-fe/web/cafes/10503958/articles/388060	얼메나좋아	아카데미 1/72  Kf-21. 애나멜 붓도색  완성작.	478	20	4
388018	https://m.cafe.naver.com/ca-fe/web/cafes/10503958/articles/388018	주뇨니	조형촌 1/48 F-4D 방위성금헌납기	613	47	39
388010	https://m.cafe.naver.com/ca-fe/web/cafes/10503958/articles/388010	화랑모델	아카데미 1/48 미해군 F4F-4 와일드캣	300	10	1
388004	https://m.cafe.naver.com/ca-fe/web/cafes/10503958/articles/388004	아쿠넷	처음 만든 비행기 - 1/48 아카데미 F4F-4 와일드캣	475	28	20
388002	https://m.cafe.naver.com/ca-fe/web/cafes/10503958/articles/388002	도끼맨	1/48 이탈레리 JAS-39 완성	585	31	43
387989	https://m.cafe.naver.com/ca-fe/web/cafes/10503958/articles/387989	mmmm072	아카데미 B737-8max 진항공 스텐실과 자작데칼입니다.	861	35	28
387969	https://m.cafe.naver.com/ca-fe/web/cafes/10503958/articles/387969	ctor881	나눔 너무 늦은 완성(보잉 737)1/144	418	7	10
387943	https://m.cafe.naver.com/ca-fe/web/cafes/10503958/articles/387943	스큐의 프라 실험실	F-15E Strike Eagle	637	18	18
387940	https://m.cafe.naver.com/ca-fe/web/cafes/10503958/articles/387940	maker	국뽕 독수리	261	6	0
387925	https://m.cafe.naver.com/ca-fe/web/cafes/10503958/articles/387925	metalmetal	아카데미1/72 톰캣 스펀지도색 완성입니다~^^	616	23	17
387921	https://m.cafe.naver.com/ca-fe/web/cafes/10503958/articles/387921	화랑모델	아카데미 1/48 F-4D 팬텀 방위성금 헌납기	356	18	3
387912	https://m.cafe.naver.com/ca-fe/web/cafes/10503958/articles/387912	모형광	1/72 대한민국 공군 KF-21 보라매 - 001호기	370	21	6
387900	https://m.cafe.naver.com/ca-fe/web/cafes/10503958/articles/387900	yasasee	[아카데미]1/72 F-35B VMFA-121Green Knights	394	16	6
387897	https://m.cafe.naver.com/ca-fe/web/cafes/10503958/articles/387897	eproman	IBG Models 1/72 & HobbyBoss 1/48  IAR-80 루마니아 전투기	264	22	4
387861	https://m.cafe.naver.com/ca-fe/web/cafes/10503958/articles/387861	저비저비	1/72 F-18E Royal Maces, 아카데미	518	27	7
387846	https://m.cafe.naver.com/ca-fe/web/cafes/10503958/articles/387846	쿨쿨키덜트	[Academy] 1/72 P-40E 워호크	257	17	11
387817	https://m.cafe.naver.com/ca-fe/web/cafes/10503958/articles/387817	저비저비	1/72 하세가와 F/A-18E Super hornet 블루엔젤스	502	25	7
387779	https://m.cafe.naver.com/ca-fe/web/cafes/10503958/articles/387779	야광단무지	1/72 아카데미과학 B-17F	597	29	14
387769	https://m.cafe.naver.com/ca-fe/web/cafes/10503958/articles/387769	LAYA	Trumpeter 1/72 F-100F Super Sabre	520	32	30
387759	https://m.cafe.naver.com/ca-fe/web/cafes/10503958/articles/387759	madgun76김순오	아카데미 1/48 F4F와일드캣	447	22	14
387758	https://m.cafe.naver.com/ca-fe/web/cafes/10503958/articles/387758	madgun76김순오	하세가와 1/48F-16B	377	18	11
387745	https://m.cafe.naver.com/ca-fe/web/cafes/10503958/articles/387745	hanjo76	Area-88 지옥의 외인부대 F-5, F-14 1/144 스케일	921	42	16
387705	https://m.cafe.naver.com/ca-fe/web/cafes/10503958/articles/387705	화랑모델	1/48 Ra fale 프랑스 해군 라팔	444	17	2
387673	https://m.cafe.naver.com/ca-fe/web/cafes/10503958/articles/387673	다쓰붸이다	BF-109 G-2, Gelbe 14 'Hans-Joachim Marseile(scored 158)	326	17	7
387670	https://m.cafe.naver.com/ca-fe/web/cafes/10503958/articles/387670	심안	F-8E U.S Navy VF-162 "The Hunters"	383	21	6
387664	https://m.cafe.naver.com/ca-fe/web/cafes/10503958/articles/387664	친환경	1/144 대한항공 스카이팀 737-800	617	19	25
387648	https://m.cafe.naver.com/ca-fe/web/cafes/10503958/articles/387648	꼬끼오	1/48 Wolfpack FA-50	424	27	6
387633	https://m.cafe.naver.com/ca-fe/web/cafes/10503958/articles/387633	김민종 Diorama	Kitty Hawk MH-6J Little Bird 1/35 scale 로터 회전 LED작동	570	30	13
387627	https://m.cafe.naver.com/ca-fe/web/cafes/10503958/articles/387627	육항공	1/35 미육군 AH-64E 아파치 가디언	655	28	8
387598	https://m.cafe.naver.com/ca-fe/web/cafes/10503958/articles/387598	꼬끼오	1/144 Zvezda B737 Max 8 "Lion Air"	312	14	8
387581	https://m.cafe.naver.com/ca-fe/web/cafes/10503958/articles/387581	랩떡이	1/72 모음	313	10	2
387568	https://m.cafe.naver.com/ca-fe/web/cafes/10503958/articles/387568	다쓰붸이다	Yak-1 USSR airforce	257	13	4
387557	https://m.cafe.naver.com/ca-fe/web/cafes/10503958/articles/387557	제이손	[Meng] 1/48 EA-18G Growler Yellow Jacket	453	32	20
387556	https://m.cafe.naver.com/ca-fe/web/cafes/10503958/articles/387556	화랑모델	이탈레리 1/32 Tornado GR.4 (with.storm shadow)	413	21	9
387541	https://m.cafe.naver.com/ca-fe/web/cafes/10503958/articles/387541	다쓰붸이다	IL-2M3 슈투르모빅	293	20	5
387519	https://m.cafe.naver.com/ca-fe/web/cafes/10503958/articles/387519	술병자리	RC Helicopter UH-1D 해병대 버전 왜목마을 비행	525	19	6
387511	https://m.cafe.naver.com/ca-fe/web/cafes/10503958/articles/387511	다쓰붸이다	폴리카르포프 I-16	239	17	2
387505	https://m.cafe.naver.com/ca-fe/web/cafes/10503958/articles/387505	친환경	1/144 아카데미 737-800 진에어	613	23	19
387494	https://m.cafe.naver.com/ca-fe/web/cafes/10503958/articles/387494	다쓰붸이다	P-39N Airacobra	300	23	1
387457	https://m.cafe.naver.com/ca-fe/web/cafes/10503958/articles/387457	mmmm072	아카데미 B737-8max 제주항공 입니다.	1322	58	38
387419	https://m.cafe.naver.com/ca-fe/web/cafes/10503958/articles/387419	요워니	1/72  KF-21 보라매 5호기 완성	686	27	10
387407	https://m.cafe.naver.com/ca-fe/web/cafes/10503958/articles/387407	eproman	Special Hobby 1/72 CAC CA-9/ CA-19 호주공군	310	16	8
387379	https://m.cafe.naver.com/ca-fe/web/cafes/10503958/articles/387379	airboy	F-35C_GRIM REAPERS (1/48 KITTY HAWK)	572	25	14
387351	https://m.cafe.naver.com/ca-fe/web/cafes/10503958/articles/387351	프라빌딩	2년이 걸린 아카데미 SU-27플랭커	587	25	1
387339	https://m.cafe.naver.com/ca-fe/web/cafes/10503958/articles/387339	친환경	1/144 아카데미 보잉 787-9 이스라엘 항공	805	15	4
387333	https://m.cafe.naver.com/ca-fe/web/cafes/10503958/articles/387333	Waterloo	F-14A Iceman 1/72	315	15	2
387244	https://m.cafe.naver.com/ca-fe/web/cafes/10503958/articles/387244	슈발리에	[TAMIYA] 1/72 F-35A Lightning II	298	17	4
387222	https://m.cafe.naver.com/ca-fe/web/cafes/10503958/articles/387222	cybertruck	제53특수비행전대 KF-21 보라매	589	13	2
387219	https://m.cafe.naver.com/ca-fe/web/cafes/10503958/articles/387219	주뇨니	GWH 1/48 SU-35S Russian Knights	675	49	47
387201	https://m.cafe.naver.com/ca-fe/web/cafes/10503958/articles/387201	슈발리에	[Revell] 1/48 F/A-18F Superhornet VFA-103 "Diamondbacks"	276	22	6
387193	https://m.cafe.naver.com/ca-fe/web/cafes/10503958/articles/387193	저비저비	MENG 1/48 F-18F 수퍼호넷	668	33	12
387183	https://m.cafe.naver.com/ca-fe/web/cafes/10503958/articles/387183	도끼맨	1/48 JAS-39 (키티호크) 완성	529	27	20
387176	https://m.cafe.naver.com/ca-fe/web/cafes/10503958/articles/387176	hms충남	1/72 SU-57 (즈베즈다) 완성	461	21	1
387168	https://m.cafe.naver.com/ca-fe/web/cafes/10503958/articles/387168	토마토와 사과	조그만 미라지	327	14	4
387143	https://m.cafe.naver.com/ca-fe/web/cafes/10503958/articles/387143	그카이	아카데미 sbd-2 만들어보았습니다.	529	30	12
387125	https://m.cafe.naver.com/ca-fe/web/cafes/10503958/articles/387125	강원II야간비행74	아카데미 1:72 A-37 블랙이글스	433	27	9
387086	https://m.cafe.naver.com/ca-fe/web/cafes/10503958/articles/387086	mmmm072	아카데미 1/144 B737-8max 대한항공 자작데칼입니다.	907	28	39
387047	https://m.cafe.naver.com/ca-fe/web/cafes/10503958/articles/387047	동수정	아카데미과학 1 : 72 F-14A TOPGUN "MAVERRICK & GOOSE"	452	23	6
387040	https://m.cafe.naver.com/ca-fe/web/cafes/10503958/articles/387040	화랑모델	1/48 A-10 썬더볼트	441	17	2
387030	https://m.cafe.naver.com/ca-fe/web/cafes/10503958/articles/387030	충남홍성 이원창	#72-1/72 USN F-14D `VF-2 Bounty Hunters`-ACADEMY.	606	53	36
387012	https://m.cafe.naver.com/ca-fe/web/cafes/10503958/articles/387012	방부처리굴비	1/32 F4 j형입니다	622	29	17
387005	https://m.cafe.naver.com/ca-fe/web/cafes/10503958/articles/387005	스크래치	1/72 BPK 대한민국 해군 P-8A POSEIDON	681	31	6
386972	https://m.cafe.naver.com/ca-fe/web/cafes/10503958/articles/386972	cybertruck	1/144 아시아나항공 747-8i	633	12	3
386923	https://m.cafe.naver.com/ca-fe/web/cafes/10503958/articles/386923	재민지파	Rafale M  French Navy (1/72 Scale  Hobbyboss)	222	25	20
386911	https://m.cafe.naver.com/ca-fe/web/cafes/10503958/articles/386911	대전방랑	[1/48] ROKAF F-86D / Academy	389	23	14
386890	https://m.cafe.naver.com/ca-fe/web/cafes/10503958/articles/386890	대구달서구모형공방장	저도 완성작 하나올려 봅니다	607	38	25
386885	https://m.cafe.naver.com/ca-fe/web/cafes/10503958/articles/386885	slowalker	[Tamiya] 1/48 F-16CJ Fighting Falcon	355	14	3
386882	https://m.cafe.naver.com/ca-fe/web/cafes/10503958/articles/386882	친환경	1/144 아카데미 737-8 유나이티드 항공 스타워즈	472	22	10
386870	https://m.cafe.naver.com/ca-fe/web/cafes/10503958/articles/386870	암즈룸	P-40N War Hawk / Trumpeter / 1:32	197	8	10
386847	https://m.cafe.naver.com/ca-fe/web/cafes/10503958/articles/386847	시뇨	영화 블랙호크다운 MH-60J blackhawk 완성했습니다, 키티호크	2515	79	87
386828	https://m.cafe.naver.com/ca-fe/web/cafes/10503958/articles/386828	엔프리티	[아카데미] 1/144 787-9	622	28	13
386826	https://m.cafe.naver.com/ca-fe/web/cafes/10503958/articles/386826	공장장	하세가와 1/48 J35 스웨덴공군	378	33	18
386797	https://m.cafe.naver.com/ca-fe/web/cafes/10503958/articles/386797	Returner	JSF(Joint Strike Fighter, 3군 통합타격기)	427	22	10
386781	https://m.cafe.naver.com/ca-fe/web/cafes/10503958/articles/386781	Returner	[Tamiya] 1/48 Lockheed Martin F-35C Lightning II	664	34	19
386767	https://m.cafe.naver.com/ca-fe/web/cafes/10503958/articles/386767	cybertruck	대한항공 신도장 787-9	663	19	2
386744	https://m.cafe.naver.com/ca-fe/web/cafes/10503958/articles/386744	로닌	아카데미 1/48 A6M2b Zero Fighter Model 21 전문가 촬영	369	29	18
386736	https://m.cafe.naver.com/ca-fe/web/cafes/10503958/articles/386736	예캐트	아카데미 kf-21 보라매	488	9	4
386735	https://m.cafe.naver.com/ca-fe/web/cafes/10503958/articles/386735	타키온71v천안	아카데미 1/48 MIG-31 BM Foxhound 2	516	36	24
386732	https://m.cafe.naver.com/ca-fe/web/cafes/10503958/articles/386732	모형광	1/72 F-35A Lightning II "1000th"	349	20	2
386675	https://m.cafe.naver.com/ca-fe/web/cafes/10503958/articles/386675	멕시코 마리아치	Hien입니다	246	11	4
386628	https://m.cafe.naver.com/ca-fe/web/cafes/10503958/articles/386628	MODELERY	Meng 1/48 F-4E 팬텀 한국공군형	1409	48	24
386596	https://m.cafe.naver.com/ca-fe/web/cafes/10503958/articles/386596	차실장	F2A-2 BUFFALO 버펄로 1/48 [TAMIYA]	480	34	20
386584	https://m.cafe.naver.com/ca-fe/web/cafes/10503958/articles/386584	eproman	Special Hobby 1/72 Martin B-10 139WC 태국공군버전	281	16	10
386582	https://m.cafe.naver.com/ca-fe/web/cafes/10503958/articles/386582	애긔늬	KF-16DU, 1/32 Academy	381	32	7
386581	https://m.cafe.naver.com/ca-fe/web/cafes/10503958/articles/386581	꼬끼오	1/144 Zvezda B787-9 Dreamliner "Korean air"	647	25	16
386549	https://m.cafe.naver.com/ca-fe/web/cafes/10503958/articles/386549	해왕성	1/144 대한민국 해군 P-8A 포세이돈 완성	1227	58	31
386538	https://m.cafe.naver.com/ca-fe/web/cafes/10503958/articles/386538	친환경	1/144 아카데미 737-8 max	702	26	10
386536	https://m.cafe.naver.com/ca-fe/web/cafes/10503958/articles/386536	vincence	1/72 하세가와 AH-1S 코브라 (대한민국 육군)	516	21	12
386527	https://m.cafe.naver.com/ca-fe/web/cafes/10503958/articles/386527	maker	KF-21 보라매 한정판 완성	669	16	4
386519	https://m.cafe.naver.com/ca-fe/web/cafes/10503958/articles/386519	Free모델	망한(?) 탑건 F-14	440	12	5
386492	https://m.cafe.naver.com/ca-fe/web/cafes/10503958/articles/386492	스큐의 프라 실험실	1/48 Tamiya A-10A Preproduction No.6	344	14	10
386461	https://m.cafe.naver.com/ca-fe/web/cafes/10503958/articles/386461	타키온71v천안	키네틱 1/48 KF-16	583	31	22
386396	https://m.cafe.naver.com/ca-fe/web/cafes/10503958/articles/386396	심안	KFIR C7 Israeli Air FORCE	345	22	8
386362	https://m.cafe.naver.com/ca-fe/web/cafes/10503958/articles/386362	보키복희	1/48 메서슈미트 ME-262 완성	371	23	10
386337	https://m.cafe.naver.com/ca-fe/web/cafes/10503958/articles/386337	또뭐만들지	1/144 B777-300ER Korean air	702	24	29
386308	https://m.cafe.naver.com/ca-fe/web/cafes/10503958/articles/386308	slowalker	하세가와 F-16 1:72 붓도색	397	13	4
386305	https://m.cafe.naver.com/ca-fe/web/cafes/10503958/articles/386305	hms충남	1/72 F-15K (아카데미) 완성	701	40	16
386279	https://m.cafe.naver.com/ca-fe/web/cafes/10503958/articles/386279	쓰삐빵빵	1/48 전차클럽 F-5 sundowners 완성	543	37	33
386278	https://m.cafe.naver.com/ca-fe/web/cafes/10503958/articles/386278	대전방랑	[1/48 ROKAF Lead-In Fighter Trainer TA-50 Golden Eagle `LIFT`	309	17	5
386268	https://m.cafe.naver.com/ca-fe/web/cafes/10503958/articles/386268	hms충남	1/72 F-15C (만리장성) 완성	489	31	10
386241	https://m.cafe.naver.com/ca-fe/web/cafes/10503958/articles/386241	일월검마	[아카데미] P-47D THUNDERBOLT "EILEEN"	325	20	8
386237	https://m.cafe.naver.com/ca-fe/web/cafes/10503958/articles/386237	도깨ㅂl	1/72 Ho 229 ‘Woody & Skeleton’	633	55	38
386224	https://m.cafe.naver.com/ca-fe/web/cafes/10503958/articles/386224	mmmm072	아카데미 즈베즈다 1/144 B737-8MAX 입니다.	1077	44	30
386223	https://m.cafe.naver.com/ca-fe/web/cafes/10503958/articles/386223	hms충남	1/72 F-15E(아카데미) 완성	534	31	25
386216	https://m.cafe.naver.com/ca-fe/web/cafes/10503958/articles/386216	vincence	1/144 F-14A VS F/A-18E [탑건 버젼]	459	22	3
386207	https://m.cafe.naver.com/ca-fe/web/cafes/10503958/articles/386207	성더슨	타미야 32스케일 F-14A 톰캣 완성 입니다.	703	34	45
386200	https://m.cafe.naver.com/ca-fe/web/cafes/10503958/articles/386200	Africa	1/48 [아카데미] MIG-23M Flogger-B	421	32	10
386180	https://m.cafe.naver.com/ca-fe/web/cafes/10503958/articles/386180	hms충남	1/72 F-15C (아카데미) 완성	485	40	26
386162	https://m.cafe.naver.com/ca-fe/web/cafes/10503958/articles/386162	paTton77	1/35 Ah1z viper 비넷	433	32	16
386132	https://m.cafe.naver.com/ca-fe/web/cafes/10503958/articles/386132	sh2944	C-130J-30 Super Hercules with 75th Anniverary of D-Day Special Marking 完	344	18	5
386111	https://m.cafe.naver.com/ca-fe/web/cafes/10503958/articles/386111	나노회장	1/32 F-16 SUFA 완성했습니다.	607	39	17
386099	https://m.cafe.naver.com/ca-fe/web/cafes/10503958/articles/386099	예쁜반달여우아빠	Drop on Insta (Academy 1/32 F-16I SUFA)	619	40	20
386095	https://m.cafe.naver.com/ca-fe/web/cafes/10503958/articles/386095	youngeei	F-18E 완성	357	29	6
386086	https://m.cafe.naver.com/ca-fe/web/cafes/10503958/articles/386086	고물성	1/72 Modelcollect USAF B-2A Spirit Stealth Bomber	361	34	15
386084	https://m.cafe.naver.com/ca-fe/web/cafes/10503958/articles/386084	친환경	zvezda 러시아 민항기 1/144 yak-40	261	7	2
386081	https://m.cafe.naver.com/ca-fe/web/cafes/10503958/articles/386081	동수정	F-35B (아카데미 1 : 72)	374	25	3
386068	https://m.cafe.naver.com/ca-fe/web/cafes/10503958/articles/386068	나자리노	KINETIC 1/48  +  GCC 1/72  KF-16C 완성	433	27	22
386046	https://m.cafe.naver.com/ca-fe/web/cafes/10503958/articles/386046	Koko Park	[F-35E Kanard Wing] F-35 E형 카나드형...	417	19	4
386020	https://m.cafe.naver.com/ca-fe/web/cafes/10503958/articles/386020	무작위모델러	딘 헤스 대령의 무스탕	308	13	1
385992	https://m.cafe.naver.com/ca-fe/web/cafes/10503958/articles/385992	eproman	Special Hobby 1/72  J-9 / EP-1-106  Swedish Defender 스웨덴 전투기	279	24	10
385963	https://m.cafe.naver.com/ca-fe/web/cafes/10503958/articles/385963	슈발리에	[ACE Corporation] 1/48 Rafale M with MONOKIO	328	24	6
385955	https://m.cafe.naver.com/ca-fe/web/cafes/10503958/articles/385955	조박	4 채널 1/72 아카데미 벽걸이 역방향 미제 선풍기 ^^	503	24	11
385900	https://m.cafe.naver.com/ca-fe/web/cafes/10503958/articles/385900	고물성	1/72 AMT Northrop XB-35 Flying Wing	341	17	6
385868	https://m.cafe.naver.com/ca-fe/web/cafes/10503958/articles/385868	브란덴부르크	아카데미 1/72 B29 핵폭격기 에놀라 게이 완성하였습니다	891	56	42
385864	https://m.cafe.naver.com/ca-fe/web/cafes/10503958/articles/385864	슈발리에	[Wolfpack-D] X-47B UCAS	179	14	1
385825	https://m.cafe.naver.com/ca-fe/web/cafes/10503958/articles/385825	바닷가에서	ACADEMY 1/48 AVIA S-199 완성했습니다.	342	15	8
385814	https://m.cafe.naver.com/ca-fe/web/cafes/10503958/articles/385814	테일러메이드	[1/48] 맥도널드 더글라스 F-4B	372	11	4
385787	https://m.cafe.naver.com/ca-fe/web/cafes/10503958/articles/385787	BANDIT MODELS	1/48 - ACADEMY - IL-2 Sturmovik	382	14	9
385772	https://m.cafe.naver.com/ca-fe/web/cafes/10503958/articles/385772	팡팡이77	1:48 F-86F 대한민국 공군 완성했습니다.	205	16	6
385730	https://m.cafe.naver.com/ca-fe/web/cafes/10503958/articles/385730	꼬끼오	1/144 Zvezda A321-200 "Eva Air Gudetama"	438	19	12
385729	https://m.cafe.naver.com/ca-fe/web/cafes/10503958/articles/385729	아졸바	C-130J 완성했습니다	330	18	4
385723	https://m.cafe.naver.com/ca-fe/web/cafes/10503958/articles/385723	BANDIT MODELS	1/48 - Wolfpack - P-47D Thunderbolt	272	15	4
385719	https://m.cafe.naver.com/ca-fe/web/cafes/10503958/articles/385719	타키온71v천안	타미야 1/48 F-35C	675	38	27
385696	https://m.cafe.naver.com/ca-fe/web/cafes/10503958/articles/385696	술병자리	1/60 RC핼기 UH-60L 영상	385	10	5
385691	https://m.cafe.naver.com/ca-fe/web/cafes/10503958/articles/385691	일월검마	F-86F 한국전쟁 [예쁜반달여우아빠님 나눔 완성]	263	11	2
385684	https://m.cafe.naver.com/ca-fe/web/cafes/10503958/articles/385684	술병자리	1/60 RC핼기 UH-60L 한미연합사단	285	10	1
385625	https://m.cafe.naver.com/ca-fe/web/cafes/10503958/articles/385625	mmmm072	아카데미 1/48 FA-50 입니다.	859	44	39
385615	https://m.cafe.naver.com/ca-fe/web/cafes/10503958/articles/385615	저비저비	아카데미 1/72 F-14D 바운티헌터스	472	26	15
385568	https://m.cafe.naver.com/ca-fe/web/cafes/10503958/articles/385568	햇살쬐는영감	[Academy/Wolfpack]1/48 ROKAF TA-50 Golden Eagle Lead-In Fighter Trainer	369	31	8
385541	https://m.cafe.naver.com/ca-fe/web/cafes/10503958/articles/385541	재민지파	Rafale "Tigermeet 2017" (1/72 Scale Hobbyboss)	438	40	39
385537	https://m.cafe.naver.com/ca-fe/web/cafes/10503958/articles/385537	Berkut	아카데미 1/72 F-15K	537	20	11
385526	https://m.cafe.naver.com/ca-fe/web/cafes/10503958/articles/385526	소주병	Heinkel He 219A-7 UHU, Tamiya 1/48	320	32	28
385497	https://m.cafe.naver.com/ca-fe/web/cafes/10503958/articles/385497	김승국 dino꾹	아카데미 1/72  A-10A	396	33	8
385476	https://m.cafe.naver.com/ca-fe/web/cafes/10503958/articles/385476	미꾸Large	F-4E 팬톰II 한국공군 (1:48조형촌)	593	38	14
385432	https://m.cafe.naver.com/ca-fe/web/cafes/10503958/articles/385432	아졸바	오랜만에 완성했습니다	208	16	5
385431	https://m.cafe.naver.com/ca-fe/web/cafes/10503958/articles/385431	공장장	에듀어드 1:48 Bf110F Nachtjäger	260	22	8
385413	https://m.cafe.naver.com/ca-fe/web/cafes/10503958/articles/385413	ill200488	KF21보라매	358	20	12
385408	https://m.cafe.naver.com/ca-fe/web/cafes/10503958/articles/385408	테일러메이드	[1/32] 타미야 F-16CJ 파이팅 팔콘	549	33	9
385372	https://m.cafe.naver.com/ca-fe/web/cafes/10503958/articles/385372	모형광	1/72 대한민국 공군 KF-21 보라매 1호기	509	28	7
385358	https://m.cafe.naver.com/ca-fe/web/cafes/10503958/articles/385358	예비역하사	ACADEMY 1:72 F-35A Lithgning 2 MCP 완성기입니다.	317	9	0
385357	https://m.cafe.naver.com/ca-fe/web/cafes/10503958/articles/385357	SlowButDeadly	1/72 Rafale	311	10	5
385343	https://m.cafe.naver.com/ca-fe/web/cafes/10503958/articles/385343	eproman	WOLFPACK 1/72 PBY-5 Catalina 미국 수상정찰기	452	38	20
385309	https://m.cafe.naver.com/ca-fe/web/cafes/10503958/articles/385309	밥풀때끼	아카데미 1/48 F4F-4 와일드 캣 완성기	366	18	4
385286	https://m.cafe.naver.com/ca-fe/web/cafes/10503958/articles/385286	성더슨	이탈레리 1/72 A-6E Intruder 완성 입니다.	324	22	31
385260	https://m.cafe.naver.com/ca-fe/web/cafes/10503958/articles/385260	춤붓	1/48 MIRAGE 50CN PANTERA	371	33	26
385259	https://m.cafe.naver.com/ca-fe/web/cafes/10503958/articles/385259	도깨ㅂl	1/72 Ho 229	378	27	33
385257	https://m.cafe.naver.com/ca-fe/web/cafes/10503958/articles/385257	도깨ㅂl	1/72 Ho 229	201	21	25
385252	https://m.cafe.naver.com/ca-fe/web/cafes/10503958/articles/385252	김승국 dino꾹	아카데미 1/48 F3F-2	310	14	9
385237	https://m.cafe.naver.com/ca-fe/web/cafes/10503958/articles/385237	예쁜반달여우아빠	Experiment (1/48 Douglas TBD-1A Devastator Floatplane 디오라마)	440	31	22
385219	https://m.cafe.naver.com/ca-fe/web/cafes/10503958/articles/385219	바닷가에서	1/72 아카데미 A-37B 완성	454	15	5
385163	https://m.cafe.naver.com/ca-fe/web/cafes/10503958/articles/385163	쿨쿨잠	[Academy]1/72 A-37B 대한민국 공군	325	18	4
385159	https://m.cafe.naver.com/ca-fe/web/cafes/10503958/articles/385159	다쓰붸이다	F-86E	247	19	4
385158	https://m.cafe.naver.com/ca-fe/web/cafes/10503958/articles/385158	다쓰붸이다	P-47D	289	18	11
385147	https://m.cafe.naver.com/ca-fe/web/cafes/10503958/articles/385147	A380A350A330	Siebel  Si 204D..............1/72	262	15	4
385146	https://m.cafe.naver.com/ca-fe/web/cafes/10503958/articles/385146	대장장이	아카데미 AH-64 (개천절)	379	7	0
385120	https://m.cafe.naver.com/ca-fe/web/cafes/10503958/articles/385120	브란덴부르크	의외의 명킷.. 에이스 1:100 F14A 졸리 로저스 완성	495	27	26
385109	https://m.cafe.naver.com/ca-fe/web/cafes/10503958/articles/385109	동고리	Spitfire Mk 5 (Revell 1:72)	206	9	4
385104	https://m.cafe.naver.com/ca-fe/web/cafes/10503958/articles/385104	뿌릉	SU-47 Berkut	469	31	13
385091	https://m.cafe.naver.com/ca-fe/web/cafes/10503958/articles/385091	쓰삐빵빵	1/72 하세가와 마크로스 발키리 완성	418	29	24
385084	https://m.cafe.naver.com/ca-fe/web/cafes/10503958/articles/385084	화랑모델	1/48 MIG-21MF 피쉬베드	185	6	2
385083	https://m.cafe.naver.com/ca-fe/web/cafes/10503958/articles/385083	화랑모델	1/144 P-8A 포세이돈	208	6	2
385077	https://m.cafe.naver.com/ca-fe/web/cafes/10503958/articles/385077	김씨아저씨	1:48 P38M 나이트 라이트닝 [아카데미]	194	7	4
385070	https://m.cafe.naver.com/ca-fe/web/cafes/10503958/articles/385070	성더슨	여지껏 만든 항공기들로 꾸며본 성더슨 항공단 War Bear squadron 입니다. ㅎㅎㅎ	314	21	23
385048	https://m.cafe.naver.com/ca-fe/web/cafes/10503958/articles/385048	공장장	키네틱 1:48 A-6E	467	36	22
385032	https://m.cafe.naver.com/ca-fe/web/cafes/10503958/articles/385032	성더슨	타미야 1/72 de Havilland Mosquito FB Mk.VI 완성 했습니다.	202	19	16
385012	https://m.cafe.naver.com/ca-fe/web/cafes/10503958/articles/385012	차실장	[TAMIYA] 1/48 Grumman F4F-4 Wildcat	388	26	15
384984	https://m.cafe.naver.com/ca-fe/web/cafes/10503958/articles/384984	저비저비	1/48 타미야 F-16 미공군 에어쇼팀 Thunderbirds	368	14	9
384975	https://m.cafe.naver.com/ca-fe/web/cafes/10503958/articles/384975	성더슨	아카데미 1/72 Sea Harrier FRS.1 & 아카데미 1/72 Super Etendard 완성 입니다.	303	16	14
384949	https://m.cafe.naver.com/ca-fe/web/cafes/10503958/articles/384949	화랑모델	1/72 F/A-18E 호넷 VFA-195 CHIPPY HO 2012	174	4	0
384948	https://m.cafe.naver.com/ca-fe/web/cafes/10503958/articles/384948	화랑모델	1/72 F/A-18C 호넷 VFA-195 CHIPPY HO 2009	93	3	0
384947	https://m.cafe.naver.com/ca-fe/web/cafes/10503958/articles/384947	화랑모델	1/72 F/A-18C 호넷 VFA-195 CHIPPY HO 95'	108	3	0
384916	https://m.cafe.naver.com/ca-fe/web/cafes/10503958/articles/384916	쇼와비행기	하세가와 1/48 시덴카이	202	17	10
384895	https://m.cafe.naver.com/ca-fe/web/cafes/10503958/articles/384895	cybertruck	1/72 KF-21	387	15	3
384887	https://m.cafe.naver.com/ca-fe/web/cafes/10503958/articles/384887	대장장이	아카데미  CH-47	269	14	4
384881	https://m.cafe.naver.com/ca-fe/web/cafes/10503958/articles/384881	성더슨	아카데미 1/72 Fw190A-8 완성 입니다.	257	14	21
384879	https://m.cafe.naver.com/ca-fe/web/cafes/10503958/articles/384879	중년프라모델러	해군 해상작전 헬기 알루에트3(1/72)	366	14	13
384852	https://m.cafe.naver.com/ca-fe/web/cafes/10503958/articles/384852	eproman	ARMA HOBBY 1/72 P-39Q AIRACOBRA 미국 전투기	264	25	16
384818	https://m.cafe.naver.com/ca-fe/web/cafes/10503958/articles/384818	성더슨	아카데미 1/72 JU-87 G-1 Stuka "Tank Buster" (Kanonenvogel) 완성 입니다.	254	20	22
384814	https://m.cafe.naver.com/ca-fe/web/cafes/10503958/articles/384814	xongsang	아카데미 1/48 FA-50 파이팅 이글	528	26	15
384791	https://m.cafe.naver.com/ca-fe/web/cafes/10503958/articles/384791	댕구	Academy 1/48 B25B  완성~	400	24	10
384769	https://m.cafe.naver.com/ca-fe/web/cafes/10503958/articles/384769	성더슨	아카데미 1/72 A-37B Dragonfly 완성 입니다.	389	25	30
384766	https://m.cafe.naver.com/ca-fe/web/cafes/10503958/articles/384766	화랑모델	1/48 공군 FA-50 경공격기	269	12	0
384765	https://m.cafe.naver.com/ca-fe/web/cafes/10503958/articles/384765	화랑모델	1/48 공군 T-50 고등훈련기	128	7	0
384729	https://m.cafe.naver.com/ca-fe/web/cafes/10503958/articles/384729	SPOOKY	Super- Etendard Orland tiger meet 2007	311	28	22
384710	https://m.cafe.naver.com/ca-fe/web/cafes/10503958/articles/384710	MODELERY	1/48 조형촌 F-4D 방위성금헌납기 (스압)	453	35	14
384683	https://m.cafe.naver.com/ca-fe/web/cafes/10503958/articles/384683	쿨쿨잠	[Academy]1/72 T-50B 블랙이글 2호기 완성	201	14	0
384672	https://m.cafe.naver.com/ca-fe/web/cafes/10503958/articles/384672	타키온71v천안	아카데미 1/48 MIG-31 BM Foxhound	686	61	38
384626	https://m.cafe.naver.com/ca-fe/web/cafes/10503958/articles/384626	성더슨	아카데미 1/72 U.S NAVY F/A-18C VFA-82 "MARAUDERS" 완성 입니다.	255	15	16
384577	https://m.cafe.naver.com/ca-fe/web/cafes/10503958/articles/384577	SPOOKY	TA-50 "MAJOR"	285	18	6
384576	https://m.cafe.naver.com/ca-fe/web/cafes/10503958/articles/384576	iloom	1/72 하세가와 J7W1	191	12	7
384575	https://m.cafe.naver.com/ca-fe/web/cafes/10503958/articles/384575	SPOOKY	TA-50 "NFL"	278	18	4
384562	https://m.cafe.naver.com/ca-fe/web/cafes/10503958/articles/384562	다쓰붸이다	A-6E, VA-95 Green Lizards, CV-43 USS Coral Sea, 1977	438	34	16
384510	https://m.cafe.naver.com/ca-fe/web/cafes/10503958/articles/384510	eproman	HASEGAWA 1/72 Mitsubishi G3M2/G3M4 TYPE96 ATTACK BOMBER(NELL) 일본 폭격기	355	28	16
384491	https://m.cafe.naver.com/ca-fe/web/cafes/10503958/articles/384491	위대한 유니콘	하세가와  F106A DELTA DART 완성	228	14	3
384418	https://m.cafe.naver.com/ca-fe/web/cafes/10503958/articles/384418	Masterpiece	1/72 졸리로저스 저공비행	691	49	38
384400	https://m.cafe.naver.com/ca-fe/web/cafes/10503958/articles/384400	깜도르네	아카데미 1:72 F-16C : 180th FW Toledo	321	30	17
384369	https://m.cafe.naver.com/ca-fe/web/cafes/10503958/articles/384369	꼬끼오	1/144 Zvezda B777-300ER 'Emirates'	583	33	16
384350	https://m.cafe.naver.com/ca-fe/web/cafes/10503958/articles/384350	ill200488	SU-33 Flanker D(트럼페퍼 1/72)	327	26	14
384341	https://m.cafe.naver.com/ca-fe/web/cafes/10503958/articles/384341	A380A350A330	후지 T-1A ......1998 특별 도장	255	21	12
384327	https://m.cafe.naver.com/ca-fe/web/cafes/10503958/articles/384327	yasasee	Airfix 1/72 Junkers Ju87B-1 Stuka	178	16	10
384304	https://m.cafe.naver.com/ca-fe/web/cafes/10503958/articles/384304	피트니스	아카데미 F-14A 1/72 데프데칼	317	24	6
384248	https://m.cafe.naver.com/ca-fe/web/cafes/10503958/articles/384248	포도맛봉봉	1/48 타미야 F4-F WILDCAT	295	24	0
384230	https://m.cafe.naver.com/ca-fe/web/cafes/10503958/articles/384230	jpfalcon01	Academy+G.W.H 1/48 F-15K	736	37	19
384089	https://m.cafe.naver.com/ca-fe/web/cafes/10503958/articles/384089	멍게	1/32  McDONNELL   DOUGLAS   F-4J  PHANTOM	284	15	0
384077	https://m.cafe.naver.com/ca-fe/web/cafes/10503958/articles/384077	Free모델	대한민국 공군 Mustang 1/72	361	19	5
384057	https://m.cafe.naver.com/ca-fe/web/cafes/10503958/articles/384057	Waterloo	F-15E 494FS "Mullet" 1/72	453	26	12
384050	https://m.cafe.naver.com/ca-fe/web/cafes/10503958/articles/384050	김승국 dino꾹	1/72  아카데미 F-15K+DEF MODEL KEPD340K TAURUS	613	36	24
384033	https://m.cafe.naver.com/ca-fe/web/cafes/10503958/articles/384033	은빛달	1/48 아카데미 T-50B Black Eagles	401	26	21
384029	https://m.cafe.naver.com/ca-fe/web/cafes/10503958/articles/384029	김승국 dino꾹	1/48 레벨 F-15E	561	33	24
384020	https://m.cafe.naver.com/ca-fe/web/cafes/10503958/articles/384020	타키온71v천안	맹 1/35 AH-64D 아파치	571	41	38
384000	https://m.cafe.naver.com/ca-fe/web/cafes/10503958/articles/384000	Free모델	FA-50 BLOCK 20 한국 배치형 완성	289	9	1
383964	https://m.cafe.naver.com/ca-fe/web/cafes/10503958/articles/383964	파란풍	멩에서 나온 F-4G Wild Weasel입니다.	445	31	22
383947	https://m.cafe.naver.com/ca-fe/web/cafes/10503958/articles/383947	예비역하사	ACADEMY 1:48 AH-64D Attack Helicopter 완성기 입니다.	289	16	12
383895	https://m.cafe.naver.com/ca-fe/web/cafes/10503958/articles/383895	후니듀라	Academy 1/32 KORAF F-4E 팬텀 무장 장착, 그리고 완성	389	14	6
383890	https://m.cafe.naver.com/ca-fe/web/cafes/10503958/articles/383890	아오조아라	Italeri 1/48 F-4E 터키공군기	290	24	14
383867	https://m.cafe.naver.com/ca-fe/web/cafes/10503958/articles/383867	ㅇㅏㅈㅈㅣ	아카데미 1/48 B-25 미첼	364	18	12
383847	https://m.cafe.naver.com/ca-fe/web/cafes/10503958/articles/383847	무적오란씨	1/48 브롱코 MiG-15 bis	326	24	10
383842	https://m.cafe.naver.com/ca-fe/web/cafes/10503958/articles/383842	타키온71v천안	타미야 1/48 F-35B	603	38	25
383839	https://m.cafe.naver.com/ca-fe/web/cafes/10503958/articles/383839	슈퍼덩크	종이모형  1/32  한국공군 F-4E 퇴역 기념마킹 기체	490	37	14
383834	https://m.cafe.naver.com/ca-fe/web/cafes/10503958/articles/383834	암즈룸	Junkers Ju 87G-2 Stuka / Trumpeter / 1:32	200	19	4
383810	https://m.cafe.naver.com/ca-fe/web/cafes/10503958/articles/383810	츤앤드	AH-1Z 제작기이자 완성 사진	339	18	5
383801	https://m.cafe.naver.com/ca-fe/web/cafes/10503958/articles/383801	스타일블루	아카데미 1/100 F-15A FIRST PROTOTYPE	286	19	8
383800	https://m.cafe.naver.com/ca-fe/web/cafes/10503958/articles/383800	prose2	B-2A Spirit(1/72 ModelCollect)	699	47	21
383794	https://m.cafe.naver.com/ca-fe/web/cafes/10503958/articles/383794	꼬끼오	1/144 Zvezda B737-800 'Korean air'	909	38	33
383744	https://m.cafe.naver.com/ca-fe/web/cafes/10503958/articles/383744	나노회장	1/72 A-6A 인트루더	362	28	10
383742	https://m.cafe.naver.com/ca-fe/web/cafes/10503958/articles/383742	아오조아라	Zvezda 1/48 수호이 SU-57	594	47	33
383722	https://m.cafe.naver.com/ca-fe/web/cafes/10503958/articles/383722	쿨쿨잠	[ACADEMY] 1/72 Ju87-1 STUKA TANK BUSTER	186	13	5
383721	https://m.cafe.naver.com/ca-fe/web/cafes/10503958/articles/383721	지나가던 행인	1/144 KC135와 F15공중급유	479	24	7
383690	https://m.cafe.naver.com/ca-fe/web/cafes/10503958/articles/383690	시뇨	블랙호크다운의 리틀버드, Mh-6j & 델타포스 완성!	1013	56	65
383689	https://m.cafe.naver.com/ca-fe/web/cafes/10503958/articles/383689	여보미안해	1/35 MENG AH-64D APACHE Longbow 완성	1166	46	49
383624	https://m.cafe.naver.com/ca-fe/web/cafes/10503958/articles/383624	저비저비	아카데미 1/32 F-18A+	732	31	17
383587	https://m.cafe.naver.com/ca-fe/web/cafes/10503958/articles/383587	술병자리	1/35 RC UH-1D	390	15	3
383577	https://m.cafe.naver.com/ca-fe/web/cafes/10503958/articles/383577	MC스켈러	아카데미 1/48 B-25D 태평양전선..	480	34	14
383545	https://m.cafe.naver.com/ca-fe/web/cafes/10503958/articles/383545	슈발리에	[HASEGAWA] 1/48 AV-8B Harrier II Plus "Night Mares"	454	28	8
383509	https://m.cafe.naver.com/ca-fe/web/cafes/10503958/articles/383509	성더슨	아카데미 1/48 P-38J Lightning 완성 입니다.	359	32	31
383507	https://m.cafe.naver.com/ca-fe/web/cafes/10503958/articles/383507	차카게살자	2025년 첫 완성품 1/72 F-35A(아카데미과학 MCP)	481	22	9
383479	https://m.cafe.naver.com/ca-fe/web/cafes/10503958/articles/383479	슈발리에	[HASWGAWA] 1/48 F-4E Phantom II "EL TORO BRAVO"	497	37	22
383467	https://m.cafe.naver.com/ca-fe/web/cafes/10503958/articles/383467	성더슨	타미야 구판 1/48 Royal Navy Sea Harrier FRS.1 완성 입니다.	323	23	22
383449	https://m.cafe.naver.com/ca-fe/web/cafes/10503958/articles/383449	MODELERY	아카데미 1/48 FA-50 완성!!	891	48	33
383429	https://m.cafe.naver.com/ca-fe/web/cafes/10503958/articles/383429	둘리곰	처음으로 올립니다.	429	25	12
383409	https://m.cafe.naver.com/ca-fe/web/cafes/10503958/articles/383409	SPOOKY	[ACADEMY 1/35] UH-60M BLACKHAWK	359	24	33
383408	https://m.cafe.naver.com/ca-fe/web/cafes/10503958/articles/383408	안양둥이아빠	처음 올립니다.많은 응원 부탁드리겠습니다. kf-16 ( 1//72,아카데미,MCP)	503	26	12
383380	https://m.cafe.naver.com/ca-fe/web/cafes/10503958/articles/383380	성더슨	아카데미 1/72 OV-10A bronco 완성 입니다.	334	23	20
383350	https://m.cafe.naver.com/ca-fe/web/cafes/10503958/articles/383350	mmmm072	아카데미 1/144 F-4E 튀르키에 공군 입니다.	441	24	14
383340	https://m.cafe.naver.com/ca-fe/web/cafes/10503958/articles/383340	공장장	레벨 1:48 타이푼 독일공군	475	35	18
383324	https://m.cafe.naver.com/ca-fe/web/cafes/10503958/articles/383324	yasasee	Airfix BAe Sea Harriers FRS.1 1/48	213	16	5
383308	https://m.cafe.naver.com/ca-fe/web/cafes/10503958/articles/383308	Social234	아카데미 mig-23 1/72	300	17	3
383300	https://m.cafe.naver.com/ca-fe/web/cafes/10503958/articles/383300	성더슨	아카데미 1/72 대한민국 공군 F-15K를 완성 했습니다.	486	28	23
383283	https://m.cafe.naver.com/ca-fe/web/cafes/10503958/articles/383283	ㅇㅏㅈㅈㅣ	아카데미 1/72 F-14B 톰캣	462	29	19
383253	https://m.cafe.naver.com/ca-fe/web/cafes/10503958/articles/383253	에펨맨	하세가와 1/48 F-22 랩터	795	49	29
383175	https://m.cafe.naver.com/ca-fe/web/cafes/10503958/articles/383175	도끼맨	1/48 SU-27 (아카데미) 완성	699	42	24
383149	https://m.cafe.naver.com/ca-fe/web/cafes/10503958/articles/383149	eproman	ITALERI 1/72 Messerschmitt BF-110 G-4/R-3 독일 전투기	308	26	14
383089	https://m.cafe.naver.com/ca-fe/web/cafes/10503958/articles/383089	술병자리	1/35  핼기 탑승 미군	519	21	6
383071	https://m.cafe.naver.com/ca-fe/web/cafes/10503958/articles/383071	Free모델	보라매 제작기 4편, 완성	310	10	1
383055	https://m.cafe.naver.com/ca-fe/web/cafes/10503958/articles/383055	중년프라모델러	미해군 어벤져 뇌격기 부시 탑승기	388	16	16
383047	https://m.cafe.naver.com/ca-fe/web/cafes/10503958/articles/383047	airboy	KF-5E 제공호 (1／48 ACADEMY)	499	39	27
383043	https://m.cafe.naver.com/ca-fe/web/cafes/10503958/articles/383043	술병자리	1/35 UH-1D 드디어 날다	629	24	20
383012	https://m.cafe.naver.com/ca-fe/web/cafes/10503958/articles/383012	이세형81	아카데미 kc-135 완성입니다	659	45	16
382984	https://m.cafe.naver.com/ca-fe/web/cafes/10503958/articles/382984	쿨쿨잠	[Academy]1/72 HAWKER TYPHOON Mk.IB	340	19	9
382975	https://m.cafe.naver.com/ca-fe/web/cafes/10503958/articles/382975	멍게	McDONNELL  F-4 C/D PHANTOM  방위성금헌납기   1/32	314	13	1
382959	https://m.cafe.naver.com/ca-fe/web/cafes/10503958/articles/382959	mmmm072	meng 1/48 F-4E + 크로스델타 대한민국공군라스트팬텀데칼 입니다.	724	39	12
382932	https://m.cafe.naver.com/ca-fe/web/cafes/10503958/articles/382932	지나가던 행인	아카데미 1/48 크피르입니다	544	32	6
382904	https://m.cafe.naver.com/ca-fe/web/cafes/10503958/articles/382904	hobbybosstudent	ACADEMY 1/72 F-16C "주방위공군" 완성	399	27	15
382855	https://m.cafe.naver.com/ca-fe/web/cafes/10503958/articles/382855	멍게	ROKAF   F-4E   PHANTOM    1/32   ACADEMY	434	20	6
382847	https://m.cafe.naver.com/ca-fe/web/cafes/10503958/articles/382847	쓰삐빵빵	1/48 아카데미 와일드캣 완성	645	40	34
382844	https://m.cafe.naver.com/ca-fe/web/cafes/10503958/articles/382844	하찮은 형	타미야 1/48DOUGLAS A-1H SKYRAIDER U.S.NAVY	424	33	31
382827	https://m.cafe.naver.com/ca-fe/web/cafes/10503958/articles/382827	난바	아카데미 1/72 대한민국 공군 KF-21 보라매 (feat. 생존신고)	380	24	4
382816	https://m.cafe.naver.com/ca-fe/web/cafes/10503958/articles/382816	이븐이닷	하비보스 1/48 UH-1C	295	12	1
382812	https://m.cafe.naver.com/ca-fe/web/cafes/10503958/articles/382812	소주병	Aichi M6A1 Seiran, Tamiya 1/48	332	30	21
382784	https://m.cafe.naver.com/ca-fe/web/cafes/10503958/articles/382784	MODELERY	1/48 아카데미 KF-5E 제공호	473	29	18
