[2026-06-10 23:30:26,369][run.py:210][DEBUG] # main()
[2026-06-10 23:30:26,369][run.py:178][DEBUG] # determine_options()
[2026-06-10 23:30:26,369][run.py:219][DEBUG] {'do_make_all_feeds': False, 'do_remove_all_files': False, 'force_collection_opt': '', 'collect_only_opt': '', 'num_feeds': 0, 'window_size': 5}
[2026-06-10 23:30:26,369][run.py:220][DEBUG] wfwf/black_haired_general_of_us_army
[2026-06-10 23:30:26,369][run.py:24][DEBUG] # FeedMakerRunner(html_archiving_period=30, list_archiving_period=7)
[2026-06-10 23:30:26,437][feed_maker_util.py:484][DEBUG] # Config(feed_dir_path=wfwf/black_haired_general_of_us_army)
[2026-06-10 23:30:26,438][feed_maker_util.py:556][DEBUG] # get_collection_configs()
[2026-06-10 23:30:26,438][run.py:41][DEBUG] # make_single_feed(feed_dir_path='wfwf/black_haired_general_of_us_army', options={'do_make_all_feeds': False, 'do_remove_all_files': False, 'force_collection_opt': '', 'collect_only_opt': '', 'num_feeds': 0, 'window_size': 5})
[2026-06-10 23:30:26,438][run.py:56][INFO] * wfwf/black_haired_general_of_us_army
[2026-06-10 23:30:26,438][feed_maker_util.py:811][DEBUG] # remove_image_files_with_zero_size()
[2026-06-10 23:30:26,438][feed_maker_util.py:812][INFO] # deleting image files with zero size
[2026-06-10 23:30:26,498][feed_maker_util.py:796][DEBUG] # remove_html_files_without_cached_image_files(feed_dir_path='wfwf/black_haired_general_of_us_army', feed_img_dir_path='img/black_haired_general_of_us_army')
[2026-06-10 23:30:26,498][feed_maker_util.py:797][INFO] # deleting html files without cached image files
[2026-06-10 23:30:26,498][feed_maker_util.py:484][DEBUG] # Config(feed_dir_path=wfwf/black_haired_general_of_us_army)
[2026-06-10 23:30:26,498][feed_maker_util.py:589][DEBUG] # get_extraction_configs()
[2026-06-10 23:30:26,498][feed_maker_util.py:765][DEBUG] # get_incomplete_image_list(html_file_path='wfwf/black_haired_general_of_us_army/html/b7770dd.html')
[2026-06-10 23:30:26,500][feed_maker_util.py:765][DEBUG] # get_incomplete_image_list(html_file_path='wfwf/black_haired_general_of_us_army/html/ba77c93.html')
[2026-06-10 23:30:26,502][feed_maker_util.py:765][DEBUG] # get_incomplete_image_list(html_file_path='wfwf/black_haired_general_of_us_army/html/02a7718.html')
[2026-06-10 23:30:26,503][feed_maker_util.py:765][DEBUG] # get_incomplete_image_list(html_file_path='wfwf/black_haired_general_of_us_army/html/94310bd.html')
[2026-06-10 23:30:26,505][feed_maker_util.py:765][DEBUG] # get_incomplete_image_list(html_file_path='wfwf/black_haired_general_of_us_army/html/8352db5.html')
[2026-06-10 23:30:26,506][feed_maker_util.py:765][DEBUG] # get_incomplete_image_list(html_file_path='wfwf/black_haired_general_of_us_army/html/87c7584.html')
[2026-06-10 23:30:26,508][feed_maker_util.py:765][DEBUG] # get_incomplete_image_list(html_file_path='wfwf/black_haired_general_of_us_army/html/ad31092.html')
[2026-06-10 23:30:26,510][feed_maker_util.py:765][DEBUG] # get_incomplete_image_list(html_file_path='wfwf/black_haired_general_of_us_army/html/3260866.html')
[2026-06-10 23:30:26,511][feed_maker_util.py:765][DEBUG] # get_incomplete_image_list(html_file_path='wfwf/black_haired_general_of_us_army/html/edced6c.html')
[2026-06-10 23:30:26,513][feed_maker_util.py:765][DEBUG] # get_incomplete_image_list(html_file_path='wfwf/black_haired_general_of_us_army/html/5bf9337.html')
[2026-06-10 23:30:26,514][feed_maker_util.py:765][DEBUG] # get_incomplete_image_list(html_file_path='wfwf/black_haired_general_of_us_army/html/e0095d9.html')
[2026-06-10 23:30:26,516][feed_maker_util.py:765][DEBUG] # get_incomplete_image_list(html_file_path='wfwf/black_haired_general_of_us_army/html/a2070d6.html')
[2026-06-10 23:30:26,517][feed_maker_util.py:765][DEBUG] # get_incomplete_image_list(html_file_path='wfwf/black_haired_general_of_us_army/html/7b51604.html')
[2026-06-10 23:30:26,521][feed_maker_util.py:765][DEBUG] # get_incomplete_image_list(html_file_path='wfwf/black_haired_general_of_us_army/html/c0de81f.html')
[2026-06-10 23:30:26,522][feed_maker_util.py:765][DEBUG] # get_incomplete_image_list(html_file_path='wfwf/black_haired_general_of_us_army/html/aba2ec7.html')
[2026-06-10 23:30:26,524][feed_maker_util.py:765][DEBUG] # get_incomplete_image_list(html_file_path='wfwf/black_haired_general_of_us_army/html/784a622.html')
[2026-06-10 23:30:26,525][feed_maker_util.py:765][DEBUG] # get_incomplete_image_list(html_file_path='wfwf/black_haired_general_of_us_army/html/72feb93.html')
[2026-06-10 23:30:26,527][feed_maker_util.py:765][DEBUG] # get_incomplete_image_list(html_file_path='wfwf/black_haired_general_of_us_army/html/aadfbaf.html')
[2026-06-10 23:30:26,529][feed_maker_util.py:765][DEBUG] # get_incomplete_image_list(html_file_path='wfwf/black_haired_general_of_us_army/html/5eca375.html')
[2026-06-10 23:30:26,530][feed_maker_util.py:765][DEBUG] # get_incomplete_image_list(html_file_path='wfwf/black_haired_general_of_us_army/html/24f7201.html')
[2026-06-10 23:30:26,533][feed_maker_util.py:765][DEBUG] # get_incomplete_image_list(html_file_path='wfwf/black_haired_general_of_us_army/html/664a15b.html')
[2026-06-10 23:30:26,538][feed_maker_util.py:765][DEBUG] # get_incomplete_image_list(html_file_path='wfwf/black_haired_general_of_us_army/html/efbdae7.html')
[2026-06-10 23:30:26,540][feed_maker_util.py:765][DEBUG] # get_incomplete_image_list(html_file_path='wfwf/black_haired_general_of_us_army/html/b7ee63a.html')
[2026-06-10 23:30:26,543][feed_maker_util.py:765][DEBUG] # get_incomplete_image_list(html_file_path='wfwf/black_haired_general_of_us_army/html/3d69094.html')
[2026-06-10 23:30:26,545][feed_maker_util.py:765][DEBUG] # get_incomplete_image_list(html_file_path='wfwf/black_haired_general_of_us_army/html/1e490f9.html')
[2026-06-10 23:30:26,547][feed_maker_util.py:765][DEBUG] # get_incomplete_image_list(html_file_path='wfwf/black_haired_general_of_us_army/html/95dd73f.html')
[2026-06-10 23:30:26,549][feed_maker_util.py:765][DEBUG] # get_incomplete_image_list(html_file_path='wfwf/black_haired_general_of_us_army/html/47f6714.html')
[2026-06-10 23:30:26,550][feed_maker_util.py:765][DEBUG] # get_incomplete_image_list(html_file_path='wfwf/black_haired_general_of_us_army/html/333b018.html')
[2026-06-10 23:30:26,552][feed_maker_util.py:765][DEBUG] # get_incomplete_image_list(html_file_path='wfwf/black_haired_general_of_us_army/html/e1787c4.html')
[2026-06-10 23:30:26,554][run.py:74][INFO] * making feed file 'wfwf/black_haired_general_of_us_army/black_haired_general_of_us_army.xml'
[2026-06-10 23:30:26,554][feed_maker.py:43][DEBUG] # FeedMaker(feed_dir_path=wfwf/black_haired_general_of_us_army, do_collect_by_force=, do_collect_only=, rss_file_path=wfwf/black_haired_general_of_us_army/black_haired_general_of_us_army.xml)
[2026-06-10 23:30:26,554][feed_maker.py:534][DEBUG] # make()
[2026-06-10 23:30:26,554][feed_maker.py:535][INFO] =========================================================
[2026-06-10 23:30:26,554][feed_maker.py:536][INFO] wfwf/black_haired_general_of_us_army
[2026-06-10 23:30:26,554][feed_maker.py:537][INFO] =========================================================
[2026-06-10 23:30:26,554][feed_maker_util.py:484][DEBUG] # Config(feed_dir_path=wfwf/black_haired_general_of_us_army)
[2026-06-10 23:30:26,554][feed_maker_util.py:556][DEBUG] # get_collection_configs()
[2026-06-10 23:30:26,554][feed_maker_util.py:589][DEBUG] # get_extraction_configs()
[2026-06-10 23:30:26,554][feed_maker_util.py:622][DEBUG] # get_rss_configs()
[2026-06-10 23:30:26,554][feed_maker.py:543][DEBUG] self.collection_conf={'render_js': False, 'verify_ssl': True, 'ignore_old_list': True, 'is_completed': False, 'copy_images_from_canvas': False, 'simulate_scrolling': False, 'disable_headless': False, 'blob_to_dataurl': False, 'wait_until': 'domcontentloaded', 'item_capture_script': '../capture_item_wfwf.py -n 6', 'sort_field_pattern': 'num=(\\d+)\\t', 'user_agent': None, 'encoding': 'cp949', 'referer': None, 'timeout': 60, 'unit_size_per_day': 2.0, 'num_retries': 1, 'retry_sleep': 5, 'window_size': 5, 'list_url_list': ['https://wfwf462.com/list?toon=75873'], 'post_process_script_list': [], 'headers': {}}
[2026-06-10 23:30:26,554][feed_maker.py:544][DEBUG] self.extraction_conf={'render_js': False, 'verify_ssl': True, 'bypass_element_extraction': False, 'force_sleep_between_articles': False, 'copy_images_from_canvas': False, 'simulate_scrolling': False, 'disable_headless': False, 'blob_to_dataurl': False, 'wait_until': 'domcontentloaded', 'user_agent': None, 'encoding': 'cp949', 'referer': None, 'threshold_to_remove_html_with_incomplete_image': 5, 'timeout': 60, 'num_retries': 1, 'retry_sleep': 5, 'element_id_list': [], 'element_class_list': ['image-view'], 'element_path_list': [], 'post_process_script_list': ['download_image.py', '../remove_anchor_images.sh'], 'headers': {}, 'exclude_ad_images': False}
[2026-06-10 23:30:26,554][feed_maker.py:545][DEBUG] self.rss_conf={'ignore_broken_link': '', 'rss_title': '검은머리 미군 대원수 :: 늑대닷컴', 'rss_generator': "Terzeron's Feed Generator", 'rss_copyright': 'Copyright (c) 늑대닷컴. All rights reserved.', 'rss_link': 'https://terzeron.com/black_haired_general_of_us_army.xml', 'rss_language': 'ko', 'rss_url_prefix_for_guid': 'https://wfwf24.com'}
[2026-06-10 23:30:26,554][feed_maker.py:156][DEBUG] # _read_old_feed_list_from_file()
[2026-06-10 23:30:26,555][feed_maker.py:174][INFO] wfwf/black_haired_general_of_us_army/newlist/20260610.txt
[2026-06-10 23:30:26,555][feed_maker.py:416][DEBUG] # _get_recent_feed_list()
[2026-06-10 23:30:26,555][new_list_collector.py:21][DEBUG] # NewlistCollector(feed_dir_path=wfwf/black_haired_general_of_us_army, collection_conf={'render_js': False, 'verify_ssl': True, 'ignore_old_list': True, 'is_completed': False, 'copy_images_from_canvas': False, 'simulate_scrolling': False, 'disable_headless': False, 'blob_to_dataurl': False, 'wait_until': 'domcontentloaded', 'item_capture_script': '../capture_item_wfwf.py -n 6', 'sort_field_pattern': 'num=(\\d+)\\t', 'user_agent': None, 'encoding': 'cp949', 'referer': None, 'timeout': 60, 'unit_size_per_day': 2.0, 'num_retries': 1, 'retry_sleep': 5, 'window_size': 5, 'list_url_list': ['https://wfwf462.com/list?toon=75873'], 'post_process_script_list': [], 'headers': {}}, new_list_file_path=wfwf/black_haired_general_of_us_army/newlist/20260610.txt
[2026-06-10 23:30:26,555][new_list_collector.py:132][DEBUG] # collect()
[2026-06-10 23:30:26,555][new_list_collector.py:135][DEBUG] collecting items from specified url list...
[2026-06-10 23:30:26,555][new_list_collector.py:50][DEBUG] # compose_url_list()
[2026-06-10 23:30:26,555][crawler.py:372][DEBUG] # Crawler(dir_path=wfwf/black_haired_general_of_us_army, render_js=False, method=Method.GET, headers={'Referer': None}, timeout=60, num_retries=1, retry_sleep=5, encoding=cp949, verify_ssl=True, copy_images_from_canvas=False, simulate_scrolling=False, disable_headless=False, blob_to_dataurl=False, wait_until=domcontentloaded)
[2026-06-10 23:30:26,555][crawler.py:153][DEBUG] # RequestsClient(dir_path=wfwf/black_haired_general_of_us_army, render_js=False, method=Method.GET, headers={'Referer': None, 'User-Agent': 'Mozilla/5.0 (Macintosh; Intel Mac OS X 10_15_7) AppleWebKit/537.36 (KHTML, like Gecko) Chrome/124.0.0.0 Safari/537.36'}, timeout=60, encoding=cp949, verify_ssl=True)
[2026-06-10 23:30:26,555][crawler.py:420][DEBUG] # get_option_str()
[2026-06-10 23:30:26,555][new_list_collector.py:76][DEBUG] cmd=crawler.py -f '/home/terzeron/workspace/fma/wfwf/black_haired_general_of_us_army'  --render-js=false --verify-ssl=true --copy-images-from-canvas=false --simulate-scrolling=false --blob-to-dataurl=false --disable-headless=false --wait-until=domcontentloaded --encoding='cp949' --header='User-Agent: Mozilla/5.0 (Macintosh; Intel Mac OS X 10_15_7) AppleWebKit/537.36 (KHTML, like Gecko) Chrome/124.0.0.0 Safari/537.36' --timeout=60 --retry=1 --retry-sleep=5 'https://wfwf462.com/list?toon=75873'
[2026-06-10 23:30:26,555][crawler.py:491][DEBUG] # run(url=https://wfwf462.com/list?toon=75873, data=None, download_file=None, allow_redirects=True)
[2026-06-10 23:30:26,555][crawler.py:269][DEBUG] # make_request(url='https://wfwf462.com/list?toon=75873', allow_redirects=True)
[2026-06-10 23:30:27,085][crawler.py:205][DEBUG] Trimming cookies: kept 87 of 88 (Cookie header capped at 4096 bytes)
[2026-06-10 23:30:27,088][new_list_collector.py:94][DEBUG] cmd=../capture_item_wfwf.py -n 6 -f '/home/terzeron/workspace/fma/wfwf/black_haired_general_of_us_army'
[2026-06-10 23:30:27,088][feed_maker_util.py:151][DEBUG] # Process.exec_cmd(cmd=../capture_item_wfwf.py -n 6 -f '/home/terzeron/workspace/fma/wfwf/black_haired_general_of_us_army', dir_path=wfwf/black_haired_general_of_us_army, input_data=61087 bytes)
[2026-06-10 23:30:27,089][feed_maker_util.py:155][DEBUG] argv=['/home/terzeron/workspace/fma/wfwf/capture_item_wfwf.py', '-n', '6', '-f', '/home/terzeron/workspace/fma/wfwf/black_haired_general_of_us_army']
[2026-06-10 23:30:27,259][new_list_collector.py:31][DEBUG] # extract_urls()
[2026-06-10 23:30:27,259][feed_maker.py:435][DEBUG] # _diff_feeds_and_make_htmls(recent_feed_list=[('https://wfwf462.com/view?toon=75873&num=36', '036. 검은머리 미군 대원수 36화', []), ('https://wfwf462.com/view?toon=75873&num=35', '035. 검은머리 미군 대원수 35화', []), ('https://wfwf462.com/view?toon=75873&num=34', '034. 34화', []), ('https://wfwf462.com/view?toon=75873&num=33', '033. 33화', []), ('https://wfwf462.com/view?toon=75873&num=32', '032. 32화', []), ('https://wfwf462.com/view?toon=75873&num=31', '031. 31화', [])], old_feed_list=[])
[2026-06-10 23:30:27,259][feed_maker.py:440][INFO] Appending 6 new items to the feed list
[2026-06-10 23:30:27,260][feed_maker.py:222][INFO] Old: https://wfwf462.com/view?toon=75873&num=36	036. 검은머리 미군 대원수 36화	wfwf/black_haired_general_of_us_army/html/5eca375.html (6998 bytes > 359 bytes of template)
[2026-06-10 23:30:27,260][feed_maker_util.py:765][DEBUG] # get_incomplete_image_list(html_file_path='wfwf/black_haired_general_of_us_army/html/5eca375.html')
[2026-06-10 23:30:27,261][feed_maker.py:222][INFO] Old: https://wfwf462.com/view?toon=75873&num=35	035. 검은머리 미군 대원수 35화	wfwf/black_haired_general_of_us_army/html/87c7584.html (7684 bytes > 359 bytes of template)
[2026-06-10 23:30:27,261][feed_maker_util.py:765][DEBUG] # get_incomplete_image_list(html_file_path='wfwf/black_haired_general_of_us_army/html/87c7584.html')
[2026-06-10 23:30:27,264][feed_maker.py:222][INFO] Old: https://wfwf462.com/view?toon=75873&num=34	034. 34화	wfwf/black_haired_general_of_us_army/html/664a15b.html (15396 bytes > 359 bytes of template)
[2026-06-10 23:30:27,264][feed_maker_util.py:765][DEBUG] # get_incomplete_image_list(html_file_path='wfwf/black_haired_general_of_us_army/html/664a15b.html')
[2026-06-10 23:30:27,268][feed_maker.py:222][INFO] Old: https://wfwf462.com/view?toon=75873&num=33	033. 33화	wfwf/black_haired_general_of_us_army/html/7b51604.html (17650 bytes > 359 bytes of template)
[2026-06-10 23:30:27,268][feed_maker_util.py:765][DEBUG] # get_incomplete_image_list(html_file_path='wfwf/black_haired_general_of_us_army/html/7b51604.html')
[2026-06-10 23:30:27,272][feed_maker.py:222][INFO] Old: https://wfwf462.com/view?toon=75873&num=32	032. 32화	wfwf/black_haired_general_of_us_army/html/b7ee63a.html (14122 bytes > 359 bytes of template)
[2026-06-10 23:30:27,272][feed_maker_util.py:765][DEBUG] # get_incomplete_image_list(html_file_path='wfwf/black_haired_general_of_us_army/html/b7ee63a.html')
[2026-06-10 23:30:27,275][crawler.py:372][DEBUG] # Crawler(dir_path=wfwf/black_haired_general_of_us_army, render_js=False, method=Method.GET, headers={}, timeout=60, num_retries=1, retry_sleep=5, encoding=cp949, verify_ssl=True, copy_images_from_canvas=False, simulate_scrolling=False, disable_headless=False, blob_to_dataurl=False, wait_until=domcontentloaded)
[2026-06-10 23:30:27,275][crawler.py:153][DEBUG] # RequestsClient(dir_path=wfwf/black_haired_general_of_us_army, render_js=False, method=Method.GET, headers={'User-Agent': 'Mozilla/5.0 (Macintosh; Intel Mac OS X 10_15_7) AppleWebKit/537.36 (KHTML, like Gecko) Chrome/124.0.0.0 Safari/537.36'}, timeout=60, encoding=cp949, verify_ssl=True)
[2026-06-10 23:30:27,275][crawler.py:420][DEBUG] # get_option_str()
[2026-06-10 23:30:27,275][feed_maker.py:250][DEBUG] cmd=crawler.py -f '/home/terzeron/workspace/fma/wfwf/black_haired_general_of_us_army'  --render-js=false --verify-ssl=true --copy-images-from-canvas=false --simulate-scrolling=false --blob-to-dataurl=false --disable-headless=false --wait-until=domcontentloaded --encoding='cp949' --header='User-Agent: Mozilla/5.0 (Macintosh; Intel Mac OS X 10_15_7) AppleWebKit/537.36 (KHTML, like Gecko) Chrome/124.0.0.0 Safari/537.36' --timeout=60 --retry=1 --retry-sleep=5 'https://wfwf462.com/view?toon=75873&num=31'
[2026-06-10 23:30:27,275][crawler.py:491][DEBUG] # run(url=https://wfwf462.com/view?toon=75873&num=31, data=None, download_file=None, allow_redirects=True)
[2026-06-10 23:30:27,275][crawler.py:269][DEBUG] # make_request(url='https://wfwf462.com/view?toon=75873&num=31', allow_redirects=True)
[2026-06-10 23:30:27,740][crawler.py:205][DEBUG] Trimming cookies: kept 87 of 88 (Cookie header capped at 4096 bytes)
[2026-06-10 23:30:27,742][feed_maker.py:261][DEBUG] cmd=extractor.py -f '/home/terzeron/workspace/fma/wfwf/black_haired_general_of_us_army' 'https://wfwf462.com/view?toon=75873&num=31'
[2026-06-10 23:30:27,760][feed_maker.py:274][DEBUG] cmd=download_image.py -f /home/terzeron/workspace/fma/wfwf/black_haired_general_of_us_army 'https://wfwf462.com/view?toon=75873&num=31'
[2026-06-10 23:30:27,760][feed_maker_util.py:151][DEBUG] # Process.exec_cmd(cmd=download_image.py -f /home/terzeron/workspace/fma/wfwf/black_haired_general_of_us_army 'https://wfwf462.com/view?toon=75873&num=31', dir_path=wfwf/black_haired_general_of_us_army, input_data=11871 bytes)
[2026-06-10 23:30:27,760][feed_maker_util.py:155][DEBUG] argv=['/home/terzeron/workspace/fm/utils/download_image.py', '-f', '/home/terzeron/workspace/fma/wfwf/black_haired_general_of_us_army', 'https://wfwf462.com/view?toon=75873&num=31']
[2026-06-10 23:30:28,208][feed_maker_util.py:484][DEBUG] # Config(feed_dir_path=wfwf/black_haired_general_of_us_army)
[2026-06-10 23:30:28,208][feed_maker_util.py:589][DEBUG] # get_extraction_configs()
[2026-06-10 23:30:28,208][crawler.py:372][DEBUG] # Crawler(dir_path=wfwf/black_haired_general_of_us_army, render_js=False, method=Method.GET, headers={'User-Agent': None, 'Referer': 'https://wfwf462.com/view?toon=75873&num=31'}, timeout=60, num_retries=2, retry_sleep=5, encoding=utf-8, verify_ssl=True, copy_images_from_canvas=False, simulate_scrolling=False, disable_headless=False, blob_to_dataurl=False, wait_until=domcontentloaded)
[2026-06-10 23:30:28,208][crawler.py:153][DEBUG] # RequestsClient(dir_path=wfwf/black_haired_general_of_us_army, render_js=False, method=Method.GET, headers={'User-Agent': None, 'Referer': 'https://wfwf462.com/view?toon=75873&num=31'}, timeout=60, encoding=utf-8, verify_ssl=True)
[2026-06-10 23:30:28,209][feed_maker_util.py:757][DEBUG] # get_cache_file_path(path_prefix='img/black_haired_general_of_us_army', img_url_for_hashing='https://k16stm.com/75873/6z7fl', postfix='None', index=None, suffix=None)
[2026-06-10 23:30:28,209][feed_maker_util.py:731][DEBUG] # get_cache_info_common(img_url_for_hashing='https://k16stm.com/75873/6z7fl'', postfix='None', index=None)
[2026-06-10 23:30:28,209][feed_maker_util.py:749][DEBUG] # get_cache_url(url_prefix='https://terzeron.com/xml/img/black_haired_general_of_us_army', img_url_for_hashing='https://k16stm.com/75873/6z7fl', postfix=None, index=None, suffix='.webp')
[2026-06-10 23:30:28,209][feed_maker_util.py:731][DEBUG] # get_cache_info_common(img_url_for_hashing='https://k16stm.com/75873/6z7fl'', postfix='None', index=None)
[2026-06-10 23:30:28,210][feed_maker_util.py:757][DEBUG] # get_cache_file_path(path_prefix='img/black_haired_general_of_us_army', img_url_for_hashing='https://k16stm.com/75873/6z7fl', postfix='None', index=None, suffix=None)
[2026-06-10 23:30:28,210][feed_maker_util.py:731][DEBUG] # get_cache_info_common(img_url_for_hashing='https://k16stm.com/75873/6z7fl'', postfix='None', index=None)
[2026-06-10 23:30:28,210][feed_maker_util.py:749][DEBUG] # get_cache_url(url_prefix='https://terzeron.com/xml/img/black_haired_general_of_us_army', img_url_for_hashing='https://k16stm.com/75873/6z7fl', postfix=None, index=None, suffix='.webp')
[2026-06-10 23:30:28,210][feed_maker_util.py:731][DEBUG] # get_cache_info_common(img_url_for_hashing='https://k16stm.com/75873/6z7fl'', postfix='None', index=None)
[2026-06-10 23:30:28,210][feed_maker_util.py:757][DEBUG] # get_cache_file_path(path_prefix='img/black_haired_general_of_us_army', img_url_for_hashing='https://k16stm.com/75873/6z7fl', postfix='None', index=None, suffix=None)
[2026-06-10 23:30:28,210][feed_maker_util.py:731][DEBUG] # get_cache_info_common(img_url_for_hashing='https://k16stm.com/75873/6z7fl'', postfix='None', index=None)
[2026-06-10 23:30:28,210][feed_maker_util.py:749][DEBUG] # get_cache_url(url_prefix='https://terzeron.com/xml/img/black_haired_general_of_us_army', img_url_for_hashing='https://k16stm.com/75873/6z7fl', postfix=None, index=None, suffix='.webp')
[2026-06-10 23:30:28,210][feed_maker_util.py:731][DEBUG] # get_cache_info_common(img_url_for_hashing='https://k16stm.com/75873/6z7fl'', postfix='None', index=None)
[2026-06-10 23:30:28,211][feed_maker_util.py:757][DEBUG] # get_cache_file_path(path_prefix='img/black_haired_general_of_us_army', img_url_for_hashing='https://k16stm.com/75873/6z7fl', postfix='None', index=None, suffix=None)
[2026-06-10 23:30:28,211][feed_maker_util.py:731][DEBUG] # get_cache_info_common(img_url_for_hashing='https://k16stm.com/75873/6z7fl'', postfix='None', index=None)
[2026-06-10 23:30:28,211][feed_maker_util.py:749][DEBUG] # get_cache_url(url_prefix='https://terzeron.com/xml/img/black_haired_general_of_us_army', img_url_for_hashing='https://k16stm.com/75873/6z7fl', postfix=None, index=None, suffix='.webp')
[2026-06-10 23:30:28,211][feed_maker_util.py:731][DEBUG] # get_cache_info_common(img_url_for_hashing='https://k16stm.com/75873/6z7fl'', postfix='None', index=None)
[2026-06-10 23:30:28,211][feed_maker_util.py:757][DEBUG] # get_cache_file_path(path_prefix='img/black_haired_general_of_us_army', img_url_for_hashing='https://k16stm.com/75873/6z7fl', postfix='None', index=None, suffix=None)
[2026-06-10 23:30:28,211][feed_maker_util.py:731][DEBUG] # get_cache_info_common(img_url_for_hashing='https://k16stm.com/75873/6z7fl'', postfix='None', index=None)
[2026-06-10 23:30:28,211][feed_maker_util.py:749][DEBUG] # get_cache_url(url_prefix='https://terzeron.com/xml/img/black_haired_general_of_us_army', img_url_for_hashing='https://k16stm.com/75873/6z7fl', postfix=None, index=None, suffix='.webp')
[2026-06-10 23:30:28,211][feed_maker_util.py:731][DEBUG] # get_cache_info_common(img_url_for_hashing='https://k16stm.com/75873/6z7fl'', postfix='None', index=None)
[2026-06-10 23:30:28,211][feed_maker_util.py:757][DEBUG] # get_cache_file_path(path_prefix='img/black_haired_general_of_us_army', img_url_for_hashing='https://k16stm.com/75873/6z7fl', postfix='None', index=None, suffix=None)
[2026-06-10 23:30:28,211][feed_maker_util.py:731][DEBUG] # get_cache_info_common(img_url_for_hashing='https://k16stm.com/75873/6z7fl'', postfix='None', index=None)
[2026-06-10 23:30:28,211][feed_maker_util.py:749][DEBUG] # get_cache_url(url_prefix='https://terzeron.com/xml/img/black_haired_general_of_us_army', img_url_for_hashing='https://k16stm.com/75873/6z7fl', postfix=None, index=None, suffix='.webp')
[2026-06-10 23:30:28,211][feed_maker_util.py:731][DEBUG] # get_cache_info_common(img_url_for_hashing='https://k16stm.com/75873/6z7fl'', postfix='None', index=None)
[2026-06-10 23:30:28,211][feed_maker_util.py:757][DEBUG] # get_cache_file_path(path_prefix='img/black_haired_general_of_us_army', img_url_for_hashing='https://k16stm.com/75873/6z7fl', postfix='None', index=None, suffix=None)
[2026-06-10 23:30:28,211][feed_maker_util.py:731][DEBUG] # get_cache_info_common(img_url_for_hashing='https://k16stm.com/75873/6z7fl'', postfix='None', index=None)
[2026-06-10 23:30:28,212][feed_maker_util.py:749][DEBUG] # get_cache_url(url_prefix='https://terzeron.com/xml/img/black_haired_general_of_us_army', img_url_for_hashing='https://k16stm.com/75873/6z7fl', postfix=None, index=None, suffix='.webp')
[2026-06-10 23:30:28,212][feed_maker_util.py:731][DEBUG] # get_cache_info_common(img_url_for_hashing='https://k16stm.com/75873/6z7fl'', postfix='None', index=None)
[2026-06-10 23:30:28,212][feed_maker_util.py:757][DEBUG] # get_cache_file_path(path_prefix='img/black_haired_general_of_us_army', img_url_for_hashing='https://k16stm.com/75873/6z7fl', postfix='None', index=None, suffix=None)
[2026-06-10 23:30:28,212][feed_maker_util.py:731][DEBUG] # get_cache_info_common(img_url_for_hashing='https://k16stm.com/75873/6z7fl'', postfix='None', index=None)
[2026-06-10 23:30:28,212][feed_maker_util.py:749][DEBUG] # get_cache_url(url_prefix='https://terzeron.com/xml/img/black_haired_general_of_us_army', img_url_for_hashing='https://k16stm.com/75873/6z7fl', postfix=None, index=None, suffix='.webp')
[2026-06-10 23:30:28,212][feed_maker_util.py:731][DEBUG] # get_cache_info_common(img_url_for_hashing='https://k16stm.com/75873/6z7fl'', postfix='None', index=None)
[2026-06-10 23:30:28,212][feed_maker_util.py:757][DEBUG] # get_cache_file_path(path_prefix='img/black_haired_general_of_us_army', img_url_for_hashing='https://k16stm.com/75873/6z7fl', postfix='None', index=None, suffix=None)
[2026-06-10 23:30:28,212][feed_maker_util.py:731][DEBUG] # get_cache_info_common(img_url_for_hashing='https://k16stm.com/75873/6z7fl'', postfix='None', index=None)
[2026-06-10 23:30:28,212][feed_maker_util.py:749][DEBUG] # get_cache_url(url_prefix='https://terzeron.com/xml/img/black_haired_general_of_us_army', img_url_for_hashing='https://k16stm.com/75873/6z7fl', postfix=None, index=None, suffix='.webp')
[2026-06-10 23:30:28,212][feed_maker_util.py:731][DEBUG] # get_cache_info_common(img_url_for_hashing='https://k16stm.com/75873/6z7fl'', postfix='None', index=None)
[2026-06-10 23:30:28,212][feed_maker_util.py:757][DEBUG] # get_cache_file_path(path_prefix='img/black_haired_general_of_us_army', img_url_for_hashing='https://k16stm.com/75873/6z7fl', postfix='None', index=None, suffix=None)
[2026-06-10 23:30:28,212][feed_maker_util.py:731][DEBUG] # get_cache_info_common(img_url_for_hashing='https://k16stm.com/75873/6z7fl'', postfix='None', index=None)
[2026-06-10 23:30:28,212][feed_maker_util.py:749][DEBUG] # get_cache_url(url_prefix='https://terzeron.com/xml/img/black_haired_general_of_us_army', img_url_for_hashing='https://k16stm.com/75873/6z7fl', postfix=None, index=None, suffix='.webp')
[2026-06-10 23:30:28,212][feed_maker_util.py:731][DEBUG] # get_cache_info_common(img_url_for_hashing='https://k16stm.com/75873/6z7fl'', postfix='None', index=None)
[2026-06-10 23:30:28,212][feed_maker_util.py:757][DEBUG] # get_cache_file_path(path_prefix='img/black_haired_general_of_us_army', img_url_for_hashing='https://k16stm.com/75873/6z7fl', postfix='None', index=None, suffix=None)
[2026-06-10 23:30:28,212][feed_maker_util.py:731][DEBUG] # get_cache_info_common(img_url_for_hashing='https://k16stm.com/75873/6z7fl'', postfix='None', index=None)
[2026-06-10 23:30:28,213][feed_maker_util.py:749][DEBUG] # get_cache_url(url_prefix='https://terzeron.com/xml/img/black_haired_general_of_us_army', img_url_for_hashing='https://k16stm.com/75873/6z7fl', postfix=None, index=None, suffix='.webp')
[2026-06-10 23:30:28,213][feed_maker_util.py:731][DEBUG] # get_cache_info_common(img_url_for_hashing='https://k16stm.com/75873/6z7fl'', postfix='None', index=None)
[2026-06-10 23:30:28,213][feed_maker_util.py:757][DEBUG] # get_cache_file_path(path_prefix='img/black_haired_general_of_us_army', img_url_for_hashing='https://k16stm.com/75873/6z7fl', postfix='None', index=None, suffix=None)
[2026-06-10 23:30:28,213][feed_maker_util.py:731][DEBUG] # get_cache_info_common(img_url_for_hashing='https://k16stm.com/75873/6z7fl'', postfix='None', index=None)
[2026-06-10 23:30:28,213][feed_maker_util.py:749][DEBUG] # get_cache_url(url_prefix='https://terzeron.com/xml/img/black_haired_general_of_us_army', img_url_for_hashing='https://k16stm.com/75873/6z7fl', postfix=None, index=None, suffix='.webp')
[2026-06-10 23:30:28,213][feed_maker_util.py:731][DEBUG] # get_cache_info_common(img_url_for_hashing='https://k16stm.com/75873/6z7fl'', postfix='None', index=None)
[2026-06-10 23:30:28,213][feed_maker_util.py:757][DEBUG] # get_cache_file_path(path_prefix='img/black_haired_general_of_us_army', img_url_for_hashing='https://k16stm.com/75873/6z7fl', postfix='None', index=None, suffix=None)
[2026-06-10 23:30:28,213][feed_maker_util.py:731][DEBUG] # get_cache_info_common(img_url_for_hashing='https://k16stm.com/75873/6z7fl'', postfix='None', index=None)
[2026-06-10 23:30:28,213][feed_maker_util.py:749][DEBUG] # get_cache_url(url_prefix='https://terzeron.com/xml/img/black_haired_general_of_us_army', img_url_for_hashing='https://k16stm.com/75873/6z7fl', postfix=None, index=None, suffix='.webp')
[2026-06-10 23:30:28,213][feed_maker_util.py:731][DEBUG] # get_cache_info_common(img_url_for_hashing='https://k16stm.com/75873/6z7fl'', postfix='None', index=None)
[2026-06-10 23:30:28,213][feed_maker_util.py:757][DEBUG] # get_cache_file_path(path_prefix='img/black_haired_general_of_us_army', img_url_for_hashing='https://k16stm.com/75873/6z7fl', postfix='None', index=None, suffix=None)
[2026-06-10 23:30:28,213][feed_maker_util.py:731][DEBUG] # get_cache_info_common(img_url_for_hashing='https://k16stm.com/75873/6z7fl'', postfix='None', index=None)
[2026-06-10 23:30:28,213][feed_maker_util.py:749][DEBUG] # get_cache_url(url_prefix='https://terzeron.com/xml/img/black_haired_general_of_us_army', img_url_for_hashing='https://k16stm.com/75873/6z7fl', postfix=None, index=None, suffix='.webp')
[2026-06-10 23:30:28,213][feed_maker_util.py:731][DEBUG] # get_cache_info_common(img_url_for_hashing='https://k16stm.com/75873/6z7fl'', postfix='None', index=None)
[2026-06-10 23:30:28,213][feed_maker_util.py:757][DEBUG] # get_cache_file_path(path_prefix='img/black_haired_general_of_us_army', img_url_for_hashing='https://k16stm.com/75873/6z7fl', postfix='None', index=None, suffix=None)
[2026-06-10 23:30:28,213][feed_maker_util.py:731][DEBUG] # get_cache_info_common(img_url_for_hashing='https://k16stm.com/75873/6z7fl'', postfix='None', index=None)
[2026-06-10 23:30:28,213][feed_maker_util.py:749][DEBUG] # get_cache_url(url_prefix='https://terzeron.com/xml/img/black_haired_general_of_us_army', img_url_for_hashing='https://k16stm.com/75873/6z7fl', postfix=None, index=None, suffix='.webp')
[2026-06-10 23:30:28,213][feed_maker_util.py:731][DEBUG] # get_cache_info_common(img_url_for_hashing='https://k16stm.com/75873/6z7fl'', postfix='None', index=None)
[2026-06-10 23:30:28,214][feed_maker_util.py:757][DEBUG] # get_cache_file_path(path_prefix='img/black_haired_general_of_us_army', img_url_for_hashing='https://k16stm.com/75873/6z7fl', postfix='None', index=None, suffix=None)
[2026-06-10 23:30:28,214][feed_maker_util.py:731][DEBUG] # get_cache_info_common(img_url_for_hashing='https://k16stm.com/75873/6z7fl'', postfix='None', index=None)
[2026-06-10 23:30:28,214][feed_maker_util.py:749][DEBUG] # get_cache_url(url_prefix='https://terzeron.com/xml/img/black_haired_general_of_us_army', img_url_for_hashing='https://k16stm.com/75873/6z7fl', postfix=None, index=None, suffix='.webp')
[2026-06-10 23:30:28,214][feed_maker_util.py:731][DEBUG] # get_cache_info_common(img_url_for_hashing='https://k16stm.com/75873/6z7fl'', postfix='None', index=None)
[2026-06-10 23:30:28,214][feed_maker_util.py:757][DEBUG] # get_cache_file_path(path_prefix='img/black_haired_general_of_us_army', img_url_for_hashing='https://k16stm.com/75873/6z7fl', postfix='None', index=None, suffix=None)
[2026-06-10 23:30:28,214][feed_maker_util.py:731][DEBUG] # get_cache_info_common(img_url_for_hashing='https://k16stm.com/75873/6z7fl'', postfix='None', index=None)
[2026-06-10 23:30:28,214][feed_maker_util.py:749][DEBUG] # get_cache_url(url_prefix='https://terzeron.com/xml/img/black_haired_general_of_us_army', img_url_for_hashing='https://k16stm.com/75873/6z7fl', postfix=None, index=None, suffix='.webp')
[2026-06-10 23:30:28,214][feed_maker_util.py:731][DEBUG] # get_cache_info_common(img_url_for_hashing='https://k16stm.com/75873/6z7fl'', postfix='None', index=None)
[2026-06-10 23:30:28,214][feed_maker_util.py:757][DEBUG] # get_cache_file_path(path_prefix='img/black_haired_general_of_us_army', img_url_for_hashing='https://k16stm.com/75873/6z7fl', postfix='None', index=None, suffix=None)
[2026-06-10 23:30:28,214][feed_maker_util.py:731][DEBUG] # get_cache_info_common(img_url_for_hashing='https://k16stm.com/75873/6z7fl'', postfix='None', index=None)
[2026-06-10 23:30:28,214][feed_maker_util.py:749][DEBUG] # get_cache_url(url_prefix='https://terzeron.com/xml/img/black_haired_general_of_us_army', img_url_for_hashing='https://k16stm.com/75873/6z7fl', postfix=None, index=None, suffix='.webp')
[2026-06-10 23:30:28,214][feed_maker_util.py:731][DEBUG] # get_cache_info_common(img_url_for_hashing='https://k16stm.com/75873/6z7fl'', postfix='None', index=None)
[2026-06-10 23:30:28,214][feed_maker_util.py:757][DEBUG] # get_cache_file_path(path_prefix='img/black_haired_general_of_us_army', img_url_for_hashing='https://k16stm.com/75873/6z7fl', postfix='None', index=None, suffix=None)
[2026-06-10 23:30:28,214][feed_maker_util.py:731][DEBUG] # get_cache_info_common(img_url_for_hashing='https://k16stm.com/75873/6z7fl'', postfix='None', index=None)
[2026-06-10 23:30:28,214][feed_maker_util.py:749][DEBUG] # get_cache_url(url_prefix='https://terzeron.com/xml/img/black_haired_general_of_us_army', img_url_for_hashing='https://k16stm.com/75873/6z7fl', postfix=None, index=None, suffix='.webp')
[2026-06-10 23:30:28,214][feed_maker_util.py:731][DEBUG] # get_cache_info_common(img_url_for_hashing='https://k16stm.com/75873/6z7fl'', postfix='None', index=None)
[2026-06-10 23:30:28,214][feed_maker_util.py:757][DEBUG] # get_cache_file_path(path_prefix='img/black_haired_general_of_us_army', img_url_for_hashing='https://k16stm.com/75873/6z7fl', postfix='None', index=None, suffix=None)
[2026-06-10 23:30:28,214][feed_maker_util.py:731][DEBUG] # get_cache_info_common(img_url_for_hashing='https://k16stm.com/75873/6z7fl'', postfix='None', index=None)
[2026-06-10 23:30:28,215][feed_maker_util.py:749][DEBUG] # get_cache_url(url_prefix='https://terzeron.com/xml/img/black_haired_general_of_us_army', img_url_for_hashing='https://k16stm.com/75873/6z7fl', postfix=None, index=None, suffix='.webp')
[2026-06-10 23:30:28,215][feed_maker_util.py:731][DEBUG] # get_cache_info_common(img_url_for_hashing='https://k16stm.com/75873/6z7fl'', postfix='None', index=None)
[2026-06-10 23:30:28,215][feed_maker_util.py:757][DEBUG] # get_cache_file_path(path_prefix='img/black_haired_general_of_us_army', img_url_for_hashing='https://k16stm.com/75873/6z7fl', postfix='None', index=None, suffix=None)
[2026-06-10 23:30:28,215][feed_maker_util.py:731][DEBUG] # get_cache_info_common(img_url_for_hashing='https://k16stm.com/75873/6z7fl'', postfix='None', index=None)
[2026-06-10 23:30:28,215][feed_maker_util.py:749][DEBUG] # get_cache_url(url_prefix='https://terzeron.com/xml/img/black_haired_general_of_us_army', img_url_for_hashing='https://k16stm.com/75873/6z7fl', postfix=None, index=None, suffix='.webp')
[2026-06-10 23:30:28,215][feed_maker_util.py:731][DEBUG] # get_cache_info_common(img_url_for_hashing='https://k16stm.com/75873/6z7fl'', postfix='None', index=None)
[2026-06-10 23:30:28,215][feed_maker_util.py:757][DEBUG] # get_cache_file_path(path_prefix='img/black_haired_general_of_us_army', img_url_for_hashing='https://k16stm.com/75873/6z7fl', postfix='None', index=None, suffix=None)
[2026-06-10 23:30:28,215][feed_maker_util.py:731][DEBUG] # get_cache_info_common(img_url_for_hashing='https://k16stm.com/75873/6z7fl'', postfix='None', index=None)
[2026-06-10 23:30:28,215][feed_maker_util.py:749][DEBUG] # get_cache_url(url_prefix='https://terzeron.com/xml/img/black_haired_general_of_us_army', img_url_for_hashing='https://k16stm.com/75873/6z7fl', postfix=None, index=None, suffix='.webp')
[2026-06-10 23:30:28,215][feed_maker_util.py:731][DEBUG] # get_cache_info_common(img_url_for_hashing='https://k16stm.com/75873/6z7fl'', postfix='None', index=None)
[2026-06-10 23:30:28,215][feed_maker_util.py:757][DEBUG] # get_cache_file_path(path_prefix='img/black_haired_general_of_us_army', img_url_for_hashing='https://k16stm.com/75873/6z7fl', postfix='None', index=None, suffix=None)
[2026-06-10 23:30:28,215][feed_maker_util.py:731][DEBUG] # get_cache_info_common(img_url_for_hashing='https://k16stm.com/75873/6z7fl'', postfix='None', index=None)
[2026-06-10 23:30:28,215][feed_maker_util.py:749][DEBUG] # get_cache_url(url_prefix='https://terzeron.com/xml/img/black_haired_general_of_us_army', img_url_for_hashing='https://k16stm.com/75873/6z7fl', postfix=None, index=None, suffix='.webp')
[2026-06-10 23:30:28,215][feed_maker_util.py:731][DEBUG] # get_cache_info_common(img_url_for_hashing='https://k16stm.com/75873/6z7fl'', postfix='None', index=None)
[2026-06-10 23:30:28,215][feed_maker_util.py:757][DEBUG] # get_cache_file_path(path_prefix='img/black_haired_general_of_us_army', img_url_for_hashing='https://k16stm.com/75873/6z7fl', postfix='None', index=None, suffix=None)
[2026-06-10 23:30:28,215][feed_maker_util.py:731][DEBUG] # get_cache_info_common(img_url_for_hashing='https://k16stm.com/75873/6z7fl'', postfix='None', index=None)
[2026-06-10 23:30:28,215][feed_maker_util.py:749][DEBUG] # get_cache_url(url_prefix='https://terzeron.com/xml/img/black_haired_general_of_us_army', img_url_for_hashing='https://k16stm.com/75873/6z7fl', postfix=None, index=None, suffix='.webp')
[2026-06-10 23:30:28,216][feed_maker_util.py:731][DEBUG] # get_cache_info_common(img_url_for_hashing='https://k16stm.com/75873/6z7fl'', postfix='None', index=None)
[2026-06-10 23:30:28,216][feed_maker_util.py:757][DEBUG] # get_cache_file_path(path_prefix='img/black_haired_general_of_us_army', img_url_for_hashing='https://k16stm.com/75873/6z7fl', postfix='None', index=None, suffix=None)
[2026-06-10 23:30:28,216][feed_maker_util.py:731][DEBUG] # get_cache_info_common(img_url_for_hashing='https://k16stm.com/75873/6z7fl'', postfix='None', index=None)
[2026-06-10 23:30:28,216][feed_maker_util.py:749][DEBUG] # get_cache_url(url_prefix='https://terzeron.com/xml/img/black_haired_general_of_us_army', img_url_for_hashing='https://k16stm.com/75873/6z7fl', postfix=None, index=None, suffix='.webp')
[2026-06-10 23:30:28,216][feed_maker_util.py:731][DEBUG] # get_cache_info_common(img_url_for_hashing='https://k16stm.com/75873/6z7fl'', postfix='None', index=None)
[2026-06-10 23:30:28,216][feed_maker_util.py:757][DEBUG] # get_cache_file_path(path_prefix='img/black_haired_general_of_us_army', img_url_for_hashing='https://k16stm.com/75873/6z7fl', postfix='None', index=None, suffix=None)
[2026-06-10 23:30:28,216][feed_maker_util.py:731][DEBUG] # get_cache_info_common(img_url_for_hashing='https://k16stm.com/75873/6z7fl'', postfix='None', index=None)
[2026-06-10 23:30:28,216][feed_maker_util.py:749][DEBUG] # get_cache_url(url_prefix='https://terzeron.com/xml/img/black_haired_general_of_us_army', img_url_for_hashing='https://k16stm.com/75873/6z7fl', postfix=None, index=None, suffix='.webp')
[2026-06-10 23:30:28,216][feed_maker_util.py:731][DEBUG] # get_cache_info_common(img_url_for_hashing='https://k16stm.com/75873/6z7fl'', postfix='None', index=None)
[2026-06-10 23:30:28,216][feed_maker_util.py:757][DEBUG] # get_cache_file_path(path_prefix='img/black_haired_general_of_us_army', img_url_for_hashing='https://k16stm.com/75873/6z7fl', postfix='None', index=None, suffix=None)
[2026-06-10 23:30:28,216][feed_maker_util.py:731][DEBUG] # get_cache_info_common(img_url_for_hashing='https://k16stm.com/75873/6z7fl'', postfix='None', index=None)
[2026-06-10 23:30:28,216][feed_maker_util.py:749][DEBUG] # get_cache_url(url_prefix='https://terzeron.com/xml/img/black_haired_general_of_us_army', img_url_for_hashing='https://k16stm.com/75873/6z7fl', postfix=None, index=None, suffix='.webp')
[2026-06-10 23:30:28,216][feed_maker_util.py:731][DEBUG] # get_cache_info_common(img_url_for_hashing='https://k16stm.com/75873/6z7fl'', postfix='None', index=None)
[2026-06-10 23:30:28,216][feed_maker_util.py:757][DEBUG] # get_cache_file_path(path_prefix='img/black_haired_general_of_us_army', img_url_for_hashing='https://k16stm.com/75873/6z7fl', postfix='None', index=None, suffix=None)
[2026-06-10 23:30:28,216][feed_maker_util.py:731][DEBUG] # get_cache_info_common(img_url_for_hashing='https://k16stm.com/75873/6z7fl'', postfix='None', index=None)
[2026-06-10 23:30:28,216][feed_maker_util.py:749][DEBUG] # get_cache_url(url_prefix='https://terzeron.com/xml/img/black_haired_general_of_us_army', img_url_for_hashing='https://k16stm.com/75873/6z7fl', postfix=None, index=None, suffix='.webp')
[2026-06-10 23:30:28,216][feed_maker_util.py:731][DEBUG] # get_cache_info_common(img_url_for_hashing='https://k16stm.com/75873/6z7fl'', postfix='None', index=None)
[2026-06-10 23:30:28,216][feed_maker_util.py:757][DEBUG] # get_cache_file_path(path_prefix='img/black_haired_general_of_us_army', img_url_for_hashing='https://k16stm.com/75873/6z7fl', postfix='None', index=None, suffix=None)
[2026-06-10 23:30:28,216][feed_maker_util.py:731][DEBUG] # get_cache_info_common(img_url_for_hashing='https://k16stm.com/75873/6z7fl'', postfix='None', index=None)
[2026-06-10 23:30:28,217][feed_maker_util.py:749][DEBUG] # get_cache_url(url_prefix='https://terzeron.com/xml/img/black_haired_general_of_us_army', img_url_for_hashing='https://k16stm.com/75873/6z7fl', postfix=None, index=None, suffix='.webp')
[2026-06-10 23:30:28,217][feed_maker_util.py:731][DEBUG] # get_cache_info_common(img_url_for_hashing='https://k16stm.com/75873/6z7fl'', postfix='None', index=None)
[2026-06-10 23:30:28,217][feed_maker_util.py:757][DEBUG] # get_cache_file_path(path_prefix='img/black_haired_general_of_us_army', img_url_for_hashing='https://k16stm.com/75873/6z7fl', postfix='None', index=None, suffix=None)
[2026-06-10 23:30:28,217][feed_maker_util.py:731][DEBUG] # get_cache_info_common(img_url_for_hashing='https://k16stm.com/75873/6z7fl'', postfix='None', index=None)
[2026-06-10 23:30:28,217][feed_maker_util.py:749][DEBUG] # get_cache_url(url_prefix='https://terzeron.com/xml/img/black_haired_general_of_us_army', img_url_for_hashing='https://k16stm.com/75873/6z7fl', postfix=None, index=None, suffix='.webp')
[2026-06-10 23:30:28,217][feed_maker_util.py:731][DEBUG] # get_cache_info_common(img_url_for_hashing='https://k16stm.com/75873/6z7fl'', postfix='None', index=None)
[2026-06-10 23:30:28,217][feed_maker_util.py:757][DEBUG] # get_cache_file_path(path_prefix='img/black_haired_general_of_us_army', img_url_for_hashing='https://k16stm.com/75873/6z7fl', postfix='None', index=None, suffix=None)
[2026-06-10 23:30:28,217][feed_maker_util.py:731][DEBUG] # get_cache_info_common(img_url_for_hashing='https://k16stm.com/75873/6z7fl'', postfix='None', index=None)
[2026-06-10 23:30:28,217][feed_maker_util.py:749][DEBUG] # get_cache_url(url_prefix='https://terzeron.com/xml/img/black_haired_general_of_us_army', img_url_for_hashing='https://k16stm.com/75873/6z7fl', postfix=None, index=None, suffix='.webp')
[2026-06-10 23:30:28,217][feed_maker_util.py:731][DEBUG] # get_cache_info_common(img_url_for_hashing='https://k16stm.com/75873/6z7fl'', postfix='None', index=None)
[2026-06-10 23:30:28,217][feed_maker_util.py:757][DEBUG] # get_cache_file_path(path_prefix='img/black_haired_general_of_us_army', img_url_for_hashing='https://k16stm.com/75873/6z7fl', postfix='None', index=None, suffix=None)
[2026-06-10 23:30:28,217][feed_maker_util.py:731][DEBUG] # get_cache_info_common(img_url_for_hashing='https://k16stm.com/75873/6z7fl'', postfix='None', index=None)
[2026-06-10 23:30:28,217][feed_maker_util.py:749][DEBUG] # get_cache_url(url_prefix='https://terzeron.com/xml/img/black_haired_general_of_us_army', img_url_for_hashing='https://k16stm.com/75873/6z7fl', postfix=None, index=None, suffix='.webp')
[2026-06-10 23:30:28,217][feed_maker_util.py:731][DEBUG] # get_cache_info_common(img_url_for_hashing='https://k16stm.com/75873/6z7fl'', postfix='None', index=None)
[2026-06-10 23:30:28,217][feed_maker_util.py:757][DEBUG] # get_cache_file_path(path_prefix='img/black_haired_general_of_us_army', img_url_for_hashing='https://k16stm.com/75873/6z7fl', postfix='None', index=None, suffix=None)
[2026-06-10 23:30:28,217][feed_maker_util.py:731][DEBUG] # get_cache_info_common(img_url_for_hashing='https://k16stm.com/75873/6z7fl'', postfix='None', index=None)
[2026-06-10 23:30:28,217][feed_maker_util.py:749][DEBUG] # get_cache_url(url_prefix='https://terzeron.com/xml/img/black_haired_general_of_us_army', img_url_for_hashing='https://k16stm.com/75873/6z7fl', postfix=None, index=None, suffix='.webp')
[2026-06-10 23:30:28,218][feed_maker_util.py:731][DEBUG] # get_cache_info_common(img_url_for_hashing='https://k16stm.com/75873/6z7fl'', postfix='None', index=None)
[2026-06-10 23:30:28,218][feed_maker_util.py:757][DEBUG] # get_cache_file_path(path_prefix='img/black_haired_general_of_us_army', img_url_for_hashing='https://k16stm.com/75873/6z7fl', postfix='None', index=None, suffix=None)
[2026-06-10 23:30:28,218][feed_maker_util.py:731][DEBUG] # get_cache_info_common(img_url_for_hashing='https://k16stm.com/75873/6z7fl'', postfix='None', index=None)
[2026-06-10 23:30:28,218][feed_maker_util.py:749][DEBUG] # get_cache_url(url_prefix='https://terzeron.com/xml/img/black_haired_general_of_us_army', img_url_for_hashing='https://k16stm.com/75873/6z7fl', postfix=None, index=None, suffix='.webp')
[2026-06-10 23:30:28,218][feed_maker_util.py:731][DEBUG] # get_cache_info_common(img_url_for_hashing='https://k16stm.com/75873/6z7fl'', postfix='None', index=None)
[2026-06-10 23:30:28,218][feed_maker_util.py:757][DEBUG] # get_cache_file_path(path_prefix='img/black_haired_general_of_us_army', img_url_for_hashing='https://k16stm.com/75873/6z7fl', postfix='None', index=None, suffix=None)
[2026-06-10 23:30:28,218][feed_maker_util.py:731][DEBUG] # get_cache_info_common(img_url_for_hashing='https://k16stm.com/75873/6z7fl'', postfix='None', index=None)
[2026-06-10 23:30:28,218][feed_maker_util.py:749][DEBUG] # get_cache_url(url_prefix='https://terzeron.com/xml/img/black_haired_general_of_us_army', img_url_for_hashing='https://k16stm.com/75873/6z7fl', postfix=None, index=None, suffix='.webp')
[2026-06-10 23:30:28,218][feed_maker_util.py:731][DEBUG] # get_cache_info_common(img_url_for_hashing='https://k16stm.com/75873/6z7fl'', postfix='None', index=None)
[2026-06-10 23:30:28,218][feed_maker_util.py:757][DEBUG] # get_cache_file_path(path_prefix='img/black_haired_general_of_us_army', img_url_for_hashing='https://k16stm.com/75873/6z7fl', postfix='None', index=None, suffix=None)
[2026-06-10 23:30:28,218][feed_maker_util.py:731][DEBUG] # get_cache_info_common(img_url_for_hashing='https://k16stm.com/75873/6z7fl'', postfix='None', index=None)
[2026-06-10 23:30:28,218][feed_maker_util.py:749][DEBUG] # get_cache_url(url_prefix='https://terzeron.com/xml/img/black_haired_general_of_us_army', img_url_for_hashing='https://k16stm.com/75873/6z7fl', postfix=None, index=None, suffix='.webp')
[2026-06-10 23:30:28,218][feed_maker_util.py:731][DEBUG] # get_cache_info_common(img_url_for_hashing='https://k16stm.com/75873/6z7fl'', postfix='None', index=None)
[2026-06-10 23:30:28,218][feed_maker_util.py:757][DEBUG] # get_cache_file_path(path_prefix='img/black_haired_general_of_us_army', img_url_for_hashing='https://k16stm.com/75873/6z7fl', postfix='None', index=None, suffix=None)
[2026-06-10 23:30:28,218][feed_maker_util.py:731][DEBUG] # get_cache_info_common(img_url_for_hashing='https://k16stm.com/75873/6z7fl'', postfix='None', index=None)
[2026-06-10 23:30:28,218][feed_maker_util.py:749][DEBUG] # get_cache_url(url_prefix='https://terzeron.com/xml/img/black_haired_general_of_us_army', img_url_for_hashing='https://k16stm.com/75873/6z7fl', postfix=None, index=None, suffix='.webp')
[2026-06-10 23:30:28,218][feed_maker_util.py:731][DEBUG] # get_cache_info_common(img_url_for_hashing='https://k16stm.com/75873/6z7fl'', postfix='None', index=None)
[2026-06-10 23:30:28,218][feed_maker_util.py:757][DEBUG] # get_cache_file_path(path_prefix='img/black_haired_general_of_us_army', img_url_for_hashing='https://k16stm.com/75873/6z7fl', postfix='None', index=None, suffix=None)
[2026-06-10 23:30:28,218][feed_maker_util.py:731][DEBUG] # get_cache_info_common(img_url_for_hashing='https://k16stm.com/75873/6z7fl'', postfix='None', index=None)
[2026-06-10 23:30:28,219][feed_maker_util.py:749][DEBUG] # get_cache_url(url_prefix='https://terzeron.com/xml/img/black_haired_general_of_us_army', img_url_for_hashing='https://k16stm.com/75873/6z7fl', postfix=None, index=None, suffix='.webp')
[2026-06-10 23:30:28,219][feed_maker_util.py:731][DEBUG] # get_cache_info_common(img_url_for_hashing='https://k16stm.com/75873/6z7fl'', postfix='None', index=None)
[2026-06-10 23:30:28,219][feed_maker_util.py:757][DEBUG] # get_cache_file_path(path_prefix='img/black_haired_general_of_us_army', img_url_for_hashing='https://k16stm.com/75873/6z7fl', postfix='None', index=None, suffix=None)
[2026-06-10 23:30:28,219][feed_maker_util.py:731][DEBUG] # get_cache_info_common(img_url_for_hashing='https://k16stm.com/75873/6z7fl'', postfix='None', index=None)
[2026-06-10 23:30:28,219][feed_maker_util.py:749][DEBUG] # get_cache_url(url_prefix='https://terzeron.com/xml/img/black_haired_general_of_us_army', img_url_for_hashing='https://k16stm.com/75873/6z7fl', postfix=None, index=None, suffix='.webp')
[2026-06-10 23:30:28,219][feed_maker_util.py:731][DEBUG] # get_cache_info_common(img_url_for_hashing='https://k16stm.com/75873/6z7fl'', postfix='None', index=None)
[2026-06-10 23:30:28,219][feed_maker_util.py:757][DEBUG] # get_cache_file_path(path_prefix='img/black_haired_general_of_us_army', img_url_for_hashing='https://k16stm.com/75873/6z7fl', postfix='None', index=None, suffix=None)
[2026-06-10 23:30:28,219][feed_maker_util.py:731][DEBUG] # get_cache_info_common(img_url_for_hashing='https://k16stm.com/75873/6z7fl'', postfix='None', index=None)
[2026-06-10 23:30:28,219][feed_maker_util.py:749][DEBUG] # get_cache_url(url_prefix='https://terzeron.com/xml/img/black_haired_general_of_us_army', img_url_for_hashing='https://k16stm.com/75873/6z7fl', postfix=None, index=None, suffix='.webp')
[2026-06-10 23:30:28,219][feed_maker_util.py:731][DEBUG] # get_cache_info_common(img_url_for_hashing='https://k16stm.com/75873/6z7fl'', postfix='None', index=None)
[2026-06-10 23:30:28,219][feed_maker_util.py:757][DEBUG] # get_cache_file_path(path_prefix='img/black_haired_general_of_us_army', img_url_for_hashing='https://k16stm.com/75873/6z7fl', postfix='None', index=None, suffix=None)
[2026-06-10 23:30:28,219][feed_maker_util.py:731][DEBUG] # get_cache_info_common(img_url_for_hashing='https://k16stm.com/75873/6z7fl'', postfix='None', index=None)
[2026-06-10 23:30:28,219][feed_maker_util.py:749][DEBUG] # get_cache_url(url_prefix='https://terzeron.com/xml/img/black_haired_general_of_us_army', img_url_for_hashing='https://k16stm.com/75873/6z7fl', postfix=None, index=None, suffix='.webp')
[2026-06-10 23:30:28,219][feed_maker_util.py:731][DEBUG] # get_cache_info_common(img_url_for_hashing='https://k16stm.com/75873/6z7fl'', postfix='None', index=None)
[2026-06-10 23:30:28,219][feed_maker_util.py:757][DEBUG] # get_cache_file_path(path_prefix='img/black_haired_general_of_us_army', img_url_for_hashing='https://k16stm.com/75873/6z7fl', postfix='None', index=None, suffix=None)
[2026-06-10 23:30:28,219][feed_maker_util.py:731][DEBUG] # get_cache_info_common(img_url_for_hashing='https://k16stm.com/75873/6z7fl'', postfix='None', index=None)
[2026-06-10 23:30:28,219][feed_maker_util.py:749][DEBUG] # get_cache_url(url_prefix='https://terzeron.com/xml/img/black_haired_general_of_us_army', img_url_for_hashing='https://k16stm.com/75873/6z7fl', postfix=None, index=None, suffix='.webp')
[2026-06-10 23:30:28,220][feed_maker_util.py:731][DEBUG] # get_cache_info_common(img_url_for_hashing='https://k16stm.com/75873/6z7fl'', postfix='None', index=None)
[2026-06-10 23:30:28,220][feed_maker_util.py:757][DEBUG] # get_cache_file_path(path_prefix='img/black_haired_general_of_us_army', img_url_for_hashing='https://k16stm.com/75873/6z7fl', postfix='None', index=None, suffix=None)
[2026-06-10 23:30:28,220][feed_maker_util.py:731][DEBUG] # get_cache_info_common(img_url_for_hashing='https://k16stm.com/75873/6z7fl'', postfix='None', index=None)
[2026-06-10 23:30:28,220][feed_maker_util.py:749][DEBUG] # get_cache_url(url_prefix='https://terzeron.com/xml/img/black_haired_general_of_us_army', img_url_for_hashing='https://k16stm.com/75873/6z7fl', postfix=None, index=None, suffix='.webp')
[2026-06-10 23:30:28,220][feed_maker_util.py:731][DEBUG] # get_cache_info_common(img_url_for_hashing='https://k16stm.com/75873/6z7fl'', postfix='None', index=None)
[2026-06-10 23:30:28,220][feed_maker_util.py:757][DEBUG] # get_cache_file_path(path_prefix='img/black_haired_general_of_us_army', img_url_for_hashing='https://k16stm.com/75873/6z7fl', postfix='None', index=None, suffix=None)
[2026-06-10 23:30:28,220][feed_maker_util.py:731][DEBUG] # get_cache_info_common(img_url_for_hashing='https://k16stm.com/75873/6z7fl'', postfix='None', index=None)
[2026-06-10 23:30:28,220][feed_maker_util.py:749][DEBUG] # get_cache_url(url_prefix='https://terzeron.com/xml/img/black_haired_general_of_us_army', img_url_for_hashing='https://k16stm.com/75873/6z7fl', postfix=None, index=None, suffix='.webp')
[2026-06-10 23:30:28,220][feed_maker_util.py:731][DEBUG] # get_cache_info_common(img_url_for_hashing='https://k16stm.com/75873/6z7fl'', postfix='None', index=None)
[2026-06-10 23:30:28,220][feed_maker_util.py:757][DEBUG] # get_cache_file_path(path_prefix='img/black_haired_general_of_us_army', img_url_for_hashing='https://k16stm.com/75873/6z7fl', postfix='None', index=None, suffix=None)
[2026-06-10 23:30:28,220][feed_maker_util.py:731][DEBUG] # get_cache_info_common(img_url_for_hashing='https://k16stm.com/75873/6z7fl'', postfix='None', index=None)
[2026-06-10 23:30:28,220][feed_maker_util.py:749][DEBUG] # get_cache_url(url_prefix='https://terzeron.com/xml/img/black_haired_general_of_us_army', img_url_for_hashing='https://k16stm.com/75873/6z7fl', postfix=None, index=None, suffix='.webp')
[2026-06-10 23:30:28,220][feed_maker_util.py:731][DEBUG] # get_cache_info_common(img_url_for_hashing='https://k16stm.com/75873/6z7fl'', postfix='None', index=None)
[2026-06-10 23:30:28,220][feed_maker_util.py:757][DEBUG] # get_cache_file_path(path_prefix='img/black_haired_general_of_us_army', img_url_for_hashing='https://k16stm.com/75873/6z7fl', postfix='None', index=None, suffix=None)
[2026-06-10 23:30:28,220][feed_maker_util.py:731][DEBUG] # get_cache_info_common(img_url_for_hashing='https://k16stm.com/75873/6z7fl'', postfix='None', index=None)
[2026-06-10 23:30:28,220][feed_maker_util.py:749][DEBUG] # get_cache_url(url_prefix='https://terzeron.com/xml/img/black_haired_general_of_us_army', img_url_for_hashing='https://k16stm.com/75873/6z7fl', postfix=None, index=None, suffix='.webp')
[2026-06-10 23:30:28,220][feed_maker_util.py:731][DEBUG] # get_cache_info_common(img_url_for_hashing='https://k16stm.com/75873/6z7fl'', postfix='None', index=None)
[2026-06-10 23:30:28,220][feed_maker_util.py:757][DEBUG] # get_cache_file_path(path_prefix='img/black_haired_general_of_us_army', img_url_for_hashing='https://k16stm.com/75873/6z7fl', postfix='None', index=None, suffix=None)
[2026-06-10 23:30:28,220][feed_maker_util.py:731][DEBUG] # get_cache_info_common(img_url_for_hashing='https://k16stm.com/75873/6z7fl'', postfix='None', index=None)
[2026-06-10 23:30:28,221][feed_maker_util.py:749][DEBUG] # get_cache_url(url_prefix='https://terzeron.com/xml/img/black_haired_general_of_us_army', img_url_for_hashing='https://k16stm.com/75873/6z7fl', postfix=None, index=None, suffix='.webp')
[2026-06-10 23:30:28,221][feed_maker_util.py:731][DEBUG] # get_cache_info_common(img_url_for_hashing='https://k16stm.com/75873/6z7fl'', postfix='None', index=None)
[2026-06-10 23:30:28,221][feed_maker_util.py:757][DEBUG] # get_cache_file_path(path_prefix='img/black_haired_general_of_us_army', img_url_for_hashing='https://k16stm.com/75873/6z7fl', postfix='None', index=None, suffix=None)
[2026-06-10 23:30:28,221][feed_maker_util.py:731][DEBUG] # get_cache_info_common(img_url_for_hashing='https://k16stm.com/75873/6z7fl'', postfix='None', index=None)
[2026-06-10 23:30:28,221][feed_maker_util.py:749][DEBUG] # get_cache_url(url_prefix='https://terzeron.com/xml/img/black_haired_general_of_us_army', img_url_for_hashing='https://k16stm.com/75873/6z7fl', postfix=None, index=None, suffix='.webp')
[2026-06-10 23:30:28,221][feed_maker_util.py:731][DEBUG] # get_cache_info_common(img_url_for_hashing='https://k16stm.com/75873/6z7fl'', postfix='None', index=None)
[2026-06-10 23:30:28,221][feed_maker_util.py:757][DEBUG] # get_cache_file_path(path_prefix='img/black_haired_general_of_us_army', img_url_for_hashing='https://k16stm.com/75873/6z7fl', postfix='None', index=None, suffix=None)
[2026-06-10 23:30:28,221][feed_maker_util.py:731][DEBUG] # get_cache_info_common(img_url_for_hashing='https://k16stm.com/75873/6z7fl'', postfix='None', index=None)
[2026-06-10 23:30:28,221][feed_maker_util.py:749][DEBUG] # get_cache_url(url_prefix='https://terzeron.com/xml/img/black_haired_general_of_us_army', img_url_for_hashing='https://k16stm.com/75873/6z7fl', postfix=None, index=None, suffix='.webp')
[2026-06-10 23:30:28,221][feed_maker_util.py:731][DEBUG] # get_cache_info_common(img_url_for_hashing='https://k16stm.com/75873/6z7fl'', postfix='None', index=None)
[2026-06-10 23:30:28,221][feed_maker_util.py:757][DEBUG] # get_cache_file_path(path_prefix='img/black_haired_general_of_us_army', img_url_for_hashing='https://k16stm.com/75873/6z7fl', postfix='None', index=None, suffix=None)
[2026-06-10 23:30:28,221][feed_maker_util.py:731][DEBUG] # get_cache_info_common(img_url_for_hashing='https://k16stm.com/75873/6z7fl'', postfix='None', index=None)
[2026-06-10 23:30:28,221][feed_maker_util.py:749][DEBUG] # get_cache_url(url_prefix='https://terzeron.com/xml/img/black_haired_general_of_us_army', img_url_for_hashing='https://k16stm.com/75873/6z7fl', postfix=None, index=None, suffix='.webp')
[2026-06-10 23:30:28,221][feed_maker_util.py:731][DEBUG] # get_cache_info_common(img_url_for_hashing='https://k16stm.com/75873/6z7fl'', postfix='None', index=None)
[2026-06-10 23:30:28,221][feed_maker_util.py:757][DEBUG] # get_cache_file_path(path_prefix='img/black_haired_general_of_us_army', img_url_for_hashing='https://k16stm.com/75873/6z7fl', postfix='None', index=None, suffix=None)
[2026-06-10 23:30:28,221][feed_maker_util.py:731][DEBUG] # get_cache_info_common(img_url_for_hashing='https://k16stm.com/75873/6z7fl'', postfix='None', index=None)
[2026-06-10 23:30:28,222][feed_maker_util.py:749][DEBUG] # get_cache_url(url_prefix='https://terzeron.com/xml/img/black_haired_general_of_us_army', img_url_for_hashing='https://k16stm.com/75873/6z7fl', postfix=None, index=None, suffix='.webp')
[2026-06-10 23:30:28,222][feed_maker_util.py:731][DEBUG] # get_cache_info_common(img_url_for_hashing='https://k16stm.com/75873/6z7fl'', postfix='None', index=None)
[2026-06-10 23:30:28,222][feed_maker_util.py:757][DEBUG] # get_cache_file_path(path_prefix='img/black_haired_general_of_us_army', img_url_for_hashing='https://k16stm.com/75873/6z7fl', postfix='None', index=None, suffix=None)
[2026-06-10 23:30:28,222][feed_maker_util.py:731][DEBUG] # get_cache_info_common(img_url_for_hashing='https://k16stm.com/75873/6z7fl'', postfix='None', index=None)
[2026-06-10 23:30:28,222][feed_maker_util.py:749][DEBUG] # get_cache_url(url_prefix='https://terzeron.com/xml/img/black_haired_general_of_us_army', img_url_for_hashing='https://k16stm.com/75873/6z7fl', postfix=None, index=None, suffix='.webp')
[2026-06-10 23:30:28,222][feed_maker_util.py:731][DEBUG] # get_cache_info_common(img_url_for_hashing='https://k16stm.com/75873/6z7fl'', postfix='None', index=None)
[2026-06-10 23:30:28,222][feed_maker_util.py:757][DEBUG] # get_cache_file_path(path_prefix='img/black_haired_general_of_us_army', img_url_for_hashing='https://k16stm.com/75873/6z7fl', postfix='None', index=None, suffix=None)
[2026-06-10 23:30:28,222][feed_maker_util.py:731][DEBUG] # get_cache_info_common(img_url_for_hashing='https://k16stm.com/75873/6z7fl'', postfix='None', index=None)
[2026-06-10 23:30:28,222][feed_maker_util.py:749][DEBUG] # get_cache_url(url_prefix='https://terzeron.com/xml/img/black_haired_general_of_us_army', img_url_for_hashing='https://k16stm.com/75873/6z7fl', postfix=None, index=None, suffix='.webp')
[2026-06-10 23:30:28,222][feed_maker_util.py:731][DEBUG] # get_cache_info_common(img_url_for_hashing='https://k16stm.com/75873/6z7fl'', postfix='None', index=None)
[2026-06-10 23:30:28,222][feed_maker_util.py:757][DEBUG] # get_cache_file_path(path_prefix='img/black_haired_general_of_us_army', img_url_for_hashing='https://k16stm.com/75873/6z7fl', postfix='None', index=None, suffix=None)
[2026-06-10 23:30:28,222][feed_maker_util.py:731][DEBUG] # get_cache_info_common(img_url_for_hashing='https://k16stm.com/75873/6z7fl'', postfix='None', index=None)
[2026-06-10 23:30:28,222][feed_maker_util.py:749][DEBUG] # get_cache_url(url_prefix='https://terzeron.com/xml/img/black_haired_general_of_us_army', img_url_for_hashing='https://k16stm.com/75873/6z7fl', postfix=None, index=None, suffix='.webp')
[2026-06-10 23:30:28,222][feed_maker_util.py:731][DEBUG] # get_cache_info_common(img_url_for_hashing='https://k16stm.com/75873/6z7fl'', postfix='None', index=None)
[2026-06-10 23:30:28,222][feed_maker_util.py:757][DEBUG] # get_cache_file_path(path_prefix='img/black_haired_general_of_us_army', img_url_for_hashing='https://k16stm.com/75873/6z7fl', postfix='None', index=None, suffix=None)
[2026-06-10 23:30:28,222][feed_maker_util.py:731][DEBUG] # get_cache_info_common(img_url_for_hashing='https://k16stm.com/75873/6z7fl'', postfix='None', index=None)
[2026-06-10 23:30:28,223][feed_maker_util.py:749][DEBUG] # get_cache_url(url_prefix='https://terzeron.com/xml/img/black_haired_general_of_us_army', img_url_for_hashing='https://k16stm.com/75873/6z7fl', postfix=None, index=None, suffix='.webp')
[2026-06-10 23:30:28,223][feed_maker_util.py:731][DEBUG] # get_cache_info_common(img_url_for_hashing='https://k16stm.com/75873/6z7fl'', postfix='None', index=None)
[2026-06-10 23:30:28,223][feed_maker_util.py:757][DEBUG] # get_cache_file_path(path_prefix='img/black_haired_general_of_us_army', img_url_for_hashing='https://k16stm.com/75873/6z7fl', postfix='None', index=None, suffix=None)
[2026-06-10 23:30:28,223][feed_maker_util.py:731][DEBUG] # get_cache_info_common(img_url_for_hashing='https://k16stm.com/75873/6z7fl'', postfix='None', index=None)
[2026-06-10 23:30:28,223][feed_maker_util.py:749][DEBUG] # get_cache_url(url_prefix='https://terzeron.com/xml/img/black_haired_general_of_us_army', img_url_for_hashing='https://k16stm.com/75873/6z7fl', postfix=None, index=None, suffix='.webp')
[2026-06-10 23:30:28,223][feed_maker_util.py:731][DEBUG] # get_cache_info_common(img_url_for_hashing='https://k16stm.com/75873/6z7fl'', postfix='None', index=None)
[2026-06-10 23:30:28,223][feed_maker_util.py:757][DEBUG] # get_cache_file_path(path_prefix='img/black_haired_general_of_us_army', img_url_for_hashing='https://k16stm.com/75873/6z7fl', postfix='None', index=None, suffix=None)
[2026-06-10 23:30:28,223][feed_maker_util.py:731][DEBUG] # get_cache_info_common(img_url_for_hashing='https://k16stm.com/75873/6z7fl'', postfix='None', index=None)
[2026-06-10 23:30:28,223][feed_maker_util.py:749][DEBUG] # get_cache_url(url_prefix='https://terzeron.com/xml/img/black_haired_general_of_us_army', img_url_for_hashing='https://k16stm.com/75873/6z7fl', postfix=None, index=None, suffix='.webp')
[2026-06-10 23:30:28,223][feed_maker_util.py:731][DEBUG] # get_cache_info_common(img_url_for_hashing='https://k16stm.com/75873/6z7fl'', postfix='None', index=None)
[2026-06-10 23:30:28,223][feed_maker_util.py:757][DEBUG] # get_cache_file_path(path_prefix='img/black_haired_general_of_us_army', img_url_for_hashing='https://k16stm.com/75873/6z7fl', postfix='None', index=None, suffix=None)
[2026-06-10 23:30:28,223][feed_maker_util.py:731][DEBUG] # get_cache_info_common(img_url_for_hashing='https://k16stm.com/75873/6z7fl'', postfix='None', index=None)
[2026-06-10 23:30:28,223][feed_maker_util.py:749][DEBUG] # get_cache_url(url_prefix='https://terzeron.com/xml/img/black_haired_general_of_us_army', img_url_for_hashing='https://k16stm.com/75873/6z7fl', postfix=None, index=None, suffix='.webp')
[2026-06-10 23:30:28,223][feed_maker_util.py:731][DEBUG] # get_cache_info_common(img_url_for_hashing='https://k16stm.com/75873/6z7fl'', postfix='None', index=None)
[2026-06-10 23:30:28,223][feed_maker_util.py:757][DEBUG] # get_cache_file_path(path_prefix='img/black_haired_general_of_us_army', img_url_for_hashing='https://k16stm.com/75873/6z7fl', postfix='None', index=None, suffix=None)
[2026-06-10 23:30:28,223][feed_maker_util.py:731][DEBUG] # get_cache_info_common(img_url_for_hashing='https://k16stm.com/75873/6z7fl'', postfix='None', index=None)
[2026-06-10 23:30:28,224][feed_maker_util.py:749][DEBUG] # get_cache_url(url_prefix='https://terzeron.com/xml/img/black_haired_general_of_us_army', img_url_for_hashing='https://k16stm.com/75873/6z7fl', postfix=None, index=None, suffix='.webp')
[2026-06-10 23:30:28,224][feed_maker_util.py:731][DEBUG] # get_cache_info_common(img_url_for_hashing='https://k16stm.com/75873/6z7fl'', postfix='None', index=None)
[2026-06-10 23:30:28,224][feed_maker_util.py:757][DEBUG] # get_cache_file_path(path_prefix='img/black_haired_general_of_us_army', img_url_for_hashing='https://k16stm.com/75873/6z7fl', postfix='None', index=None, suffix=None)
[2026-06-10 23:30:28,224][feed_maker_util.py:731][DEBUG] # get_cache_info_common(img_url_for_hashing='https://k16stm.com/75873/6z7fl'', postfix='None', index=None)
[2026-06-10 23:30:28,224][feed_maker_util.py:749][DEBUG] # get_cache_url(url_prefix='https://terzeron.com/xml/img/black_haired_general_of_us_army', img_url_for_hashing='https://k16stm.com/75873/6z7fl', postfix=None, index=None, suffix='.webp')
[2026-06-10 23:30:28,224][feed_maker_util.py:731][DEBUG] # get_cache_info_common(img_url_for_hashing='https://k16stm.com/75873/6z7fl'', postfix='None', index=None)
[2026-06-10 23:30:28,224][feed_maker_util.py:757][DEBUG] # get_cache_file_path(path_prefix='img/black_haired_general_of_us_army', img_url_for_hashing='https://k16stm.com/75873/6z7fl', postfix='None', index=None, suffix=None)
[2026-06-10 23:30:28,224][feed_maker_util.py:731][DEBUG] # get_cache_info_common(img_url_for_hashing='https://k16stm.com/75873/6z7fl'', postfix='None', index=None)
[2026-06-10 23:30:28,224][feed_maker_util.py:749][DEBUG] # get_cache_url(url_prefix='https://terzeron.com/xml/img/black_haired_general_of_us_army', img_url_for_hashing='https://k16stm.com/75873/6z7fl', postfix=None, index=None, suffix='.webp')
[2026-06-10 23:30:28,224][feed_maker_util.py:731][DEBUG] # get_cache_info_common(img_url_for_hashing='https://k16stm.com/75873/6z7fl'', postfix='None', index=None)
[2026-06-10 23:30:28,224][feed_maker_util.py:757][DEBUG] # get_cache_file_path(path_prefix='img/black_haired_general_of_us_army', img_url_for_hashing='https://k16stm.com/75873/6z7fl', postfix='None', index=None, suffix=None)
[2026-06-10 23:30:28,224][feed_maker_util.py:731][DEBUG] # get_cache_info_common(img_url_for_hashing='https://k16stm.com/75873/6z7fl'', postfix='None', index=None)
[2026-06-10 23:30:28,224][feed_maker_util.py:749][DEBUG] # get_cache_url(url_prefix='https://terzeron.com/xml/img/black_haired_general_of_us_army', img_url_for_hashing='https://k16stm.com/75873/6z7fl', postfix=None, index=None, suffix='.webp')
[2026-06-10 23:30:28,224][feed_maker_util.py:731][DEBUG] # get_cache_info_common(img_url_for_hashing='https://k16stm.com/75873/6z7fl'', postfix='None', index=None)
[2026-06-10 23:30:28,224][feed_maker_util.py:757][DEBUG] # get_cache_file_path(path_prefix='img/black_haired_general_of_us_army', img_url_for_hashing='https://k16stm.com/75873/6z7fl', postfix='None', index=None, suffix=None)
[2026-06-10 23:30:28,224][feed_maker_util.py:731][DEBUG] # get_cache_info_common(img_url_for_hashing='https://k16stm.com/75873/6z7fl'', postfix='None', index=None)
[2026-06-10 23:30:28,224][feed_maker_util.py:749][DEBUG] # get_cache_url(url_prefix='https://terzeron.com/xml/img/black_haired_general_of_us_army', img_url_for_hashing='https://k16stm.com/75873/6z7fl', postfix=None, index=None, suffix='.webp')
[2026-06-10 23:30:28,224][feed_maker_util.py:731][DEBUG] # get_cache_info_common(img_url_for_hashing='https://k16stm.com/75873/6z7fl'', postfix='None', index=None)
[2026-06-10 23:30:28,224][feed_maker_util.py:757][DEBUG] # get_cache_file_path(path_prefix='img/black_haired_general_of_us_army', img_url_for_hashing='https://k16stm.com/75873/6z7fl', postfix='None', index=None, suffix=None)
[2026-06-10 23:30:28,224][feed_maker_util.py:731][DEBUG] # get_cache_info_common(img_url_for_hashing='https://k16stm.com/75873/6z7fl'', postfix='None', index=None)
[2026-06-10 23:30:28,225][feed_maker_util.py:749][DEBUG] # get_cache_url(url_prefix='https://terzeron.com/xml/img/black_haired_general_of_us_army', img_url_for_hashing='https://k16stm.com/75873/6z7fl', postfix=None, index=None, suffix='.webp')
[2026-06-10 23:30:28,225][feed_maker_util.py:731][DEBUG] # get_cache_info_common(img_url_for_hashing='https://k16stm.com/75873/6z7fl'', postfix='None', index=None)
[2026-06-10 23:30:28,225][feed_maker_util.py:757][DEBUG] # get_cache_file_path(path_prefix='img/black_haired_general_of_us_army', img_url_for_hashing='https://k16stm.com/75873/6z7fl', postfix='None', index=None, suffix=None)
[2026-06-10 23:30:28,225][feed_maker_util.py:731][DEBUG] # get_cache_info_common(img_url_for_hashing='https://k16stm.com/75873/6z7fl'', postfix='None', index=None)
[2026-06-10 23:30:28,225][feed_maker_util.py:749][DEBUG] # get_cache_url(url_prefix='https://terzeron.com/xml/img/black_haired_general_of_us_army', img_url_for_hashing='https://k16stm.com/75873/6z7fl', postfix=None, index=None, suffix='.webp')
[2026-06-10 23:30:28,225][feed_maker_util.py:731][DEBUG] # get_cache_info_common(img_url_for_hashing='https://k16stm.com/75873/6z7fl'', postfix='None', index=None)
[2026-06-10 23:30:28,225][feed_maker_util.py:757][DEBUG] # get_cache_file_path(path_prefix='img/black_haired_general_of_us_army', img_url_for_hashing='https://k16stm.com/75873/6z7fl', postfix='None', index=None, suffix=None)
[2026-06-10 23:30:28,225][feed_maker_util.py:731][DEBUG] # get_cache_info_common(img_url_for_hashing='https://k16stm.com/75873/6z7fl'', postfix='None', index=None)
[2026-06-10 23:30:28,225][feed_maker_util.py:749][DEBUG] # get_cache_url(url_prefix='https://terzeron.com/xml/img/black_haired_general_of_us_army', img_url_for_hashing='https://k16stm.com/75873/6z7fl', postfix=None, index=None, suffix='.webp')
[2026-06-10 23:30:28,225][feed_maker_util.py:731][DEBUG] # get_cache_info_common(img_url_for_hashing='https://k16stm.com/75873/6z7fl'', postfix='None', index=None)
[2026-06-10 23:30:28,225][feed_maker_util.py:757][DEBUG] # get_cache_file_path(path_prefix='img/black_haired_general_of_us_army', img_url_for_hashing='https://k16stm.com/75873/6z7fl', postfix='None', index=None, suffix=None)
[2026-06-10 23:30:28,225][feed_maker_util.py:731][DEBUG] # get_cache_info_common(img_url_for_hashing='https://k16stm.com/75873/6z7fl'', postfix='None', index=None)
[2026-06-10 23:30:28,225][feed_maker_util.py:749][DEBUG] # get_cache_url(url_prefix='https://terzeron.com/xml/img/black_haired_general_of_us_army', img_url_for_hashing='https://k16stm.com/75873/6z7fl', postfix=None, index=None, suffix='.webp')
[2026-06-10 23:30:28,225][feed_maker_util.py:731][DEBUG] # get_cache_info_common(img_url_for_hashing='https://k16stm.com/75873/6z7fl'', postfix='None', index=None)
[2026-06-10 23:30:28,225][feed_maker_util.py:757][DEBUG] # get_cache_file_path(path_prefix='img/black_haired_general_of_us_army', img_url_for_hashing='https://k16stm.com/75873/6z7fl', postfix='None', index=None, suffix=None)
[2026-06-10 23:30:28,225][feed_maker_util.py:731][DEBUG] # get_cache_info_common(img_url_for_hashing='https://k16stm.com/75873/6z7fl'', postfix='None', index=None)
[2026-06-10 23:30:28,225][feed_maker_util.py:749][DEBUG] # get_cache_url(url_prefix='https://terzeron.com/xml/img/black_haired_general_of_us_army', img_url_for_hashing='https://k16stm.com/75873/6z7fl', postfix=None, index=None, suffix='.webp')
[2026-06-10 23:30:28,225][feed_maker_util.py:731][DEBUG] # get_cache_info_common(img_url_for_hashing='https://k16stm.com/75873/6z7fl'', postfix='None', index=None)
[2026-06-10 23:30:28,226][feed_maker_util.py:757][DEBUG] # get_cache_file_path(path_prefix='img/black_haired_general_of_us_army', img_url_for_hashing='https://k16stm.com/75873/6z7fl', postfix='None', index=None, suffix=None)
[2026-06-10 23:30:28,226][feed_maker_util.py:731][DEBUG] # get_cache_info_common(img_url_for_hashing='https://k16stm.com/75873/6z7fl'', postfix='None', index=None)
[2026-06-10 23:30:28,226][feed_maker_util.py:749][DEBUG] # get_cache_url(url_prefix='https://terzeron.com/xml/img/black_haired_general_of_us_army', img_url_for_hashing='https://k16stm.com/75873/6z7fl', postfix=None, index=None, suffix='.webp')
[2026-06-10 23:30:28,226][feed_maker_util.py:731][DEBUG] # get_cache_info_common(img_url_for_hashing='https://k16stm.com/75873/6z7fl'', postfix='None', index=None)
[2026-06-10 23:30:28,226][feed_maker_util.py:757][DEBUG] # get_cache_file_path(path_prefix='img/black_haired_general_of_us_army', img_url_for_hashing='https://k16stm.com/75873/6z7fl', postfix='None', index=None, suffix=None)
[2026-06-10 23:30:28,226][feed_maker_util.py:731][DEBUG] # get_cache_info_common(img_url_for_hashing='https://k16stm.com/75873/6z7fl'', postfix='None', index=None)
[2026-06-10 23:30:28,226][feed_maker_util.py:749][DEBUG] # get_cache_url(url_prefix='https://terzeron.com/xml/img/black_haired_general_of_us_army', img_url_for_hashing='https://k16stm.com/75873/6z7fl', postfix=None, index=None, suffix='.webp')
[2026-06-10 23:30:28,226][feed_maker_util.py:731][DEBUG] # get_cache_info_common(img_url_for_hashing='https://k16stm.com/75873/6z7fl'', postfix='None', index=None)
[2026-06-10 23:30:28,226][feed_maker_util.py:757][DEBUG] # get_cache_file_path(path_prefix='img/black_haired_general_of_us_army', img_url_for_hashing='https://k16stm.com/75873/6z7fl', postfix='None', index=None, suffix=None)
[2026-06-10 23:30:28,226][feed_maker_util.py:731][DEBUG] # get_cache_info_common(img_url_for_hashing='https://k16stm.com/75873/6z7fl'', postfix='None', index=None)
[2026-06-10 23:30:28,226][feed_maker_util.py:749][DEBUG] # get_cache_url(url_prefix='https://terzeron.com/xml/img/black_haired_general_of_us_army', img_url_for_hashing='https://k16stm.com/75873/6z7fl', postfix=None, index=None, suffix='.webp')
[2026-06-10 23:30:28,226][feed_maker_util.py:731][DEBUG] # get_cache_info_common(img_url_for_hashing='https://k16stm.com/75873/6z7fl'', postfix='None', index=None)
[2026-06-10 23:30:28,226][feed_maker_util.py:757][DEBUG] # get_cache_file_path(path_prefix='img/black_haired_general_of_us_army', img_url_for_hashing='https://k16stm.com/75873/6z7fl', postfix='None', index=None, suffix=None)
[2026-06-10 23:30:28,226][feed_maker_util.py:731][DEBUG] # get_cache_info_common(img_url_for_hashing='https://k16stm.com/75873/6z7fl'', postfix='None', index=None)
[2026-06-10 23:30:28,226][feed_maker_util.py:749][DEBUG] # get_cache_url(url_prefix='https://terzeron.com/xml/img/black_haired_general_of_us_army', img_url_for_hashing='https://k16stm.com/75873/6z7fl', postfix=None, index=None, suffix='.webp')
[2026-06-10 23:30:28,226][feed_maker_util.py:731][DEBUG] # get_cache_info_common(img_url_for_hashing='https://k16stm.com/75873/6z7fl'', postfix='None', index=None)
[2026-06-10 23:30:28,226][feed_maker_util.py:757][DEBUG] # get_cache_file_path(path_prefix='img/black_haired_general_of_us_army', img_url_for_hashing='https://k16stm.com/75873/6z7fl', postfix='None', index=None, suffix=None)
[2026-06-10 23:30:28,226][feed_maker_util.py:731][DEBUG] # get_cache_info_common(img_url_for_hashing='https://k16stm.com/75873/6z7fl'', postfix='None', index=None)
[2026-06-10 23:30:28,227][feed_maker_util.py:749][DEBUG] # get_cache_url(url_prefix='https://terzeron.com/xml/img/black_haired_general_of_us_army', img_url_for_hashing='https://k16stm.com/75873/6z7fl', postfix=None, index=None, suffix='.webp')
[2026-06-10 23:30:28,227][feed_maker_util.py:731][DEBUG] # get_cache_info_common(img_url_for_hashing='https://k16stm.com/75873/6z7fl'', postfix='None', index=None)
[2026-06-10 23:30:28,227][feed_maker_util.py:757][DEBUG] # get_cache_file_path(path_prefix='img/black_haired_general_of_us_army', img_url_for_hashing='https://k16stm.com/75873/6z7fl', postfix='None', index=None, suffix=None)
[2026-06-10 23:30:28,227][feed_maker_util.py:731][DEBUG] # get_cache_info_common(img_url_for_hashing='https://k16stm.com/75873/6z7fl'', postfix='None', index=None)
[2026-06-10 23:30:28,227][feed_maker_util.py:749][DEBUG] # get_cache_url(url_prefix='https://terzeron.com/xml/img/black_haired_general_of_us_army', img_url_for_hashing='https://k16stm.com/75873/6z7fl', postfix=None, index=None, suffix='.webp')
[2026-06-10 23:30:28,227][feed_maker_util.py:731][DEBUG] # get_cache_info_common(img_url_for_hashing='https://k16stm.com/75873/6z7fl'', postfix='None', index=None)
[2026-06-10 23:30:28,227][feed_maker_util.py:757][DEBUG] # get_cache_file_path(path_prefix='img/black_haired_general_of_us_army', img_url_for_hashing='https://k16stm.com/75873/6z7fl', postfix='None', index=None, suffix=None)
[2026-06-10 23:30:28,227][feed_maker_util.py:731][DEBUG] # get_cache_info_common(img_url_for_hashing='https://k16stm.com/75873/6z7fl'', postfix='None', index=None)
[2026-06-10 23:30:28,227][feed_maker_util.py:749][DEBUG] # get_cache_url(url_prefix='https://terzeron.com/xml/img/black_haired_general_of_us_army', img_url_for_hashing='https://k16stm.com/75873/6z7fl', postfix=None, index=None, suffix='.webp')
[2026-06-10 23:30:28,227][feed_maker_util.py:731][DEBUG] # get_cache_info_common(img_url_for_hashing='https://k16stm.com/75873/6z7fl'', postfix='None', index=None)
[2026-06-10 23:30:28,227][feed_maker_util.py:757][DEBUG] # get_cache_file_path(path_prefix='img/black_haired_general_of_us_army', img_url_for_hashing='https://k16stm.com/75873/6z7fl', postfix='None', index=None, suffix=None)
[2026-06-10 23:30:28,227][feed_maker_util.py:731][DEBUG] # get_cache_info_common(img_url_for_hashing='https://k16stm.com/75873/6z7fl'', postfix='None', index=None)
[2026-06-10 23:30:28,227][feed_maker_util.py:749][DEBUG] # get_cache_url(url_prefix='https://terzeron.com/xml/img/black_haired_general_of_us_army', img_url_for_hashing='https://k16stm.com/75873/6z7fl', postfix=None, index=None, suffix='.webp')
[2026-06-10 23:30:28,227][feed_maker_util.py:731][DEBUG] # get_cache_info_common(img_url_for_hashing='https://k16stm.com/75873/6z7fl'', postfix='None', index=None)
[2026-06-10 23:30:28,227][feed_maker_util.py:757][DEBUG] # get_cache_file_path(path_prefix='img/black_haired_general_of_us_army', img_url_for_hashing='https://k16stm.com/75873/6z7fl', postfix='None', index=None, suffix=None)
[2026-06-10 23:30:28,227][feed_maker_util.py:731][DEBUG] # get_cache_info_common(img_url_for_hashing='https://k16stm.com/75873/6z7fl'', postfix='None', index=None)
[2026-06-10 23:30:28,227][feed_maker_util.py:749][DEBUG] # get_cache_url(url_prefix='https://terzeron.com/xml/img/black_haired_general_of_us_army', img_url_for_hashing='https://k16stm.com/75873/6z7fl', postfix=None, index=None, suffix='.webp')
[2026-06-10 23:30:28,227][feed_maker_util.py:731][DEBUG] # get_cache_info_common(img_url_for_hashing='https://k16stm.com/75873/6z7fl'', postfix='None', index=None)
[2026-06-10 23:30:28,227][feed_maker_util.py:757][DEBUG] # get_cache_file_path(path_prefix='img/black_haired_general_of_us_army', img_url_for_hashing='https://k16stm.com/75873/6z7fl', postfix='None', index=None, suffix=None)
[2026-06-10 23:30:28,227][feed_maker_util.py:731][DEBUG] # get_cache_info_common(img_url_for_hashing='https://k16stm.com/75873/6z7fl'', postfix='None', index=None)
[2026-06-10 23:30:28,228][feed_maker_util.py:749][DEBUG] # get_cache_url(url_prefix='https://terzeron.com/xml/img/black_haired_general_of_us_army', img_url_for_hashing='https://k16stm.com/75873/6z7fl', postfix=None, index=None, suffix='.webp')
[2026-06-10 23:30:28,228][feed_maker_util.py:731][DEBUG] # get_cache_info_common(img_url_for_hashing='https://k16stm.com/75873/6z7fl'', postfix='None', index=None)
[2026-06-10 23:30:28,228][feed_maker_util.py:757][DEBUG] # get_cache_file_path(path_prefix='img/black_haired_general_of_us_army', img_url_for_hashing='https://k16stm.com/75873/6z7fl', postfix='None', index=None, suffix=None)
[2026-06-10 23:30:28,228][feed_maker_util.py:731][DEBUG] # get_cache_info_common(img_url_for_hashing='https://k16stm.com/75873/6z7fl'', postfix='None', index=None)
[2026-06-10 23:30:28,228][feed_maker_util.py:749][DEBUG] # get_cache_url(url_prefix='https://terzeron.com/xml/img/black_haired_general_of_us_army', img_url_for_hashing='https://k16stm.com/75873/6z7fl', postfix=None, index=None, suffix='.webp')
[2026-06-10 23:30:28,228][feed_maker_util.py:731][DEBUG] # get_cache_info_common(img_url_for_hashing='https://k16stm.com/75873/6z7fl'', postfix='None', index=None)
[2026-06-10 23:30:28,228][feed_maker_util.py:757][DEBUG] # get_cache_file_path(path_prefix='img/black_haired_general_of_us_army', img_url_for_hashing='https://k16stm.com/75873/6z7fl', postfix='None', index=None, suffix=None)
[2026-06-10 23:30:28,228][feed_maker_util.py:731][DEBUG] # get_cache_info_common(img_url_for_hashing='https://k16stm.com/75873/6z7fl'', postfix='None', index=None)
[2026-06-10 23:30:28,228][feed_maker_util.py:749][DEBUG] # get_cache_url(url_prefix='https://terzeron.com/xml/img/black_haired_general_of_us_army', img_url_for_hashing='https://k16stm.com/75873/6z7fl', postfix=None, index=None, suffix='.webp')
[2026-06-10 23:30:28,228][feed_maker_util.py:731][DEBUG] # get_cache_info_common(img_url_for_hashing='https://k16stm.com/75873/6z7fl'', postfix='None', index=None)
[2026-06-10 23:30:28,228][feed_maker_util.py:757][DEBUG] # get_cache_file_path(path_prefix='img/black_haired_general_of_us_army', img_url_for_hashing='https://k16stm.com/75873/6z7fl', postfix='None', index=None, suffix=None)
[2026-06-10 23:30:28,228][feed_maker_util.py:731][DEBUG] # get_cache_info_common(img_url_for_hashing='https://k16stm.com/75873/6z7fl'', postfix='None', index=None)
[2026-06-10 23:30:28,228][feed_maker_util.py:749][DEBUG] # get_cache_url(url_prefix='https://terzeron.com/xml/img/black_haired_general_of_us_army', img_url_for_hashing='https://k16stm.com/75873/6z7fl', postfix=None, index=None, suffix='.webp')
[2026-06-10 23:30:28,228][feed_maker_util.py:731][DEBUG] # get_cache_info_common(img_url_for_hashing='https://k16stm.com/75873/6z7fl'', postfix='None', index=None)
[2026-06-10 23:30:28,228][feed_maker_util.py:757][DEBUG] # get_cache_file_path(path_prefix='img/black_haired_general_of_us_army', img_url_for_hashing='https://k16stm.com/75873/6z7fl', postfix='None', index=None, suffix=None)
[2026-06-10 23:30:28,228][feed_maker_util.py:731][DEBUG] # get_cache_info_common(img_url_for_hashing='https://k16stm.com/75873/6z7fl'', postfix='None', index=None)
[2026-06-10 23:30:28,228][feed_maker_util.py:749][DEBUG] # get_cache_url(url_prefix='https://terzeron.com/xml/img/black_haired_general_of_us_army', img_url_for_hashing='https://k16stm.com/75873/6z7fl', postfix=None, index=None, suffix='.webp')
[2026-06-10 23:30:28,228][feed_maker_util.py:731][DEBUG] # get_cache_info_common(img_url_for_hashing='https://k16stm.com/75873/6z7fl'', postfix='None', index=None)
[2026-06-10 23:30:28,229][feed_maker_util.py:757][DEBUG] # get_cache_file_path(path_prefix='img/black_haired_general_of_us_army', img_url_for_hashing='https://k16stm.com/75873/6z7fl', postfix='None', index=None, suffix=None)
[2026-06-10 23:30:28,229][feed_maker_util.py:731][DEBUG] # get_cache_info_common(img_url_for_hashing='https://k16stm.com/75873/6z7fl'', postfix='None', index=None)
[2026-06-10 23:30:28,229][feed_maker_util.py:749][DEBUG] # get_cache_url(url_prefix='https://terzeron.com/xml/img/black_haired_general_of_us_army', img_url_for_hashing='https://k16stm.com/75873/6z7fl', postfix=None, index=None, suffix='.webp')
[2026-06-10 23:30:28,229][feed_maker_util.py:731][DEBUG] # get_cache_info_common(img_url_for_hashing='https://k16stm.com/75873/6z7fl'', postfix='None', index=None)
[2026-06-10 23:30:28,229][feed_maker_util.py:757][DEBUG] # get_cache_file_path(path_prefix='img/black_haired_general_of_us_army', img_url_for_hashing='https://k16stm.com/75873/6z7fl', postfix='None', index=None, suffix=None)
[2026-06-10 23:30:28,229][feed_maker_util.py:731][DEBUG] # get_cache_info_common(img_url_for_hashing='https://k16stm.com/75873/6z7fl'', postfix='None', index=None)
[2026-06-10 23:30:28,229][feed_maker_util.py:749][DEBUG] # get_cache_url(url_prefix='https://terzeron.com/xml/img/black_haired_general_of_us_army', img_url_for_hashing='https://k16stm.com/75873/6z7fl', postfix=None, index=None, suffix='.webp')
[2026-06-10 23:30:28,229][feed_maker_util.py:731][DEBUG] # get_cache_info_common(img_url_for_hashing='https://k16stm.com/75873/6z7fl'', postfix='None', index=None)
[2026-06-10 23:30:28,229][feed_maker_util.py:757][DEBUG] # get_cache_file_path(path_prefix='img/black_haired_general_of_us_army', img_url_for_hashing='https://k16stm.com/75873/6z7fl', postfix='None', index=None, suffix=None)
[2026-06-10 23:30:28,229][feed_maker_util.py:731][DEBUG] # get_cache_info_common(img_url_for_hashing='https://k16stm.com/75873/6z7fl'', postfix='None', index=None)
[2026-06-10 23:30:28,229][feed_maker_util.py:749][DEBUG] # get_cache_url(url_prefix='https://terzeron.com/xml/img/black_haired_general_of_us_army', img_url_for_hashing='https://k16stm.com/75873/6z7fl', postfix=None, index=None, suffix='.webp')
[2026-06-10 23:30:28,229][feed_maker_util.py:731][DEBUG] # get_cache_info_common(img_url_for_hashing='https://k16stm.com/75873/6z7fl'', postfix='None', index=None)
[2026-06-10 23:30:28,229][feed_maker_util.py:757][DEBUG] # get_cache_file_path(path_prefix='img/black_haired_general_of_us_army', img_url_for_hashing='https://k16stm.com/75873/6z7fl', postfix='None', index=None, suffix=None)
[2026-06-10 23:30:28,229][feed_maker_util.py:731][DEBUG] # get_cache_info_common(img_url_for_hashing='https://k16stm.com/75873/6z7fl'', postfix='None', index=None)
[2026-06-10 23:30:28,229][feed_maker_util.py:749][DEBUG] # get_cache_url(url_prefix='https://terzeron.com/xml/img/black_haired_general_of_us_army', img_url_for_hashing='https://k16stm.com/75873/6z7fl', postfix=None, index=None, suffix='.webp')
[2026-06-10 23:30:28,229][feed_maker_util.py:731][DEBUG] # get_cache_info_common(img_url_for_hashing='https://k16stm.com/75873/6z7fl'', postfix='None', index=None)
[2026-06-10 23:30:28,229][feed_maker_util.py:757][DEBUG] # get_cache_file_path(path_prefix='img/black_haired_general_of_us_army', img_url_for_hashing='https://k16stm.com/75873/6z7fl', postfix='None', index=None, suffix=None)
[2026-06-10 23:30:28,229][feed_maker_util.py:731][DEBUG] # get_cache_info_common(img_url_for_hashing='https://k16stm.com/75873/6z7fl'', postfix='None', index=None)
[2026-06-10 23:30:28,230][feed_maker_util.py:749][DEBUG] # get_cache_url(url_prefix='https://terzeron.com/xml/img/black_haired_general_of_us_army', img_url_for_hashing='https://k16stm.com/75873/6z7fl', postfix=None, index=None, suffix='.webp')
[2026-06-10 23:30:28,230][feed_maker_util.py:731][DEBUG] # get_cache_info_common(img_url_for_hashing='https://k16stm.com/75873/6z7fl'', postfix='None', index=None)
[2026-06-10 23:30:28,230][feed_maker_util.py:757][DEBUG] # get_cache_file_path(path_prefix='img/black_haired_general_of_us_army', img_url_for_hashing='https://k16stm.com/75873/6z7fl', postfix='None', index=None, suffix=None)
[2026-06-10 23:30:28,230][feed_maker_util.py:731][DEBUG] # get_cache_info_common(img_url_for_hashing='https://k16stm.com/75873/6z7fl'', postfix='None', index=None)
[2026-06-10 23:30:28,230][feed_maker_util.py:749][DEBUG] # get_cache_url(url_prefix='https://terzeron.com/xml/img/black_haired_general_of_us_army', img_url_for_hashing='https://k16stm.com/75873/6z7fl', postfix=None, index=None, suffix='.webp')
[2026-06-10 23:30:28,230][feed_maker_util.py:731][DEBUG] # get_cache_info_common(img_url_for_hashing='https://k16stm.com/75873/6z7fl'', postfix='None', index=None)
[2026-06-10 23:30:28,230][feed_maker_util.py:757][DEBUG] # get_cache_file_path(path_prefix='img/black_haired_general_of_us_army', img_url_for_hashing='https://k16stm.com/75873/6z7fl', postfix='None', index=None, suffix=None)
[2026-06-10 23:30:28,230][feed_maker_util.py:731][DEBUG] # get_cache_info_common(img_url_for_hashing='https://k16stm.com/75873/6z7fl'', postfix='None', index=None)
[2026-06-10 23:30:28,230][feed_maker_util.py:749][DEBUG] # get_cache_url(url_prefix='https://terzeron.com/xml/img/black_haired_general_of_us_army', img_url_for_hashing='https://k16stm.com/75873/6z7fl', postfix=None, index=None, suffix='.webp')
[2026-06-10 23:30:28,230][feed_maker_util.py:731][DEBUG] # get_cache_info_common(img_url_for_hashing='https://k16stm.com/75873/6z7fl'', postfix='None', index=None)
[2026-06-10 23:30:28,230][feed_maker_util.py:757][DEBUG] # get_cache_file_path(path_prefix='img/black_haired_general_of_us_army', img_url_for_hashing='https://k16stm.com/75873/6z7fl', postfix='None', index=None, suffix=None)
[2026-06-10 23:30:28,230][feed_maker_util.py:731][DEBUG] # get_cache_info_common(img_url_for_hashing='https://k16stm.com/75873/6z7fl'', postfix='None', index=None)
[2026-06-10 23:30:28,230][feed_maker_util.py:749][DEBUG] # get_cache_url(url_prefix='https://terzeron.com/xml/img/black_haired_general_of_us_army', img_url_for_hashing='https://k16stm.com/75873/6z7fl', postfix=None, index=None, suffix='.webp')
[2026-06-10 23:30:28,230][feed_maker_util.py:731][DEBUG] # get_cache_info_common(img_url_for_hashing='https://k16stm.com/75873/6z7fl'', postfix='None', index=None)
[2026-06-10 23:30:28,230][feed_maker_util.py:757][DEBUG] # get_cache_file_path(path_prefix='img/black_haired_general_of_us_army', img_url_for_hashing='https://k16stm.com/75873/6z7fl', postfix='None', index=None, suffix=None)
[2026-06-10 23:30:28,230][feed_maker_util.py:731][DEBUG] # get_cache_info_common(img_url_for_hashing='https://k16stm.com/75873/6z7fl'', postfix='None', index=None)
[2026-06-10 23:30:28,230][feed_maker_util.py:749][DEBUG] # get_cache_url(url_prefix='https://terzeron.com/xml/img/black_haired_general_of_us_army', img_url_for_hashing='https://k16stm.com/75873/6z7fl', postfix=None, index=None, suffix='.webp')
[2026-06-10 23:30:28,230][feed_maker_util.py:731][DEBUG] # get_cache_info_common(img_url_for_hashing='https://k16stm.com/75873/6z7fl'', postfix='None', index=None)
[2026-06-10 23:30:28,230][feed_maker_util.py:757][DEBUG] # get_cache_file_path(path_prefix='img/black_haired_general_of_us_army', img_url_for_hashing='https://k16stm.com/75873/6z7fl', postfix='None', index=None, suffix=None)
[2026-06-10 23:30:28,231][feed_maker_util.py:731][DEBUG] # get_cache_info_common(img_url_for_hashing='https://k16stm.com/75873/6z7fl'', postfix='None', index=None)
[2026-06-10 23:30:28,231][feed_maker_util.py:749][DEBUG] # get_cache_url(url_prefix='https://terzeron.com/xml/img/black_haired_general_of_us_army', img_url_for_hashing='https://k16stm.com/75873/6z7fl', postfix=None, index=None, suffix='.webp')
[2026-06-10 23:30:28,231][feed_maker_util.py:731][DEBUG] # get_cache_info_common(img_url_for_hashing='https://k16stm.com/75873/6z7fl'', postfix='None', index=None)
[2026-06-10 23:30:28,231][feed_maker_util.py:757][DEBUG] # get_cache_file_path(path_prefix='img/black_haired_general_of_us_army', img_url_for_hashing='https://k16stm.com/75873/6z7fl', postfix='None', index=None, suffix=None)
[2026-06-10 23:30:28,231][feed_maker_util.py:731][DEBUG] # get_cache_info_common(img_url_for_hashing='https://k16stm.com/75873/6z7fl'', postfix='None', index=None)
[2026-06-10 23:30:28,231][feed_maker_util.py:749][DEBUG] # get_cache_url(url_prefix='https://terzeron.com/xml/img/black_haired_general_of_us_army', img_url_for_hashing='https://k16stm.com/75873/6z7fl', postfix=None, index=None, suffix='.webp')
[2026-06-10 23:30:28,231][feed_maker_util.py:731][DEBUG] # get_cache_info_common(img_url_for_hashing='https://k16stm.com/75873/6z7fl'', postfix='None', index=None)
[2026-06-10 23:30:28,231][feed_maker_util.py:757][DEBUG] # get_cache_file_path(path_prefix='img/black_haired_general_of_us_army', img_url_for_hashing='https://k16stm.com/75873/6z7fl', postfix='None', index=None, suffix=None)
[2026-06-10 23:30:28,231][feed_maker_util.py:731][DEBUG] # get_cache_info_common(img_url_for_hashing='https://k16stm.com/75873/6z7fl'', postfix='None', index=None)
[2026-06-10 23:30:28,231][feed_maker_util.py:749][DEBUG] # get_cache_url(url_prefix='https://terzeron.com/xml/img/black_haired_general_of_us_army', img_url_for_hashing='https://k16stm.com/75873/6z7fl', postfix=None, index=None, suffix='.webp')
[2026-06-10 23:30:28,231][feed_maker_util.py:731][DEBUG] # get_cache_info_common(img_url_for_hashing='https://k16stm.com/75873/6z7fl'', postfix='None', index=None)
[2026-06-10 23:30:28,231][feed_maker_util.py:757][DEBUG] # get_cache_file_path(path_prefix='img/black_haired_general_of_us_army', img_url_for_hashing='https://k16stm.com/75873/6z7fl', postfix='None', index=None, suffix=None)
[2026-06-10 23:30:28,231][feed_maker_util.py:731][DEBUG] # get_cache_info_common(img_url_for_hashing='https://k16stm.com/75873/6z7fl'', postfix='None', index=None)
[2026-06-10 23:30:28,231][feed_maker_util.py:749][DEBUG] # get_cache_url(url_prefix='https://terzeron.com/xml/img/black_haired_general_of_us_army', img_url_for_hashing='https://k16stm.com/75873/6z7fl', postfix=None, index=None, suffix='.webp')
[2026-06-10 23:30:28,231][feed_maker_util.py:731][DEBUG] # get_cache_info_common(img_url_for_hashing='https://k16stm.com/75873/6z7fl'', postfix='None', index=None)
[2026-06-10 23:30:28,231][feed_maker_util.py:757][DEBUG] # get_cache_file_path(path_prefix='img/black_haired_general_of_us_army', img_url_for_hashing='https://k16stm.com/75873/6z7fl', postfix='None', index=None, suffix=None)
[2026-06-10 23:30:28,231][feed_maker_util.py:731][DEBUG] # get_cache_info_common(img_url_for_hashing='https://k16stm.com/75873/6z7fl'', postfix='None', index=None)
[2026-06-10 23:30:28,231][feed_maker_util.py:749][DEBUG] # get_cache_url(url_prefix='https://terzeron.com/xml/img/black_haired_general_of_us_army', img_url_for_hashing='https://k16stm.com/75873/6z7fl', postfix=None, index=None, suffix='.webp')
[2026-06-10 23:30:28,232][feed_maker_util.py:731][DEBUG] # get_cache_info_common(img_url_for_hashing='https://k16stm.com/75873/6z7fl'', postfix='None', index=None)
[2026-06-10 23:30:28,232][feed_maker_util.py:757][DEBUG] # get_cache_file_path(path_prefix='img/black_haired_general_of_us_army', img_url_for_hashing='https://k16stm.com/75873/6z7fl', postfix='None', index=None, suffix=None)
[2026-06-10 23:30:28,232][feed_maker_util.py:731][DEBUG] # get_cache_info_common(img_url_for_hashing='https://k16stm.com/75873/6z7fl'', postfix='None', index=None)
[2026-06-10 23:30:28,232][feed_maker_util.py:749][DEBUG] # get_cache_url(url_prefix='https://terzeron.com/xml/img/black_haired_general_of_us_army', img_url_for_hashing='https://k16stm.com/75873/6z7fl', postfix=None, index=None, suffix='.webp')
[2026-06-10 23:30:28,232][feed_maker_util.py:731][DEBUG] # get_cache_info_common(img_url_for_hashing='https://k16stm.com/75873/6z7fl'', postfix='None', index=None)
[2026-06-10 23:30:28,232][feed_maker_util.py:757][DEBUG] # get_cache_file_path(path_prefix='img/black_haired_general_of_us_army', img_url_for_hashing='https://k16stm.com/75873/6z7fl', postfix='None', index=None, suffix=None)
[2026-06-10 23:30:28,232][feed_maker_util.py:731][DEBUG] # get_cache_info_common(img_url_for_hashing='https://k16stm.com/75873/6z7fl'', postfix='None', index=None)
[2026-06-10 23:30:28,232][feed_maker_util.py:749][DEBUG] # get_cache_url(url_prefix='https://terzeron.com/xml/img/black_haired_general_of_us_army', img_url_for_hashing='https://k16stm.com/75873/6z7fl', postfix=None, index=None, suffix='.webp')
[2026-06-10 23:30:28,232][feed_maker_util.py:731][DEBUG] # get_cache_info_common(img_url_for_hashing='https://k16stm.com/75873/6z7fl'', postfix='None', index=None)
[2026-06-10 23:30:28,232][feed_maker_util.py:757][DEBUG] # get_cache_file_path(path_prefix='img/black_haired_general_of_us_army', img_url_for_hashing='https://k16stm.com/75873/6z7fl', postfix='None', index=None, suffix=None)
[2026-06-10 23:30:28,232][feed_maker_util.py:731][DEBUG] # get_cache_info_common(img_url_for_hashing='https://k16stm.com/75873/6z7fl'', postfix='None', index=None)
[2026-06-10 23:30:28,232][feed_maker_util.py:749][DEBUG] # get_cache_url(url_prefix='https://terzeron.com/xml/img/black_haired_general_of_us_army', img_url_for_hashing='https://k16stm.com/75873/6z7fl', postfix=None, index=None, suffix='.webp')
[2026-06-10 23:30:28,232][feed_maker_util.py:731][DEBUG] # get_cache_info_common(img_url_for_hashing='https://k16stm.com/75873/6z7fl'', postfix='None', index=None)
[2026-06-10 23:30:28,232][feed_maker_util.py:757][DEBUG] # get_cache_file_path(path_prefix='img/black_haired_general_of_us_army', img_url_for_hashing='https://k16stm.com/75873/6z7fl', postfix='None', index=None, suffix=None)
[2026-06-10 23:30:28,232][feed_maker_util.py:731][DEBUG] # get_cache_info_common(img_url_for_hashing='https://k16stm.com/75873/6z7fl'', postfix='None', index=None)
[2026-06-10 23:30:28,232][feed_maker_util.py:749][DEBUG] # get_cache_url(url_prefix='https://terzeron.com/xml/img/black_haired_general_of_us_army', img_url_for_hashing='https://k16stm.com/75873/6z7fl', postfix=None, index=None, suffix='.webp')
[2026-06-10 23:30:28,232][feed_maker_util.py:731][DEBUG] # get_cache_info_common(img_url_for_hashing='https://k16stm.com/75873/6z7fl'', postfix='None', index=None)
[2026-06-10 23:30:28,232][feed_maker_util.py:757][DEBUG] # get_cache_file_path(path_prefix='img/black_haired_general_of_us_army', img_url_for_hashing='https://k16stm.com/75873/6z7fl', postfix='None', index=None, suffix=None)
[2026-06-10 23:30:28,233][feed_maker_util.py:731][DEBUG] # get_cache_info_common(img_url_for_hashing='https://k16stm.com/75873/6z7fl'', postfix='None', index=None)
[2026-06-10 23:30:28,233][feed_maker_util.py:749][DEBUG] # get_cache_url(url_prefix='https://terzeron.com/xml/img/black_haired_general_of_us_army', img_url_for_hashing='https://k16stm.com/75873/6z7fl', postfix=None, index=None, suffix='.webp')
[2026-06-10 23:30:28,233][feed_maker_util.py:731][DEBUG] # get_cache_info_common(img_url_for_hashing='https://k16stm.com/75873/6z7fl'', postfix='None', index=None)
[2026-06-10 23:30:28,233][feed_maker_util.py:757][DEBUG] # get_cache_file_path(path_prefix='img/black_haired_general_of_us_army', img_url_for_hashing='https://k16stm.com/75873/6z7fl', postfix='None', index=None, suffix=None)
[2026-06-10 23:30:28,233][feed_maker_util.py:731][DEBUG] # get_cache_info_common(img_url_for_hashing='https://k16stm.com/75873/6z7fl'', postfix='None', index=None)
[2026-06-10 23:30:28,233][feed_maker_util.py:749][DEBUG] # get_cache_url(url_prefix='https://terzeron.com/xml/img/black_haired_general_of_us_army', img_url_for_hashing='https://k16stm.com/75873/6z7fl', postfix=None, index=None, suffix='.webp')
[2026-06-10 23:30:28,233][feed_maker_util.py:731][DEBUG] # get_cache_info_common(img_url_for_hashing='https://k16stm.com/75873/6z7fl'', postfix='None', index=None)
[2026-06-10 23:30:28,233][feed_maker_util.py:757][DEBUG] # get_cache_file_path(path_prefix='img/black_haired_general_of_us_army', img_url_for_hashing='https://k16stm.com/75873/6z7fl', postfix='None', index=None, suffix=None)
[2026-06-10 23:30:28,233][feed_maker_util.py:731][DEBUG] # get_cache_info_common(img_url_for_hashing='https://k16stm.com/75873/6z7fl'', postfix='None', index=None)
[2026-06-10 23:30:28,233][feed_maker_util.py:749][DEBUG] # get_cache_url(url_prefix='https://terzeron.com/xml/img/black_haired_general_of_us_army', img_url_for_hashing='https://k16stm.com/75873/6z7fl', postfix=None, index=None, suffix='.webp')
[2026-06-10 23:30:28,233][feed_maker_util.py:731][DEBUG] # get_cache_info_common(img_url_for_hashing='https://k16stm.com/75873/6z7fl'', postfix='None', index=None)
[2026-06-10 23:30:28,233][feed_maker_util.py:757][DEBUG] # get_cache_file_path(path_prefix='img/black_haired_general_of_us_army', img_url_for_hashing='https://k16stm.com/75873/6z7fl', postfix='None', index=None, suffix=None)
[2026-06-10 23:30:28,233][feed_maker_util.py:731][DEBUG] # get_cache_info_common(img_url_for_hashing='https://k16stm.com/75873/6z7fl'', postfix='None', index=None)
[2026-06-10 23:30:28,233][feed_maker_util.py:749][DEBUG] # get_cache_url(url_prefix='https://terzeron.com/xml/img/black_haired_general_of_us_army', img_url_for_hashing='https://k16stm.com/75873/6z7fl', postfix=None, index=None, suffix='.webp')
[2026-06-10 23:30:28,233][feed_maker_util.py:731][DEBUG] # get_cache_info_common(img_url_for_hashing='https://k16stm.com/75873/6z7fl'', postfix='None', index=None)
[2026-06-10 23:30:28,233][feed_maker_util.py:757][DEBUG] # get_cache_file_path(path_prefix='img/black_haired_general_of_us_army', img_url_for_hashing='https://k16stm.com/75873/6z7fl', postfix='None', index=None, suffix=None)
[2026-06-10 23:30:28,233][feed_maker_util.py:731][DEBUG] # get_cache_info_common(img_url_for_hashing='https://k16stm.com/75873/6z7fl'', postfix='None', index=None)
[2026-06-10 23:30:28,233][feed_maker_util.py:749][DEBUG] # get_cache_url(url_prefix='https://terzeron.com/xml/img/black_haired_general_of_us_army', img_url_for_hashing='https://k16stm.com/75873/6z7fl', postfix=None, index=None, suffix='.webp')
[2026-06-10 23:30:28,234][feed_maker_util.py:731][DEBUG] # get_cache_info_common(img_url_for_hashing='https://k16stm.com/75873/6z7fl'', postfix='None', index=None)
[2026-06-10 23:30:28,234][feed_maker_util.py:757][DEBUG] # get_cache_file_path(path_prefix='img/black_haired_general_of_us_army', img_url_for_hashing='https://k16stm.com/75873/6z7fl', postfix='None', index=None, suffix=None)
[2026-06-10 23:30:28,234][feed_maker_util.py:731][DEBUG] # get_cache_info_common(img_url_for_hashing='https://k16stm.com/75873/6z7fl'', postfix='None', index=None)
[2026-06-10 23:30:28,234][feed_maker_util.py:749][DEBUG] # get_cache_url(url_prefix='https://terzeron.com/xml/img/black_haired_general_of_us_army', img_url_for_hashing='https://k16stm.com/75873/6z7fl', postfix=None, index=None, suffix='.webp')
[2026-06-10 23:30:28,234][feed_maker_util.py:731][DEBUG] # get_cache_info_common(img_url_for_hashing='https://k16stm.com/75873/6z7fl'', postfix='None', index=None)
[2026-06-10 23:30:28,234][feed_maker_util.py:757][DEBUG] # get_cache_file_path(path_prefix='img/black_haired_general_of_us_army', img_url_for_hashing='https://k16stm.com/75873/6z7fl', postfix='None', index=None, suffix=None)
[2026-06-10 23:30:28,234][feed_maker_util.py:731][DEBUG] # get_cache_info_common(img_url_for_hashing='https://k16stm.com/75873/6z7fl'', postfix='None', index=None)
[2026-06-10 23:30:28,234][feed_maker_util.py:749][DEBUG] # get_cache_url(url_prefix='https://terzeron.com/xml/img/black_haired_general_of_us_army', img_url_for_hashing='https://k16stm.com/75873/6z7fl', postfix=None, index=None, suffix='.webp')
[2026-06-10 23:30:28,234][feed_maker_util.py:731][DEBUG] # get_cache_info_common(img_url_for_hashing='https://k16stm.com/75873/6z7fl'', postfix='None', index=None)
[2026-06-10 23:30:28,234][feed_maker_util.py:757][DEBUG] # get_cache_file_path(path_prefix='img/black_haired_general_of_us_army', img_url_for_hashing='https://k16stm.com/75873/6z7fl', postfix='None', index=None, suffix=None)
[2026-06-10 23:30:28,234][feed_maker_util.py:731][DEBUG] # get_cache_info_common(img_url_for_hashing='https://k16stm.com/75873/6z7fl'', postfix='None', index=None)
[2026-06-10 23:30:28,234][feed_maker_util.py:749][DEBUG] # get_cache_url(url_prefix='https://terzeron.com/xml/img/black_haired_general_of_us_army', img_url_for_hashing='https://k16stm.com/75873/6z7fl', postfix=None, index=None, suffix='.webp')
[2026-06-10 23:30:28,234][feed_maker_util.py:731][DEBUG] # get_cache_info_common(img_url_for_hashing='https://k16stm.com/75873/6z7fl'', postfix='None', index=None)
[2026-06-10 23:30:28,234][feed_maker_util.py:757][DEBUG] # get_cache_file_path(path_prefix='img/black_haired_general_of_us_army', img_url_for_hashing='https://k16stm.com/75873/6z7fl', postfix='None', index=None, suffix=None)
[2026-06-10 23:30:28,234][feed_maker_util.py:731][DEBUG] # get_cache_info_common(img_url_for_hashing='https://k16stm.com/75873/6z7fl'', postfix='None', index=None)
[2026-06-10 23:30:28,234][feed_maker_util.py:749][DEBUG] # get_cache_url(url_prefix='https://terzeron.com/xml/img/black_haired_general_of_us_army', img_url_for_hashing='https://k16stm.com/75873/6z7fl', postfix=None, index=None, suffix='.webp')
[2026-06-10 23:30:28,234][feed_maker_util.py:731][DEBUG] # get_cache_info_common(img_url_for_hashing='https://k16stm.com/75873/6z7fl'', postfix='None', index=None)
[2026-06-10 23:30:28,234][feed_maker_util.py:757][DEBUG] # get_cache_file_path(path_prefix='img/black_haired_general_of_us_army', img_url_for_hashing='https://k16stm.com/75873/6z7fl', postfix='None', index=None, suffix=None)
[2026-06-10 23:30:28,234][feed_maker_util.py:731][DEBUG] # get_cache_info_common(img_url_for_hashing='https://k16stm.com/75873/6z7fl'', postfix='None', index=None)
[2026-06-10 23:30:28,235][feed_maker_util.py:749][DEBUG] # get_cache_url(url_prefix='https://terzeron.com/xml/img/black_haired_general_of_us_army', img_url_for_hashing='https://k16stm.com/75873/6z7fl', postfix=None, index=None, suffix='.webp')
[2026-06-10 23:30:28,235][feed_maker_util.py:731][DEBUG] # get_cache_info_common(img_url_for_hashing='https://k16stm.com/75873/6z7fl'', postfix='None', index=None)
[2026-06-10 23:30:28,235][feed_maker_util.py:757][DEBUG] # get_cache_file_path(path_prefix='img/black_haired_general_of_us_army', img_url_for_hashing='https://k16stm.com/75873/6z7fl', postfix='None', index=None, suffix=None)
[2026-06-10 23:30:28,235][feed_maker_util.py:731][DEBUG] # get_cache_info_common(img_url_for_hashing='https://k16stm.com/75873/6z7fl'', postfix='None', index=None)
[2026-06-10 23:30:28,235][feed_maker_util.py:749][DEBUG] # get_cache_url(url_prefix='https://terzeron.com/xml/img/black_haired_general_of_us_army', img_url_for_hashing='https://k16stm.com/75873/6z7fl', postfix=None, index=None, suffix='.webp')
[2026-06-10 23:30:28,235][feed_maker_util.py:731][DEBUG] # get_cache_info_common(img_url_for_hashing='https://k16stm.com/75873/6z7fl'', postfix='None', index=None)
[2026-06-10 23:30:28,235][feed_maker_util.py:757][DEBUG] # get_cache_file_path(path_prefix='img/black_haired_general_of_us_army', img_url_for_hashing='https://k16stm.com/75873/6z7fl', postfix='None', index=None, suffix=None)
[2026-06-10 23:30:28,235][feed_maker_util.py:731][DEBUG] # get_cache_info_common(img_url_for_hashing='https://k16stm.com/75873/6z7fl'', postfix='None', index=None)
[2026-06-10 23:30:28,235][feed_maker_util.py:749][DEBUG] # get_cache_url(url_prefix='https://terzeron.com/xml/img/black_haired_general_of_us_army', img_url_for_hashing='https://k16stm.com/75873/6z7fl', postfix=None, index=None, suffix='.webp')
[2026-06-10 23:30:28,235][feed_maker_util.py:731][DEBUG] # get_cache_info_common(img_url_for_hashing='https://k16stm.com/75873/6z7fl'', postfix='None', index=None)
[2026-06-10 23:30:28,235][feed_maker_util.py:757][DEBUG] # get_cache_file_path(path_prefix='img/black_haired_general_of_us_army', img_url_for_hashing='https://k16stm.com/75873/6z7fl', postfix='None', index=None, suffix=None)
[2026-06-10 23:30:28,235][feed_maker_util.py:731][DEBUG] # get_cache_info_common(img_url_for_hashing='https://k16stm.com/75873/6z7fl'', postfix='None', index=None)
[2026-06-10 23:30:28,235][feed_maker_util.py:749][DEBUG] # get_cache_url(url_prefix='https://terzeron.com/xml/img/black_haired_general_of_us_army', img_url_for_hashing='https://k16stm.com/75873/6z7fl', postfix=None, index=None, suffix='.webp')
[2026-06-10 23:30:28,235][feed_maker_util.py:731][DEBUG] # get_cache_info_common(img_url_for_hashing='https://k16stm.com/75873/6z7fl'', postfix='None', index=None)
[2026-06-10 23:30:28,235][feed_maker_util.py:757][DEBUG] # get_cache_file_path(path_prefix='img/black_haired_general_of_us_army', img_url_for_hashing='https://k16stm.com/75873/6z7fl', postfix='None', index=None, suffix=None)
[2026-06-10 23:30:28,235][feed_maker_util.py:731][DEBUG] # get_cache_info_common(img_url_for_hashing='https://k16stm.com/75873/6z7fl'', postfix='None', index=None)
[2026-06-10 23:30:28,235][feed_maker_util.py:749][DEBUG] # get_cache_url(url_prefix='https://terzeron.com/xml/img/black_haired_general_of_us_army', img_url_for_hashing='https://k16stm.com/75873/6z7fl', postfix=None, index=None, suffix='.webp')
[2026-06-10 23:30:28,236][feed_maker_util.py:731][DEBUG] # get_cache_info_common(img_url_for_hashing='https://k16stm.com/75873/6z7fl'', postfix='None', index=None)
[2026-06-10 23:30:28,236][feed_maker_util.py:757][DEBUG] # get_cache_file_path(path_prefix='img/black_haired_general_of_us_army', img_url_for_hashing='https://k16stm.com/75873/6z7fl', postfix='None', index=None, suffix=None)
[2026-06-10 23:30:28,236][feed_maker_util.py:731][DEBUG] # get_cache_info_common(img_url_for_hashing='https://k16stm.com/75873/6z7fl'', postfix='None', index=None)
[2026-06-10 23:30:28,236][feed_maker_util.py:749][DEBUG] # get_cache_url(url_prefix='https://terzeron.com/xml/img/black_haired_general_of_us_army', img_url_for_hashing='https://k16stm.com/75873/6z7fl', postfix=None, index=None, suffix='.webp')
[2026-06-10 23:30:28,236][feed_maker_util.py:731][DEBUG] # get_cache_info_common(img_url_for_hashing='https://k16stm.com/75873/6z7fl'', postfix='None', index=None)
[2026-06-10 23:30:28,236][feed_maker_util.py:757][DEBUG] # get_cache_file_path(path_prefix='img/black_haired_general_of_us_army', img_url_for_hashing='https://k16stm.com/75873/6z7fl', postfix='None', index=None, suffix=None)
[2026-06-10 23:30:28,236][feed_maker_util.py:731][DEBUG] # get_cache_info_common(img_url_for_hashing='https://k16stm.com/75873/6z7fl'', postfix='None', index=None)
[2026-06-10 23:30:28,236][feed_maker_util.py:749][DEBUG] # get_cache_url(url_prefix='https://terzeron.com/xml/img/black_haired_general_of_us_army', img_url_for_hashing='https://k16stm.com/75873/6z7fl', postfix=None, index=None, suffix='.webp')
[2026-06-10 23:30:28,236][feed_maker_util.py:731][DEBUG] # get_cache_info_common(img_url_for_hashing='https://k16stm.com/75873/6z7fl'', postfix='None', index=None)
[2026-06-10 23:30:28,236][feed_maker_util.py:757][DEBUG] # get_cache_file_path(path_prefix='img/black_haired_general_of_us_army', img_url_for_hashing='https://k16stm.com/75873/6z7fl', postfix='None', index=None, suffix=None)
[2026-06-10 23:30:28,236][feed_maker_util.py:731][DEBUG] # get_cache_info_common(img_url_for_hashing='https://k16stm.com/75873/6z7fl'', postfix='None', index=None)
[2026-06-10 23:30:28,236][feed_maker_util.py:749][DEBUG] # get_cache_url(url_prefix='https://terzeron.com/xml/img/black_haired_general_of_us_army', img_url_for_hashing='https://k16stm.com/75873/6z7fl', postfix=None, index=None, suffix='.webp')
[2026-06-10 23:30:28,236][feed_maker_util.py:731][DEBUG] # get_cache_info_common(img_url_for_hashing='https://k16stm.com/75873/6z7fl'', postfix='None', index=None)
[2026-06-10 23:30:28,236][feed_maker_util.py:757][DEBUG] # get_cache_file_path(path_prefix='img/black_haired_general_of_us_army', img_url_for_hashing='https://k16stm.com/75873/6z7fl', postfix='None', index=None, suffix=None)
[2026-06-10 23:30:28,236][feed_maker_util.py:731][DEBUG] # get_cache_info_common(img_url_for_hashing='https://k16stm.com/75873/6z7fl'', postfix='None', index=None)
[2026-06-10 23:30:28,236][feed_maker_util.py:749][DEBUG] # get_cache_url(url_prefix='https://terzeron.com/xml/img/black_haired_general_of_us_army', img_url_for_hashing='https://k16stm.com/75873/6z7fl', postfix=None, index=None, suffix='.webp')
[2026-06-10 23:30:28,236][feed_maker_util.py:731][DEBUG] # get_cache_info_common(img_url_for_hashing='https://k16stm.com/75873/6z7fl'', postfix='None', index=None)
[2026-06-10 23:30:28,236][feed_maker_util.py:757][DEBUG] # get_cache_file_path(path_prefix='img/black_haired_general_of_us_army', img_url_for_hashing='https://k16stm.com/75873/6z7fl', postfix='None', index=None, suffix=None)
[2026-06-10 23:30:28,237][feed_maker_util.py:731][DEBUG] # get_cache_info_common(img_url_for_hashing='https://k16stm.com/75873/6z7fl'', postfix='None', index=None)
[2026-06-10 23:30:28,237][feed_maker_util.py:749][DEBUG] # get_cache_url(url_prefix='https://terzeron.com/xml/img/black_haired_general_of_us_army', img_url_for_hashing='https://k16stm.com/75873/6z7fl', postfix=None, index=None, suffix='.webp')
[2026-06-10 23:30:28,237][feed_maker_util.py:731][DEBUG] # get_cache_info_common(img_url_for_hashing='https://k16stm.com/75873/6z7fl'', postfix='None', index=None)
[2026-06-10 23:30:28,237][feed_maker_util.py:757][DEBUG] # get_cache_file_path(path_prefix='img/black_haired_general_of_us_army', img_url_for_hashing='https://k16stm.com/75873/6z7fl', postfix='None', index=None, suffix=None)
[2026-06-10 23:30:28,237][feed_maker_util.py:731][DEBUG] # get_cache_info_common(img_url_for_hashing='https://k16stm.com/75873/6z7fl'', postfix='None', index=None)
[2026-06-10 23:30:28,237][feed_maker_util.py:749][DEBUG] # get_cache_url(url_prefix='https://terzeron.com/xml/img/black_haired_general_of_us_army', img_url_for_hashing='https://k16stm.com/75873/6z7fl', postfix=None, index=None, suffix='.webp')
[2026-06-10 23:30:28,237][feed_maker_util.py:731][DEBUG] # get_cache_info_common(img_url_for_hashing='https://k16stm.com/75873/6z7fl'', postfix='None', index=None)
[2026-06-10 23:30:28,237][feed_maker_util.py:757][DEBUG] # get_cache_file_path(path_prefix='img/black_haired_general_of_us_army', img_url_for_hashing='https://k16stm.com/75873/6z7fl', postfix='None', index=None, suffix=None)
[2026-06-10 23:30:28,237][feed_maker_util.py:731][DEBUG] # get_cache_info_common(img_url_for_hashing='https://k16stm.com/75873/6z7fl'', postfix='None', index=None)
[2026-06-10 23:30:28,237][feed_maker_util.py:749][DEBUG] # get_cache_url(url_prefix='https://terzeron.com/xml/img/black_haired_general_of_us_army', img_url_for_hashing='https://k16stm.com/75873/6z7fl', postfix=None, index=None, suffix='.webp')
[2026-06-10 23:30:28,237][feed_maker_util.py:731][DEBUG] # get_cache_info_common(img_url_for_hashing='https://k16stm.com/75873/6z7fl'', postfix='None', index=None)
[2026-06-10 23:30:28,237][feed_maker_util.py:757][DEBUG] # get_cache_file_path(path_prefix='img/black_haired_general_of_us_army', img_url_for_hashing='https://k16stm.com/75873/6z7fl', postfix='None', index=None, suffix=None)
[2026-06-10 23:30:28,237][feed_maker_util.py:731][DEBUG] # get_cache_info_common(img_url_for_hashing='https://k16stm.com/75873/6z7fl'', postfix='None', index=None)
[2026-06-10 23:30:28,237][feed_maker_util.py:749][DEBUG] # get_cache_url(url_prefix='https://terzeron.com/xml/img/black_haired_general_of_us_army', img_url_for_hashing='https://k16stm.com/75873/6z7fl', postfix=None, index=None, suffix='.webp')
[2026-06-10 23:30:28,237][feed_maker_util.py:731][DEBUG] # get_cache_info_common(img_url_for_hashing='https://k16stm.com/75873/6z7fl'', postfix='None', index=None)
[2026-06-10 23:30:28,237][feed_maker_util.py:757][DEBUG] # get_cache_file_path(path_prefix='img/black_haired_general_of_us_army', img_url_for_hashing='https://k16stm.com/75873/6z7fl', postfix='None', index=None, suffix=None)
[2026-06-10 23:30:28,237][feed_maker_util.py:731][DEBUG] # get_cache_info_common(img_url_for_hashing='https://k16stm.com/75873/6z7fl'', postfix='None', index=None)
[2026-06-10 23:30:28,237][feed_maker_util.py:749][DEBUG] # get_cache_url(url_prefix='https://terzeron.com/xml/img/black_haired_general_of_us_army', img_url_for_hashing='https://k16stm.com/75873/6z7fl', postfix=None, index=None, suffix='.webp')
[2026-06-10 23:30:28,237][feed_maker_util.py:731][DEBUG] # get_cache_info_common(img_url_for_hashing='https://k16stm.com/75873/6z7fl'', postfix='None', index=None)
[2026-06-10 23:30:28,238][feed_maker_util.py:757][DEBUG] # get_cache_file_path(path_prefix='img/black_haired_general_of_us_army', img_url_for_hashing='https://k16stm.com/75873/6z7fl', postfix='None', index=None, suffix=None)
[2026-06-10 23:30:28,238][feed_maker_util.py:731][DEBUG] # get_cache_info_common(img_url_for_hashing='https://k16stm.com/75873/6z7fl'', postfix='None', index=None)
[2026-06-10 23:30:28,238][feed_maker_util.py:749][DEBUG] # get_cache_url(url_prefix='https://terzeron.com/xml/img/black_haired_general_of_us_army', img_url_for_hashing='https://k16stm.com/75873/6z7fl', postfix=None, index=None, suffix='.webp')
[2026-06-10 23:30:28,238][feed_maker_util.py:731][DEBUG] # get_cache_info_common(img_url_for_hashing='https://k16stm.com/75873/6z7fl'', postfix='None', index=None)
[2026-06-10 23:30:28,238][feed_maker_util.py:757][DEBUG] # get_cache_file_path(path_prefix='img/black_haired_general_of_us_army', img_url_for_hashing='https://k16stm.com/75873/6z7fl', postfix='None', index=None, suffix=None)
[2026-06-10 23:30:28,238][feed_maker_util.py:731][DEBUG] # get_cache_info_common(img_url_for_hashing='https://k16stm.com/75873/6z7fl'', postfix='None', index=None)
[2026-06-10 23:30:28,238][feed_maker_util.py:749][DEBUG] # get_cache_url(url_prefix='https://terzeron.com/xml/img/black_haired_general_of_us_army', img_url_for_hashing='https://k16stm.com/75873/6z7fl', postfix=None, index=None, suffix='.webp')
[2026-06-10 23:30:28,238][feed_maker_util.py:731][DEBUG] # get_cache_info_common(img_url_for_hashing='https://k16stm.com/75873/6z7fl'', postfix='None', index=None)
[2026-06-10 23:30:28,301][feed_maker.py:276][DEBUG] cmd=download_image.py -f /home/terzeron/workspace/fma/wfwf/black_haired_general_of_us_army 'https://wfwf462.com/view?toon=75873&num=31'
[2026-06-10 23:30:28,301][feed_maker.py:274][DEBUG] cmd=../remove_anchor_images.sh -f /home/terzeron/workspace/fma/wfwf/black_haired_general_of_us_army 'https://wfwf462.com/view?toon=75873&num=31'
[2026-06-10 23:30:28,301][feed_maker_util.py:151][DEBUG] # Process.exec_cmd(cmd=../remove_anchor_images.sh -f /home/terzeron/workspace/fma/wfwf/black_haired_general_of_us_army 'https://wfwf462.com/view?toon=75873&num=31', dir_path=wfwf/black_haired_general_of_us_army, input_data=12731 bytes)
[2026-06-10 23:30:28,302][feed_maker_util.py:155][DEBUG] argv=['/home/terzeron/workspace/fma/wfwf/remove_anchor_images.sh', '-f', '/home/terzeron/workspace/fma/wfwf/black_haired_general_of_us_army', 'https://wfwf462.com/view?toon=75873&num=31']
[2026-06-10 23:30:28,308][feed_maker.py:276][DEBUG] cmd=../remove_anchor_images.sh -f /home/terzeron/workspace/fma/wfwf/black_haired_general_of_us_army 'https://wfwf462.com/view?toon=75873&num=31'
[2026-06-10 23:30:28,308][feed_maker.py:283][DEBUG] writing to 'wfwf/black_haired_general_of_us_army/html/42d2837.html'
[2026-06-10 23:30:28,309][feed_maker.py:300][INFO] New: https://wfwf462.com/view?toon=75873&num=31	031. 31화	wfwf/black_haired_general_of_us_army/html/42d2837.html (12743 bytes > 359 bytes of template)
[2026-06-10 23:30:28,309][feed_maker_util.py:765][DEBUG] # get_incomplete_image_list(html_file_path='wfwf/black_haired_general_of_us_army/html/42d2837.html')
[2026-06-10 23:30:28,312][feed_maker.py:446][INFO] Appending 0 old items to the feed list
[2026-06-10 23:30:28,312][feed_maker.py:453][DEBUG] # generate_rss_feed()
[2026-06-10 23:30:28,312][feed_maker.py:463][DEBUG] rss_file_path=wfwf/black_haired_general_of_us_army/black_haired_general_of_us_army.xml, temp_rss_file_path=wfwf/black_haired_general_of_us_army/black_haired_general_of_us_army.xml.20260610, old_rss_file_path=wfwf/black_haired_general_of_us_army/black_haired_general_of_us_army.xml.old
[2026-06-10 23:30:28,312][feed_maker.py:465][INFO] Generating rss feed file...
[2026-06-10 23:30:28,312][feed_maker.py:469][INFO] https://wfwf462.com/view?toon=75873&num=32	032. 32화	wfwf/black_haired_general_of_us_army/html/b7ee63a.html
[2026-06-10 23:30:28,312][feed_maker.py:469][INFO] https://wfwf462.com/view?toon=75873&num=33	033. 33화	wfwf/black_haired_general_of_us_army/html/7b51604.html
[2026-06-10 23:30:28,312][feed_maker.py:469][INFO] https://wfwf462.com/view?toon=75873&num=34	034. 34화	wfwf/black_haired_general_of_us_army/html/664a15b.html
[2026-06-10 23:30:28,313][feed_maker.py:469][INFO] https://wfwf462.com/view?toon=75873&num=35	035. 검은머리 미군 대원수 35화	wfwf/black_haired_general_of_us_army/html/87c7584.html
[2026-06-10 23:30:28,313][feed_maker.py:469][INFO] https://wfwf462.com/view?toon=75873&num=36	036. 검은머리 미군 대원수 36화	wfwf/black_haired_general_of_us_army/html/5eca375.html
[2026-06-10 23:30:28,329][feed_maker.py:517][DEBUG] is_differernt=False
[2026-06-10 23:30:28,329][uploader.py:19][DEBUG] # upload(rss_file_path='wfwf/black_haired_general_of_us_army/black_haired_general_of_us_army.xml'
[2026-06-10 23:30:28,329][uploader.py:27][INFO] new rss file exists
[2026-06-10 23:30:28,341][uploader.py:32][WARNING] Warning: upload skipped, no change from old rss file
[2026-06-10 23:30:28,341][feed_maker_util.py:821][DEBUG] # remove_temporary_files(feed_dir_path='wfwf/black_haired_general_of_us_army')
[2026-06-10 23:30:28,341][feed_maker_util.py:822][INFO] # deleting temporary files
[2026-06-10 23:30:28,341][run.py:91][INFO] # Running time analysis
[2026-06-10 23:30:28,341][run.py:92][INFO] * Start time: 2026-06-10T14:30:26+00:00
[2026-06-10 23:30:28,341][run.py:93][INFO] * End time: 2026-06-10T14:30:28+00:00
[2026-06-10 23:30:28,342][run.py:94][INFO] * Elapsed time: 1.903572
[2026-06-10 23:30:28,342][problem_manager.py:101][DEBUG] # update_feed_info(feed_dir_path=wfwf/black_haired_general_of_us_army, new_feed_dir_path=)
[2026-06-10 23:30:28,342][feed_manager.py:160][DEBUG] # remove_config_info(feed_dir_path='wfwf/black_haired_general_of_us_army', do_remove_file=False)
[2026-06-10 23:30:28,350][feed_manager.py:166][INFO] * The removing of config info of feed 'black_haired_general_of_us_army' is done.
[2026-06-10 23:30:28,350][feed_manager.py:276][DEBUG] # remove_rss_info(feed_dir_path='wfwf/black_haired_general_of_us_army', do_remove_file=False)
[2026-06-10 23:30:28,353][feed_manager.py:282][INFO] * The removing of rss info of feed 'black_haired_general_of_us_army' is done.
[2026-06-10 23:30:28,354][feed_manager.py:360][INFO] * The removing of public feed info of feed 'black_haired_general_of_us_army' is done.
[2026-06-10 23:30:28,356][feed_manager.py:433][DEBUG] # remove_progress_info(feed_dir_path='wfwf/black_haired_general_of_us_army', do_remove_file=False)
[2026-06-10 23:30:28,359][feed_manager.py:439][INFO] * The removing of progress info of feed 'black_haired_general_of_us_army' is done.
[2026-06-10 23:30:28,362][access_log_manager.py:56][INFO] * The removing of access info of feed 'black_haired_general_of_us_army' is done.
[2026-06-10 23:30:28,362][html_file_manager.py:134][DEBUG] # remove_html_file_in_path_from_info(dir_type_name='feed_dir_path'', path='wfwf/black_haired_general_of_us_army')
[2026-06-10 23:30:28,368][html_file_manager.py:155][INFO] * The removing of some html files in 'wfwf/black_haired_general_of_us_army' is done
[2026-06-10 23:30:28,375][feed_manager.py:236][INFO] * The adding of config info of feed 'black_haired_general_of_us_army' is done.
[2026-06-10 23:30:28,380][feed_manager.py:320][INFO] * The adding of rss info of feed 'black_haired_general_of_us_army' is done.
[2026-06-10 23:30:28,385][feed_manager.py:399][INFO] * The adding of public feed info of feed 'black_haired_general_of_us_army' is done. 5 items
[2026-06-10 23:30:28,390][feed_manager.py:529][INFO] * The adding of progress info of feed 'black_haired_general_of_us_army' is done. 1 items
[2026-06-10 23:30:28,390][html_file_manager.py:158][DEBUG] # _add_html_info(feed_dir_path=wfwf/black_haired_general_of_us_army)
[2026-06-10 23:30:28,428][html_file_manager.py:191][INFO] * The adding of some html files in 'wfwf/black_haired_general_of_us_army' is done. 30 items
[2026-06-10 23:30:28,428][run.py:242][INFO] # Checking problems and making report
