[2026-05-17 21:14:35,903][run.py:209][DEBUG] # main()
[2026-05-17 21:14:35,903][run.py:178][DEBUG] # determine_options()
[2026-05-17 21:14:35,903][run.py:218][DEBUG] {'do_make_all_feeds': False, 'do_remove_all_files': False, 'force_collection_opt': '', 'collect_only_opt': '', 'num_feeds': 0, 'window_size': 5}
[2026-05-17 21:14:35,903][run.py:219][DEBUG] naver/surviving_as_barbarian_in_game
[2026-05-17 21:14:35,904][run.py:24][DEBUG] # FeedMakerRunner(html_archiving_period=30, list_archiving_period=7)
[2026-05-17 21:14:35,955][feed_maker_util.py:468][DEBUG] # Config(feed_dir_path=naver/surviving_as_barbarian_in_game)
[2026-05-17 21:14:35,956][feed_maker_util.py:540][DEBUG] # get_collection_configs()
[2026-05-17 21:14:35,956][run.py:234][INFO] run with force_collection_opt '-c'
[2026-05-17 21:14:35,956][run.py:41][DEBUG] # make_single_feed(feed_dir_path='naver/surviving_as_barbarian_in_game', options={'force_collection_opt': '-c'})
[2026-05-17 21:14:35,956][run.py:56][INFO] * naver/surviving_as_barbarian_in_game
[2026-05-17 21:14:35,956][feed_maker_util.py:794][DEBUG] # remove_image_files_with_zero_size()
[2026-05-17 21:14:35,956][feed_maker_util.py:795][INFO] # deleting image files with zero size
[2026-05-17 21:14:36,144][feed_maker_util.py:779][DEBUG] # remove_html_files_without_cached_image_files(feed_dir_path='naver/surviving_as_barbarian_in_game', feed_img_dir_path='img/surviving_as_barbarian_in_game')
[2026-05-17 21:14:36,144][feed_maker_util.py:780][INFO] # deleting html files without cached image files
[2026-05-17 21:14:36,144][feed_maker_util.py:468][DEBUG] # Config(feed_dir_path=naver/surviving_as_barbarian_in_game)
[2026-05-17 21:14:36,144][feed_maker_util.py:572][DEBUG] # get_extraction_configs()
[2026-05-17 21:14:36,145][feed_maker_util.py:747][DEBUG] # get_incomplete_image_list(html_file_path='naver/surviving_as_barbarian_in_game/html/4ed04c0.html')
[2026-05-17 21:14:36,146][feed_maker_util.py:747][DEBUG] # get_incomplete_image_list(html_file_path='naver/surviving_as_barbarian_in_game/html/b52a2cd.html')
[2026-05-17 21:14:36,147][feed_maker_util.py:747][DEBUG] # get_incomplete_image_list(html_file_path='naver/surviving_as_barbarian_in_game/html/5a93185.html')
[2026-05-17 21:14:36,148][feed_maker_util.py:747][DEBUG] # get_incomplete_image_list(html_file_path='naver/surviving_as_barbarian_in_game/html/b93c146.html')
[2026-05-17 21:14:36,150][feed_maker_util.py:747][DEBUG] # get_incomplete_image_list(html_file_path='naver/surviving_as_barbarian_in_game/html/a4ea82f.html')
[2026-05-17 21:14:36,151][feed_maker_util.py:747][DEBUG] # get_incomplete_image_list(html_file_path='naver/surviving_as_barbarian_in_game/html/00c26de.html')
[2026-05-17 21:14:36,152][feed_maker_util.py:747][DEBUG] # get_incomplete_image_list(html_file_path='naver/surviving_as_barbarian_in_game/html/854aea0.html')
[2026-05-17 21:14:36,153][feed_maker_util.py:747][DEBUG] # get_incomplete_image_list(html_file_path='naver/surviving_as_barbarian_in_game/html/19aa914.html')
[2026-05-17 21:14:36,154][feed_maker_util.py:747][DEBUG] # get_incomplete_image_list(html_file_path='naver/surviving_as_barbarian_in_game/html/b7f472a.html')
[2026-05-17 21:14:36,155][feed_maker_util.py:747][DEBUG] # get_incomplete_image_list(html_file_path='naver/surviving_as_barbarian_in_game/html/cf395f1.html')
[2026-05-17 21:14:36,157][feed_maker_util.py:747][DEBUG] # get_incomplete_image_list(html_file_path='naver/surviving_as_barbarian_in_game/html/f412e7e.html')
[2026-05-17 21:14:36,158][feed_maker_util.py:747][DEBUG] # get_incomplete_image_list(html_file_path='naver/surviving_as_barbarian_in_game/html/8041202.html')
[2026-05-17 21:14:36,160][feed_maker_util.py:747][DEBUG] # get_incomplete_image_list(html_file_path='naver/surviving_as_barbarian_in_game/html/4f6db96.html')
[2026-05-17 21:14:36,161][feed_maker_util.py:747][DEBUG] # get_incomplete_image_list(html_file_path='naver/surviving_as_barbarian_in_game/html/dd11e29.html')
[2026-05-17 21:14:36,162][feed_maker_util.py:747][DEBUG] # get_incomplete_image_list(html_file_path='naver/surviving_as_barbarian_in_game/html/3202bed.html')
[2026-05-17 21:14:36,163][feed_maker_util.py:747][DEBUG] # get_incomplete_image_list(html_file_path='naver/surviving_as_barbarian_in_game/html/d58eff8.html')
[2026-05-17 21:14:36,165][feed_maker_util.py:747][DEBUG] # get_incomplete_image_list(html_file_path='naver/surviving_as_barbarian_in_game/html/a389275.html')
[2026-05-17 21:14:36,166][feed_maker_util.py:747][DEBUG] # get_incomplete_image_list(html_file_path='naver/surviving_as_barbarian_in_game/html/f86e46a.html')
[2026-05-17 21:14:36,167][feed_maker_util.py:747][DEBUG] # get_incomplete_image_list(html_file_path='naver/surviving_as_barbarian_in_game/html/77a7fb3.html')
[2026-05-17 21:14:36,168][feed_maker_util.py:747][DEBUG] # get_incomplete_image_list(html_file_path='naver/surviving_as_barbarian_in_game/html/07c6d53.html')
[2026-05-17 21:14:36,170][feed_maker_util.py:747][DEBUG] # get_incomplete_image_list(html_file_path='naver/surviving_as_barbarian_in_game/html/129bf03.html')
[2026-05-17 21:14:36,171][feed_maker_util.py:747][DEBUG] # get_incomplete_image_list(html_file_path='naver/surviving_as_barbarian_in_game/html/f766677.html')
[2026-05-17 21:14:36,172][feed_maker_util.py:747][DEBUG] # get_incomplete_image_list(html_file_path='naver/surviving_as_barbarian_in_game/html/d80f58e.html')
[2026-05-17 21:14:36,173][feed_maker_util.py:747][DEBUG] # get_incomplete_image_list(html_file_path='naver/surviving_as_barbarian_in_game/html/1cd0c7f.html')
[2026-05-17 21:14:36,175][feed_maker_util.py:747][DEBUG] # get_incomplete_image_list(html_file_path='naver/surviving_as_barbarian_in_game/html/6937fd5.html')
[2026-05-17 21:14:36,176][feed_maker_util.py:747][DEBUG] # get_incomplete_image_list(html_file_path='naver/surviving_as_barbarian_in_game/html/b162728.html')
[2026-05-17 21:14:36,178][feed_maker_util.py:747][DEBUG] # get_incomplete_image_list(html_file_path='naver/surviving_as_barbarian_in_game/html/d4dbbe0.html')
[2026-05-17 21:14:36,179][feed_maker_util.py:747][DEBUG] # get_incomplete_image_list(html_file_path='naver/surviving_as_barbarian_in_game/html/0b83bb7.html')
[2026-05-17 21:14:36,180][feed_maker_util.py:747][DEBUG] # get_incomplete_image_list(html_file_path='naver/surviving_as_barbarian_in_game/html/7d418b0.html')
[2026-05-17 21:14:36,181][feed_maker_util.py:747][DEBUG] # get_incomplete_image_list(html_file_path='naver/surviving_as_barbarian_in_game/html/1a338a4.html')
[2026-05-17 21:14:36,183][feed_maker_util.py:747][DEBUG] # get_incomplete_image_list(html_file_path='naver/surviving_as_barbarian_in_game/html/1a51d24.html')
[2026-05-17 21:14:36,184][feed_maker_util.py:747][DEBUG] # get_incomplete_image_list(html_file_path='naver/surviving_as_barbarian_in_game/html/0f99056.html')
[2026-05-17 21:14:36,185][feed_maker_util.py:747][DEBUG] # get_incomplete_image_list(html_file_path='naver/surviving_as_barbarian_in_game/html/570b9b0.html')
[2026-05-17 21:14:36,187][feed_maker_util.py:747][DEBUG] # get_incomplete_image_list(html_file_path='naver/surviving_as_barbarian_in_game/html/1a55962.html')
[2026-05-17 21:14:36,188][feed_maker_util.py:747][DEBUG] # get_incomplete_image_list(html_file_path='naver/surviving_as_barbarian_in_game/html/6a1b278.html')
[2026-05-17 21:14:36,189][feed_maker_util.py:747][DEBUG] # get_incomplete_image_list(html_file_path='naver/surviving_as_barbarian_in_game/html/9073599.html')
[2026-05-17 21:14:36,191][feed_maker_util.py:747][DEBUG] # get_incomplete_image_list(html_file_path='naver/surviving_as_barbarian_in_game/html/e165c96.html')
[2026-05-17 21:14:36,192][feed_maker_util.py:747][DEBUG] # get_incomplete_image_list(html_file_path='naver/surviving_as_barbarian_in_game/html/3be47f4.html')
[2026-05-17 21:14:36,193][feed_maker_util.py:747][DEBUG] # get_incomplete_image_list(html_file_path='naver/surviving_as_barbarian_in_game/html/a186f36.html')
[2026-05-17 21:14:36,194][feed_maker_util.py:747][DEBUG] # get_incomplete_image_list(html_file_path='naver/surviving_as_barbarian_in_game/html/98dbbdc.html')
[2026-05-17 21:14:36,195][feed_maker_util.py:747][DEBUG] # get_incomplete_image_list(html_file_path='naver/surviving_as_barbarian_in_game/html/00a183f.html')
[2026-05-17 21:14:36,197][feed_maker_util.py:747][DEBUG] # get_incomplete_image_list(html_file_path='naver/surviving_as_barbarian_in_game/html/5b17650.html')
[2026-05-17 21:14:36,198][feed_maker_util.py:747][DEBUG] # get_incomplete_image_list(html_file_path='naver/surviving_as_barbarian_in_game/html/5694875.html')
[2026-05-17 21:14:36,199][feed_maker_util.py:747][DEBUG] # get_incomplete_image_list(html_file_path='naver/surviving_as_barbarian_in_game/html/a923c99.html')
[2026-05-17 21:14:36,200][feed_maker_util.py:747][DEBUG] # get_incomplete_image_list(html_file_path='naver/surviving_as_barbarian_in_game/html/c518301.html')
[2026-05-17 21:14:36,202][feed_maker_util.py:747][DEBUG] # get_incomplete_image_list(html_file_path='naver/surviving_as_barbarian_in_game/html/9f2aae4.html')
[2026-05-17 21:14:36,203][feed_maker_util.py:747][DEBUG] # get_incomplete_image_list(html_file_path='naver/surviving_as_barbarian_in_game/html/bf25463.html')
[2026-05-17 21:14:36,204][feed_maker_util.py:747][DEBUG] # get_incomplete_image_list(html_file_path='naver/surviving_as_barbarian_in_game/html/8e377dc.html')
[2026-05-17 21:14:36,206][feed_maker_util.py:747][DEBUG] # get_incomplete_image_list(html_file_path='naver/surviving_as_barbarian_in_game/html/2b8e9ec.html')
[2026-05-17 21:14:36,207][feed_maker_util.py:747][DEBUG] # get_incomplete_image_list(html_file_path='naver/surviving_as_barbarian_in_game/html/a1d0d40.html')
[2026-05-17 21:14:36,208][feed_maker_util.py:747][DEBUG] # get_incomplete_image_list(html_file_path='naver/surviving_as_barbarian_in_game/html/9c4c965.html')
[2026-05-17 21:14:36,209][feed_maker_util.py:747][DEBUG] # get_incomplete_image_list(html_file_path='naver/surviving_as_barbarian_in_game/html/aecb6f2.html')
[2026-05-17 21:14:36,211][feed_maker_util.py:747][DEBUG] # get_incomplete_image_list(html_file_path='naver/surviving_as_barbarian_in_game/html/848ad3b.html')
[2026-05-17 21:14:36,212][feed_maker_util.py:747][DEBUG] # get_incomplete_image_list(html_file_path='naver/surviving_as_barbarian_in_game/html/0c147ec.html')
[2026-05-17 21:14:36,213][feed_maker_util.py:747][DEBUG] # get_incomplete_image_list(html_file_path='naver/surviving_as_barbarian_in_game/html/5d9f70f.html')
[2026-05-17 21:14:36,215][feed_maker_util.py:747][DEBUG] # get_incomplete_image_list(html_file_path='naver/surviving_as_barbarian_in_game/html/19fe85c.html')
[2026-05-17 21:14:36,216][feed_maker_util.py:747][DEBUG] # get_incomplete_image_list(html_file_path='naver/surviving_as_barbarian_in_game/html/837f5a7.html')
[2026-05-17 21:14:36,217][feed_maker_util.py:747][DEBUG] # get_incomplete_image_list(html_file_path='naver/surviving_as_barbarian_in_game/html/20a581b.html')
[2026-05-17 21:14:36,218][feed_maker_util.py:747][DEBUG] # get_incomplete_image_list(html_file_path='naver/surviving_as_barbarian_in_game/html/1a1c0b9.html')
[2026-05-17 21:14:36,219][feed_maker_util.py:747][DEBUG] # get_incomplete_image_list(html_file_path='naver/surviving_as_barbarian_in_game/html/6cc20ee.html')
[2026-05-17 21:14:36,221][feed_maker_util.py:747][DEBUG] # get_incomplete_image_list(html_file_path='naver/surviving_as_barbarian_in_game/html/f0453c2.html')
[2026-05-17 21:14:36,221][feed_maker_util.py:747][DEBUG] # get_incomplete_image_list(html_file_path='naver/surviving_as_barbarian_in_game/html/96db7b2.html')
[2026-05-17 21:14:36,223][feed_maker_util.py:747][DEBUG] # get_incomplete_image_list(html_file_path='naver/surviving_as_barbarian_in_game/html/12cddf4.html')
[2026-05-17 21:14:36,224][feed_maker_util.py:747][DEBUG] # get_incomplete_image_list(html_file_path='naver/surviving_as_barbarian_in_game/html/b74d88d.html')
[2026-05-17 21:14:36,225][feed_maker_util.py:747][DEBUG] # get_incomplete_image_list(html_file_path='naver/surviving_as_barbarian_in_game/html/52c0a11.html')
[2026-05-17 21:14:36,226][feed_maker_util.py:747][DEBUG] # get_incomplete_image_list(html_file_path='naver/surviving_as_barbarian_in_game/html/ddf7648.html')
[2026-05-17 21:14:36,227][feed_maker_util.py:747][DEBUG] # get_incomplete_image_list(html_file_path='naver/surviving_as_barbarian_in_game/html/d200066.html')
[2026-05-17 21:14:36,229][feed_maker_util.py:747][DEBUG] # get_incomplete_image_list(html_file_path='naver/surviving_as_barbarian_in_game/html/81fc52f.html')
[2026-05-17 21:14:36,230][feed_maker_util.py:747][DEBUG] # get_incomplete_image_list(html_file_path='naver/surviving_as_barbarian_in_game/html/b1edcfa.html')
[2026-05-17 21:14:36,231][feed_maker_util.py:747][DEBUG] # get_incomplete_image_list(html_file_path='naver/surviving_as_barbarian_in_game/html/e098344.html')
[2026-05-17 21:14:36,233][feed_maker_util.py:747][DEBUG] # get_incomplete_image_list(html_file_path='naver/surviving_as_barbarian_in_game/html/c7e0903.html')
[2026-05-17 21:14:36,235][feed_maker_util.py:747][DEBUG] # get_incomplete_image_list(html_file_path='naver/surviving_as_barbarian_in_game/html/b0c3318.html')
[2026-05-17 21:14:36,236][feed_maker_util.py:747][DEBUG] # get_incomplete_image_list(html_file_path='naver/surviving_as_barbarian_in_game/html/ee6ae33.html')
[2026-05-17 21:14:36,237][feed_maker_util.py:747][DEBUG] # get_incomplete_image_list(html_file_path='naver/surviving_as_barbarian_in_game/html/92f20c0.html')
[2026-05-17 21:14:36,238][feed_maker_util.py:747][DEBUG] # get_incomplete_image_list(html_file_path='naver/surviving_as_barbarian_in_game/html/7e75887.html')
[2026-05-17 21:14:36,239][feed_maker_util.py:747][DEBUG] # get_incomplete_image_list(html_file_path='naver/surviving_as_barbarian_in_game/html/192f6d0.html')
[2026-05-17 21:14:36,241][feed_maker_util.py:747][DEBUG] # get_incomplete_image_list(html_file_path='naver/surviving_as_barbarian_in_game/html/dac4294.html')
[2026-05-17 21:14:36,242][feed_maker_util.py:747][DEBUG] # get_incomplete_image_list(html_file_path='naver/surviving_as_barbarian_in_game/html/e2c2bb9.html')
[2026-05-17 21:14:36,243][feed_maker_util.py:747][DEBUG] # get_incomplete_image_list(html_file_path='naver/surviving_as_barbarian_in_game/html/f6123ce.html')
[2026-05-17 21:14:36,244][feed_maker_util.py:747][DEBUG] # get_incomplete_image_list(html_file_path='naver/surviving_as_barbarian_in_game/html/f3225fa.html')
[2026-05-17 21:14:36,245][feed_maker_util.py:747][DEBUG] # get_incomplete_image_list(html_file_path='naver/surviving_as_barbarian_in_game/html/1574ae7.html')
[2026-05-17 21:14:36,246][feed_maker_util.py:747][DEBUG] # get_incomplete_image_list(html_file_path='naver/surviving_as_barbarian_in_game/html/780d8a7.html')
[2026-05-17 21:14:36,247][feed_maker_util.py:747][DEBUG] # get_incomplete_image_list(html_file_path='naver/surviving_as_barbarian_in_game/html/f7f70a5.html')
[2026-05-17 21:14:36,249][feed_maker_util.py:747][DEBUG] # get_incomplete_image_list(html_file_path='naver/surviving_as_barbarian_in_game/html/a807153.html')
[2026-05-17 21:14:36,250][feed_maker_util.py:747][DEBUG] # get_incomplete_image_list(html_file_path='naver/surviving_as_barbarian_in_game/html/754a9f2.html')
[2026-05-17 21:14:36,251][feed_maker_util.py:747][DEBUG] # get_incomplete_image_list(html_file_path='naver/surviving_as_barbarian_in_game/html/5609b8c.html')
[2026-05-17 21:14:36,252][feed_maker_util.py:747][DEBUG] # get_incomplete_image_list(html_file_path='naver/surviving_as_barbarian_in_game/html/ea25ac1.html')
[2026-05-17 21:14:36,253][feed_maker_util.py:747][DEBUG] # get_incomplete_image_list(html_file_path='naver/surviving_as_barbarian_in_game/html/8c232e8.html')
[2026-05-17 21:14:36,254][feed_maker_util.py:747][DEBUG] # get_incomplete_image_list(html_file_path='naver/surviving_as_barbarian_in_game/html/ea0bec6.html')
[2026-05-17 21:14:36,256][feed_maker_util.py:747][DEBUG] # get_incomplete_image_list(html_file_path='naver/surviving_as_barbarian_in_game/html/9a128b4.html')
[2026-05-17 21:14:36,257][feed_maker_util.py:747][DEBUG] # get_incomplete_image_list(html_file_path='naver/surviving_as_barbarian_in_game/html/cc24d9f.html')
[2026-05-17 21:14:36,258][feed_maker_util.py:747][DEBUG] # get_incomplete_image_list(html_file_path='naver/surviving_as_barbarian_in_game/html/d50110a.html')
[2026-05-17 21:14:36,259][feed_maker_util.py:747][DEBUG] # get_incomplete_image_list(html_file_path='naver/surviving_as_barbarian_in_game/html/6e6bb1e.html')
[2026-05-17 21:14:36,260][feed_maker_util.py:747][DEBUG] # get_incomplete_image_list(html_file_path='naver/surviving_as_barbarian_in_game/html/421e061.html')
[2026-05-17 21:14:36,262][feed_maker_util.py:747][DEBUG] # get_incomplete_image_list(html_file_path='naver/surviving_as_barbarian_in_game/html/76c36fc.html')
[2026-05-17 21:14:36,263][feed_maker_util.py:747][DEBUG] # get_incomplete_image_list(html_file_path='naver/surviving_as_barbarian_in_game/html/8697d16.html')
[2026-05-17 21:14:36,264][feed_maker_util.py:747][DEBUG] # get_incomplete_image_list(html_file_path='naver/surviving_as_barbarian_in_game/html/74d76b6.html')
[2026-05-17 21:14:36,265][feed_maker_util.py:747][DEBUG] # get_incomplete_image_list(html_file_path='naver/surviving_as_barbarian_in_game/html/549c5de.html')
[2026-05-17 21:14:36,266][feed_maker_util.py:747][DEBUG] # get_incomplete_image_list(html_file_path='naver/surviving_as_barbarian_in_game/html/f521b0e.html')
[2026-05-17 21:14:36,267][feed_maker_util.py:747][DEBUG] # get_incomplete_image_list(html_file_path='naver/surviving_as_barbarian_in_game/html/2f26b8b.html')
[2026-05-17 21:14:36,269][feed_maker_util.py:747][DEBUG] # get_incomplete_image_list(html_file_path='naver/surviving_as_barbarian_in_game/html/c2970d2.html')
[2026-05-17 21:14:36,270][feed_maker_util.py:747][DEBUG] # get_incomplete_image_list(html_file_path='naver/surviving_as_barbarian_in_game/html/428799f.html')
[2026-05-17 21:14:36,271][feed_maker_util.py:747][DEBUG] # get_incomplete_image_list(html_file_path='naver/surviving_as_barbarian_in_game/html/1e3b51b.html')
[2026-05-17 21:14:36,272][feed_maker_util.py:747][DEBUG] # get_incomplete_image_list(html_file_path='naver/surviving_as_barbarian_in_game/html/98994f2.html')
[2026-05-17 21:14:36,273][feed_maker_util.py:747][DEBUG] # get_incomplete_image_list(html_file_path='naver/surviving_as_barbarian_in_game/html/8d724da.html')
[2026-05-17 21:14:36,275][feed_maker_util.py:747][DEBUG] # get_incomplete_image_list(html_file_path='naver/surviving_as_barbarian_in_game/html/3ef2aed.html')
[2026-05-17 21:14:36,276][feed_maker_util.py:747][DEBUG] # get_incomplete_image_list(html_file_path='naver/surviving_as_barbarian_in_game/html/66adfbc.html')
[2026-05-17 21:14:36,277][feed_maker_util.py:747][DEBUG] # get_incomplete_image_list(html_file_path='naver/surviving_as_barbarian_in_game/html/2c13873.html')
[2026-05-17 21:14:36,278][feed_maker_util.py:747][DEBUG] # get_incomplete_image_list(html_file_path='naver/surviving_as_barbarian_in_game/html/68a73f9.html')
[2026-05-17 21:14:36,279][feed_maker_util.py:747][DEBUG] # get_incomplete_image_list(html_file_path='naver/surviving_as_barbarian_in_game/html/62584be.html')
[2026-05-17 21:14:36,280][feed_maker_util.py:747][DEBUG] # get_incomplete_image_list(html_file_path='naver/surviving_as_barbarian_in_game/html/3f66f74.html')
[2026-05-17 21:14:36,282][feed_maker_util.py:747][DEBUG] # get_incomplete_image_list(html_file_path='naver/surviving_as_barbarian_in_game/html/852b06c.html')
[2026-05-17 21:14:36,283][feed_maker_util.py:747][DEBUG] # get_incomplete_image_list(html_file_path='naver/surviving_as_barbarian_in_game/html/7c60609.html')
[2026-05-17 21:14:36,284][feed_maker_util.py:747][DEBUG] # get_incomplete_image_list(html_file_path='naver/surviving_as_barbarian_in_game/html/e4900cf.html')
[2026-05-17 21:14:36,285][feed_maker_util.py:747][DEBUG] # get_incomplete_image_list(html_file_path='naver/surviving_as_barbarian_in_game/html/53b5d07.html')
[2026-05-17 21:14:36,286][feed_maker_util.py:747][DEBUG] # get_incomplete_image_list(html_file_path='naver/surviving_as_barbarian_in_game/html/7a06cb7.html')
[2026-05-17 21:14:36,288][feed_maker_util.py:747][DEBUG] # get_incomplete_image_list(html_file_path='naver/surviving_as_barbarian_in_game/html/a052661.html')
[2026-05-17 21:14:36,289][feed_maker_util.py:747][DEBUG] # get_incomplete_image_list(html_file_path='naver/surviving_as_barbarian_in_game/html/84ffbb7.html')
[2026-05-17 21:14:36,290][feed_maker_util.py:747][DEBUG] # get_incomplete_image_list(html_file_path='naver/surviving_as_barbarian_in_game/html/77a7084.html')
[2026-05-17 21:14:36,291][feed_maker_util.py:747][DEBUG] # get_incomplete_image_list(html_file_path='naver/surviving_as_barbarian_in_game/html/11d6cab.html')
[2026-05-17 21:14:36,292][feed_maker_util.py:747][DEBUG] # get_incomplete_image_list(html_file_path='naver/surviving_as_barbarian_in_game/html/86d63f7.html')
[2026-05-17 21:14:36,293][feed_maker_util.py:747][DEBUG] # get_incomplete_image_list(html_file_path='naver/surviving_as_barbarian_in_game/html/170abb2.html')
[2026-05-17 21:14:36,294][feed_maker_util.py:747][DEBUG] # get_incomplete_image_list(html_file_path='naver/surviving_as_barbarian_in_game/html/864247a.html')
[2026-05-17 21:14:36,295][feed_maker_util.py:747][DEBUG] # get_incomplete_image_list(html_file_path='naver/surviving_as_barbarian_in_game/html/034e4b7.html')
[2026-05-17 21:14:36,297][feed_maker_util.py:747][DEBUG] # get_incomplete_image_list(html_file_path='naver/surviving_as_barbarian_in_game/html/b3ff561.html')
[2026-05-17 21:14:36,298][feed_maker_util.py:747][DEBUG] # get_incomplete_image_list(html_file_path='naver/surviving_as_barbarian_in_game/html/f8d8ce4.html')
[2026-05-17 21:14:36,299][feed_maker_util.py:747][DEBUG] # get_incomplete_image_list(html_file_path='naver/surviving_as_barbarian_in_game/html/ba385cc.html')
[2026-05-17 21:14:36,300][feed_maker_util.py:747][DEBUG] # get_incomplete_image_list(html_file_path='naver/surviving_as_barbarian_in_game/html/4e19b58.html')
[2026-05-17 21:14:36,301][feed_maker_util.py:747][DEBUG] # get_incomplete_image_list(html_file_path='naver/surviving_as_barbarian_in_game/html/b377990.html')
[2026-05-17 21:14:36,302][feed_maker_util.py:747][DEBUG] # get_incomplete_image_list(html_file_path='naver/surviving_as_barbarian_in_game/html/2df9d25.html')
[2026-05-17 21:14:36,303][feed_maker_util.py:747][DEBUG] # get_incomplete_image_list(html_file_path='naver/surviving_as_barbarian_in_game/html/3da78df.html')
[2026-05-17 21:14:36,304][feed_maker_util.py:747][DEBUG] # get_incomplete_image_list(html_file_path='naver/surviving_as_barbarian_in_game/html/069dddf.html')
[2026-05-17 21:14:36,305][feed_maker_util.py:747][DEBUG] # get_incomplete_image_list(html_file_path='naver/surviving_as_barbarian_in_game/html/cae40f9.html')
[2026-05-17 21:14:36,307][feed_maker_util.py:747][DEBUG] # get_incomplete_image_list(html_file_path='naver/surviving_as_barbarian_in_game/html/d101247.html')
[2026-05-17 21:14:36,308][feed_maker_util.py:747][DEBUG] # get_incomplete_image_list(html_file_path='naver/surviving_as_barbarian_in_game/html/aa55ae5.html')
[2026-05-17 21:14:36,309][feed_maker_util.py:747][DEBUG] # get_incomplete_image_list(html_file_path='naver/surviving_as_barbarian_in_game/html/63cf612.html')
[2026-05-17 21:14:36,310][feed_maker_util.py:747][DEBUG] # get_incomplete_image_list(html_file_path='naver/surviving_as_barbarian_in_game/html/13f7851.html')
[2026-05-17 21:14:36,312][feed_maker_util.py:747][DEBUG] # get_incomplete_image_list(html_file_path='naver/surviving_as_barbarian_in_game/html/c20ae0f.html')
[2026-05-17 21:14:36,313][feed_maker_util.py:747][DEBUG] # get_incomplete_image_list(html_file_path='naver/surviving_as_barbarian_in_game/html/43793cf.html')
[2026-05-17 21:14:36,314][feed_maker_util.py:747][DEBUG] # get_incomplete_image_list(html_file_path='naver/surviving_as_barbarian_in_game/html/31b65a8.html')
[2026-05-17 21:14:36,315][feed_maker_util.py:747][DEBUG] # get_incomplete_image_list(html_file_path='naver/surviving_as_barbarian_in_game/html/babeda8.html')
[2026-05-17 21:14:36,316][feed_maker_util.py:747][DEBUG] # get_incomplete_image_list(html_file_path='naver/surviving_as_barbarian_in_game/html/3326229.html')
[2026-05-17 21:14:36,317][feed_maker_util.py:747][DEBUG] # get_incomplete_image_list(html_file_path='naver/surviving_as_barbarian_in_game/html/80b8c88.html')
[2026-05-17 21:14:36,319][feed_maker_util.py:747][DEBUG] # get_incomplete_image_list(html_file_path='naver/surviving_as_barbarian_in_game/html/23a461b.html')
[2026-05-17 21:14:36,320][feed_maker_util.py:747][DEBUG] # get_incomplete_image_list(html_file_path='naver/surviving_as_barbarian_in_game/html/54fc5c9.html')
[2026-05-17 21:14:36,321][feed_maker_util.py:747][DEBUG] # get_incomplete_image_list(html_file_path='naver/surviving_as_barbarian_in_game/html/7873264.html')
[2026-05-17 21:14:36,322][feed_maker_util.py:747][DEBUG] # get_incomplete_image_list(html_file_path='naver/surviving_as_barbarian_in_game/html/4f65948.html')
[2026-05-17 21:14:36,323][run.py:74][INFO] * making feed file 'naver/surviving_as_barbarian_in_game/surviving_as_barbarian_in_game.xml'
[2026-05-17 21:14:36,323][feed_maker.py:43][DEBUG] # FeedMaker(feed_dir_path=naver/surviving_as_barbarian_in_game, do_collect_by_force=-c, do_collect_only=False, rss_file_path=naver/surviving_as_barbarian_in_game/surviving_as_barbarian_in_game.xml)
[2026-05-17 21:14:36,323][feed_maker.py:531][DEBUG] # make()
[2026-05-17 21:14:36,323][feed_maker.py:532][INFO] =========================================================
[2026-05-17 21:14:36,324][feed_maker.py:533][INFO] naver/surviving_as_barbarian_in_game
[2026-05-17 21:14:36,324][feed_maker.py:534][INFO] =========================================================
[2026-05-17 21:14:36,324][feed_maker_util.py:468][DEBUG] # Config(feed_dir_path=naver/surviving_as_barbarian_in_game)
[2026-05-17 21:14:36,324][feed_maker_util.py:540][DEBUG] # get_collection_configs()
[2026-05-17 21:14:36,324][feed_maker_util.py:572][DEBUG] # get_extraction_configs()
[2026-05-17 21:14:36,324][feed_maker_util.py:604][DEBUG] # get_rss_configs()
[2026-05-17 21:14:36,324][feed_maker.py:540][DEBUG] self.collection_conf={'render_js': False, 'verify_ssl': True, 'ignore_old_list': False, 'is_completed': True, 'copy_images_from_canvas': False, 'simulate_scrolling': False, 'disable_headless': False, 'blob_to_dataurl': False, 'wait_until': 'domcontentloaded', 'item_capture_script': '../capture_item_naverwebtoon.py -n 300', 'sort_field_pattern': 'no=(\\d+)\\t', 'user_agent': None, 'encoding': 'utf-8', 'referer': None, 'timeout': 60, 'unit_size_per_day': 1.0, 'num_retries': 1, 'window_size': 5, 'list_url_list': ['https://comic.naver.com/api/article/list?titleId=808482&sort=DESC', 'https://comic.naver.com/api/article/list?titleId=808482&sort=DESC&page=2', 'https://comic.naver.com/api/article/list?titleId=808482&sort=DESC&page=3', 'https://comic.naver.com/api/article/list?titleId=808482&sort=DESC&page=4', 'https://comic.naver.com/api/article/list?titleId=808482&sort=DESC&page=5', 'https://comic.naver.com/api/article/list?titleId=808482&sort=DESC&page=6', 'https://comic.naver.com/api/article/list?titleId=808482&sort=DESC&page=7'], 'post_process_script_list': [], 'headers': {}}
[2026-05-17 21:14:36,324][feed_maker.py:541][DEBUG] self.extraction_conf={'render_js': False, 'verify_ssl': True, 'bypass_element_extraction': False, 'force_sleep_between_articles': True, 'copy_images_from_canvas': False, 'simulate_scrolling': False, 'disable_headless': False, 'blob_to_dataurl': False, 'wait_until': 'domcontentloaded', 'user_agent': None, 'encoding': 'utf-8', 'referer': None, 'threshold_to_remove_html_with_incomplete_image': 5, 'timeout': 60, 'num_retries': 1, 'element_id_list': [], 'element_class_list': ['wt_viewer'], 'element_path_list': [], 'post_process_script_list': ['download_image.py'], 'headers': {}, 'exclude_ad_images': False}
[2026-05-17 21:14:36,324][feed_maker.py:542][DEBUG] self.rss_conf={'ignore_broken_link': '', 'rss_title': '게임 속 바바리안으로 살아남기::네이버', 'rss_generator': "Terzeron's Feed Generator", 'rss_copyright': 'Copyright (c) NAVER Corp. All rights reserved.', 'rss_link': 'https://terzeron.com/surviving_as_barbarian_in_game.xml', 'rss_language': 'ko', 'rss_url_prefix_for_guid': None}
[2026-05-17 21:14:36,324][feed_maker.py:156][DEBUG] # _read_old_feed_list_from_file()
[2026-05-17 21:14:36,324][feed_maker.py:174][INFO] naver/surviving_as_barbarian_in_game/newlist/20260517.txt
[2026-05-17 21:14:36,324][feed_maker.py:413][DEBUG] # _get_recent_feed_list()
[2026-05-17 21:14:36,324][new_list_collector.py:20][DEBUG] # NewlistCollector(feed_dir_path=naver/surviving_as_barbarian_in_game, collection_conf={'render_js': False, 'verify_ssl': True, 'ignore_old_list': False, 'is_completed': False, 'copy_images_from_canvas': False, 'simulate_scrolling': False, 'disable_headless': False, 'blob_to_dataurl': False, 'wait_until': 'domcontentloaded', 'item_capture_script': '../capture_item_naverwebtoon.py -n 300', 'sort_field_pattern': 'no=(\\d+)\\t', 'user_agent': None, 'encoding': 'utf-8', 'referer': None, 'timeout': 60, 'unit_size_per_day': 1.0, 'num_retries': 1, 'window_size': 5, 'list_url_list': ['https://comic.naver.com/api/article/list?titleId=808482&sort=DESC', 'https://comic.naver.com/api/article/list?titleId=808482&sort=DESC&page=2', 'https://comic.naver.com/api/article/list?titleId=808482&sort=DESC&page=3', 'https://comic.naver.com/api/article/list?titleId=808482&sort=DESC&page=4', 'https://comic.naver.com/api/article/list?titleId=808482&sort=DESC&page=5', 'https://comic.naver.com/api/article/list?titleId=808482&sort=DESC&page=6', 'https://comic.naver.com/api/article/list?titleId=808482&sort=DESC&page=7'], 'post_process_script_list': [], 'headers': {}}, new_list_file_path=naver/surviving_as_barbarian_in_game/newlist/20260517.txt
[2026-05-17 21:14:36,324][new_list_collector.py:123][DEBUG] # collect()
[2026-05-17 21:14:36,324][new_list_collector.py:126][DEBUG] collecting items from specified url list...
[2026-05-17 21:14:36,324][new_list_collector.py:49][DEBUG] # compose_url_list()
[2026-05-17 21:14:36,324][crawler.py:327][DEBUG] # Crawler(dir_path=naver/surviving_as_barbarian_in_game, render_js=False, method=Method.GET, headers={'Referer': None}, timeout=60, num_retries=1, encoding=utf-8, verify_ssl=True, copy_images_from_canvas=False, simulate_scrolling=False, disable_headless=False, blob_to_dataurl=False, wait_until=domcontentloaded)
[2026-05-17 21:14:36,324][crawler.py:130][DEBUG] # RequestsClient(dir_path=naver/surviving_as_barbarian_in_game, render_js=False, method=Method.GET, headers={'Referer': None, 'User-Agent': 'Mozilla/5.0 (Macintosh; Intel Mac OS X 10_15_7) AppleWebKit/537.36 (KHTML, like Gecko) Chrome/124.0.0.0 Safari/537.36'}, timeout=60, encoding=utf-8, verify_ssl=True)
[2026-05-17 21:14:36,324][crawler.py:373][DEBUG] # get_option_str()
[2026-05-17 21:14:36,324][new_list_collector.py:74][DEBUG] cmd=crawler.py -f '/home/terzeron/workspace/fma/naver/surviving_as_barbarian_in_game'  --render-js=false --verify-ssl=true --copy-images-from-canvas=false --simulate-scrolling=false --blob-to-dataurl=false --disable-headless=false --wait-until=domcontentloaded --encoding='utf-8' --header='User-Agent: Mozilla/5.0 (Macintosh; Intel Mac OS X 10_15_7) AppleWebKit/537.36 (KHTML, like Gecko) Chrome/124.0.0.0 Safari/537.36' --timeout=60 'https://comic.naver.com/api/article/list?titleId=808482&sort=DESC'
[2026-05-17 21:14:36,324][crawler.py:440][DEBUG] # run(url=https://comic.naver.com/api/article/list?titleId=808482&sort=DESC, data=None, download_file=None, allow_redirects=True)
[2026-05-17 21:14:36,325][crawler.py:229][DEBUG] # make_request(url='https://comic.naver.com/api/article/list?titleId=808482&sort=DESC', allow_redirects=True)
[2026-05-17 21:14:36,443][new_list_collector.py:85][DEBUG] cmd=../capture_item_naverwebtoon.py -n 300 -f '/home/terzeron/workspace/fma/naver/surviving_as_barbarian_in_game'
[2026-05-17 21:14:36,443][feed_maker_util.py:151][DEBUG] # Process.exec_cmd(cmd=../capture_item_naverwebtoon.py -n 300 -f '/home/terzeron/workspace/fma/naver/surviving_as_barbarian_in_game', dir_path=naver/surviving_as_barbarian_in_game, input_data=7992 bytes)
[2026-05-17 21:14:36,443][feed_maker_util.py:155][DEBUG] argv=['/home/terzeron/workspace/fma/naver/capture_item_naverwebtoon.py', '-n', '300', '-f', '/home/terzeron/workspace/fma/naver/surviving_as_barbarian_in_game']
[2026-05-17 21:14:36,529][new_list_collector.py:30][DEBUG] # extract_urls()
[2026-05-17 21:14:36,530][new_list_collector.py:74][DEBUG] cmd=crawler.py -f '/home/terzeron/workspace/fma/naver/surviving_as_barbarian_in_game'  --render-js=false --verify-ssl=true --copy-images-from-canvas=false --simulate-scrolling=false --blob-to-dataurl=false --disable-headless=false --wait-until=domcontentloaded --encoding='utf-8' --header='User-Agent: Mozilla/5.0 (Macintosh; Intel Mac OS X 10_15_7) AppleWebKit/537.36 (KHTML, like Gecko) Chrome/124.0.0.0 Safari/537.36' --timeout=60 'https://comic.naver.com/api/article/list?titleId=808482&sort=DESC&page=2'
[2026-05-17 21:14:36,530][crawler.py:440][DEBUG] # run(url=https://comic.naver.com/api/article/list?titleId=808482&sort=DESC&page=2, data=None, download_file=None, allow_redirects=True)
[2026-05-17 21:14:36,530][crawler.py:229][DEBUG] # make_request(url='https://comic.naver.com/api/article/list?titleId=808482&sort=DESC&page=2', allow_redirects=True)
[2026-05-17 21:14:36,615][new_list_collector.py:85][DEBUG] cmd=../capture_item_naverwebtoon.py -n 300 -f '/home/terzeron/workspace/fma/naver/surviving_as_barbarian_in_game'
[2026-05-17 21:14:36,615][feed_maker_util.py:151][DEBUG] # Process.exec_cmd(cmd=../capture_item_naverwebtoon.py -n 300 -f '/home/terzeron/workspace/fma/naver/surviving_as_barbarian_in_game', dir_path=naver/surviving_as_barbarian_in_game, input_data=7642 bytes)
[2026-05-17 21:14:36,615][feed_maker_util.py:155][DEBUG] argv=['/home/terzeron/workspace/fma/naver/capture_item_naverwebtoon.py', '-n', '300', '-f', '/home/terzeron/workspace/fma/naver/surviving_as_barbarian_in_game']
[2026-05-17 21:14:36,702][new_list_collector.py:30][DEBUG] # extract_urls()
[2026-05-17 21:14:36,702][new_list_collector.py:74][DEBUG] cmd=crawler.py -f '/home/terzeron/workspace/fma/naver/surviving_as_barbarian_in_game'  --render-js=false --verify-ssl=true --copy-images-from-canvas=false --simulate-scrolling=false --blob-to-dataurl=false --disable-headless=false --wait-until=domcontentloaded --encoding='utf-8' --header='User-Agent: Mozilla/5.0 (Macintosh; Intel Mac OS X 10_15_7) AppleWebKit/537.36 (KHTML, like Gecko) Chrome/124.0.0.0 Safari/537.36' --timeout=60 'https://comic.naver.com/api/article/list?titleId=808482&sort=DESC&page=3'
[2026-05-17 21:14:36,702][crawler.py:440][DEBUG] # run(url=https://comic.naver.com/api/article/list?titleId=808482&sort=DESC&page=3, data=None, download_file=None, allow_redirects=True)
[2026-05-17 21:14:36,702][crawler.py:229][DEBUG] # make_request(url='https://comic.naver.com/api/article/list?titleId=808482&sort=DESC&page=3', allow_redirects=True)
[2026-05-17 21:14:36,796][new_list_collector.py:85][DEBUG] cmd=../capture_item_naverwebtoon.py -n 300 -f '/home/terzeron/workspace/fma/naver/surviving_as_barbarian_in_game'
[2026-05-17 21:14:36,796][feed_maker_util.py:151][DEBUG] # Process.exec_cmd(cmd=../capture_item_naverwebtoon.py -n 300 -f '/home/terzeron/workspace/fma/naver/surviving_as_barbarian_in_game', dir_path=naver/surviving_as_barbarian_in_game, input_data=7584 bytes)
[2026-05-17 21:14:36,796][feed_maker_util.py:155][DEBUG] argv=['/home/terzeron/workspace/fma/naver/capture_item_naverwebtoon.py', '-n', '300', '-f', '/home/terzeron/workspace/fma/naver/surviving_as_barbarian_in_game']
[2026-05-17 21:14:36,879][new_list_collector.py:30][DEBUG] # extract_urls()
[2026-05-17 21:14:36,879][new_list_collector.py:74][DEBUG] cmd=crawler.py -f '/home/terzeron/workspace/fma/naver/surviving_as_barbarian_in_game'  --render-js=false --verify-ssl=true --copy-images-from-canvas=false --simulate-scrolling=false --blob-to-dataurl=false --disable-headless=false --wait-until=domcontentloaded --encoding='utf-8' --header='User-Agent: Mozilla/5.0 (Macintosh; Intel Mac OS X 10_15_7) AppleWebKit/537.36 (KHTML, like Gecko) Chrome/124.0.0.0 Safari/537.36' --timeout=60 'https://comic.naver.com/api/article/list?titleId=808482&sort=DESC&page=4'
[2026-05-17 21:14:36,879][crawler.py:440][DEBUG] # run(url=https://comic.naver.com/api/article/list?titleId=808482&sort=DESC&page=4, data=None, download_file=None, allow_redirects=True)
[2026-05-17 21:14:36,880][crawler.py:229][DEBUG] # make_request(url='https://comic.naver.com/api/article/list?titleId=808482&sort=DESC&page=4', allow_redirects=True)
[2026-05-17 21:14:36,964][new_list_collector.py:85][DEBUG] cmd=../capture_item_naverwebtoon.py -n 300 -f '/home/terzeron/workspace/fma/naver/surviving_as_barbarian_in_game'
[2026-05-17 21:14:36,964][feed_maker_util.py:151][DEBUG] # Process.exec_cmd(cmd=../capture_item_naverwebtoon.py -n 300 -f '/home/terzeron/workspace/fma/naver/surviving_as_barbarian_in_game', dir_path=naver/surviving_as_barbarian_in_game, input_data=7577 bytes)
[2026-05-17 21:14:36,964][feed_maker_util.py:155][DEBUG] argv=['/home/terzeron/workspace/fma/naver/capture_item_naverwebtoon.py', '-n', '300', '-f', '/home/terzeron/workspace/fma/naver/surviving_as_barbarian_in_game']
[2026-05-17 21:14:37,064][new_list_collector.py:30][DEBUG] # extract_urls()
[2026-05-17 21:14:37,064][new_list_collector.py:74][DEBUG] cmd=crawler.py -f '/home/terzeron/workspace/fma/naver/surviving_as_barbarian_in_game'  --render-js=false --verify-ssl=true --copy-images-from-canvas=false --simulate-scrolling=false --blob-to-dataurl=false --disable-headless=false --wait-until=domcontentloaded --encoding='utf-8' --header='User-Agent: Mozilla/5.0 (Macintosh; Intel Mac OS X 10_15_7) AppleWebKit/537.36 (KHTML, like Gecko) Chrome/124.0.0.0 Safari/537.36' --timeout=60 'https://comic.naver.com/api/article/list?titleId=808482&sort=DESC&page=5'
[2026-05-17 21:14:37,064][crawler.py:440][DEBUG] # run(url=https://comic.naver.com/api/article/list?titleId=808482&sort=DESC&page=5, data=None, download_file=None, allow_redirects=True)
[2026-05-17 21:14:37,064][crawler.py:229][DEBUG] # make_request(url='https://comic.naver.com/api/article/list?titleId=808482&sort=DESC&page=5', allow_redirects=True)
[2026-05-17 21:14:37,151][new_list_collector.py:85][DEBUG] cmd=../capture_item_naverwebtoon.py -n 300 -f '/home/terzeron/workspace/fma/naver/surviving_as_barbarian_in_game'
[2026-05-17 21:14:37,151][feed_maker_util.py:151][DEBUG] # Process.exec_cmd(cmd=../capture_item_naverwebtoon.py -n 300 -f '/home/terzeron/workspace/fma/naver/surviving_as_barbarian_in_game', dir_path=naver/surviving_as_barbarian_in_game, input_data=7577 bytes)
[2026-05-17 21:14:37,151][feed_maker_util.py:155][DEBUG] argv=['/home/terzeron/workspace/fma/naver/capture_item_naverwebtoon.py', '-n', '300', '-f', '/home/terzeron/workspace/fma/naver/surviving_as_barbarian_in_game']
[2026-05-17 21:14:37,233][new_list_collector.py:30][DEBUG] # extract_urls()
[2026-05-17 21:14:37,234][new_list_collector.py:74][DEBUG] cmd=crawler.py -f '/home/terzeron/workspace/fma/naver/surviving_as_barbarian_in_game'  --render-js=false --verify-ssl=true --copy-images-from-canvas=false --simulate-scrolling=false --blob-to-dataurl=false --disable-headless=false --wait-until=domcontentloaded --encoding='utf-8' --header='User-Agent: Mozilla/5.0 (Macintosh; Intel Mac OS X 10_15_7) AppleWebKit/537.36 (KHTML, like Gecko) Chrome/124.0.0.0 Safari/537.36' --timeout=60 'https://comic.naver.com/api/article/list?titleId=808482&sort=DESC&page=6'
[2026-05-17 21:14:37,234][crawler.py:440][DEBUG] # run(url=https://comic.naver.com/api/article/list?titleId=808482&sort=DESC&page=6, data=None, download_file=None, allow_redirects=True)
[2026-05-17 21:14:37,234][crawler.py:229][DEBUG] # make_request(url='https://comic.naver.com/api/article/list?titleId=808482&sort=DESC&page=6', allow_redirects=True)
[2026-05-17 21:14:37,329][new_list_collector.py:85][DEBUG] cmd=../capture_item_naverwebtoon.py -n 300 -f '/home/terzeron/workspace/fma/naver/surviving_as_barbarian_in_game'
[2026-05-17 21:14:37,329][feed_maker_util.py:151][DEBUG] # Process.exec_cmd(cmd=../capture_item_naverwebtoon.py -n 300 -f '/home/terzeron/workspace/fma/naver/surviving_as_barbarian_in_game', dir_path=naver/surviving_as_barbarian_in_game, input_data=7568 bytes)
[2026-05-17 21:14:37,329][feed_maker_util.py:155][DEBUG] argv=['/home/terzeron/workspace/fma/naver/capture_item_naverwebtoon.py', '-n', '300', '-f', '/home/terzeron/workspace/fma/naver/surviving_as_barbarian_in_game']
[2026-05-17 21:14:37,414][new_list_collector.py:30][DEBUG] # extract_urls()
[2026-05-17 21:14:37,415][new_list_collector.py:74][DEBUG] cmd=crawler.py -f '/home/terzeron/workspace/fma/naver/surviving_as_barbarian_in_game'  --render-js=false --verify-ssl=true --copy-images-from-canvas=false --simulate-scrolling=false --blob-to-dataurl=false --disable-headless=false --wait-until=domcontentloaded --encoding='utf-8' --header='User-Agent: Mozilla/5.0 (Macintosh; Intel Mac OS X 10_15_7) AppleWebKit/537.36 (KHTML, like Gecko) Chrome/124.0.0.0 Safari/537.36' --timeout=60 'https://comic.naver.com/api/article/list?titleId=808482&sort=DESC&page=7'
[2026-05-17 21:14:37,415][crawler.py:440][DEBUG] # run(url=https://comic.naver.com/api/article/list?titleId=808482&sort=DESC&page=7, data=None, download_file=None, allow_redirects=True)
[2026-05-17 21:14:37,415][crawler.py:229][DEBUG] # make_request(url='https://comic.naver.com/api/article/list?titleId=808482&sort=DESC&page=7', allow_redirects=True)
[2026-05-17 21:14:37,503][new_list_collector.py:85][DEBUG] cmd=../capture_item_naverwebtoon.py -n 300 -f '/home/terzeron/workspace/fma/naver/surviving_as_barbarian_in_game'
[2026-05-17 21:14:37,503][feed_maker_util.py:151][DEBUG] # Process.exec_cmd(cmd=../capture_item_naverwebtoon.py -n 300 -f '/home/terzeron/workspace/fma/naver/surviving_as_barbarian_in_game', dir_path=naver/surviving_as_barbarian_in_game, input_data=7574 bytes)
[2026-05-17 21:14:37,503][feed_maker_util.py:155][DEBUG] argv=['/home/terzeron/workspace/fma/naver/capture_item_naverwebtoon.py', '-n', '300', '-f', '/home/terzeron/workspace/fma/naver/surviving_as_barbarian_in_game']
[2026-05-17 21:14:37,589][new_list_collector.py:30][DEBUG] # extract_urls()
[2026-05-17 21:14:37,590][feed_maker.py:432][DEBUG] # _diff_feeds_and_make_htmls(recent_feed_list=[('https://comic.naver.com/webtoon/detail?titleId=808482&no=151', '151화, 죽기에는 너무 아까운', []), ('https://comic.naver.com/webtoon/detail?titleId=808482&no=150', '150화, 역전', []), ('https://comic.naver.com/webtoon/detail?titleId=808482&no=149', '149화, 도약', []), ('https://comic.naver.com/webtoon/detail?titleId=808482&no=148', '148화, 지옥이 있다면', []), ('https://comic.naver.com/webtoon/detail?titleId=808482&no=147', '147화, 아는 사람', []), ('https://comic.naver.com/webtoon/detail?titleId=808482&no=146', '146화, 불꽃처럼', []), ('https://comic.naver.com/webtoon/detail?titleId=808482&no=145', '145화, 전사의 웃음', []), ('https://comic.naver.com/webtoon/detail?titleId=808482&no=144', '144화, 첫걸음을 내딛는 자', []), ('https://comic.naver.com/webtoon/detail?titleId=808482&no=143', '143화, 약속', []), ('https://comic.naver.com/webtoon/detail?titleId=808482&no=142', '142화, 마법사의 감', [])], old_feed_list=[('https://comic.naver.com/webtoon/detail?titleId=808482&no=151', '151화, 죽기에는 너무 아까운', []), ('https://comic.naver.com/webtoon/detail?titleId=808482&no=150', '150화, 역전', []), ('https://comic.naver.com/webtoon/detail?titleId=808482&no=149', '149화, 도약', []), ('https://comic.naver.com/webtoon/detail?titleId=808482&no=148', '148화, 지옥이 있다면', []), ('https://comic.naver.com/webtoon/detail?titleId=808482&no=147', '147화, 아는 사람', []), ('https://comic.naver.com/webtoon/detail?titleId=808482&no=146', '146화, 불꽃처럼', []), ('https://comic.naver.com/webtoon/detail?titleId=808482&no=145', '145화, 전사의 웃음', []), ('https://comic.naver.com/webtoon/detail?titleId=808482&no=144', '144화, 첫걸음을 내딛는 자', []), ('https://comic.naver.com/webtoon/detail?titleId=808482&no=143', '143화, 약속', []), ('https://comic.naver.com/webtoon/detail?titleId=808482&no=142', '142화, 마법사의 감', [])])
[2026-05-17 21:14:37,590][feed_maker.py:437][INFO] Appending 0 new items to the feed list
[2026-05-17 21:14:37,590][feed_maker.py:443][INFO] Appending 140 old items to the feed list
[2026-05-17 21:14:37,590][feed_maker.py:222][INFO] Old: https://comic.naver.com/webtoon/detail?titleId=808482&no=151	151화, 죽기에는 너무 아까운	naver/surviving_as_barbarian_in_game/html/cc24d9f.html (11828 bytes > 359 bytes of template)
[2026-05-17 21:14:37,590][feed_maker_util.py:747][DEBUG] # get_incomplete_image_list(html_file_path='naver/surviving_as_barbarian_in_game/html/cc24d9f.html')
[2026-05-17 21:14:37,591][feed_maker.py:222][INFO] Old: https://comic.naver.com/webtoon/detail?titleId=808482&no=150	150화, 역전	naver/surviving_as_barbarian_in_game/html/98dbbdc.html (10194 bytes > 359 bytes of template)
[2026-05-17 21:14:37,592][feed_maker_util.py:747][DEBUG] # get_incomplete_image_list(html_file_path='naver/surviving_as_barbarian_in_game/html/98dbbdc.html')
[2026-05-17 21:14:37,593][feed_maker.py:222][INFO] Old: https://comic.naver.com/webtoon/detail?titleId=808482&no=149	149화, 도약	naver/surviving_as_barbarian_in_game/html/4f65948.html (9506 bytes > 359 bytes of template)
[2026-05-17 21:14:37,593][feed_maker_util.py:747][DEBUG] # get_incomplete_image_list(html_file_path='naver/surviving_as_barbarian_in_game/html/4f65948.html')
[2026-05-17 21:14:37,594][feed_maker.py:222][INFO] Old: https://comic.naver.com/webtoon/detail?titleId=808482&no=148	148화, 지옥이 있다면	naver/surviving_as_barbarian_in_game/html/9c4c965.html (10538 bytes > 359 bytes of template)
[2026-05-17 21:14:37,594][feed_maker_util.py:747][DEBUG] # get_incomplete_image_list(html_file_path='naver/surviving_as_barbarian_in_game/html/9c4c965.html')
[2026-05-17 21:14:37,595][feed_maker.py:222][INFO] Old: https://comic.naver.com/webtoon/detail?titleId=808482&no=147	147화, 아는 사람	naver/surviving_as_barbarian_in_game/html/b52a2cd.html (10108 bytes > 359 bytes of template)
[2026-05-17 21:14:37,595][feed_maker_util.py:747][DEBUG] # get_incomplete_image_list(html_file_path='naver/surviving_as_barbarian_in_game/html/b52a2cd.html')
[2026-05-17 21:14:37,596][feed_maker.py:222][INFO] Old: https://comic.naver.com/webtoon/detail?titleId=808482&no=146	146화, 불꽃처럼	naver/surviving_as_barbarian_in_game/html/1a51d24.html (9631 bytes > 359 bytes of template)
[2026-05-17 21:14:37,596][feed_maker_util.py:747][DEBUG] # get_incomplete_image_list(html_file_path='naver/surviving_as_barbarian_in_game/html/1a51d24.html')
[2026-05-17 21:14:37,597][feed_maker.py:222][INFO] Old: https://comic.naver.com/webtoon/detail?titleId=808482&no=145	145화, 전사의 웃음	naver/surviving_as_barbarian_in_game/html/129bf03.html (10874 bytes > 359 bytes of template)
[2026-05-17 21:14:37,597][feed_maker_util.py:747][DEBUG] # get_incomplete_image_list(html_file_path='naver/surviving_as_barbarian_in_game/html/129bf03.html')
[2026-05-17 21:14:37,598][feed_maker.py:222][INFO] Old: https://comic.naver.com/webtoon/detail?titleId=808482&no=144	144화, 첫걸음을 내딛는 자	naver/surviving_as_barbarian_in_game/html/034e4b7.html (11226 bytes > 359 bytes of template)
[2026-05-17 21:14:37,598][feed_maker_util.py:747][DEBUG] # get_incomplete_image_list(html_file_path='naver/surviving_as_barbarian_in_game/html/034e4b7.html')
[2026-05-17 21:14:37,599][feed_maker.py:222][INFO] Old: https://comic.naver.com/webtoon/detail?titleId=808482&no=143	143화, 약속	naver/surviving_as_barbarian_in_game/html/4ed04c0.html (11742 bytes > 359 bytes of template)
[2026-05-17 21:14:37,599][feed_maker_util.py:747][DEBUG] # get_incomplete_image_list(html_file_path='naver/surviving_as_barbarian_in_game/html/4ed04c0.html')
[2026-05-17 21:14:37,600][feed_maker.py:222][INFO] Old: https://comic.naver.com/webtoon/detail?titleId=808482&no=142	142화, 마법사의 감	naver/surviving_as_barbarian_in_game/html/c20ae0f.html (9592 bytes > 359 bytes of template)
[2026-05-17 21:14:37,600][feed_maker_util.py:747][DEBUG] # get_incomplete_image_list(html_file_path='naver/surviving_as_barbarian_in_game/html/c20ae0f.html')
[2026-05-17 21:14:37,602][feed_maker.py:222][INFO] Old: https://comic.naver.com/webtoon/detail?titleId=808482&no=141	141화, 군주	naver/surviving_as_barbarian_in_game/html/6e6bb1e.html (11226 bytes > 359 bytes of template)
[2026-05-17 21:14:37,602][feed_maker_util.py:747][DEBUG] # get_incomplete_image_list(html_file_path='naver/surviving_as_barbarian_in_game/html/6e6bb1e.html')
[2026-05-17 21:14:37,603][feed_maker.py:222][INFO] Old: https://comic.naver.com/webtoon/detail?titleId=808482&no=140	140화, 해야 하는 선택	naver/surviving_as_barbarian_in_game/html/549c5de.html (10280 bytes > 359 bytes of template)
[2026-05-17 21:14:37,603][feed_maker_util.py:747][DEBUG] # get_incomplete_image_list(html_file_path='naver/surviving_as_barbarian_in_game/html/549c5de.html')
[2026-05-17 21:14:37,604][feed_maker.py:222][INFO] Old: https://comic.naver.com/webtoon/detail?titleId=808482&no=139	139화, 접전	naver/surviving_as_barbarian_in_game/html/19fe85c.html (12555 bytes > 359 bytes of template)
[2026-05-17 21:14:37,604][feed_maker_util.py:747][DEBUG] # get_incomplete_image_list(html_file_path='naver/surviving_as_barbarian_in_game/html/19fe85c.html')
[2026-05-17 21:14:37,605][feed_maker.py:222][INFO] Old: https://comic.naver.com/webtoon/detail?titleId=808482&no=138	138화, 돌파	naver/surviving_as_barbarian_in_game/html/3326229.html (12079 bytes > 359 bytes of template)
[2026-05-17 21:14:37,605][feed_maker_util.py:747][DEBUG] # get_incomplete_image_list(html_file_path='naver/surviving_as_barbarian_in_game/html/3326229.html')
[2026-05-17 21:14:37,606][feed_maker.py:222][INFO] Old: https://comic.naver.com/webtoon/detail?titleId=808482&no=137	137화, 동행	naver/surviving_as_barbarian_in_game/html/9073599.html (11742 bytes > 359 bytes of template)
[2026-05-17 21:14:37,606][feed_maker_util.py:747][DEBUG] # get_incomplete_image_list(html_file_path='naver/surviving_as_barbarian_in_game/html/9073599.html')
[2026-05-17 21:14:37,607][feed_maker.py:222][INFO] Old: https://comic.naver.com/webtoon/detail?titleId=808482&no=136	136화, 피시싯	naver/surviving_as_barbarian_in_game/html/570b9b0.html (12602 bytes > 359 bytes of template)
[2026-05-17 21:14:37,607][feed_maker_util.py:747][DEBUG] # get_incomplete_image_list(html_file_path='naver/surviving_as_barbarian_in_game/html/570b9b0.html')
[2026-05-17 21:14:37,609][feed_maker.py:222][INFO] Old: https://comic.naver.com/webtoon/detail?titleId=808482&no=135	135화, 어떤 선택	naver/surviving_as_barbarian_in_game/html/a389275.html (11140 bytes > 359 bytes of template)
[2026-05-17 21:14:37,609][feed_maker_util.py:747][DEBUG] # get_incomplete_image_list(html_file_path='naver/surviving_as_barbarian_in_game/html/a389275.html')
[2026-05-17 21:14:37,610][feed_maker.py:222][INFO] Old: https://comic.naver.com/webtoon/detail?titleId=808482&no=134	134화, 길고도 짧은	naver/surviving_as_barbarian_in_game/html/3be47f4.html (10882 bytes > 359 bytes of template)
[2026-05-17 21:14:37,610][feed_maker_util.py:747][DEBUG] # get_incomplete_image_list(html_file_path='naver/surviving_as_barbarian_in_game/html/3be47f4.html')
[2026-05-17 21:14:37,611][feed_maker.py:222][INFO] Old: https://comic.naver.com/webtoon/detail?titleId=808482&no=133	133화, 축복과 정산	naver/surviving_as_barbarian_in_game/html/5d9f70f.html (11742 bytes > 359 bytes of template)
[2026-05-17 21:14:37,611][feed_maker_util.py:747][DEBUG] # get_incomplete_image_list(html_file_path='naver/surviving_as_barbarian_in_game/html/5d9f70f.html')
[2026-05-17 21:14:37,612][feed_maker.py:222][INFO] Old: https://comic.naver.com/webtoon/detail?titleId=808482&no=132	132화, 면접	naver/surviving_as_barbarian_in_game/html/5694875.html (10624 bytes > 359 bytes of template)
[2026-05-17 21:14:37,612][feed_maker_util.py:747][DEBUG] # get_incomplete_image_list(html_file_path='naver/surviving_as_barbarian_in_game/html/5694875.html')
[2026-05-17 21:14:37,613][feed_maker.py:222][INFO] Old: https://comic.naver.com/webtoon/detail?titleId=808482&no=131	131화, 다음에 또	naver/surviving_as_barbarian_in_game/html/dd11e29.html (12000 bytes > 359 bytes of template)
[2026-05-17 21:14:37,613][feed_maker_util.py:747][DEBUG] # get_incomplete_image_list(html_file_path='naver/surviving_as_barbarian_in_game/html/dd11e29.html')
[2026-05-17 21:14:37,615][feed_maker.py:222][INFO] Old: https://comic.naver.com/webtoon/detail?titleId=808482&no=130	130화, 장려상	naver/surviving_as_barbarian_in_game/html/b74d88d.html (10796 bytes > 359 bytes of template)
[2026-05-17 21:14:37,615][feed_maker_util.py:747][DEBUG] # get_incomplete_image_list(html_file_path='naver/surviving_as_barbarian_in_game/html/b74d88d.html')
[2026-05-17 21:14:37,616][feed_maker.py:222][INFO] Old: https://comic.naver.com/webtoon/detail?titleId=808482&no=129	129화, 마스터	naver/surviving_as_barbarian_in_game/html/ea25ac1.html (11140 bytes > 359 bytes of template)
[2026-05-17 21:14:37,616][feed_maker_util.py:747][DEBUG] # get_incomplete_image_list(html_file_path='naver/surviving_as_barbarian_in_game/html/ea25ac1.html')
[2026-05-17 21:14:37,617][feed_maker.py:222][INFO] Old: https://comic.naver.com/webtoon/detail?titleId=808482&no=128	128화, 베헬-라 연합	naver/surviving_as_barbarian_in_game/html/a1d0d40.html (10882 bytes > 359 bytes of template)
[2026-05-17 21:14:37,617][feed_maker_util.py:747][DEBUG] # get_incomplete_image_list(html_file_path='naver/surviving_as_barbarian_in_game/html/a1d0d40.html')
[2026-05-17 21:14:37,618][feed_maker.py:222][INFO] Old: https://comic.naver.com/webtoon/detail?titleId=808482&no=127	127화, 한 번쯤 갖고 싶었다	naver/surviving_as_barbarian_in_game/html/a923c99.html (10624 bytes > 359 bytes of template)
[2026-05-17 21:14:37,618][feed_maker_util.py:747][DEBUG] # get_incomplete_image_list(html_file_path='naver/surviving_as_barbarian_in_game/html/a923c99.html')
[2026-05-17 21:14:37,619][feed_maker.py:222][INFO] Old: https://comic.naver.com/webtoon/detail?titleId=808482&no=126	126화, 타이밍	naver/surviving_as_barbarian_in_game/html/f521b0e.html (12430 bytes > 359 bytes of template)
[2026-05-17 21:14:37,619][feed_maker_util.py:747][DEBUG] # get_incomplete_image_list(html_file_path='naver/surviving_as_barbarian_in_game/html/f521b0e.html')
[2026-05-17 21:14:37,620][feed_maker.py:222][INFO] Old: https://comic.naver.com/webtoon/detail?titleId=808482&no=125	125화, 템빨	naver/surviving_as_barbarian_in_game/html/12cddf4.html (10796 bytes > 359 bytes of template)
[2026-05-17 21:14:37,620][feed_maker_util.py:747][DEBUG] # get_incomplete_image_list(html_file_path='naver/surviving_as_barbarian_in_game/html/12cddf4.html')
[2026-05-17 21:14:37,622][feed_maker.py:222][INFO] Old: https://comic.naver.com/webtoon/detail?titleId=808482&no=124	124화, 아루루	naver/surviving_as_barbarian_in_game/html/92f20c0.html (10968 bytes > 359 bytes of template)
[2026-05-17 21:14:37,622][feed_maker_util.py:747][DEBUG] # get_incomplete_image_list(html_file_path='naver/surviving_as_barbarian_in_game/html/92f20c0.html')
[2026-05-17 21:14:37,623][feed_maker.py:222][INFO] Old: https://comic.naver.com/webtoon/detail?titleId=808482&no=123	123화, 운명의 교차점	naver/surviving_as_barbarian_in_game/html/8e377dc.html (10538 bytes > 359 bytes of template)
[2026-05-17 21:14:37,623][feed_maker_util.py:747][DEBUG] # get_incomplete_image_list(html_file_path='naver/surviving_as_barbarian_in_game/html/8e377dc.html')
[2026-05-17 21:14:37,624][feed_maker.py:222][INFO] Old: https://comic.naver.com/webtoon/detail?titleId=808482&no=122	122화, 어긋난 신뢰	naver/surviving_as_barbarian_in_game/html/848ad3b.html (11953 bytes > 359 bytes of template)
[2026-05-17 21:14:37,624][feed_maker_util.py:747][DEBUG] # get_incomplete_image_list(html_file_path='naver/surviving_as_barbarian_in_game/html/848ad3b.html')
[2026-05-17 21:14:37,625][feed_maker.py:222][INFO] Old: https://comic.naver.com/webtoon/detail?titleId=808482&no=121	121화, 주사위	naver/surviving_as_barbarian_in_game/html/11d6cab.html (11226 bytes > 359 bytes of template)
[2026-05-17 21:14:37,625][feed_maker_util.py:747][DEBUG] # get_incomplete_image_list(html_file_path='naver/surviving_as_barbarian_in_game/html/11d6cab.html')
[2026-05-17 21:14:37,626][feed_maker.py:222][INFO] Old: https://comic.naver.com/webtoon/detail?titleId=808482&no=120	120화, 고백	naver/surviving_as_barbarian_in_game/html/1a1c0b9.html (9506 bytes > 359 bytes of template)
[2026-05-17 21:14:37,626][feed_maker_util.py:747][DEBUG] # get_incomplete_image_list(html_file_path='naver/surviving_as_barbarian_in_game/html/1a1c0b9.html')
[2026-05-17 21:14:37,628][feed_maker.py:222][INFO] Old: https://comic.naver.com/webtoon/detail?titleId=808482&no=119	119화, 도플갱어	naver/surviving_as_barbarian_in_game/html/98994f2.html (10796 bytes > 359 bytes of template)
[2026-05-17 21:14:37,628][feed_maker_util.py:747][DEBUG] # get_incomplete_image_list(html_file_path='naver/surviving_as_barbarian_in_game/html/98994f2.html')
[2026-05-17 21:14:37,630][feed_maker.py:222][INFO] Old: https://comic.naver.com/webtoon/detail?titleId=808482&no=118	118화, 아멜리아 레인웨일즈	naver/surviving_as_barbarian_in_game/html/31b65a8.html (10968 bytes > 359 bytes of template)
[2026-05-17 21:14:37,630][feed_maker_util.py:747][DEBUG] # get_incomplete_image_list(html_file_path='naver/surviving_as_barbarian_in_game/html/31b65a8.html')
[2026-05-17 21:14:37,631][feed_maker.py:222][INFO] Old: https://comic.naver.com/webtoon/detail?titleId=808482&no=117	117화, 그 여자	naver/surviving_as_barbarian_in_game/html/cae40f9.html (10968 bytes > 359 bytes of template)
[2026-05-17 21:14:37,631][feed_maker_util.py:747][DEBUG] # get_incomplete_image_list(html_file_path='naver/surviving_as_barbarian_in_game/html/cae40f9.html')
[2026-05-17 21:14:37,632][feed_maker.py:222][INFO] Old: https://comic.naver.com/webtoon/detail?titleId=808482&no=116	116화, 탱커, 길잡이, 리더, 바바리안	naver/surviving_as_barbarian_in_game/html/00c26de.html (10624 bytes > 359 bytes of template)
[2026-05-17 21:14:37,632][feed_maker_util.py:747][DEBUG] # get_incomplete_image_list(html_file_path='naver/surviving_as_barbarian_in_game/html/00c26de.html')
[2026-05-17 21:14:37,634][feed_maker.py:222][INFO] Old: https://comic.naver.com/webtoon/detail?titleId=808482&no=115	115화, 미확인 아이템	naver/surviving_as_barbarian_in_game/html/52c0a11.html (10710 bytes > 359 bytes of template)
[2026-05-17 21:14:37,634][feed_maker_util.py:747][DEBUG] # get_incomplete_image_list(html_file_path='naver/surviving_as_barbarian_in_game/html/52c0a11.html')
[2026-05-17 21:14:37,635][feed_maker.py:222][INFO] Old: https://comic.naver.com/webtoon/detail?titleId=808482&no=114	114화, 버닝	naver/surviving_as_barbarian_in_game/html/d200066.html (10366 bytes > 359 bytes of template)
[2026-05-17 21:14:37,635][feed_maker_util.py:747][DEBUG] # get_incomplete_image_list(html_file_path='naver/surviving_as_barbarian_in_game/html/d200066.html')
[2026-05-17 21:14:37,636][feed_maker.py:222][INFO] Old: https://comic.naver.com/webtoon/detail?titleId=808482&no=113	113화, 프리티 or 테이스티	naver/surviving_as_barbarian_in_game/html/a807153.html (9592 bytes > 359 bytes of template)
[2026-05-17 21:14:37,636][feed_maker_util.py:747][DEBUG] # get_incomplete_image_list(html_file_path='naver/surviving_as_barbarian_in_game/html/a807153.html')
[2026-05-17 21:14:37,637][feed_maker.py:222][INFO] Old: https://comic.naver.com/webtoon/detail?titleId=808482&no=112	112화, 대마경	naver/surviving_as_barbarian_in_game/html/8697d16.html (10796 bytes > 359 bytes of template)
[2026-05-17 21:14:37,637][feed_maker_util.py:747][DEBUG] # get_incomplete_image_list(html_file_path='naver/surviving_as_barbarian_in_game/html/8697d16.html')
[2026-05-17 21:14:37,639][feed_maker.py:222][INFO] Old: https://comic.naver.com/webtoon/detail?titleId=808482&no=111	111화, 졸업 (시즌2 마지막 화)	naver/surviving_as_barbarian_in_game/html/f7f70a5.html (11908 bytes > 359 bytes of template)
[2026-05-17 21:14:37,639][feed_maker_util.py:747][DEBUG] # get_incomplete_image_list(html_file_path='naver/surviving_as_barbarian_in_game/html/f7f70a5.html')
[2026-05-17 21:14:37,640][feed_maker.py:222][INFO] Old: https://comic.naver.com/webtoon/detail?titleId=808482&no=110	110화, 쥐새끼	naver/surviving_as_barbarian_in_game/html/1a55962.html (10834 bytes > 359 bytes of template)
[2026-05-17 21:14:37,640][feed_maker_util.py:747][DEBUG] # get_incomplete_image_list(html_file_path='naver/surviving_as_barbarian_in_game/html/1a55962.html')
[2026-05-17 21:14:37,641][feed_maker.py:222][INFO] Old: https://comic.naver.com/webtoon/detail?titleId=808482&no=109	109화, 발각	naver/surviving_as_barbarian_in_game/html/bf25463.html (9850 bytes > 359 bytes of template)
[2026-05-17 21:14:37,641][feed_maker_util.py:747][DEBUG] # get_incomplete_image_list(html_file_path='naver/surviving_as_barbarian_in_game/html/bf25463.html')
[2026-05-17 21:14:37,642][feed_maker.py:222][INFO] Old: https://comic.naver.com/webtoon/detail?titleId=808482&no=108	108화, 협상	naver/surviving_as_barbarian_in_game/html/aa55ae5.html (10366 bytes > 359 bytes of template)
[2026-05-17 21:14:37,642][feed_maker_util.py:747][DEBUG] # get_incomplete_image_list(html_file_path='naver/surviving_as_barbarian_in_game/html/aa55ae5.html')
[2026-05-17 21:14:37,644][feed_maker.py:222][INFO] Old: https://comic.naver.com/webtoon/detail?titleId=808482&no=107	107화, 백수의 왕	naver/surviving_as_barbarian_in_game/html/68a73f9.html (10366 bytes > 359 bytes of template)
[2026-05-17 21:14:37,644][feed_maker_util.py:747][DEBUG] # get_incomplete_image_list(html_file_path='naver/surviving_as_barbarian_in_game/html/68a73f9.html')
[2026-05-17 21:14:37,645][feed_maker.py:222][INFO] Old: https://comic.naver.com/webtoon/detail?titleId=808482&no=106	106화, 수사자	naver/surviving_as_barbarian_in_game/html/96db7b2.html (10022 bytes > 359 bytes of template)
[2026-05-17 21:14:37,645][feed_maker_util.py:747][DEBUG] # get_incomplete_image_list(html_file_path='naver/surviving_as_barbarian_in_game/html/96db7b2.html')
[2026-05-17 21:14:37,646][feed_maker.py:222][INFO] Old: https://comic.naver.com/webtoon/detail?titleId=808482&no=105	105화, 기선 제압	naver/surviving_as_barbarian_in_game/html/6a1b278.html (10194 bytes > 359 bytes of template)
[2026-05-17 21:14:37,646][feed_maker_util.py:747][DEBUG] # get_incomplete_image_list(html_file_path='naver/surviving_as_barbarian_in_game/html/6a1b278.html')
[2026-05-17 21:14:37,647][feed_maker.py:222][INFO] Old: https://comic.naver.com/webtoon/detail?titleId=808482&no=104	104화, 영입 완료	naver/surviving_as_barbarian_in_game/html/b162728.html (10108 bytes > 359 bytes of template)
[2026-05-17 21:14:37,647][feed_maker_util.py:747][DEBUG] # get_incomplete_image_list(html_file_path='naver/surviving_as_barbarian_in_game/html/b162728.html')
[2026-05-17 21:14:37,648][feed_maker.py:222][INFO] Old: https://comic.naver.com/webtoon/detail?titleId=808482&no=103	103화, 왕	naver/surviving_as_barbarian_in_game/html/23a461b.html (11914 bytes > 359 bytes of template)
[2026-05-17 21:14:37,648][feed_maker_util.py:747][DEBUG] # get_incomplete_image_list(html_file_path='naver/surviving_as_barbarian_in_game/html/23a461b.html')
[2026-05-17 21:14:37,650][feed_maker.py:222][INFO] Old: https://comic.naver.com/webtoon/detail?titleId=808482&no=102	102화, 바바리안 로드	naver/surviving_as_barbarian_in_game/html/77a7fb3.html (10452 bytes > 359 bytes of template)
[2026-05-17 21:14:37,650][feed_maker_util.py:747][DEBUG] # get_incomplete_image_list(html_file_path='naver/surviving_as_barbarian_in_game/html/77a7fb3.html')
[2026-05-17 21:14:37,652][feed_maker.py:222][INFO] Old: https://comic.naver.com/webtoon/detail?titleId=808482&no=101	101화, 인도자	naver/surviving_as_barbarian_in_game/html/d50110a.html (11734 bytes > 359 bytes of template)
[2026-05-17 21:14:37,652][feed_maker_util.py:747][DEBUG] # get_incomplete_image_list(html_file_path='naver/surviving_as_barbarian_in_game/html/d50110a.html')
[2026-05-17 21:14:37,653][feed_maker.py:222][INFO] Old: https://comic.naver.com/webtoon/detail?titleId=808482&no=100	100화, 이별	naver/surviving_as_barbarian_in_game/html/c2970d2.html (10538 bytes > 359 bytes of template)
[2026-05-17 21:14:37,653][feed_maker_util.py:747][DEBUG] # get_incomplete_image_list(html_file_path='naver/surviving_as_barbarian_in_game/html/c2970d2.html')
[2026-05-17 21:14:37,654][feed_maker.py:222][INFO] Old: https://comic.naver.com/webtoon/detail?titleId=808482&no=99	99화, 나를 좋아하나	naver/surviving_as_barbarian_in_game/html/852b06c.html (11464 bytes > 359 bytes of template)
[2026-05-17 21:14:37,654][feed_maker_util.py:747][DEBUG] # get_incomplete_image_list(html_file_path='naver/surviving_as_barbarian_in_game/html/852b06c.html')
[2026-05-17 21:14:37,656][feed_maker.py:222][INFO] Old: https://comic.naver.com/webtoon/detail?titleId=808482&no=98	98화, 위대한 유산	naver/surviving_as_barbarian_in_game/html/8041202.html (11560 bytes > 359 bytes of template)
[2026-05-17 21:14:37,656][feed_maker_util.py:747][DEBUG] # get_incomplete_image_list(html_file_path='naver/surviving_as_barbarian_in_game/html/8041202.html')
[2026-05-17 21:14:37,657][feed_maker.py:222][INFO] Old: https://comic.naver.com/webtoon/detail?titleId=808482&no=97	97화, 개싸움	naver/surviving_as_barbarian_in_game/html/8c232e8.html (10834 bytes > 359 bytes of template)
[2026-05-17 21:14:37,657][feed_maker_util.py:747][DEBUG] # get_incomplete_image_list(html_file_path='naver/surviving_as_barbarian_in_game/html/8c232e8.html')
[2026-05-17 21:14:37,658][feed_maker.py:222][INFO] Old: https://comic.naver.com/webtoon/detail?titleId=808482&no=96	96화, 경계선	naver/surviving_as_barbarian_in_game/html/9f2aae4.html (12860 bytes > 359 bytes of template)
[2026-05-17 21:14:37,658][feed_maker_util.py:747][DEBUG] # get_incomplete_image_list(html_file_path='naver/surviving_as_barbarian_in_game/html/9f2aae4.html')
[2026-05-17 21:14:37,660][feed_maker.py:222][INFO] Old: https://comic.naver.com/webtoon/detail?titleId=808482&no=95	95화, 각성	naver/surviving_as_barbarian_in_game/html/7873264.html (11054 bytes > 359 bytes of template)
[2026-05-17 21:14:37,660][feed_maker_util.py:747][DEBUG] # get_incomplete_image_list(html_file_path='naver/surviving_as_barbarian_in_game/html/7873264.html')
[2026-05-17 21:14:37,661][feed_maker.py:222][INFO] Old: https://comic.naver.com/webtoon/detail?titleId=808482&no=94	94화, 영혼 탈진	naver/surviving_as_barbarian_in_game/html/192f6d0.html (12469 bytes > 359 bytes of template)
[2026-05-17 21:14:37,661][feed_maker_util.py:747][DEBUG] # get_incomplete_image_list(html_file_path='naver/surviving_as_barbarian_in_game/html/192f6d0.html')
[2026-05-17 21:14:37,662][feed_maker.py:222][INFO] Old: https://comic.naver.com/webtoon/detail?titleId=808482&no=93	93화, 육탄 능력만큼은 최고	naver/surviving_as_barbarian_in_game/html/421e061.html (10538 bytes > 359 bytes of template)
[2026-05-17 21:14:37,663][feed_maker_util.py:747][DEBUG] # get_incomplete_image_list(html_file_path='naver/surviving_as_barbarian_in_game/html/421e061.html')
[2026-05-17 21:14:37,664][feed_maker.py:222][INFO] Old: https://comic.naver.com/webtoon/detail?titleId=808482&no=92	92화, 용살자	naver/surviving_as_barbarian_in_game/html/5609b8c.html (11398 bytes > 359 bytes of template)
[2026-05-17 21:14:37,664][feed_maker_util.py:747][DEBUG] # get_incomplete_image_list(html_file_path='naver/surviving_as_barbarian_in_game/html/5609b8c.html')
[2026-05-17 21:14:37,665][feed_maker.py:222][INFO] Old: https://comic.naver.com/webtoon/detail?titleId=808482&no=91	91화, 최종 형태	naver/surviving_as_barbarian_in_game/html/07c6d53.html (10280 bytes > 359 bytes of template)
[2026-05-17 21:14:37,665][feed_maker_util.py:747][DEBUG] # get_incomplete_image_list(html_file_path='naver/surviving_as_barbarian_in_game/html/07c6d53.html')
[2026-05-17 21:14:37,666][feed_maker.py:222][INFO] Old: https://comic.naver.com/webtoon/detail?titleId=808482&no=90	90화, 팀 플레이, 플레이	naver/surviving_as_barbarian_in_game/html/19aa914.html (9936 bytes > 359 bytes of template)
[2026-05-17 21:14:37,666][feed_maker_util.py:747][DEBUG] # get_incomplete_image_list(html_file_path='naver/surviving_as_barbarian_in_game/html/19aa914.html')
[2026-05-17 21:14:37,667][feed_maker.py:222][INFO] Old: https://comic.naver.com/webtoon/detail?titleId=808482&no=89	89화, 각자의 계단	naver/surviving_as_barbarian_in_game/html/2f26b8b.html (11742 bytes > 359 bytes of template)
[2026-05-17 21:14:37,667][feed_maker_util.py:747][DEBUG] # get_incomplete_image_list(html_file_path='naver/surviving_as_barbarian_in_game/html/2f26b8b.html')
[2026-05-17 21:14:37,668][feed_maker.py:222][INFO] Old: https://comic.naver.com/webtoon/detail?titleId=808482&no=88	88화, 팀 플레이	naver/surviving_as_barbarian_in_game/html/0c147ec.html (10796 bytes > 359 bytes of template)
[2026-05-17 21:14:37,668][feed_maker_util.py:747][DEBUG] # get_incomplete_image_list(html_file_path='naver/surviving_as_barbarian_in_game/html/0c147ec.html')
[2026-05-17 21:14:37,670][feed_maker.py:222][INFO] Old: https://comic.naver.com/webtoon/detail?titleId=808482&no=87	87화, 칼스타인	naver/surviving_as_barbarian_in_game/html/780d8a7.html (10108 bytes > 359 bytes of template)
[2026-05-17 21:14:37,670][feed_maker_util.py:747][DEBUG] # get_incomplete_image_list(html_file_path='naver/surviving_as_barbarian_in_game/html/780d8a7.html')
[2026-05-17 21:14:37,671][feed_maker.py:222][INFO] Old: https://comic.naver.com/webtoon/detail?titleId=808482&no=86	86화, 순혈가(純血家)	naver/surviving_as_barbarian_in_game/html/76c36fc.html (9334 bytes > 359 bytes of template)
[2026-05-17 21:14:37,671][feed_maker_util.py:747][DEBUG] # get_incomplete_image_list(html_file_path='naver/surviving_as_barbarian_in_game/html/76c36fc.html')
[2026-05-17 21:14:37,672][feed_maker.py:222][INFO] Old: https://comic.naver.com/webtoon/detail?titleId=808482&no=85	85화, 고인물	naver/surviving_as_barbarian_in_game/html/d80f58e.html (13022 bytes > 359 bytes of template)
[2026-05-17 21:14:37,672][feed_maker_util.py:747][DEBUG] # get_incomplete_image_list(html_file_path='naver/surviving_as_barbarian_in_game/html/d80f58e.html')
[2026-05-17 21:14:37,673][feed_maker.py:222][INFO] Old: https://comic.naver.com/webtoon/detail?titleId=808482&no=84	84화, 원탁의 감시자	naver/surviving_as_barbarian_in_game/html/d4dbbe0.html (10538 bytes > 359 bytes of template)
[2026-05-17 21:14:37,674][feed_maker_util.py:747][DEBUG] # get_incomplete_image_list(html_file_path='naver/surviving_as_barbarian_in_game/html/d4dbbe0.html')
[2026-05-17 21:14:37,675][feed_maker.py:222][INFO] Old: https://comic.naver.com/webtoon/detail?titleId=808482&no=83	83화, 한국인	naver/surviving_as_barbarian_in_game/html/53b5d07.html (10022 bytes > 359 bytes of template)
[2026-05-17 21:14:37,675][feed_maker_util.py:747][DEBUG] # get_incomplete_image_list(html_file_path='naver/surviving_as_barbarian_in_game/html/53b5d07.html')
[2026-05-17 21:14:37,676][feed_maker.py:222][INFO] Old: https://comic.naver.com/webtoon/detail?titleId=808482&no=82	82화, 두 여자	naver/surviving_as_barbarian_in_game/html/2df9d25.html (9936 bytes > 359 bytes of template)
[2026-05-17 21:14:37,676][feed_maker_util.py:747][DEBUG] # get_incomplete_image_list(html_file_path='naver/surviving_as_barbarian_in_game/html/2df9d25.html')
[2026-05-17 21:14:37,677][feed_maker.py:222][INFO] Old: https://comic.naver.com/webtoon/detail?titleId=808482&no=81	81화, 불온(不穩)	naver/surviving_as_barbarian_in_game/html/837f5a7.html (11092 bytes > 359 bytes of template)
[2026-05-17 21:14:37,677][feed_maker_util.py:747][DEBUG] # get_incomplete_image_list(html_file_path='naver/surviving_as_barbarian_in_game/html/837f5a7.html')
[2026-05-17 21:14:37,678][feed_maker.py:222][INFO] Old: https://comic.naver.com/webtoon/detail?titleId=808482&no=80	80화, 진·암운 (眞·暗雲)	naver/surviving_as_barbarian_in_game/html/54fc5c9.html (9764 bytes > 359 bytes of template)
[2026-05-17 21:14:37,678][feed_maker_util.py:747][DEBUG] # get_incomplete_image_list(html_file_path='naver/surviving_as_barbarian_in_game/html/54fc5c9.html')
[2026-05-17 21:14:37,679][feed_maker.py:222][INFO] Old: https://comic.naver.com/webtoon/detail?titleId=808482&no=79	79화, 저울질	naver/surviving_as_barbarian_in_game/html/b93c146.html (11054 bytes > 359 bytes of template)
[2026-05-17 21:14:37,679][feed_maker_util.py:747][DEBUG] # get_incomplete_image_list(html_file_path='naver/surviving_as_barbarian_in_game/html/b93c146.html')
[2026-05-17 21:14:37,681][feed_maker.py:222][INFO] Old: https://comic.naver.com/webtoon/detail?titleId=808482&no=78	78화, 암운(暗雲)	naver/surviving_as_barbarian_in_game/html/7d418b0.html (11264 bytes > 359 bytes of template)
[2026-05-17 21:14:37,681][feed_maker_util.py:747][DEBUG] # get_incomplete_image_list(html_file_path='naver/surviving_as_barbarian_in_game/html/7d418b0.html')
[2026-05-17 21:14:37,682][feed_maker.py:222][INFO] Old: https://comic.naver.com/webtoon/detail?titleId=808482&no=77	77화, 한스 효과	naver/surviving_as_barbarian_in_game/html/7e75887.html (10280 bytes > 359 bytes of template)
[2026-05-17 21:14:37,682][feed_maker_util.py:747][DEBUG] # get_incomplete_image_list(html_file_path='naver/surviving_as_barbarian_in_game/html/7e75887.html')
[2026-05-17 21:14:37,683][feed_maker.py:222][INFO] Old: https://comic.naver.com/webtoon/detail?titleId=808482&no=76	76화, 한 사람의 전사	naver/surviving_as_barbarian_in_game/html/0f99056.html (10366 bytes > 359 bytes of template)
[2026-05-17 21:14:37,683][feed_maker_util.py:747][DEBUG] # get_incomplete_image_list(html_file_path='naver/surviving_as_barbarian_in_game/html/0f99056.html')
[2026-05-17 21:14:37,684][feed_maker.py:222][INFO] Old: https://comic.naver.com/webtoon/detail?titleId=808482&no=75	75화, 그냥 돌아다니는 몬스터+휴재 특별편	naver/surviving_as_barbarian_in_game/html/c7e0903.html (13204 bytes > 359 bytes of template)
[2026-05-17 21:14:37,684][feed_maker_util.py:747][DEBUG] # get_incomplete_image_list(html_file_path='naver/surviving_as_barbarian_in_game/html/c7e0903.html')
[2026-05-17 21:14:37,686][feed_maker.py:222][INFO] Old: https://comic.naver.com/webtoon/detail?titleId=808482&no=74	74화, 아기 바바리안	naver/surviving_as_barbarian_in_game/html/a052661.html (9764 bytes > 359 bytes of template)
[2026-05-17 21:14:37,686][feed_maker_util.py:747][DEBUG] # get_incomplete_image_list(html_file_path='naver/surviving_as_barbarian_in_game/html/a052661.html')
[2026-05-17 21:14:37,687][feed_maker.py:222][INFO] Old: https://comic.naver.com/webtoon/detail?titleId=808482&no=73	73화, 미샤가 없었다면	naver/surviving_as_barbarian_in_game/html/80b8c88.html (13558 bytes > 359 bytes of template)
[2026-05-17 21:14:37,687][feed_maker_util.py:747][DEBUG] # get_incomplete_image_list(html_file_path='naver/surviving_as_barbarian_in_game/html/80b8c88.html')
[2026-05-17 21:14:37,688][feed_maker.py:222][INFO] Old: https://comic.naver.com/webtoon/detail?titleId=808482&no=72	72화, PK	naver/surviving_as_barbarian_in_game/html/1a338a4.html (10747 bytes > 359 bytes of template)
[2026-05-17 21:14:37,688][feed_maker_util.py:747][DEBUG] # get_incomplete_image_list(html_file_path='naver/surviving_as_barbarian_in_game/html/1a338a4.html')
[2026-05-17 21:14:37,689][feed_maker.py:222][INFO] Old: https://comic.naver.com/webtoon/detail?titleId=808482&no=71	71화, 밤이 되었습니다	naver/surviving_as_barbarian_in_game/html/f86e46a.html (11006 bytes > 359 bytes of template)
[2026-05-17 21:14:37,689][feed_maker_util.py:747][DEBUG] # get_incomplete_image_list(html_file_path='naver/surviving_as_barbarian_in_game/html/f86e46a.html')
[2026-05-17 21:14:37,690][feed_maker.py:222][INFO] Old: https://comic.naver.com/webtoon/detail?titleId=808482&no=70	70화, 악덕 사장	naver/surviving_as_barbarian_in_game/html/e2c2bb9.html (10957 bytes > 359 bytes of template)
[2026-05-17 21:14:37,690][feed_maker_util.py:747][DEBUG] # get_incomplete_image_list(html_file_path='naver/surviving_as_barbarian_in_game/html/e2c2bb9.html')
[2026-05-17 21:14:37,691][feed_maker.py:222][INFO] Old: https://comic.naver.com/webtoon/detail?titleId=808482&no=69	69화, 마피아	naver/surviving_as_barbarian_in_game/html/854aea0.html (11598 bytes > 359 bytes of template)
[2026-05-17 21:14:37,692][feed_maker_util.py:747][DEBUG] # get_incomplete_image_list(html_file_path='naver/surviving_as_barbarian_in_game/html/854aea0.html')
[2026-05-17 21:14:37,693][feed_maker.py:222][INFO] Old: https://comic.naver.com/webtoon/detail?titleId=808482&no=68	68화, 바바리안도 아니면서	naver/surviving_as_barbarian_in_game/html/069dddf.html (10452 bytes > 359 bytes of template)
[2026-05-17 21:14:37,693][feed_maker_util.py:747][DEBUG] # get_incomplete_image_list(html_file_path='naver/surviving_as_barbarian_in_game/html/069dddf.html')
[2026-05-17 21:14:37,694][feed_maker.py:222][INFO] Old: https://comic.naver.com/webtoon/detail?titleId=808482&no=67	67화, 악령 판독기	naver/surviving_as_barbarian_in_game/html/63cf612.html (10442 bytes > 359 bytes of template)
[2026-05-17 21:14:37,694][feed_maker_util.py:747][DEBUG] # get_incomplete_image_list(html_file_path='naver/surviving_as_barbarian_in_game/html/63cf612.html')
[2026-05-17 21:14:37,695][feed_maker.py:222][INFO] Old: https://comic.naver.com/webtoon/detail?titleId=808482&no=66	66화, 기사 분쇄자	naver/surviving_as_barbarian_in_game/html/f8d8ce4.html (9162 bytes > 359 bytes of template)
[2026-05-17 21:14:37,695][feed_maker_util.py:747][DEBUG] # get_incomplete_image_list(html_file_path='naver/surviving_as_barbarian_in_game/html/f8d8ce4.html')
[2026-05-17 21:14:37,697][feed_maker.py:222][INFO] Old: https://comic.naver.com/webtoon/detail?titleId=808482&no=65	65화, 바바리안 트로피	naver/surviving_as_barbarian_in_game/html/77a7084.html (11600 bytes > 359 bytes of template)
[2026-05-17 21:14:37,697][feed_maker_util.py:747][DEBUG] # get_incomplete_image_list(html_file_path='naver/surviving_as_barbarian_in_game/html/77a7084.html')
[2026-05-17 21:14:37,698][feed_maker.py:222][INFO] Old: https://comic.naver.com/webtoon/detail?titleId=808482&no=64	64화, 오직 행동만이 기록된다	naver/surviving_as_barbarian_in_game/html/81fc52f.html (11428 bytes > 359 bytes of template)
[2026-05-17 21:14:37,698][feed_maker_util.py:747][DEBUG] # get_incomplete_image_list(html_file_path='naver/surviving_as_barbarian_in_game/html/81fc52f.html')
[2026-05-17 21:14:37,699][feed_maker.py:222][INFO] Old: https://comic.naver.com/webtoon/detail?titleId=808482&no=63	63화, 닉네임	naver/surviving_as_barbarian_in_game/html/170abb2.html (9764 bytes > 359 bytes of template)
[2026-05-17 21:14:37,699][feed_maker_util.py:747][DEBUG] # get_incomplete_image_list(html_file_path='naver/surviving_as_barbarian_in_game/html/170abb2.html')
[2026-05-17 21:14:37,700][feed_maker.py:222][INFO] Old: https://comic.naver.com/webtoon/detail?titleId=808482&no=62	62화, 차원 붕괴	naver/surviving_as_barbarian_in_game/html/9a128b4.html (10232 bytes > 359 bytes of template)
[2026-05-17 21:14:37,700][feed_maker_util.py:747][DEBUG] # get_incomplete_image_list(html_file_path='naver/surviving_as_barbarian_in_game/html/9a128b4.html')
[2026-05-17 21:14:37,701][feed_maker.py:222][INFO] Old: https://comic.naver.com/webtoon/detail?titleId=808482&no=61	61화, 귀족과의 조우	naver/surviving_as_barbarian_in_game/html/babeda8.html (11256 bytes > 359 bytes of template)
[2026-05-17 21:14:37,701][feed_maker_util.py:747][DEBUG] # get_incomplete_image_list(html_file_path='naver/surviving_as_barbarian_in_game/html/babeda8.html')
[2026-05-17 21:14:37,702][feed_maker.py:222][INFO] Old: https://comic.naver.com/webtoon/detail?titleId=808482&no=60	60화, 멋진 하루	naver/surviving_as_barbarian_in_game/html/5b17650.html (12389 bytes > 359 bytes of template)
[2026-05-17 21:14:37,702][feed_maker_util.py:747][DEBUG] # get_incomplete_image_list(html_file_path='naver/surviving_as_barbarian_in_game/html/5b17650.html')
[2026-05-17 21:14:37,703][feed_maker.py:222][INFO] Old: https://comic.naver.com/webtoon/detail?titleId=808482&no=59	59화, 레테의 축복	naver/surviving_as_barbarian_in_game/html/86d63f7.html (10001 bytes > 359 bytes of template)
[2026-05-17 21:14:37,703][feed_maker_util.py:747][DEBUG] # get_incomplete_image_list(html_file_path='naver/surviving_as_barbarian_in_game/html/86d63f7.html')
[2026-05-17 21:14:37,704][feed_maker.py:222][INFO] Old: https://comic.naver.com/webtoon/detail?titleId=808482&no=58	58화, 재회	naver/surviving_as_barbarian_in_game/html/f412e7e.html (10404 bytes > 359 bytes of template)
[2026-05-17 21:14:37,704][feed_maker_util.py:747][DEBUG] # get_incomplete_image_list(html_file_path='naver/surviving_as_barbarian_in_game/html/f412e7e.html')
[2026-05-17 21:14:37,705][feed_maker.py:222][INFO] Old: https://comic.naver.com/webtoon/detail?titleId=808482&no=57	57화, 첫 의뢰	naver/surviving_as_barbarian_in_game/html/2c13873.html (10108 bytes > 359 bytes of template)
[2026-05-17 21:14:37,706][feed_maker_util.py:747][DEBUG] # get_incomplete_image_list(html_file_path='naver/surviving_as_barbarian_in_game/html/2c13873.html')
[2026-05-17 21:14:37,707][feed_maker.py:222][INFO] Old: https://comic.naver.com/webtoon/detail?titleId=808482&no=56	56화, 미래를 위한 조언	naver/surviving_as_barbarian_in_game/html/1574ae7.html (9850 bytes > 359 bytes of template)
[2026-05-17 21:14:37,707][feed_maker_util.py:747][DEBUG] # get_incomplete_image_list(html_file_path='naver/surviving_as_barbarian_in_game/html/1574ae7.html')
[2026-05-17 21:14:37,708][feed_maker.py:222][INFO] Old: https://comic.naver.com/webtoon/detail?titleId=808482&no=55	55화, 고스트 버스터즈	naver/surviving_as_barbarian_in_game/html/f6123ce.html (9162 bytes > 359 bytes of template)
[2026-05-17 21:14:37,708][feed_maker_util.py:747][DEBUG] # get_incomplete_image_list(html_file_path='naver/surviving_as_barbarian_in_game/html/f6123ce.html')
[2026-05-17 21:14:37,709][feed_maker.py:222][INFO] Old: https://comic.naver.com/webtoon/detail?titleId=808482&no=54	54화, 생환	naver/surviving_as_barbarian_in_game/html/b1edcfa.html (10624 bytes > 359 bytes of template)
[2026-05-17 21:14:37,709][feed_maker_util.py:747][DEBUG] # get_incomplete_image_list(html_file_path='naver/surviving_as_barbarian_in_game/html/b1edcfa.html')
[2026-05-17 21:14:37,710][feed_maker.py:222][INFO] Old: https://comic.naver.com/webtoon/detail?titleId=808482&no=53	53화, 작은 발칸 (시즌1 마지막 화)	naver/surviving_as_barbarian_in_game/html/ddf7648.html (10968 bytes > 359 bytes of template)
[2026-05-17 21:14:37,710][feed_maker_util.py:747][DEBUG] # get_incomplete_image_list(html_file_path='naver/surviving_as_barbarian_in_game/html/ddf7648.html')
[2026-05-17 21:14:37,711][feed_maker.py:222][INFO] Old: https://comic.naver.com/webtoon/detail?titleId=808482&no=52	52화, 먹잇감	naver/surviving_as_barbarian_in_game/html/43793cf.html (10624 bytes > 359 bytes of template)
[2026-05-17 21:14:37,711][feed_maker_util.py:747][DEBUG] # get_incomplete_image_list(html_file_path='naver/surviving_as_barbarian_in_game/html/43793cf.html')
[2026-05-17 21:14:37,712][feed_maker.py:222][INFO] Old: https://comic.naver.com/webtoon/detail?titleId=808482&no=51	51화, 바바리안 히어로 (2)	naver/surviving_as_barbarian_in_game/html/c518301.html (12946 bytes > 359 bytes of template)
[2026-05-17 21:14:37,712][feed_maker_util.py:747][DEBUG] # get_incomplete_image_list(html_file_path='naver/surviving_as_barbarian_in_game/html/c518301.html')
[2026-05-17 21:14:37,713][feed_maker.py:222][INFO] Old: https://comic.naver.com/webtoon/detail?titleId=808482&no=50	50화, 바바리안 히어로 (1)	naver/surviving_as_barbarian_in_game/html/8d724da.html (12602 bytes > 359 bytes of template)
[2026-05-17 21:14:37,713][feed_maker_util.py:747][DEBUG] # get_incomplete_image_list(html_file_path='naver/surviving_as_barbarian_in_game/html/8d724da.html')
[2026-05-17 21:14:37,715][feed_maker.py:222][INFO] Old: https://comic.naver.com/webtoon/detail?titleId=808482&no=49	49화, 혼돈의 군주	naver/surviving_as_barbarian_in_game/html/6cc20ee.html (11742 bytes > 359 bytes of template)
[2026-05-17 21:14:37,715][feed_maker_util.py:747][DEBUG] # get_incomplete_image_list(html_file_path='naver/surviving_as_barbarian_in_game/html/6cc20ee.html')
[2026-05-17 21:14:37,716][feed_maker.py:222][INFO] Old: https://comic.naver.com/webtoon/detail?titleId=808482&no=48	48화, 선	naver/surviving_as_barbarian_in_game/html/66adfbc.html (12468 bytes > 359 bytes of template)
[2026-05-17 21:14:37,716][feed_maker_util.py:747][DEBUG] # get_incomplete_image_list(html_file_path='naver/surviving_as_barbarian_in_game/html/66adfbc.html')
[2026-05-17 21:14:37,717][feed_maker.py:222][INFO] Old: https://comic.naver.com/webtoon/detail?titleId=808482&no=47	47화, 미끼	naver/surviving_as_barbarian_in_game/html/d101247.html (11656 bytes > 359 bytes of template)
[2026-05-17 21:14:37,717][feed_maker_util.py:747][DEBUG] # get_incomplete_image_list(html_file_path='naver/surviving_as_barbarian_in_game/html/d101247.html')
[2026-05-17 21:14:37,718][feed_maker.py:222][INFO] Old: https://comic.naver.com/webtoon/detail?titleId=808482&no=46	46화, 마녀의 눈	naver/surviving_as_barbarian_in_game/html/4f6db96.html (10108 bytes > 359 bytes of template)
[2026-05-17 21:14:37,718][feed_maker_util.py:747][DEBUG] # get_incomplete_image_list(html_file_path='naver/surviving_as_barbarian_in_game/html/4f6db96.html')
[2026-05-17 21:14:37,719][feed_maker.py:222][INFO] Old: https://comic.naver.com/webtoon/detail?titleId=808482&no=45	45화, 계약	naver/surviving_as_barbarian_in_game/html/e165c96.html (10022 bytes > 359 bytes of template)
[2026-05-17 21:14:37,719][feed_maker_util.py:747][DEBUG] # get_incomplete_image_list(html_file_path='naver/surviving_as_barbarian_in_game/html/e165c96.html')
[2026-05-17 21:14:37,721][feed_maker.py:222][INFO] Old: https://comic.naver.com/webtoon/detail?titleId=808482&no=44	44화, 생존 수칙 (2)	naver/surviving_as_barbarian_in_game/html/428799f.html (10022 bytes > 359 bytes of template)
[2026-05-17 21:14:37,721][feed_maker_util.py:747][DEBUG] # get_incomplete_image_list(html_file_path='naver/surviving_as_barbarian_in_game/html/428799f.html')
[2026-05-17 21:14:37,722][feed_maker.py:222][INFO] Old: https://comic.naver.com/webtoon/detail?titleId=808482&no=43	43화, 생존 수칙 (1)	naver/surviving_as_barbarian_in_game/html/00a183f.html (11656 bytes > 359 bytes of template)
[2026-05-17 21:14:37,722][feed_maker_util.py:747][DEBUG] # get_incomplete_image_list(html_file_path='naver/surviving_as_barbarian_in_game/html/00a183f.html')
[2026-05-17 21:14:37,723][feed_maker.py:222][INFO] Old: https://comic.naver.com/webtoon/detail?titleId=808482&no=42	42화, 조난자들 (2)	naver/surviving_as_barbarian_in_game/html/b7f472a.html (9678 bytes > 359 bytes of template)
[2026-05-17 21:14:37,723][feed_maker_util.py:747][DEBUG] # get_incomplete_image_list(html_file_path='naver/surviving_as_barbarian_in_game/html/b7f472a.html')
[2026-05-17 21:14:37,724][feed_maker.py:222][INFO] Old: https://comic.naver.com/webtoon/detail?titleId=808482&no=41	41화, 조난자들 (1)	naver/surviving_as_barbarian_in_game/html/ee6ae33.html (10280 bytes > 359 bytes of template)
[2026-05-17 21:14:37,724][feed_maker_util.py:747][DEBUG] # get_incomplete_image_list(html_file_path='naver/surviving_as_barbarian_in_game/html/ee6ae33.html')
[2026-05-17 21:14:37,726][feed_maker.py:222][INFO] Old: https://comic.naver.com/webtoon/detail?titleId=808482&no=40	40화, 팀 반푼이 (2)	naver/surviving_as_barbarian_in_game/html/74d76b6.html (9506 bytes > 359 bytes of template)
[2026-05-17 21:14:37,726][feed_maker_util.py:747][DEBUG] # get_incomplete_image_list(html_file_path='naver/surviving_as_barbarian_in_game/html/74d76b6.html')
[2026-05-17 21:14:37,727][feed_maker.py:222][INFO] Old: https://comic.naver.com/webtoon/detail?titleId=808482&no=39	39화, 팀 반푼이 (1)	naver/surviving_as_barbarian_in_game/html/ba385cc.html (11054 bytes > 359 bytes of template)
[2026-05-17 21:14:37,727][feed_maker_util.py:747][DEBUG] # get_incomplete_image_list(html_file_path='naver/surviving_as_barbarian_in_game/html/ba385cc.html')
[2026-05-17 21:14:37,728][feed_maker.py:222][INFO] Old: https://comic.naver.com/webtoon/detail?titleId=808482&no=38	38화, 사냥감	naver/surviving_as_barbarian_in_game/html/754a9f2.html (11914 bytes > 359 bytes of template)
[2026-05-17 21:14:37,728][feed_maker_util.py:747][DEBUG] # get_incomplete_image_list(html_file_path='naver/surviving_as_barbarian_in_game/html/754a9f2.html')
[2026-05-17 21:14:37,729][feed_maker.py:222][INFO] Old: https://comic.naver.com/webtoon/detail?titleId=808482&no=37	37화, 악령	naver/surviving_as_barbarian_in_game/html/f3225fa.html (10022 bytes > 359 bytes of template)
[2026-05-17 21:14:37,729][feed_maker_util.py:747][DEBUG] # get_incomplete_image_list(html_file_path='naver/surviving_as_barbarian_in_game/html/f3225fa.html')
[2026-05-17 21:14:37,730][feed_maker.py:222][INFO] Old: https://comic.naver.com/webtoon/detail?titleId=808482&no=36	36화, 팀원 모집	naver/surviving_as_barbarian_in_game/html/cf395f1.html (11140 bytes > 359 bytes of template)
[2026-05-17 21:14:37,730][feed_maker_util.py:747][DEBUG] # get_incomplete_image_list(html_file_path='naver/surviving_as_barbarian_in_game/html/cf395f1.html')
[2026-05-17 21:14:37,732][feed_maker.py:222][INFO] Old: https://comic.naver.com/webtoon/detail?titleId=808482&no=35	35화, 결심	naver/surviving_as_barbarian_in_game/html/b0c3318.html (12000 bytes > 359 bytes of template)
[2026-05-17 21:14:37,732][feed_maker_util.py:747][DEBUG] # get_incomplete_image_list(html_file_path='naver/surviving_as_barbarian_in_game/html/b0c3318.html')
[2026-05-17 21:14:37,733][feed_maker.py:222][INFO] Old: https://comic.naver.com/webtoon/detail?titleId=808482&no=34	34화, 손해배상	naver/surviving_as_barbarian_in_game/html/20a581b.html (9076 bytes > 359 bytes of template)
[2026-05-17 21:14:37,733][feed_maker_util.py:747][DEBUG] # get_incomplete_image_list(html_file_path='naver/surviving_as_barbarian_in_game/html/20a581b.html')
[2026-05-17 21:14:37,734][feed_maker.py:222][INFO] Old: https://comic.naver.com/webtoon/detail?titleId=808482&no=33	33화, 누명	naver/surviving_as_barbarian_in_game/html/7c60609.html (9420 bytes > 359 bytes of template)
[2026-05-17 21:14:37,734][feed_maker_util.py:747][DEBUG] # get_incomplete_image_list(html_file_path='naver/surviving_as_barbarian_in_game/html/7c60609.html')
[2026-05-17 21:14:37,735][feed_maker.py:222][INFO] Old: https://comic.naver.com/webtoon/detail?titleId=808482&no=32	32화, 자유의 바바리안	naver/surviving_as_barbarian_in_game/html/1e3b51b.html (9592 bytes > 359 bytes of template)
[2026-05-17 21:14:37,735][feed_maker_util.py:747][DEBUG] # get_incomplete_image_list(html_file_path='naver/surviving_as_barbarian_in_game/html/1e3b51b.html')
[2026-05-17 21:14:37,736][feed_maker.py:222][INFO] Old: https://comic.naver.com/webtoon/detail?titleId=808482&no=31	31화, 의심	naver/surviving_as_barbarian_in_game/html/f0453c2.html (8216 bytes > 359 bytes of template)
[2026-05-17 21:14:37,736][feed_maker_util.py:747][DEBUG] # get_incomplete_image_list(html_file_path='naver/surviving_as_barbarian_in_game/html/f0453c2.html')
[2026-05-17 21:14:37,737][feed_maker.py:222][INFO] Old: https://comic.naver.com/webtoon/detail?titleId=808482&no=30	30화, 전사 (2)	naver/surviving_as_barbarian_in_game/html/aecb6f2.html (14236 bytes > 359 bytes of template)
[2026-05-17 21:14:37,737][feed_maker_util.py:747][DEBUG] # get_incomplete_image_list(html_file_path='naver/surviving_as_barbarian_in_game/html/aecb6f2.html')
[2026-05-17 21:14:37,738][feed_maker.py:222][INFO] Old: https://comic.naver.com/webtoon/detail?titleId=808482&no=29	29화, 전사 (1)	naver/surviving_as_barbarian_in_game/html/a186f36.html (11054 bytes > 359 bytes of template)
[2026-05-17 21:14:37,738][feed_maker_util.py:747][DEBUG] # get_incomplete_image_list(html_file_path='naver/surviving_as_barbarian_in_game/html/a186f36.html')
[2026-05-17 21:14:37,740][feed_maker.py:222][INFO] Old: https://comic.naver.com/webtoon/detail?titleId=808482&no=28	28화, 별종 바바리안	naver/surviving_as_barbarian_in_game/html/0b83bb7.html (10538 bytes > 359 bytes of template)
[2026-05-17 21:14:37,740][feed_maker_util.py:747][DEBUG] # get_incomplete_image_list(html_file_path='naver/surviving_as_barbarian_in_game/html/0b83bb7.html')
[2026-05-17 21:14:37,741][feed_maker.py:222][INFO] Old: https://comic.naver.com/webtoon/detail?titleId=808482&no=27	27화, 핏빛 성채 (4)	naver/surviving_as_barbarian_in_game/html/e4900cf.html (11054 bytes > 359 bytes of template)
[2026-05-17 21:14:37,741][feed_maker_util.py:747][DEBUG] # get_incomplete_image_list(html_file_path='naver/surviving_as_barbarian_in_game/html/e4900cf.html')
[2026-05-17 21:14:37,742][feed_maker.py:222][INFO] Old: https://comic.naver.com/webtoon/detail?titleId=808482&no=26	26화, 핏빛 성채 (3)	naver/surviving_as_barbarian_in_game/html/e098344.html (10452 bytes > 359 bytes of template)
[2026-05-17 21:14:37,742][feed_maker_util.py:747][DEBUG] # get_incomplete_image_list(html_file_path='naver/surviving_as_barbarian_in_game/html/e098344.html')
[2026-05-17 21:14:37,743][feed_maker.py:222][INFO] Old: https://comic.naver.com/webtoon/detail?titleId=808482&no=25	25화, 핏빛 성채 (2)	naver/surviving_as_barbarian_in_game/html/4e19b58.html (11054 bytes > 359 bytes of template)
[2026-05-17 21:14:37,743][feed_maker_util.py:747][DEBUG] # get_incomplete_image_list(html_file_path='naver/surviving_as_barbarian_in_game/html/4e19b58.html')
[2026-05-17 21:14:37,745][feed_maker.py:222][INFO] Old: https://comic.naver.com/webtoon/detail?titleId=808482&no=24	24화, 핏빛 성채 (1)	naver/surviving_as_barbarian_in_game/html/d58eff8.html (10452 bytes > 359 bytes of template)
[2026-05-17 21:14:37,745][feed_maker_util.py:747][DEBUG] # get_incomplete_image_list(html_file_path='naver/surviving_as_barbarian_in_game/html/d58eff8.html')
[2026-05-17 21:14:37,746][feed_maker.py:222][INFO] Old: https://comic.naver.com/webtoon/detail?titleId=808482&no=23	23화, 균열	naver/surviving_as_barbarian_in_game/html/dac4294.html (10882 bytes > 359 bytes of template)
[2026-05-17 21:14:37,746][feed_maker_util.py:747][DEBUG] # get_incomplete_image_list(html_file_path='naver/surviving_as_barbarian_in_game/html/dac4294.html')
[2026-05-17 21:14:37,747][feed_maker.py:222][INFO] Old: https://comic.naver.com/webtoon/detail?titleId=808482&no=22	22화, 약탈자 (3)	naver/surviving_as_barbarian_in_game/html/b3ff561.html (10710 bytes > 359 bytes of template)
[2026-05-17 21:14:37,747][feed_maker_util.py:747][DEBUG] # get_incomplete_image_list(html_file_path='naver/surviving_as_barbarian_in_game/html/b3ff561.html')
[2026-05-17 21:14:37,748][feed_maker.py:222][INFO] Old: https://comic.naver.com/webtoon/detail?titleId=808482&no=21	21화, 약탈자 (2)	naver/surviving_as_barbarian_in_game/html/84ffbb7.html (10194 bytes > 359 bytes of template)
[2026-05-17 21:14:37,748][feed_maker_util.py:747][DEBUG] # get_incomplete_image_list(html_file_path='naver/surviving_as_barbarian_in_game/html/84ffbb7.html')
[2026-05-17 21:14:37,749][feed_maker.py:222][INFO] Old: https://comic.naver.com/webtoon/detail?titleId=808482&no=20	20화, 약탈자 (1)	naver/surviving_as_barbarian_in_game/html/f766677.html (9850 bytes > 359 bytes of template)
[2026-05-17 21:14:37,750][feed_maker_util.py:747][DEBUG] # get_incomplete_image_list(html_file_path='naver/surviving_as_barbarian_in_game/html/f766677.html')
[2026-05-17 21:14:37,751][feed_maker.py:222][INFO] Old: https://comic.naver.com/webtoon/detail?titleId=808482&no=19	19화, 레벨 업	naver/surviving_as_barbarian_in_game/html/2b8e9ec.html (11398 bytes > 359 bytes of template)
[2026-05-17 21:14:37,751][feed_maker_util.py:747][DEBUG] # get_incomplete_image_list(html_file_path='naver/surviving_as_barbarian_in_game/html/2b8e9ec.html')
[2026-05-17 21:14:37,752][feed_maker.py:222][INFO] Old: https://comic.naver.com/webtoon/detail?titleId=808482&no=18	18화, 두 번째 탐험	naver/surviving_as_barbarian_in_game/html/3ef2aed.html (11656 bytes > 359 bytes of template)
[2026-05-17 21:14:37,752][feed_maker_util.py:747][DEBUG] # get_incomplete_image_list(html_file_path='naver/surviving_as_barbarian_in_game/html/3ef2aed.html')
[2026-05-17 21:14:37,753][feed_maker.py:222][INFO] Old: https://comic.naver.com/webtoon/detail?titleId=808482&no=17	17화, 새로운 밤친구	naver/surviving_as_barbarian_in_game/html/a4ea82f.html (11312 bytes > 359 bytes of template)
[2026-05-17 21:14:37,753][feed_maker_util.py:747][DEBUG] # get_incomplete_image_list(html_file_path='naver/surviving_as_barbarian_in_game/html/a4ea82f.html')
[2026-05-17 21:14:37,754][feed_maker.py:222][INFO] Old: https://comic.naver.com/webtoon/detail?titleId=808482&no=16	16화, 보답	naver/surviving_as_barbarian_in_game/html/62584be.html (9420 bytes > 359 bytes of template)
[2026-05-17 21:14:37,754][feed_maker_util.py:747][DEBUG] # get_incomplete_image_list(html_file_path='naver/surviving_as_barbarian_in_game/html/62584be.html')
[2026-05-17 21:14:37,755][feed_maker.py:222][INFO] Old: https://comic.naver.com/webtoon/detail?titleId=808482&no=15	15화, 라프도니아 (2)	naver/surviving_as_barbarian_in_game/html/3202bed.html (9592 bytes > 359 bytes of template)
[2026-05-17 21:14:37,755][feed_maker_util.py:747][DEBUG] # get_incomplete_image_list(html_file_path='naver/surviving_as_barbarian_in_game/html/3202bed.html')
[2026-05-17 21:14:37,756][feed_maker.py:222][INFO] Old: https://comic.naver.com/webtoon/detail?titleId=808482&no=14	14화, 라프도니아 (1)	naver/surviving_as_barbarian_in_game/html/ea0bec6.html (10452 bytes > 359 bytes of template)
[2026-05-17 21:14:37,756][feed_maker_util.py:747][DEBUG] # get_incomplete_image_list(html_file_path='naver/surviving_as_barbarian_in_game/html/ea0bec6.html')
[2026-05-17 21:14:37,757][feed_maker.py:222][INFO] Old: https://comic.naver.com/webtoon/detail?titleId=808482&no=13	13화, 귀환	naver/surviving_as_barbarian_in_game/html/3f66f74.html (10710 bytes > 359 bytes of template)
[2026-05-17 21:14:37,757][feed_maker_util.py:747][DEBUG] # get_incomplete_image_list(html_file_path='naver/surviving_as_barbarian_in_game/html/3f66f74.html')
[2026-05-17 21:14:37,758][feed_maker.py:222][INFO] Old: https://comic.naver.com/webtoon/detail?titleId=808482&no=12	12화, 신호	naver/surviving_as_barbarian_in_game/html/5a93185.html (9592 bytes > 359 bytes of template)
[2026-05-17 21:14:37,758][feed_maker_util.py:747][DEBUG] # get_incomplete_image_list(html_file_path='naver/surviving_as_barbarian_in_game/html/5a93185.html')
[2026-05-17 21:14:37,759][feed_maker.py:450][DEBUG] # generate_rss_feed()
[2026-05-17 21:14:37,759][feed_maker.py:460][DEBUG] rss_file_path=naver/surviving_as_barbarian_in_game/surviving_as_barbarian_in_game.xml, temp_rss_file_path=naver/surviving_as_barbarian_in_game/surviving_as_barbarian_in_game.xml.20260517, old_rss_file_path=naver/surviving_as_barbarian_in_game/surviving_as_barbarian_in_game.xml.old
[2026-05-17 21:14:37,759][feed_maker.py:462][INFO] Generating rss feed file...
[2026-05-17 21:14:37,759][feed_maker.py:466][INFO] https://comic.naver.com/webtoon/detail?titleId=808482&no=147	147화, 아는 사람	naver/surviving_as_barbarian_in_game/html/b52a2cd.html
[2026-05-17 21:14:37,760][feed_maker.py:466][INFO] https://comic.naver.com/webtoon/detail?titleId=808482&no=148	148화, 지옥이 있다면	naver/surviving_as_barbarian_in_game/html/9c4c965.html
[2026-05-17 21:14:37,760][feed_maker.py:466][INFO] https://comic.naver.com/webtoon/detail?titleId=808482&no=149	149화, 도약	naver/surviving_as_barbarian_in_game/html/4f65948.html
[2026-05-17 21:14:37,760][feed_maker.py:466][INFO] https://comic.naver.com/webtoon/detail?titleId=808482&no=150	150화, 역전	naver/surviving_as_barbarian_in_game/html/98dbbdc.html
[2026-05-17 21:14:37,760][feed_maker.py:466][INFO] https://comic.naver.com/webtoon/detail?titleId=808482&no=151	151화, 죽기에는 너무 아까운	naver/surviving_as_barbarian_in_game/html/cc24d9f.html
[2026-05-17 21:14:37,765][feed_maker.py:514][DEBUG] is_differernt=True
[2026-05-17 21:14:37,765][feed_maker.py:518][DEBUG] renaming 'naver/surviving_as_barbarian_in_game/surviving_as_barbarian_in_game.xml' to 'naver/surviving_as_barbarian_in_game/surviving_as_barbarian_in_game.xml.old'
[2026-05-17 21:14:37,765][feed_maker.py:522][DEBUG] renaming 'naver/surviving_as_barbarian_in_game/surviving_as_barbarian_in_game.xml.20260517' to 'naver/surviving_as_barbarian_in_game/surviving_as_barbarian_in_game.xml'
[2026-05-17 21:14:37,765][uploader.py:19][DEBUG] # upload(rss_file_path='naver/surviving_as_barbarian_in_game/surviving_as_barbarian_in_game.xml'
[2026-05-17 21:14:37,766][uploader.py:27][INFO] new rss file exists
[2026-05-17 21:14:37,768][uploader.py:34][INFO] uploading: files are different or public feed file is missing
[2026-05-17 21:14:37,768][uploader.py:40][INFO] upload success!
[2026-05-17 21:14:37,768][uploader.py:42][INFO] replace old rss file with new rss file
[2026-05-17 21:14:37,768][feed_maker_util.py:804][DEBUG] # remove_temporary_files(feed_dir_path='naver/surviving_as_barbarian_in_game')
[2026-05-17 21:14:37,768][feed_maker_util.py:805][INFO] # deleting temporary files
[2026-05-17 21:14:37,768][run.py:91][INFO] # Running time analysis
[2026-05-17 21:14:37,768][run.py:92][INFO] * Start time: 2026-05-17T12:14:35+00:00
[2026-05-17 21:14:37,768][run.py:93][INFO] * End time: 2026-05-17T12:14:37+00:00
[2026-05-17 21:14:37,768][run.py:94][INFO] * Elapsed time: 1.812364
[2026-05-17 21:14:37,768][run.py:41][DEBUG] # make_single_feed(feed_dir_path='naver/surviving_as_barbarian_in_game', options={'do_make_all_feeds': False, 'do_remove_all_files': False, 'force_collection_opt': '', 'collect_only_opt': '', 'num_feeds': 0, 'window_size': 5})
[2026-05-17 21:14:37,769][run.py:56][INFO] * naver/surviving_as_barbarian_in_game
[2026-05-17 21:14:37,769][feed_maker_util.py:794][DEBUG] # remove_image_files_with_zero_size()
[2026-05-17 21:14:37,769][feed_maker_util.py:795][INFO] # deleting image files with zero size
[2026-05-17 21:14:37,851][feed_maker_util.py:779][DEBUG] # remove_html_files_without_cached_image_files(feed_dir_path='naver/surviving_as_barbarian_in_game', feed_img_dir_path='img/surviving_as_barbarian_in_game')
[2026-05-17 21:14:37,851][feed_maker_util.py:780][INFO] # deleting html files without cached image files
[2026-05-17 21:14:37,851][feed_maker_util.py:468][DEBUG] # Config(feed_dir_path=naver/surviving_as_barbarian_in_game)
[2026-05-17 21:14:37,852][feed_maker_util.py:572][DEBUG] # get_extraction_configs()
[2026-05-17 21:14:37,852][feed_maker_util.py:747][DEBUG] # get_incomplete_image_list(html_file_path='naver/surviving_as_barbarian_in_game/html/4ed04c0.html')
[2026-05-17 21:14:37,853][feed_maker_util.py:747][DEBUG] # get_incomplete_image_list(html_file_path='naver/surviving_as_barbarian_in_game/html/b52a2cd.html')
[2026-05-17 21:14:37,854][feed_maker_util.py:747][DEBUG] # get_incomplete_image_list(html_file_path='naver/surviving_as_barbarian_in_game/html/5a93185.html')
[2026-05-17 21:14:37,855][feed_maker_util.py:747][DEBUG] # get_incomplete_image_list(html_file_path='naver/surviving_as_barbarian_in_game/html/b93c146.html')
[2026-05-17 21:14:37,856][feed_maker_util.py:747][DEBUG] # get_incomplete_image_list(html_file_path='naver/surviving_as_barbarian_in_game/html/a4ea82f.html')
[2026-05-17 21:14:37,857][feed_maker_util.py:747][DEBUG] # get_incomplete_image_list(html_file_path='naver/surviving_as_barbarian_in_game/html/00c26de.html')
[2026-05-17 21:14:37,858][feed_maker_util.py:747][DEBUG] # get_incomplete_image_list(html_file_path='naver/surviving_as_barbarian_in_game/html/854aea0.html')
[2026-05-17 21:14:37,859][feed_maker_util.py:747][DEBUG] # get_incomplete_image_list(html_file_path='naver/surviving_as_barbarian_in_game/html/19aa914.html')
[2026-05-17 21:14:37,860][feed_maker_util.py:747][DEBUG] # get_incomplete_image_list(html_file_path='naver/surviving_as_barbarian_in_game/html/b7f472a.html')
[2026-05-17 21:14:37,861][feed_maker_util.py:747][DEBUG] # get_incomplete_image_list(html_file_path='naver/surviving_as_barbarian_in_game/html/cf395f1.html')
[2026-05-17 21:14:37,862][feed_maker_util.py:747][DEBUG] # get_incomplete_image_list(html_file_path='naver/surviving_as_barbarian_in_game/html/f412e7e.html')
[2026-05-17 21:14:37,863][feed_maker_util.py:747][DEBUG] # get_incomplete_image_list(html_file_path='naver/surviving_as_barbarian_in_game/html/8041202.html')
[2026-05-17 21:14:37,864][feed_maker_util.py:747][DEBUG] # get_incomplete_image_list(html_file_path='naver/surviving_as_barbarian_in_game/html/4f6db96.html')
[2026-05-17 21:14:37,865][feed_maker_util.py:747][DEBUG] # get_incomplete_image_list(html_file_path='naver/surviving_as_barbarian_in_game/html/dd11e29.html')
[2026-05-17 21:14:37,867][feed_maker_util.py:747][DEBUG] # get_incomplete_image_list(html_file_path='naver/surviving_as_barbarian_in_game/html/3202bed.html')
[2026-05-17 21:14:37,868][feed_maker_util.py:747][DEBUG] # get_incomplete_image_list(html_file_path='naver/surviving_as_barbarian_in_game/html/d58eff8.html')
[2026-05-17 21:14:37,869][feed_maker_util.py:747][DEBUG] # get_incomplete_image_list(html_file_path='naver/surviving_as_barbarian_in_game/html/a389275.html')
[2026-05-17 21:14:37,870][feed_maker_util.py:747][DEBUG] # get_incomplete_image_list(html_file_path='naver/surviving_as_barbarian_in_game/html/f86e46a.html')
[2026-05-17 21:14:37,871][feed_maker_util.py:747][DEBUG] # get_incomplete_image_list(html_file_path='naver/surviving_as_barbarian_in_game/html/77a7fb3.html')
[2026-05-17 21:14:37,872][feed_maker_util.py:747][DEBUG] # get_incomplete_image_list(html_file_path='naver/surviving_as_barbarian_in_game/html/07c6d53.html')
[2026-05-17 21:14:37,873][feed_maker_util.py:747][DEBUG] # get_incomplete_image_list(html_file_path='naver/surviving_as_barbarian_in_game/html/129bf03.html')
[2026-05-17 21:14:37,874][feed_maker_util.py:747][DEBUG] # get_incomplete_image_list(html_file_path='naver/surviving_as_barbarian_in_game/html/f766677.html')
[2026-05-17 21:14:37,875][feed_maker_util.py:747][DEBUG] # get_incomplete_image_list(html_file_path='naver/surviving_as_barbarian_in_game/html/d80f58e.html')
[2026-05-17 21:14:37,876][feed_maker_util.py:747][DEBUG] # get_incomplete_image_list(html_file_path='naver/surviving_as_barbarian_in_game/html/1cd0c7f.html')
[2026-05-17 21:14:37,877][feed_maker_util.py:747][DEBUG] # get_incomplete_image_list(html_file_path='naver/surviving_as_barbarian_in_game/html/6937fd5.html')
[2026-05-17 21:14:37,878][feed_maker_util.py:747][DEBUG] # get_incomplete_image_list(html_file_path='naver/surviving_as_barbarian_in_game/html/b162728.html')
[2026-05-17 21:14:37,880][feed_maker_util.py:747][DEBUG] # get_incomplete_image_list(html_file_path='naver/surviving_as_barbarian_in_game/html/d4dbbe0.html')
[2026-05-17 21:14:37,881][feed_maker_util.py:747][DEBUG] # get_incomplete_image_list(html_file_path='naver/surviving_as_barbarian_in_game/html/0b83bb7.html')
[2026-05-17 21:14:37,882][feed_maker_util.py:747][DEBUG] # get_incomplete_image_list(html_file_path='naver/surviving_as_barbarian_in_game/html/7d418b0.html')
[2026-05-17 21:14:37,883][feed_maker_util.py:747][DEBUG] # get_incomplete_image_list(html_file_path='naver/surviving_as_barbarian_in_game/html/1a338a4.html')
[2026-05-17 21:14:37,884][feed_maker_util.py:747][DEBUG] # get_incomplete_image_list(html_file_path='naver/surviving_as_barbarian_in_game/html/1a51d24.html')
[2026-05-17 21:14:37,885][feed_maker_util.py:747][DEBUG] # get_incomplete_image_list(html_file_path='naver/surviving_as_barbarian_in_game/html/0f99056.html')
[2026-05-17 21:14:37,886][feed_maker_util.py:747][DEBUG] # get_incomplete_image_list(html_file_path='naver/surviving_as_barbarian_in_game/html/570b9b0.html')
[2026-05-17 21:14:37,887][feed_maker_util.py:747][DEBUG] # get_incomplete_image_list(html_file_path='naver/surviving_as_barbarian_in_game/html/1a55962.html')
[2026-05-17 21:14:37,889][feed_maker_util.py:747][DEBUG] # get_incomplete_image_list(html_file_path='naver/surviving_as_barbarian_in_game/html/6a1b278.html')
[2026-05-17 21:14:37,890][feed_maker_util.py:747][DEBUG] # get_incomplete_image_list(html_file_path='naver/surviving_as_barbarian_in_game/html/9073599.html')
[2026-05-17 21:14:37,891][feed_maker_util.py:747][DEBUG] # get_incomplete_image_list(html_file_path='naver/surviving_as_barbarian_in_game/html/e165c96.html')
[2026-05-17 21:14:37,892][feed_maker_util.py:747][DEBUG] # get_incomplete_image_list(html_file_path='naver/surviving_as_barbarian_in_game/html/3be47f4.html')
[2026-05-17 21:14:37,893][feed_maker_util.py:747][DEBUG] # get_incomplete_image_list(html_file_path='naver/surviving_as_barbarian_in_game/html/a186f36.html')
[2026-05-17 21:14:37,894][feed_maker_util.py:747][DEBUG] # get_incomplete_image_list(html_file_path='naver/surviving_as_barbarian_in_game/html/98dbbdc.html')
[2026-05-17 21:14:37,895][feed_maker_util.py:747][DEBUG] # get_incomplete_image_list(html_file_path='naver/surviving_as_barbarian_in_game/html/00a183f.html')
[2026-05-17 21:14:37,896][feed_maker_util.py:747][DEBUG] # get_incomplete_image_list(html_file_path='naver/surviving_as_barbarian_in_game/html/5b17650.html')
[2026-05-17 21:14:37,897][feed_maker_util.py:747][DEBUG] # get_incomplete_image_list(html_file_path='naver/surviving_as_barbarian_in_game/html/5694875.html')
[2026-05-17 21:14:37,899][feed_maker_util.py:747][DEBUG] # get_incomplete_image_list(html_file_path='naver/surviving_as_barbarian_in_game/html/a923c99.html')
[2026-05-17 21:14:37,900][feed_maker_util.py:747][DEBUG] # get_incomplete_image_list(html_file_path='naver/surviving_as_barbarian_in_game/html/c518301.html')
[2026-05-17 21:14:37,902][feed_maker_util.py:747][DEBUG] # get_incomplete_image_list(html_file_path='naver/surviving_as_barbarian_in_game/html/9f2aae4.html')
[2026-05-17 21:14:37,904][feed_maker_util.py:747][DEBUG] # get_incomplete_image_list(html_file_path='naver/surviving_as_barbarian_in_game/html/bf25463.html')
[2026-05-17 21:14:37,906][feed_maker_util.py:747][DEBUG] # get_incomplete_image_list(html_file_path='naver/surviving_as_barbarian_in_game/html/8e377dc.html')
[2026-05-17 21:14:37,908][feed_maker_util.py:747][DEBUG] # get_incomplete_image_list(html_file_path='naver/surviving_as_barbarian_in_game/html/2b8e9ec.html')
[2026-05-17 21:14:37,909][feed_maker_util.py:747][DEBUG] # get_incomplete_image_list(html_file_path='naver/surviving_as_barbarian_in_game/html/a1d0d40.html')
[2026-05-17 21:14:37,910][feed_maker_util.py:747][DEBUG] # get_incomplete_image_list(html_file_path='naver/surviving_as_barbarian_in_game/html/9c4c965.html')
[2026-05-17 21:14:37,911][feed_maker_util.py:747][DEBUG] # get_incomplete_image_list(html_file_path='naver/surviving_as_barbarian_in_game/html/aecb6f2.html')
[2026-05-17 21:14:37,912][feed_maker_util.py:747][DEBUG] # get_incomplete_image_list(html_file_path='naver/surviving_as_barbarian_in_game/html/848ad3b.html')
[2026-05-17 21:14:37,913][feed_maker_util.py:747][DEBUG] # get_incomplete_image_list(html_file_path='naver/surviving_as_barbarian_in_game/html/0c147ec.html')
[2026-05-17 21:14:37,914][feed_maker_util.py:747][DEBUG] # get_incomplete_image_list(html_file_path='naver/surviving_as_barbarian_in_game/html/5d9f70f.html')
[2026-05-17 21:14:37,916][feed_maker_util.py:747][DEBUG] # get_incomplete_image_list(html_file_path='naver/surviving_as_barbarian_in_game/html/19fe85c.html')
[2026-05-17 21:14:37,917][feed_maker_util.py:747][DEBUG] # get_incomplete_image_list(html_file_path='naver/surviving_as_barbarian_in_game/html/837f5a7.html')
[2026-05-17 21:14:37,918][feed_maker_util.py:747][DEBUG] # get_incomplete_image_list(html_file_path='naver/surviving_as_barbarian_in_game/html/20a581b.html')
[2026-05-17 21:14:37,919][feed_maker_util.py:747][DEBUG] # get_incomplete_image_list(html_file_path='naver/surviving_as_barbarian_in_game/html/1a1c0b9.html')
[2026-05-17 21:14:37,920][feed_maker_util.py:747][DEBUG] # get_incomplete_image_list(html_file_path='naver/surviving_as_barbarian_in_game/html/6cc20ee.html')
[2026-05-17 21:14:37,921][feed_maker_util.py:747][DEBUG] # get_incomplete_image_list(html_file_path='naver/surviving_as_barbarian_in_game/html/f0453c2.html')
[2026-05-17 21:14:37,922][feed_maker_util.py:747][DEBUG] # get_incomplete_image_list(html_file_path='naver/surviving_as_barbarian_in_game/html/96db7b2.html')
[2026-05-17 21:14:37,923][feed_maker_util.py:747][DEBUG] # get_incomplete_image_list(html_file_path='naver/surviving_as_barbarian_in_game/html/12cddf4.html')
[2026-05-17 21:14:37,924][feed_maker_util.py:747][DEBUG] # get_incomplete_image_list(html_file_path='naver/surviving_as_barbarian_in_game/html/b74d88d.html')
[2026-05-17 21:14:37,925][feed_maker_util.py:747][DEBUG] # get_incomplete_image_list(html_file_path='naver/surviving_as_barbarian_in_game/html/52c0a11.html')
[2026-05-17 21:14:37,926][feed_maker_util.py:747][DEBUG] # get_incomplete_image_list(html_file_path='naver/surviving_as_barbarian_in_game/html/ddf7648.html')
[2026-05-17 21:14:37,927][feed_maker_util.py:747][DEBUG] # get_incomplete_image_list(html_file_path='naver/surviving_as_barbarian_in_game/html/d200066.html')
[2026-05-17 21:14:37,928][feed_maker_util.py:747][DEBUG] # get_incomplete_image_list(html_file_path='naver/surviving_as_barbarian_in_game/html/81fc52f.html')
[2026-05-17 21:14:37,929][feed_maker_util.py:747][DEBUG] # get_incomplete_image_list(html_file_path='naver/surviving_as_barbarian_in_game/html/b1edcfa.html')
[2026-05-17 21:14:37,930][feed_maker_util.py:747][DEBUG] # get_incomplete_image_list(html_file_path='naver/surviving_as_barbarian_in_game/html/e098344.html')
[2026-05-17 21:14:37,931][feed_maker_util.py:747][DEBUG] # get_incomplete_image_list(html_file_path='naver/surviving_as_barbarian_in_game/html/c7e0903.html')
[2026-05-17 21:14:37,932][feed_maker_util.py:747][DEBUG] # get_incomplete_image_list(html_file_path='naver/surviving_as_barbarian_in_game/html/b0c3318.html')
[2026-05-17 21:14:37,934][feed_maker_util.py:747][DEBUG] # get_incomplete_image_list(html_file_path='naver/surviving_as_barbarian_in_game/html/ee6ae33.html')
[2026-05-17 21:14:37,935][feed_maker_util.py:747][DEBUG] # get_incomplete_image_list(html_file_path='naver/surviving_as_barbarian_in_game/html/92f20c0.html')
[2026-05-17 21:14:37,936][feed_maker_util.py:747][DEBUG] # get_incomplete_image_list(html_file_path='naver/surviving_as_barbarian_in_game/html/7e75887.html')
[2026-05-17 21:14:37,937][feed_maker_util.py:747][DEBUG] # get_incomplete_image_list(html_file_path='naver/surviving_as_barbarian_in_game/html/192f6d0.html')
[2026-05-17 21:14:37,938][feed_maker_util.py:747][DEBUG] # get_incomplete_image_list(html_file_path='naver/surviving_as_barbarian_in_game/html/dac4294.html')
[2026-05-17 21:14:37,939][feed_maker_util.py:747][DEBUG] # get_incomplete_image_list(html_file_path='naver/surviving_as_barbarian_in_game/html/e2c2bb9.html')
[2026-05-17 21:14:37,940][feed_maker_util.py:747][DEBUG] # get_incomplete_image_list(html_file_path='naver/surviving_as_barbarian_in_game/html/f6123ce.html')
[2026-05-17 21:14:37,941][feed_maker_util.py:747][DEBUG] # get_incomplete_image_list(html_file_path='naver/surviving_as_barbarian_in_game/html/f3225fa.html')
[2026-05-17 21:14:37,942][feed_maker_util.py:747][DEBUG] # get_incomplete_image_list(html_file_path='naver/surviving_as_barbarian_in_game/html/1574ae7.html')
[2026-05-17 21:14:37,943][feed_maker_util.py:747][DEBUG] # get_incomplete_image_list(html_file_path='naver/surviving_as_barbarian_in_game/html/780d8a7.html')
[2026-05-17 21:14:37,944][feed_maker_util.py:747][DEBUG] # get_incomplete_image_list(html_file_path='naver/surviving_as_barbarian_in_game/html/f7f70a5.html')
[2026-05-17 21:14:37,945][feed_maker_util.py:747][DEBUG] # get_incomplete_image_list(html_file_path='naver/surviving_as_barbarian_in_game/html/a807153.html')
[2026-05-17 21:14:37,946][feed_maker_util.py:747][DEBUG] # get_incomplete_image_list(html_file_path='naver/surviving_as_barbarian_in_game/html/754a9f2.html')
[2026-05-17 21:14:37,947][feed_maker_util.py:747][DEBUG] # get_incomplete_image_list(html_file_path='naver/surviving_as_barbarian_in_game/html/5609b8c.html')
[2026-05-17 21:14:37,948][feed_maker_util.py:747][DEBUG] # get_incomplete_image_list(html_file_path='naver/surviving_as_barbarian_in_game/html/ea25ac1.html')
[2026-05-17 21:14:37,949][feed_maker_util.py:747][DEBUG] # get_incomplete_image_list(html_file_path='naver/surviving_as_barbarian_in_game/html/8c232e8.html')
[2026-05-17 21:14:37,950][feed_maker_util.py:747][DEBUG] # get_incomplete_image_list(html_file_path='naver/surviving_as_barbarian_in_game/html/ea0bec6.html')
[2026-05-17 21:14:37,951][feed_maker_util.py:747][DEBUG] # get_incomplete_image_list(html_file_path='naver/surviving_as_barbarian_in_game/html/9a128b4.html')
[2026-05-17 21:14:37,952][feed_maker_util.py:747][DEBUG] # get_incomplete_image_list(html_file_path='naver/surviving_as_barbarian_in_game/html/cc24d9f.html')
[2026-05-17 21:14:37,954][feed_maker_util.py:747][DEBUG] # get_incomplete_image_list(html_file_path='naver/surviving_as_barbarian_in_game/html/d50110a.html')
[2026-05-17 21:14:37,955][feed_maker_util.py:747][DEBUG] # get_incomplete_image_list(html_file_path='naver/surviving_as_barbarian_in_game/html/6e6bb1e.html')
[2026-05-17 21:14:37,956][feed_maker_util.py:747][DEBUG] # get_incomplete_image_list(html_file_path='naver/surviving_as_barbarian_in_game/html/421e061.html')
[2026-05-17 21:14:37,957][feed_maker_util.py:747][DEBUG] # get_incomplete_image_list(html_file_path='naver/surviving_as_barbarian_in_game/html/76c36fc.html')
[2026-05-17 21:14:37,958][feed_maker_util.py:747][DEBUG] # get_incomplete_image_list(html_file_path='naver/surviving_as_barbarian_in_game/html/8697d16.html')
[2026-05-17 21:14:37,959][feed_maker_util.py:747][DEBUG] # get_incomplete_image_list(html_file_path='naver/surviving_as_barbarian_in_game/html/74d76b6.html')
[2026-05-17 21:14:37,960][feed_maker_util.py:747][DEBUG] # get_incomplete_image_list(html_file_path='naver/surviving_as_barbarian_in_game/html/549c5de.html')
[2026-05-17 21:14:37,961][feed_maker_util.py:747][DEBUG] # get_incomplete_image_list(html_file_path='naver/surviving_as_barbarian_in_game/html/f521b0e.html')
[2026-05-17 21:14:37,962][feed_maker_util.py:747][DEBUG] # get_incomplete_image_list(html_file_path='naver/surviving_as_barbarian_in_game/html/2f26b8b.html')
[2026-05-17 21:14:37,963][feed_maker_util.py:747][DEBUG] # get_incomplete_image_list(html_file_path='naver/surviving_as_barbarian_in_game/html/c2970d2.html')
[2026-05-17 21:14:37,964][feed_maker_util.py:747][DEBUG] # get_incomplete_image_list(html_file_path='naver/surviving_as_barbarian_in_game/html/428799f.html')
[2026-05-17 21:14:37,965][feed_maker_util.py:747][DEBUG] # get_incomplete_image_list(html_file_path='naver/surviving_as_barbarian_in_game/html/1e3b51b.html')
[2026-05-17 21:14:37,966][feed_maker_util.py:747][DEBUG] # get_incomplete_image_list(html_file_path='naver/surviving_as_barbarian_in_game/html/98994f2.html')
[2026-05-17 21:14:37,967][feed_maker_util.py:747][DEBUG] # get_incomplete_image_list(html_file_path='naver/surviving_as_barbarian_in_game/html/8d724da.html')
[2026-05-17 21:14:37,968][feed_maker_util.py:747][DEBUG] # get_incomplete_image_list(html_file_path='naver/surviving_as_barbarian_in_game/html/3ef2aed.html')
[2026-05-17 21:14:37,970][feed_maker_util.py:747][DEBUG] # get_incomplete_image_list(html_file_path='naver/surviving_as_barbarian_in_game/html/66adfbc.html')
[2026-05-17 21:14:37,971][feed_maker_util.py:747][DEBUG] # get_incomplete_image_list(html_file_path='naver/surviving_as_barbarian_in_game/html/2c13873.html')
[2026-05-17 21:14:37,972][feed_maker_util.py:747][DEBUG] # get_incomplete_image_list(html_file_path='naver/surviving_as_barbarian_in_game/html/68a73f9.html')
[2026-05-17 21:14:37,973][feed_maker_util.py:747][DEBUG] # get_incomplete_image_list(html_file_path='naver/surviving_as_barbarian_in_game/html/62584be.html')
[2026-05-17 21:14:37,974][feed_maker_util.py:747][DEBUG] # get_incomplete_image_list(html_file_path='naver/surviving_as_barbarian_in_game/html/3f66f74.html')
[2026-05-17 21:14:37,975][feed_maker_util.py:747][DEBUG] # get_incomplete_image_list(html_file_path='naver/surviving_as_barbarian_in_game/html/852b06c.html')
[2026-05-17 21:14:37,976][feed_maker_util.py:747][DEBUG] # get_incomplete_image_list(html_file_path='naver/surviving_as_barbarian_in_game/html/7c60609.html')
[2026-05-17 21:14:37,977][feed_maker_util.py:747][DEBUG] # get_incomplete_image_list(html_file_path='naver/surviving_as_barbarian_in_game/html/e4900cf.html')
[2026-05-17 21:14:37,978][feed_maker_util.py:747][DEBUG] # get_incomplete_image_list(html_file_path='naver/surviving_as_barbarian_in_game/html/53b5d07.html')
[2026-05-17 21:14:37,979][feed_maker_util.py:747][DEBUG] # get_incomplete_image_list(html_file_path='naver/surviving_as_barbarian_in_game/html/7a06cb7.html')
[2026-05-17 21:14:37,980][feed_maker_util.py:747][DEBUG] # get_incomplete_image_list(html_file_path='naver/surviving_as_barbarian_in_game/html/a052661.html')
[2026-05-17 21:14:37,981][feed_maker_util.py:747][DEBUG] # get_incomplete_image_list(html_file_path='naver/surviving_as_barbarian_in_game/html/84ffbb7.html')
[2026-05-17 21:14:37,982][feed_maker_util.py:747][DEBUG] # get_incomplete_image_list(html_file_path='naver/surviving_as_barbarian_in_game/html/77a7084.html')
[2026-05-17 21:14:37,983][feed_maker_util.py:747][DEBUG] # get_incomplete_image_list(html_file_path='naver/surviving_as_barbarian_in_game/html/11d6cab.html')
[2026-05-17 21:14:37,984][feed_maker_util.py:747][DEBUG] # get_incomplete_image_list(html_file_path='naver/surviving_as_barbarian_in_game/html/86d63f7.html')
[2026-05-17 21:14:37,985][feed_maker_util.py:747][DEBUG] # get_incomplete_image_list(html_file_path='naver/surviving_as_barbarian_in_game/html/170abb2.html')
[2026-05-17 21:14:37,986][feed_maker_util.py:747][DEBUG] # get_incomplete_image_list(html_file_path='naver/surviving_as_barbarian_in_game/html/864247a.html')
[2026-05-17 21:14:37,987][feed_maker_util.py:747][DEBUG] # get_incomplete_image_list(html_file_path='naver/surviving_as_barbarian_in_game/html/034e4b7.html')
[2026-05-17 21:14:37,988][feed_maker_util.py:747][DEBUG] # get_incomplete_image_list(html_file_path='naver/surviving_as_barbarian_in_game/html/b3ff561.html')
[2026-05-17 21:14:37,989][feed_maker_util.py:747][DEBUG] # get_incomplete_image_list(html_file_path='naver/surviving_as_barbarian_in_game/html/f8d8ce4.html')
[2026-05-17 21:14:37,990][feed_maker_util.py:747][DEBUG] # get_incomplete_image_list(html_file_path='naver/surviving_as_barbarian_in_game/html/ba385cc.html')
[2026-05-17 21:14:37,991][feed_maker_util.py:747][DEBUG] # get_incomplete_image_list(html_file_path='naver/surviving_as_barbarian_in_game/html/4e19b58.html')
[2026-05-17 21:14:37,992][feed_maker_util.py:747][DEBUG] # get_incomplete_image_list(html_file_path='naver/surviving_as_barbarian_in_game/html/b377990.html')
[2026-05-17 21:14:37,993][feed_maker_util.py:747][DEBUG] # get_incomplete_image_list(html_file_path='naver/surviving_as_barbarian_in_game/html/2df9d25.html')
[2026-05-17 21:14:37,994][feed_maker_util.py:747][DEBUG] # get_incomplete_image_list(html_file_path='naver/surviving_as_barbarian_in_game/html/3da78df.html')
[2026-05-17 21:14:37,995][feed_maker_util.py:747][DEBUG] # get_incomplete_image_list(html_file_path='naver/surviving_as_barbarian_in_game/html/069dddf.html')
[2026-05-17 21:14:37,996][feed_maker_util.py:747][DEBUG] # get_incomplete_image_list(html_file_path='naver/surviving_as_barbarian_in_game/html/cae40f9.html')
[2026-05-17 21:14:37,997][feed_maker_util.py:747][DEBUG] # get_incomplete_image_list(html_file_path='naver/surviving_as_barbarian_in_game/html/d101247.html')
[2026-05-17 21:14:37,998][feed_maker_util.py:747][DEBUG] # get_incomplete_image_list(html_file_path='naver/surviving_as_barbarian_in_game/html/aa55ae5.html')
[2026-05-17 21:14:37,999][feed_maker_util.py:747][DEBUG] # get_incomplete_image_list(html_file_path='naver/surviving_as_barbarian_in_game/html/63cf612.html')
[2026-05-17 21:14:38,000][feed_maker_util.py:747][DEBUG] # get_incomplete_image_list(html_file_path='naver/surviving_as_barbarian_in_game/html/13f7851.html')
[2026-05-17 21:14:38,002][feed_maker_util.py:747][DEBUG] # get_incomplete_image_list(html_file_path='naver/surviving_as_barbarian_in_game/html/c20ae0f.html')
[2026-05-17 21:14:38,003][feed_maker_util.py:747][DEBUG] # get_incomplete_image_list(html_file_path='naver/surviving_as_barbarian_in_game/html/43793cf.html')
[2026-05-17 21:14:38,004][feed_maker_util.py:747][DEBUG] # get_incomplete_image_list(html_file_path='naver/surviving_as_barbarian_in_game/html/31b65a8.html')
[2026-05-17 21:14:38,005][feed_maker_util.py:747][DEBUG] # get_incomplete_image_list(html_file_path='naver/surviving_as_barbarian_in_game/html/babeda8.html')
[2026-05-17 21:14:38,006][feed_maker_util.py:747][DEBUG] # get_incomplete_image_list(html_file_path='naver/surviving_as_barbarian_in_game/html/3326229.html')
[2026-05-17 21:14:38,007][feed_maker_util.py:747][DEBUG] # get_incomplete_image_list(html_file_path='naver/surviving_as_barbarian_in_game/html/80b8c88.html')
[2026-05-17 21:14:38,008][feed_maker_util.py:747][DEBUG] # get_incomplete_image_list(html_file_path='naver/surviving_as_barbarian_in_game/html/23a461b.html')
[2026-05-17 21:14:38,009][feed_maker_util.py:747][DEBUG] # get_incomplete_image_list(html_file_path='naver/surviving_as_barbarian_in_game/html/54fc5c9.html')
[2026-05-17 21:14:38,010][feed_maker_util.py:747][DEBUG] # get_incomplete_image_list(html_file_path='naver/surviving_as_barbarian_in_game/html/7873264.html')
[2026-05-17 21:14:38,011][feed_maker_util.py:747][DEBUG] # get_incomplete_image_list(html_file_path='naver/surviving_as_barbarian_in_game/html/4f65948.html')
[2026-05-17 21:14:38,012][run.py:74][INFO] * making feed file 'naver/surviving_as_barbarian_in_game/surviving_as_barbarian_in_game.xml'
[2026-05-17 21:14:38,012][feed_maker.py:43][DEBUG] # FeedMaker(feed_dir_path=naver/surviving_as_barbarian_in_game, do_collect_by_force=, do_collect_only=, rss_file_path=naver/surviving_as_barbarian_in_game/surviving_as_barbarian_in_game.xml)
[2026-05-17 21:14:38,012][feed_maker.py:531][DEBUG] # make()
[2026-05-17 21:14:38,012][feed_maker.py:532][INFO] =========================================================
[2026-05-17 21:14:38,012][feed_maker.py:533][INFO] naver/surviving_as_barbarian_in_game
[2026-05-17 21:14:38,012][feed_maker.py:534][INFO] =========================================================
[2026-05-17 21:14:38,012][feed_maker_util.py:468][DEBUG] # Config(feed_dir_path=naver/surviving_as_barbarian_in_game)
[2026-05-17 21:14:38,012][feed_maker_util.py:540][DEBUG] # get_collection_configs()
[2026-05-17 21:14:38,012][feed_maker_util.py:572][DEBUG] # get_extraction_configs()
[2026-05-17 21:14:38,012][feed_maker_util.py:604][DEBUG] # get_rss_configs()
[2026-05-17 21:14:38,012][feed_maker.py:540][DEBUG] self.collection_conf={'render_js': False, 'verify_ssl': True, 'ignore_old_list': False, 'is_completed': True, 'copy_images_from_canvas': False, 'simulate_scrolling': False, 'disable_headless': False, 'blob_to_dataurl': False, 'wait_until': 'domcontentloaded', 'item_capture_script': '../capture_item_naverwebtoon.py -n 300', 'sort_field_pattern': 'no=(\\d+)\\t', 'user_agent': None, 'encoding': 'utf-8', 'referer': None, 'timeout': 60, 'unit_size_per_day': 1.0, 'num_retries': 1, 'window_size': 5, 'list_url_list': ['https://comic.naver.com/api/article/list?titleId=808482&sort=DESC', 'https://comic.naver.com/api/article/list?titleId=808482&sort=DESC&page=2', 'https://comic.naver.com/api/article/list?titleId=808482&sort=DESC&page=3', 'https://comic.naver.com/api/article/list?titleId=808482&sort=DESC&page=4', 'https://comic.naver.com/api/article/list?titleId=808482&sort=DESC&page=5', 'https://comic.naver.com/api/article/list?titleId=808482&sort=DESC&page=6', 'https://comic.naver.com/api/article/list?titleId=808482&sort=DESC&page=7'], 'post_process_script_list': [], 'headers': {}}
[2026-05-17 21:14:38,012][feed_maker.py:541][DEBUG] self.extraction_conf={'render_js': False, 'verify_ssl': True, 'bypass_element_extraction': False, 'force_sleep_between_articles': True, 'copy_images_from_canvas': False, 'simulate_scrolling': False, 'disable_headless': False, 'blob_to_dataurl': False, 'wait_until': 'domcontentloaded', 'user_agent': None, 'encoding': 'utf-8', 'referer': None, 'threshold_to_remove_html_with_incomplete_image': 5, 'timeout': 60, 'num_retries': 1, 'element_id_list': [], 'element_class_list': ['wt_viewer'], 'element_path_list': [], 'post_process_script_list': ['download_image.py'], 'headers': {}, 'exclude_ad_images': False}
[2026-05-17 21:14:38,012][feed_maker.py:542][DEBUG] self.rss_conf={'ignore_broken_link': '', 'rss_title': '게임 속 바바리안으로 살아남기::네이버', 'rss_generator': "Terzeron's Feed Generator", 'rss_copyright': 'Copyright (c) NAVER Corp. All rights reserved.', 'rss_link': 'https://terzeron.com/surviving_as_barbarian_in_game.xml', 'rss_language': 'ko', 'rss_url_prefix_for_guid': None}
[2026-05-17 21:14:38,013][feed_maker.py:156][DEBUG] # _read_old_feed_list_from_file()
[2026-05-17 21:14:38,013][feed_maker.py:190][INFO] naver/surviving_as_barbarian_in_game/newlist/20260507.txt
[2026-05-17 21:14:38,013][feed_maker.py:190][INFO] naver/surviving_as_barbarian_in_game/newlist/20260508.txt
[2026-05-17 21:14:38,013][feed_maker.py:190][INFO] naver/surviving_as_barbarian_in_game/newlist/20260511.txt
[2026-05-17 21:14:38,013][feed_maker.py:190][INFO] naver/surviving_as_barbarian_in_game/newlist/20260514.txt
[2026-05-17 21:14:38,013][feed_maker.py:190][INFO] naver/surviving_as_barbarian_in_game/newlist/20260509.txt
[2026-05-17 21:14:38,014][feed_maker.py:190][INFO] naver/surviving_as_barbarian_in_game/newlist/20260517.txt
[2026-05-17 21:14:38,014][feed_maker.py:190][INFO] naver/surviving_as_barbarian_in_game/newlist/20260512.txt
[2026-05-17 21:14:38,014][feed_maker.py:190][INFO] naver/surviving_as_barbarian_in_game/newlist/20260510.txt
[2026-05-17 21:14:38,014][feed_maker.py:190][INFO] naver/surviving_as_barbarian_in_game/newlist/20260516.txt
[2026-05-17 21:14:38,014][feed_maker.py:190][INFO] naver/surviving_as_barbarian_in_game/newlist/20260515.txt
[2026-05-17 21:14:38,014][feed_maker.py:190][INFO] naver/surviving_as_barbarian_in_game/newlist/20260513.txt
[2026-05-17 21:14:38,016][feed_maker.py:361][DEBUG] # _fetch_old_feed_list_window(old_feed_list=[('https://comic.naver.com/webtoon/detail?titleId=808482&no=150', '150화, 역전', []), ('https://comic.naver.com/webtoon/detail?titleId=808482&no=149', '149화, 도약', []), ('https://comic.naver.com/webtoon/detail?titleId=808482&no=148', '148화, 지옥이 있다면', []), ('https://comic.naver.com/webtoon/detail?titleId=808482&no=147', '147화, 아는 사람', []), ('https://comic.naver.com/webtoon/detail?titleId=808482&no=146', '146화, 불꽃처럼', []), ('https://comic.naver.com/webtoon/detail?titleId=808482&no=145', '145화, 전사의 웃음', []), ('https://comic.naver.com/webtoon/detail?titleId=808482&no=144', '144화, 첫걸음을 내딛는 자', []), ('https://comic.naver.com/webtoon/detail?titleId=808482&no=143', '143화, 약속', []), ('https://comic.naver.com/webtoon/detail?titleId=808482&no=142', '142화, 마법사의 감', []), ('https://comic.naver.com/webtoon/detail?titleId=808482&no=141', '141화, 군주', []), ('https://comic.naver.com/webtoon/detail?titleId=808482&no=140', '140화, 해야 하는 선택', []), ('https://comic.naver.com/webtoon/detail?titleId=808482&no=139', '139화, 접전', []), ('https://comic.naver.com/webtoon/detail?titleId=808482&no=138', '138화, 돌파', []), ('https://comic.naver.com/webtoon/detail?titleId=808482&no=137', '137화, 동행', []), ('https://comic.naver.com/webtoon/detail?titleId=808482&no=136', '136화, 피시싯', []), ('https://comic.naver.com/webtoon/detail?titleId=808482&no=135', '135화, 어떤 선택', []), ('https://comic.naver.com/webtoon/detail?titleId=808482&no=134', '134화, 길고도 짧은', []), ('https://comic.naver.com/webtoon/detail?titleId=808482&no=133', '133화, 축복과 정산', []), ('https://comic.naver.com/webtoon/detail?titleId=808482&no=132', '132화, 면접', []), ('https://comic.naver.com/webtoon/detail?titleId=808482&no=131', '131화, 다음에 또', []), ('https://comic.naver.com/webtoon/detail?titleId=808482&no=130', '130화, 장려상', []), ('https://comic.naver.com/webtoon/detail?titleId=808482&no=129', '129화, 마스터', []), ('https://comic.naver.com/webtoon/detail?titleId=808482&no=128', '128화, 베헬-라 연합', []), ('https://comic.naver.com/webtoon/detail?titleId=808482&no=127', '127화, 한 번쯤 갖고 싶었다', []), ('https://comic.naver.com/webtoon/detail?titleId=808482&no=126', '126화, 타이밍', []), ('https://comic.naver.com/webtoon/detail?titleId=808482&no=125', '125화, 템빨', []), ('https://comic.naver.com/webtoon/detail?titleId=808482&no=124', '124화, 아루루', []), ('https://comic.naver.com/webtoon/detail?titleId=808482&no=123', '123화, 운명의 교차점', []), ('https://comic.naver.com/webtoon/detail?titleId=808482&no=122', '122화, 어긋난 신뢰', []), ('https://comic.naver.com/webtoon/detail?titleId=808482&no=121', '121화, 주사위', []), ('https://comic.naver.com/webtoon/detail?titleId=808482&no=120', '120화, 고백', []), ('https://comic.naver.com/webtoon/detail?titleId=808482&no=119', '119화, 도플갱어', []), ('https://comic.naver.com/webtoon/detail?titleId=808482&no=118', '118화, 아멜리아 레인웨일즈', []), ('https://comic.naver.com/webtoon/detail?titleId=808482&no=117', '117화, 그 여자', []), ('https://comic.naver.com/webtoon/detail?titleId=808482&no=116', '116화, 탱커, 길잡이, 리더, 바바리안', []), ('https://comic.naver.com/webtoon/detail?titleId=808482&no=115', '115화, 미확인 아이템', []), ('https://comic.naver.com/webtoon/detail?titleId=808482&no=114', '114화, 버닝', []), ('https://comic.naver.com/webtoon/detail?titleId=808482&no=113', '113화, 프리티 or 테이스티', []), ('https://comic.naver.com/webtoon/detail?titleId=808482&no=112', '112화, 대마경', []), ('https://comic.naver.com/webtoon/detail?titleId=808482&no=111', '111화, 졸업 (시즌2 마지막 화)', []), ('https://comic.naver.com/webtoon/detail?titleId=808482&no=110', '110화, 쥐새끼', []), ('https://comic.naver.com/webtoon/detail?titleId=808482&no=109', '109화, 발각', []), ('https://comic.naver.com/webtoon/detail?titleId=808482&no=108', '108화, 협상', []), ('https://comic.naver.com/webtoon/detail?titleId=808482&no=107', '107화, 백수의 왕', []), ('https://comic.naver.com/webtoon/detail?titleId=808482&no=106', '106화, 수사자', []), ('https://comic.naver.com/webtoon/detail?titleId=808482&no=105', '105화, 기선 제압', []), ('https://comic.naver.com/webtoon/detail?titleId=808482&no=104', '104화, 영입 완료', []), ('https://comic.naver.com/webtoon/detail?titleId=808482&no=103', '103화, 왕', []), ('https://comic.naver.com/webtoon/detail?titleId=808482&no=102', '102화, 바바리안 로드', []), ('https://comic.naver.com/webtoon/detail?titleId=808482&no=101', '101화, 인도자', []), ('https://comic.naver.com/webtoon/detail?titleId=808482&no=100', '100화, 이별', []), ('https://comic.naver.com/webtoon/detail?titleId=808482&no=99', '99화, 나를 좋아하나', []), ('https://comic.naver.com/webtoon/detail?titleId=808482&no=98', '98화, 위대한 유산', []), ('https://comic.naver.com/webtoon/detail?titleId=808482&no=97', '97화, 개싸움', []), ('https://comic.naver.com/webtoon/detail?titleId=808482&no=96', '96화, 경계선', []), ('https://comic.naver.com/webtoon/detail?titleId=808482&no=95', '95화, 각성', []), ('https://comic.naver.com/webtoon/detail?titleId=808482&no=94', '94화, 영혼 탈진', []), ('https://comic.naver.com/webtoon/detail?titleId=808482&no=93', '93화, 육탄 능력만큼은 최고', []), ('https://comic.naver.com/webtoon/detail?titleId=808482&no=92', '92화, 용살자', []), ('https://comic.naver.com/webtoon/detail?titleId=808482&no=91', '91화, 최종 형태', []), ('https://comic.naver.com/webtoon/detail?titleId=808482&no=90', '90화, 팀 플레이, 플레이', []), ('https://comic.naver.com/webtoon/detail?titleId=808482&no=89', '89화, 각자의 계단', []), ('https://comic.naver.com/webtoon/detail?titleId=808482&no=88', '88화, 팀 플레이', []), ('https://comic.naver.com/webtoon/detail?titleId=808482&no=87', '87화, 칼스타인', []), ('https://comic.naver.com/webtoon/detail?titleId=808482&no=86', '86화, 순혈가(純血家)', []), ('https://comic.naver.com/webtoon/detail?titleId=808482&no=85', '85화, 고인물', []), ('https://comic.naver.com/webtoon/detail?titleId=808482&no=84', '84화, 원탁의 감시자', []), ('https://comic.naver.com/webtoon/detail?titleId=808482&no=83', '83화, 한국인', []), ('https://comic.naver.com/webtoon/detail?titleId=808482&no=82', '82화, 두 여자', []), ('https://comic.naver.com/webtoon/detail?titleId=808482&no=81', '81화, 불온(不穩)', []), ('https://comic.naver.com/webtoon/detail?titleId=808482&no=80', '80화, 진·암운 (眞·暗雲)', []), ('https://comic.naver.com/webtoon/detail?titleId=808482&no=79', '79화, 저울질', []), ('https://comic.naver.com/webtoon/detail?titleId=808482&no=78', '78화, 암운(暗雲)', []), ('https://comic.naver.com/webtoon/detail?titleId=808482&no=77', '77화, 한스 효과', []), ('https://comic.naver.com/webtoon/detail?titleId=808482&no=76', '76화, 한 사람의 전사', []), ('https://comic.naver.com/webtoon/detail?titleId=808482&no=75', '75화, 그냥 돌아다니는 몬스터+휴재 특별편', []), ('https://comic.naver.com/webtoon/detail?titleId=808482&no=74', '74화, 아기 바바리안', []), ('https://comic.naver.com/webtoon/detail?titleId=808482&no=73', '73화, 미샤가 없었다면', []), ('https://comic.naver.com/webtoon/detail?titleId=808482&no=72', '72화, PK', []), ('https://comic.naver.com/webtoon/detail?titleId=808482&no=71', '71화, 밤이 되었습니다', []), ('https://comic.naver.com/webtoon/detail?titleId=808482&no=70', '70화, 악덕 사장', []), ('https://comic.naver.com/webtoon/detail?titleId=808482&no=69', '69화, 마피아', []), ('https://comic.naver.com/webtoon/detail?titleId=808482&no=68', '68화, 바바리안도 아니면서', []), ('https://comic.naver.com/webtoon/detail?titleId=808482&no=67', '67화, 악령 판독기', []), ('https://comic.naver.com/webtoon/detail?titleId=808482&no=66', '66화, 기사 분쇄자', []), ('https://comic.naver.com/webtoon/detail?titleId=808482&no=65', '65화, 바바리안 트로피', []), ('https://comic.naver.com/webtoon/detail?titleId=808482&no=64', '64화, 오직 행동만이 기록된다', []), ('https://comic.naver.com/webtoon/detail?titleId=808482&no=63', '63화, 닉네임', []), ('https://comic.naver.com/webtoon/detail?titleId=808482&no=62', '62화, 차원 붕괴', []), ('https://comic.naver.com/webtoon/detail?titleId=808482&no=61', '61화, 귀족과의 조우', []), ('https://comic.naver.com/webtoon/detail?titleId=808482&no=60', '60화, 멋진 하루', []), ('https://comic.naver.com/webtoon/detail?titleId=808482&no=59', '59화, 레테의 축복', []), ('https://comic.naver.com/webtoon/detail?titleId=808482&no=58', '58화, 재회', []), ('https://comic.naver.com/webtoon/detail?titleId=808482&no=57', '57화, 첫 의뢰', []), ('https://comic.naver.com/webtoon/detail?titleId=808482&no=56', '56화, 미래를 위한 조언', []), ('https://comic.naver.com/webtoon/detail?titleId=808482&no=55', '55화, 고스트 버스터즈', []), ('https://comic.naver.com/webtoon/detail?titleId=808482&no=54', '54화, 생환', []), ('https://comic.naver.com/webtoon/detail?titleId=808482&no=53', '53화, 작은 발칸 (시즌1 마지막 화)', []), ('https://comic.naver.com/webtoon/detail?titleId=808482&no=52', '52화, 먹잇감', []), ('https://comic.naver.com/webtoon/detail?titleId=808482&no=51', '51화, 바바리안 히어로 (2)', []), ('https://comic.naver.com/webtoon/detail?titleId=808482&no=50', '50화, 바바리안 히어로 (1)', []), ('https://comic.naver.com/webtoon/detail?titleId=808482&no=49', '49화, 혼돈의 군주', []), ('https://comic.naver.com/webtoon/detail?titleId=808482&no=48', '48화, 선', []), ('https://comic.naver.com/webtoon/detail?titleId=808482&no=47', '47화, 미끼', []), ('https://comic.naver.com/webtoon/detail?titleId=808482&no=46', '46화, 마녀의 눈', []), ('https://comic.naver.com/webtoon/detail?titleId=808482&no=45', '45화, 계약', []), ('https://comic.naver.com/webtoon/detail?titleId=808482&no=44', '44화, 생존 수칙 (2)', []), ('https://comic.naver.com/webtoon/detail?titleId=808482&no=43', '43화, 생존 수칙 (1)', []), ('https://comic.naver.com/webtoon/detail?titleId=808482&no=42', '42화, 조난자들 (2)', []), ('https://comic.naver.com/webtoon/detail?titleId=808482&no=41', '41화, 조난자들 (1)', []), ('https://comic.naver.com/webtoon/detail?titleId=808482&no=40', '40화, 팀 반푼이 (2)', []), ('https://comic.naver.com/webtoon/detail?titleId=808482&no=39', '39화, 팀 반푼이 (1)', []), ('https://comic.naver.com/webtoon/detail?titleId=808482&no=38', '38화, 사냥감', []), ('https://comic.naver.com/webtoon/detail?titleId=808482&no=37', '37화, 악령', []), ('https://comic.naver.com/webtoon/detail?titleId=808482&no=36', '36화, 팀원 모집', []), ('https://comic.naver.com/webtoon/detail?titleId=808482&no=35', '35화, 결심', []), ('https://comic.naver.com/webtoon/detail?titleId=808482&no=34', '34화, 손해배상', []), ('https://comic.naver.com/webtoon/detail?titleId=808482&no=33', '33화, 누명', []), ('https://comic.naver.com/webtoon/detail?titleId=808482&no=32', '32화, 자유의 바바리안', []), ('https://comic.naver.com/webtoon/detail?titleId=808482&no=31', '31화, 의심', []), ('https://comic.naver.com/webtoon/detail?titleId=808482&no=30', '30화, 전사 (2)', []), ('https://comic.naver.com/webtoon/detail?titleId=808482&no=29', '29화, 전사 (1)', []), ('https://comic.naver.com/webtoon/detail?titleId=808482&no=28', '28화, 별종 바바리안', []), ('https://comic.naver.com/webtoon/detail?titleId=808482&no=27', '27화, 핏빛 성채 (4)', []), ('https://comic.naver.com/webtoon/detail?titleId=808482&no=26', '26화, 핏빛 성채 (3)', []), ('https://comic.naver.com/webtoon/detail?titleId=808482&no=25', '25화, 핏빛 성채 (2)', []), ('https://comic.naver.com/webtoon/detail?titleId=808482&no=24', '24화, 핏빛 성채 (1)', []), ('https://comic.naver.com/webtoon/detail?titleId=808482&no=23', '23화, 균열', []), ('https://comic.naver.com/webtoon/detail?titleId=808482&no=22', '22화, 약탈자 (3)', []), ('https://comic.naver.com/webtoon/detail?titleId=808482&no=21', '21화, 약탈자 (2)', []), ('https://comic.naver.com/webtoon/detail?titleId=808482&no=20', '20화, 약탈자 (1)', []), ('https://comic.naver.com/webtoon/detail?titleId=808482&no=19', '19화, 레벨 업', []), ('https://comic.naver.com/webtoon/detail?titleId=808482&no=18', '18화, 두 번째 탐험', []), ('https://comic.naver.com/webtoon/detail?titleId=808482&no=17', '17화, 새로운 밤친구', []), ('https://comic.naver.com/webtoon/detail?titleId=808482&no=16', '16화, 보답', []), ('https://comic.naver.com/webtoon/detail?titleId=808482&no=15', '15화, 라프도니아 (2)', []), ('https://comic.naver.com/webtoon/detail?titleId=808482&no=14', '14화, 라프도니아 (1)', []), ('https://comic.naver.com/webtoon/detail?titleId=808482&no=13', '13화, 귀환', []), ('https://comic.naver.com/webtoon/detail?titleId=808482&no=12', '12화, 신호', []), ('https://comic.naver.com/webtoon/detail?titleId=808482&no=11', '11화, 2층 (2)', []), ('https://comic.naver.com/webtoon/detail?titleId=808482&no=151', '151화, 죽기에는 너무 아까운', [])]
[2026-05-17 21:14:38,017][feed_maker.py:322][DEBUG] # get_index_data()
[2026-05-17 21:14:38,017][feed_maker.py:400][INFO] start index: 66, end index: 71, last modified time: 2026-05-15 03:14:52+00:00
[2026-05-17 21:14:38,017][feed_maker.py:345][DEBUG] # write_index_data(start_index=66, mtime=2026-05-15 03:14:52+00:00)
[2026-05-17 21:14:38,017][feed_maker.py:350][DEBUG] start_index=66, current time=2026-05-17 12:14:38.017379+00:00, mtime=2026-05-15 03:14:52+00:00, self.window_size=5, increment_size=2
[2026-05-17 21:14:38,017][feed_maker.py:409][INFO] next start index: 68, current time: 2026-05-17T12:14:38+00:00
[2026-05-17 21:14:38,017][feed_maker.py:450][DEBUG] # generate_rss_feed()
[2026-05-17 21:14:38,017][feed_maker.py:460][DEBUG] rss_file_path=naver/surviving_as_barbarian_in_game/surviving_as_barbarian_in_game.xml, temp_rss_file_path=naver/surviving_as_barbarian_in_game/surviving_as_barbarian_in_game.xml.20260517, old_rss_file_path=naver/surviving_as_barbarian_in_game/surviving_as_barbarian_in_game.xml.old
[2026-05-17 21:14:38,017][feed_maker.py:462][INFO] Generating rss feed file...
[2026-05-17 21:14:38,017][feed_maker.py:466][INFO] https://comic.naver.com/webtoon/detail?titleId=808482&no=80	80화, 진·암운 (眞·暗雲)	naver/surviving_as_barbarian_in_game/html/54fc5c9.html
[2026-05-17 21:14:38,017][feed_maker.py:466][INFO] https://comic.naver.com/webtoon/detail?titleId=808482&no=79	79화, 저울질	naver/surviving_as_barbarian_in_game/html/b93c146.html
[2026-05-17 21:14:38,017][feed_maker.py:466][INFO] https://comic.naver.com/webtoon/detail?titleId=808482&no=78	78화, 암운(暗雲)	naver/surviving_as_barbarian_in_game/html/7d418b0.html
[2026-05-17 21:14:38,017][feed_maker.py:466][INFO] https://comic.naver.com/webtoon/detail?titleId=808482&no=77	77화, 한스 효과	naver/surviving_as_barbarian_in_game/html/7e75887.html
[2026-05-17 21:14:38,017][feed_maker.py:466][INFO] https://comic.naver.com/webtoon/detail?titleId=808482&no=76	76화, 한 사람의 전사	naver/surviving_as_barbarian_in_game/html/0f99056.html
[2026-05-17 21:14:38,020][feed_maker.py:514][DEBUG] is_differernt=True
[2026-05-17 21:14:38,020][feed_maker.py:518][DEBUG] renaming 'naver/surviving_as_barbarian_in_game/surviving_as_barbarian_in_game.xml' to 'naver/surviving_as_barbarian_in_game/surviving_as_barbarian_in_game.xml.old'
[2026-05-17 21:14:38,020][feed_maker.py:522][DEBUG] renaming 'naver/surviving_as_barbarian_in_game/surviving_as_barbarian_in_game.xml.20260517' to 'naver/surviving_as_barbarian_in_game/surviving_as_barbarian_in_game.xml'
[2026-05-17 21:14:38,020][uploader.py:19][DEBUG] # upload(rss_file_path='naver/surviving_as_barbarian_in_game/surviving_as_barbarian_in_game.xml'
[2026-05-17 21:14:38,020][uploader.py:27][INFO] new rss file exists
[2026-05-17 21:14:38,022][uploader.py:34][INFO] uploading: files are different or public feed file is missing
[2026-05-17 21:14:38,022][uploader.py:40][INFO] upload success!
[2026-05-17 21:14:38,023][uploader.py:42][INFO] replace old rss file with new rss file
[2026-05-17 21:14:38,023][feed_maker_util.py:804][DEBUG] # remove_temporary_files(feed_dir_path='naver/surviving_as_barbarian_in_game')
[2026-05-17 21:14:38,023][feed_maker_util.py:805][INFO] # deleting temporary files
[2026-05-17 21:14:38,023][run.py:91][INFO] # Running time analysis
[2026-05-17 21:14:38,023][run.py:92][INFO] * Start time: 2026-05-17T12:14:37+00:00
[2026-05-17 21:14:38,023][run.py:93][INFO] * End time: 2026-05-17T12:14:38+00:00
[2026-05-17 21:14:38,023][run.py:94][INFO] * Elapsed time: 0.254238
[2026-05-17 21:14:38,023][problem_manager.py:101][DEBUG] # update_feed_info(feed_dir_path=naver/surviving_as_barbarian_in_game, new_feed_dir_path=)
[2026-05-17 21:14:38,023][feed_manager.py:61][DEBUG] # remove_config_info(feed_dir_path='naver/surviving_as_barbarian_in_game', do_remove_file=False)
[2026-05-17 21:14:38,032][feed_manager.py:71][INFO] * The removing of config info of feed 'surviving_as_barbarian_in_game' is done.
[2026-05-17 21:14:38,032][feed_manager.py:188][DEBUG] # remove_rss_info(feed_dir_path='naver/surviving_as_barbarian_in_game', do_remove_file=False)
[2026-05-17 21:14:38,034][feed_manager.py:197][INFO] * The removing of rss info of feed 'surviving_as_barbarian_in_game' is done.
[2026-05-17 21:14:38,036][feed_manager.py:296][INFO] * The removing of public feed info of feed 'surviving_as_barbarian_in_game' is done.
[2026-05-17 21:14:38,037][feed_manager.py:386][DEBUG] # remove_progress_info(feed_dir_path='naver/surviving_as_barbarian_in_game', do_remove_file=False)
[2026-05-17 21:14:38,039][feed_manager.py:399][INFO] * The removing of progress info of feed 'surviving_as_barbarian_in_game' is done.
[2026-05-17 21:14:38,041][access_log_manager.py:56][INFO] * The removing of access info of feed 'surviving_as_barbarian_in_game' is done.
[2026-05-17 21:14:38,041][html_file_manager.py:122][DEBUG] # remove_html_file_in_path_from_info(dir_type_name='feed_dir_path'', path='naver/surviving_as_barbarian_in_game')
[2026-05-17 21:14:38,048][html_file_manager.py:143][INFO] * The removing of some html files in 'naver/surviving_as_barbarian_in_game' is done
[2026-05-17 21:14:38,052][feed_manager.py:148][INFO] * The adding of config info of feed 'surviving_as_barbarian_in_game' is done.
[2026-05-17 21:14:38,054][feed_manager.py:242][INFO] * The adding of rss info of feed 'surviving_as_barbarian_in_game' is done.
[2026-05-17 21:14:38,058][feed_manager.py:342][INFO] * The adding of public feed info of feed 'surviving_as_barbarian_in_game' is done. 5 items
[2026-05-17 21:14:38,062][feed_manager.py:497][INFO] * The adding of progress info of feed 'surviving_as_barbarian_in_game' is done. 1 items
[2026-05-17 21:14:38,062][html_file_manager.py:146][DEBUG] # _add_html_info(feed_dir_path=naver/surviving_as_barbarian_in_game)
[2026-05-17 21:14:38,137][html_file_manager.py:178][INFO] * The adding of some html files in 'naver/surviving_as_barbarian_in_game' is done. 147 items
[2026-05-17 21:14:38,137][run.py:241][INFO] # Checking problems and making report
