https://m.cafe.naver.com/ca-fe/web/cafes/10503958/articles/408633	타키온71v천안: Modelcollect 1/72 B-2A 제작..	46	5	4
https://m.cafe.naver.com/ca-fe/web/cafes/10503958/articles/408632	쓰삐빵빵: 1/72 아카데미 F/A-18E 제작기 3	44	4	3
https://m.cafe.naver.com/ca-fe/web/cafes/10503958/articles/408598	전투기 프라 덕후: 울프팩 1/72 RQ-4B 글로벌 호크 제작기 1	166	7	0
https://m.cafe.naver.com/ca-fe/web/cafes/10503958/articles/408596	주뇨니: 레벨 1/48 유로파이터 타이푼 #5	95	11	8
https://m.cafe.naver.com/ca-fe/web/cafes/10503958/articles/408587	피자감자칩: 나눔 키트 제작기 - 라팔아 팔렸니 아니...네?	204	17	8
https://m.cafe.naver.com/ca-fe/web/cafes/10503958/articles/408585	후니듀라: 아카데미 1/48 미쯔비시 A6M2b Zero fighter Model21 제작 2	195	7	0
https://m.cafe.naver.com/ca-fe/web/cafes/10503958/articles/408566	lbr: 땜빵자국	121	6	1
https://m.cafe.naver.com/ca-fe/web/cafes/10503958/articles/408557	Phantom: 1/144 즈베즈다 대한민국공군 E767(what if) 제작기 #10 (원반 및 엔진작업)	306	30	26
https://m.cafe.naver.com/ca-fe/web/cafes/10503958/articles/408547	alpha: 아카데미 1/144 KC-135R	432	19	6
https://m.cafe.naver.com/ca-fe/web/cafes/10503958/articles/408545	쓰삐빵빵: 1/72 아카데미 F/A-18E 제작기2	173	5	2
https://m.cafe.naver.com/ca-fe/web/cafes/10503958/articles/408541	피자감자칩: 우와~ 나눔받은 키트가 왔습니다	191	10	5
https://m.cafe.naver.com/ca-fe/web/cafes/10503958/articles/408536	상어임요: 아카대미과학1/48 미공군 F22A	208	5	3
https://m.cafe.naver.com/ca-fe/web/cafes/10503958/articles/408534	madgun76김순오: 타미야 1/48 P-51D	164	9	3
https://m.cafe.naver.com/ca-fe/web/cafes/10503958/articles/408518	lucky07: KF-16 제작기 이틀차! 조종석 도색 끝 입니다ㅎ	181	13	1
https://m.cafe.naver.com/ca-fe/web/cafes/10503958/articles/408481	전투기 프라 덕후: 아카데미과학 1/72 A-10A 썬더볼트 II 제작기 3(최종)	217	13	2
https://m.cafe.naver.com/ca-fe/web/cafes/10503958/articles/408454	Phantom: 1/144 즈베즈다 대한민국공군 E767(what if) 제작기 #9 (바퀴 노가다)	229	28	28
https://m.cafe.naver.com/ca-fe/web/cafes/10503958/articles/408452	피자감자칩: 나눔 킷 제작기 - 레벨 1/72 P-51B	115	12	0
https://m.cafe.naver.com/ca-fe/web/cafes/10503958/articles/408449	madgun76김순오: 하세가와 1/48 F4U-5N 제작2	187	15	4
https://m.cafe.naver.com/ca-fe/web/cafes/10503958/articles/408445	모룰이ㅣ이현우: 폭격기 도색해봤습니다.	163	8	1
https://m.cafe.naver.com/ca-fe/web/cafes/10503958/articles/408408	움하하핫: [What if] 1/144 아카데미 대한민국 해군 P-8MK 포세이돈 Max : 제작기 2	410	17	13
https://m.cafe.naver.com/ca-fe/web/cafes/10503958/articles/408173	댄싱브러쉬: F-102 -08	159	12	0
https://m.cafe.naver.com/ca-fe/web/cafes/10503958/articles/408159	까도: 키티호크 mh-6j	160	13	6
https://m.cafe.naver.com/ca-fe/web/cafes/10503958/articles/408142	Phantom: 1/144 즈베즈다 대한민국공군 E767(what if) 제작기 #5	754	44	18
https://m.cafe.naver.com/ca-fe/web/cafes/10503958/articles/408137	타키온71v천안: AMK 1/48 MIG-31 제작기	255	17	16
https://m.cafe.naver.com/ca-fe/web/cafes/10503958/articles/408122	까도: uh-60 이스라엘 버전	236	16	8
https://m.cafe.naver.com/ca-fe/web/cafes/10503958/articles/408104	김승국 dino꾹: 1/72 즈베즈다 SU-33	262	19	10
https://m.cafe.naver.com/ca-fe/web/cafes/10503958/articles/408099	피자감자칩: 울프팩 1/48 S-2E 트래커 - 마무리편	300	27	17
https://m.cafe.naver.com/ca-fe/web/cafes/10503958/articles/408085	후니듀라: 아카데미 1/48 TBM-3 Bunker hill 제작기 3 그리고...사고...T.T	187	9	6
https://m.cafe.naver.com/ca-fe/web/cafes/10503958/articles/408077	Phantom: 1/144 즈베즈다 대한민국공군 E767(what if) 제작기 #4 (엔진 돌리기)	709	24	22
https://m.cafe.naver.com/ca-fe/web/cafes/10503958/articles/408068	DDNE7428: 새로운 프로젝트의 서막..	210	8	3
https://m.cafe.naver.com/ca-fe/web/cafes/10503958/articles/408063	육항공: 아카데미 1/48 CH-47D 치누크 엔진 흡입구 스크린 보강?	253	11	2
https://m.cafe.naver.com/ca-fe/web/cafes/10503958/articles/408058	김 건: [ACADEMY] F-86F-40 /  1/48  / #1. 빤짝빤짝 작은비행기  BMF	463	30	14
https://m.cafe.naver.com/ca-fe/web/cafes/10503958/articles/408044	후니듀라: 아카데미 1/48 TBM-3 Bunker hill 제작기 2	185	8	7
https://m.cafe.naver.com/ca-fe/web/cafes/10503958/articles/408043	피자감자칩: S-2E 트래커 제작기 - 하소연 편	417	15	13
https://m.cafe.naver.com/ca-fe/web/cafes/10503958/articles/408032	테크프라: 마크로스 VF-4 라이트닝3 1/72 도색중	225	10	11
https://m.cafe.naver.com/ca-fe/web/cafes/10503958/articles/408020	피자감자칩: S-2E 트래커 제작기 - 조색편(feat.해항사 항공역사관)	406	26	15
https://m.cafe.naver.com/ca-fe/web/cafes/10503958/articles/408000	주뇨니: 레벨 1/48 유로파이터 타이푼 #3	148	14	16
https://m.cafe.naver.com/ca-fe/web/cafes/10503958/articles/407992	madgun76김순오: 아카데미 1/48 F-86-40세이버도색1	337	7	7
https://m.cafe.naver.com/ca-fe/web/cafes/10503958/articles/407987	lbr: ICM  CH-54A 타르헤 1:35 조립 시작합니다.	672	20	12
https://m.cafe.naver.com/ca-fe/web/cafes/10503958/articles/407980	달모로: 아카데미 포켓키트 F-16 어그레서 제작기	346	13	4
https://m.cafe.naver.com/ca-fe/web/cafes/10503958/articles/407615	mmmm072: 즈베즈다 A321-100 아시아나 HL7703 구도장 제작기 3부입니다.	249	21	8
https://m.cafe.naver.com/ca-fe/web/cafes/10503958/articles/407604	madgun76김순오: 아카데미 1/48 F-86F-40세이버 조립	489	21	2
https://m.cafe.naver.com/ca-fe/web/cafes/10503958/articles/407579	육항공: 아카데미 1/48 CH-47D CHINOOK 엉덩이 비교	295	10	4
https://m.cafe.naver.com/ca-fe/web/cafes/10503958/articles/407572	도끼맨: 1/48 AJ37 제작기 - 2	192	15	6
https://m.cafe.naver.com/ca-fe/web/cafes/10503958/articles/407569	후니듀라: 하세가와 1/48 SBD-3 Dauntless 리미티드 에디션 개봉 및 제작 3+하세가와 키트 리뷰(단점들...)	291	13	16
https://m.cafe.naver.com/ca-fe/web/cafes/10503958/articles/407561	움하하핫: 1/144 아카즈베 A321-100 아시아나 구도색 HL7588 - 제작기-2	225	9	11
https://m.cafe.naver.com/ca-fe/web/cafes/10503958/articles/407557	움하하핫: 1/200 하세가와 B737-500 아시아나 구도색 HL7261 - 제작기-6	161	11	3
https://m.cafe.naver.com/ca-fe/web/cafes/10503958/articles/407546	mmmm072: 즈베즈다 A321-100 아시아나 HL7703 구도장 제작기 2부입니다.	145	16	10
https://m.cafe.naver.com/ca-fe/web/cafes/10503958/articles/407541	도끼맨: 1/48 AJ37 제작기 - 1	352	12	15
https://m.cafe.naver.com/ca-fe/web/cafes/10503958/articles/407536	움하하핫: 1/200 하세가와 B737-500 아시아나 구도색 HL7261 - 제작기-5	153	12	11
https://m.cafe.naver.com/ca-fe/web/cafes/10503958/articles/407531	Monte 69: 1/32 하세가와 A6M5C	216	7	6
https://m.cafe.naver.com/ca-fe/web/cafes/10503958/articles/407525	mmmm072: 즈베즈다 A321-100 아시아나 HL7703 구도장 제작기 1부입니다.	265	18	19
https://m.cafe.naver.com/ca-fe/web/cafes/10503958/articles/407524	무야호할아버지: 블랙이글스 T-50B 제작기 2	228	8	4
https://m.cafe.naver.com/ca-fe/web/cafes/10503958/articles/407522	타키온71v천안: 아카데미 1/48 Mig-23M, Mig-29	287	20	15
https://m.cafe.naver.com/ca-fe/web/cafes/10503958/articles/407513	피자감자칩: 구석기시대 키트를 제작해봤습니다 [하세가와 1/144 C-130]	434	19	4
https://m.cafe.naver.com/ca-fe/web/cafes/10503958/articles/407502	까도: mh-60l .hh-60. mh-60m컨버전	219	16	10
https://m.cafe.naver.com/ca-fe/web/cafes/10503958/articles/407500	댄싱브러쉬: MONOGRAM F-102 -06	138	10	2
https://m.cafe.naver.com/ca-fe/web/cafes/10503958/articles/407497	예비역하사 Pusan: 아카데미과학 1/144 C-130J-30 슈퍼허큘리스 수송기      제작기입니다. #1	756	18	2
https://m.cafe.naver.com/ca-fe/web/cafes/10503958/articles/407472	까도: hh-60 의료용 들것 3d교체	191	10	6
https://m.cafe.naver.com/ca-fe/web/cafes/10503958/articles/407467	후니듀라: 하세가와 1/48 SBD-3 Dauntless 리미티드 에디션 제작 2	152	3	2
https://m.cafe.naver.com/ca-fe/web/cafes/10503958/articles/406918	시뇨: UH-1Y 베놈 & 나이트스토커 제작 중입니다.	816	38	32
https://m.cafe.naver.com/ca-fe/web/cafes/10503958/articles/406891	DDNE7428: 대한항공 B777-300ER New CI적용 기체 쌩노가다 제작기-3	261	7	1
https://m.cafe.naver.com/ca-fe/web/cafes/10503958/articles/406875	DDNE7428: 대한항공 B777-300ER New CI적용 기체 쌩노가다 제작기-2	211	11	4
https://m.cafe.naver.com/ca-fe/web/cafes/10503958/articles/406868	댄싱브러쉬: MONOGRAM F-102 -04	251	12	3
https://m.cafe.naver.com/ca-fe/web/cafes/10503958/articles/406865	시뇨: 대물 전폭기 A-6E 인트루더 시작했습니다.	1324	55	47
https://m.cafe.naver.com/ca-fe/web/cafes/10503958/articles/406842	움하하핫: 아시아나 구도색별 차이점	477	13	11
https://m.cafe.naver.com/ca-fe/web/cafes/10503958/articles/406822	월평아재: 월평아재 생존신고 2_하세가와 1/48 F-14A 졸리로저스	165	8	3
https://m.cafe.naver.com/ca-fe/web/cafes/10503958/articles/406820	타키온71v천안: 하비보스 1/48 SU-34	223	20	16
https://m.cafe.naver.com/ca-fe/web/cafes/10503958/articles/406784	움하하핫: 1/200 하세가와 B737-500 아시아나 구도색 HL7261 - 제작기-2	239	12	11
https://m.cafe.naver.com/ca-fe/web/cafes/10503958/articles/406766	브란덴부르크: 몇달째 잡고 있는 아카데미 1/35 블랙호크 진척시켜봅니다.	726	28	18
https://m.cafe.naver.com/ca-fe/web/cafes/10503958/articles/406759	까도: Ah-64d Sarah / md500 mh-6j형개조	223	16	10
https://m.cafe.naver.com/ca-fe/web/cafes/10503958/articles/406718	김승국 dino꾹: 트럼페트 1/32  F-14B 2번째	341	17	19
https://m.cafe.naver.com/ca-fe/web/cafes/10503958/articles/406707	시뇨: AH-1W 슈퍼코브라 호화제작기 이어갑니다	1411	45	16
https://m.cafe.naver.com/ca-fe/web/cafes/10503958/articles/406703	움하하핫: 1/200 하세가와 B737-500 아시아나 구도색 HL7261 - 제작기-1	179	7	11
https://m.cafe.naver.com/ca-fe/web/cafes/10503958/articles/406696	댄싱브러쉬: Monogram f-102 -03	150	12	0
https://m.cafe.naver.com/ca-fe/web/cafes/10503958/articles/406684	다쓰붸이다: MD500 대한민국 육군...#1.	537	30	3
https://m.cafe.naver.com/ca-fe/web/cafes/10503958/articles/406674	까도: Ah-64d 멩 렌즈튜닝	287	16	18
https://m.cafe.naver.com/ca-fe/web/cafes/10503958/articles/406654	김승국 dino꾹: 트럼페트 1/32  F-14B 봄캣	263	18	11
https://m.cafe.naver.com/ca-fe/web/cafes/10503958/articles/406646	월평아재: 월평 아재 생존 신고합니다	192	11	3
https://m.cafe.naver.com/ca-fe/web/cafes/10503958/articles/406613	비차와 날틀: UH-1H or CH-47D	258	6	2
https://m.cafe.naver.com/ca-fe/web/cafes/10503958/articles/405981	까도: Ah-64a 합동과학 캐노피	234	19	16
https://m.cafe.naver.com/ca-fe/web/cafes/10503958/articles/405975	까도: Ah-64a 아카데미 합동과학 #15	261	13	10
https://m.cafe.naver.com/ca-fe/web/cafes/10503958/articles/405969	코코비: 트럼페터 1/48 EA-3B	151	3	2
https://m.cafe.naver.com/ca-fe/web/cafes/10503958/articles/405912	까도: Ah-64d 멩#1	232	13	8
https://m.cafe.naver.com/ca-fe/web/cafes/10503958/articles/405911	mmmm072: 아카데미 에어버스A321neo 에어부산 제작기7부 마지막 입니다.	520	20	16
https://m.cafe.naver.com/ca-fe/web/cafes/10503958/articles/405905	피자감자칩: AMK MiG-31 - 랜딩기어 수리	209	13	6
https://m.cafe.naver.com/ca-fe/web/cafes/10503958/articles/405867	코코비: 트럼페터 1/48 EA-3B 스카이 워리어	303	9	6
https://m.cafe.naver.com/ca-fe/web/cafes/10503958/articles/405856	RNG: F16 1대1 사이즈 콕핏 제작기 #3	365	22	8
https://m.cafe.naver.com/ca-fe/web/cafes/10503958/articles/405847	피자감자칩: AMK 미그-31 제작기 - 으앙 뿌서졌어요	446	19	15
https://m.cafe.naver.com/ca-fe/web/cafes/10503958/articles/405845	주뇨니: 레벨 1/48 유로파이터 타이푼 #1	196	19	14
https://m.cafe.naver.com/ca-fe/web/cafes/10503958/articles/405844	까도: AH-64A  아카데미 합동과학#14	342	18	14
https://m.cafe.naver.com/ca-fe/web/cafes/10503958/articles/405836	mmmm072: 아카데미 에어버스A321neo 에어부산 제작기6부 "윙렛에 색깔이 기본색 4가지 다 들어가네...."ㅜㅜ	253	19	14
https://m.cafe.naver.com/ca-fe/web/cafes/10503958/articles/405832	까도: Ah-64a 아카데미 합동과학 #13	403	17	8
https://m.cafe.naver.com/ca-fe/web/cafes/10503958/articles/405823	DDNE7428: 대한항공 B777-300ER New CI적용 기체 쌩노가다 제작기-1	355	9	3
https://m.cafe.naver.com/ca-fe/web/cafes/10503958/articles/405812	움하하핫: 대한항공 B747-400 1/200 제작기-2	610	11	6
https://m.cafe.naver.com/ca-fe/web/cafes/10503958/articles/405811	움하하핫: 대한항공 B777-300ER 1/200 제작기-5	250	10	6
https://m.cafe.naver.com/ca-fe/web/cafes/10503958/articles/405795	움하하핫: 대한항공 B777-300ER 1/200 제작기-4	273	12	9
https://m.cafe.naver.com/ca-fe/web/cafes/10503958/articles/405781	티벳여우벼리: 아카데미과학 1/48 SBD-3 돈틀리스 01	157	8	2
https://m.cafe.naver.com/ca-fe/web/cafes/10503958/articles/405756	까도: Ah-64a 아카데미 합동과학 #12	224	16	14
https://m.cafe.naver.com/ca-fe/web/cafes/10503958/articles/405737	까도: Ah-64a 아카데미 합동과학 #11	477	19	10
https://m.cafe.naver.com/ca-fe/web/cafes/10503958/articles/405237	화성갈꺼니끄아: kinetic su33 cokpit	200	11	3
https://m.cafe.naver.com/ca-fe/web/cafes/10503958/articles/405227	mmmm072: 아카데미 에어버스A321neo 에어부산 제작기 1부 입니다.	696	21	29
https://m.cafe.naver.com/ca-fe/web/cafes/10503958/articles/405209	얼레벌레: 지난 한주도 달린 항모 항공단	284	9	1
https://m.cafe.naver.com/ca-fe/web/cafes/10503958/articles/405201	SPOOKY: [FOREVER! SPOOKY!] 데칼 맞춰보기	257	23	6
https://m.cafe.naver.com/ca-fe/web/cafes/10503958/articles/405196	움하하핫: 대한항공 B777-300ER 1/200 제작기-3	272	11	5
https://m.cafe.naver.com/ca-fe/web/cafes/10503958/articles/405180	텐노 더 헤지혹: PBJ-1D를 만드는 중인데	128	0	0
https://m.cafe.naver.com/ca-fe/web/cafes/10503958/articles/405170	쓰삐빵빵: 1/48 하세가와 F-2A 제작기2	480	30	18
https://m.cafe.naver.com/ca-fe/web/cafes/10503958/articles/405164	까도: Ah-64a 아카데미 합동과학 #5	222	19	14
https://m.cafe.naver.com/ca-fe/web/cafes/10503958/articles/405152	움하하핫: 대한항공 B777-300ER 1/200 제작기-2	240	8	10
https://m.cafe.naver.com/ca-fe/web/cafes/10503958/articles/405149	움하하핫: 대한항공 A330-300 1/144 제작기-4	285	11	4
https://m.cafe.naver.com/ca-fe/web/cafes/10503958/articles/405147	굴탄: 항공기 무장 디테일업 제작기 #3 1/48 AGM-65 매버릭	560	39	27
https://m.cafe.naver.com/ca-fe/web/cafes/10503958/articles/405144	mmmm072: 아카데미 에어버스 A321neo -> 에어서울 A321-200 제작기 5부 마지막 입니다.	204	17	13
https://m.cafe.naver.com/ca-fe/web/cafes/10503958/articles/405138	외노자 김씨: 아카데미과학 M47 패튼 입니다.	550	8	8
https://m.cafe.naver.com/ca-fe/web/cafes/10503958/articles/405135	Waterloo: Yf-23 1/72와 라팔m 1/144 제작기	356	9	1
https://m.cafe.naver.com/ca-fe/web/cafes/10503958/articles/405099	월평아재: 하세가와 1/48 F-14A 톰캣 제작 중.._2	201	15	3
https://m.cafe.naver.com/ca-fe/web/cafes/10503958/articles/405072	모룰이ㅣ이현우: 몇일전에 도색해본 함상기입니다	162	9	2
https://m.cafe.naver.com/ca-fe/web/cafes/10503958/articles/405064	김영석: 1/48 슈퍼마린 스핏파이어 제작기 (2)	214	16	6
https://m.cafe.naver.com/ca-fe/web/cafes/10503958/articles/405063	mmmm072: 아카데미 에어버스 A321neo -> 에어서울 A321-200 제작기 4부 움하하핫님 죄송요	269	21	23
https://m.cafe.naver.com/ca-fe/web/cafes/10503958/articles/405016	주뇨니: 멩 1/48 F/A-18E 수퍼호넷 #7	204	28	14
https://m.cafe.naver.com/ca-fe/web/cafes/10503958/articles/405008	움하하핫: 대한항공 B777-300ER 1/200 제작기-1	246	11	3
https://m.cafe.naver.com/ca-fe/web/cafes/10503958/articles/404640	김영석: 1/48 슈퍼마린 스핏파이어 제작기 (1)	208	17	6
https://m.cafe.naver.com/ca-fe/web/cafes/10503958/articles/404639	움하하핫: 대한항공 A330-300 1/144 제작기-2 외.	290	8	7
https://m.cafe.naver.com/ca-fe/web/cafes/10503958/articles/404629	타키온71v천안: 키네틱 1/48 SU-33	230	22	18
https://m.cafe.naver.com/ca-fe/web/cafes/10503958/articles/404626	굴탄: 항공기 무장 디테일업 제작기 #2 1/48 GBU-12	340	28	37
https://m.cafe.naver.com/ca-fe/web/cafes/10503958/articles/404601	주뇨니: 멩 1/48 F/A-18E 수퍼호넷 #6	195	18	17
https://m.cafe.naver.com/ca-fe/web/cafes/10503958/articles/404585	위대한 유니콘: 하세가와 1/72 ZERO FIGHTER 타입21완성	101	9	1
https://m.cafe.naver.com/ca-fe/web/cafes/10503958/articles/404582	살라딘: 하세가와 계란뱅기 전일공 점보	156	6	2
https://m.cafe.naver.com/ca-fe/web/cafes/10503958/articles/404579	까도: Ah-64a 아카데미 합동과학 #2	503	25	34
https://m.cafe.naver.com/ca-fe/web/cafes/10503958/articles/404573	mmmm072: 아카데미 에어버스 A321neo -> 에어서울 A321-200 제작기 1부 with LED	1144	36	51
https://m.cafe.naver.com/ca-fe/web/cafes/10503958/articles/404552	위대한 유니콘: 1:72 하세가와 N1K1-J 시덴완성	91	8	1
https://m.cafe.naver.com/ca-fe/web/cafes/10503958/articles/404547	까도: Ah-64a 아카데미 합동과학 #1	626	27	13
https://m.cafe.naver.com/ca-fe/web/cafes/10503958/articles/404529	위대한 유니콘: 1:72 하세가와 N1K1-J 시덴 조립기-1-	118	6	2
https://m.cafe.naver.com/ca-fe/web/cafes/10503958/articles/404528	주뇨니: 멩 1/48 F/A-18E 수퍼호넷 #5	208	32	10
https://m.cafe.naver.com/ca-fe/web/cafes/10503958/articles/404521	댄싱브러쉬: 주말이네요	236	21	16
https://m.cafe.naver.com/ca-fe/web/cafes/10503958/articles/404506	까도: Ah-64d  Ah-64a 제작기	363	18	21
https://m.cafe.naver.com/ca-fe/web/cafes/10503958/articles/404496	dolph: 아카데미 1/48 f-15k 아...힘듭니다...	427	17	32
https://m.cafe.naver.com/ca-fe/web/cafes/10503958/articles/404484	굴탄: 항공기 무장 디테일업 제작기 #1 1/35 Hellfire	574	41	40
https://m.cafe.naver.com/ca-fe/web/cafes/10503958/articles/404474	506호 아자씨: 묵은 kfir 다시손대기	135	12	1
https://m.cafe.naver.com/ca-fe/web/cafes/10503958/articles/404455	달모로: 시험 4일전 올리는 1/48 F-15K 제작기2	206	9	2
https://m.cafe.naver.com/ca-fe/web/cafes/10503958/articles/404433	댄싱브러쉬: Kfir c2 AREA88 Saki Vashtar -03	101	12	2
https://m.cafe.naver.com/ca-fe/web/cafes/10503958/articles/403965	SPOOKY: [ACADEMY] 1/48 CH-47D #1 도색중	481	32	26
https://m.cafe.naver.com/ca-fe/web/cafes/10503958/articles/403925	움하하핫: [What If Project] ep. 1. 동체 수술 : 1/144 대한민국 공군 E767	709	23	6
https://m.cafe.naver.com/ca-fe/web/cafes/10503958/articles/403910	성더슨: Me-262 도색 끝~ 데칼 작업 시작~	125	12	8
https://m.cafe.naver.com/ca-fe/web/cafes/10503958/articles/403906	김승국 dino꾹: 1/48 아카데미 F-15K	300	21	4
https://m.cafe.naver.com/ca-fe/web/cafes/10503958/articles/403903	댄싱브러쉬: Kfir c2 AREA88 Saki Vashtar -01	171	18	4
https://m.cafe.naver.com/ca-fe/web/cafes/10503958/articles/403900	성더슨: Me-262에 옷을 입혀주려고 합니다.	133	12	12
https://m.cafe.naver.com/ca-fe/web/cafes/10503958/articles/403883	갈색늑대: 초보가 또 가끔 찾아서 올릴께요......	151	7	4
https://m.cafe.naver.com/ca-fe/web/cafes/10503958/articles/403870	시뇨: 초대물 수호이 27 플랭커 거의 완성 단계입니다!!	1083	80	56
https://m.cafe.naver.com/ca-fe/web/cafes/10503958/articles/403864	다쓰붸이다: USAF F-22A...#1.	352	13	6
https://m.cafe.naver.com/ca-fe/web/cafes/10503958/articles/403862	mmmm072: 아카데미 1/144 공군2호기 제작기 3부입니다.	714	32	16
https://m.cafe.naver.com/ca-fe/web/cafes/10503958/articles/403857	갈색늑대: 초보자 우연히 또...	260	11	6
https://m.cafe.naver.com/ca-fe/web/cafes/10503958/articles/403854	dolph: 슈퍼링스 동체완성	397	20	15
https://m.cafe.naver.com/ca-fe/web/cafes/10503958/articles/403839	성더슨: 하세가와 S-3A Viking 조립을 마쳤습니다.	202	16	18
https://m.cafe.naver.com/ca-fe/web/cafes/10503958/articles/403833	hongmsz: [아카데미] 1/144 라팔M	347	17	5
https://m.cafe.naver.com/ca-fe/web/cafes/10503958/articles/403799	다쓰붸이다: U-2S Dragonlady...#1.	232	14	3
https://m.cafe.naver.com/ca-fe/web/cafes/10503958/articles/403756	metalmetal: 극초초초초초초보 모형인의 타미야 1/48 f-b형 제작기3입니다	230	12	8
https://m.cafe.naver.com/ca-fe/web/cafes/10503958/articles/403746	dolph: 1/48 슈퍼링스 형태가 나왔다.	341	15	6
https://m.cafe.naver.com/ca-fe/web/cafes/10503958/articles/403695	Pano: 수퍼호넷 제작중	220	10	5
https://m.cafe.naver.com/ca-fe/web/cafes/10503958/articles/403693	SPOOKY: [ACADEMY] 1/48 USAF F-86F-40 도색중	472	40	22
https://m.cafe.naver.com/ca-fe/web/cafes/10503958/articles/403690	reformed17: 아카데미 1/72 YF-16 제작기 #3(최종)	439	15	0
https://m.cafe.naver.com/ca-fe/web/cafes/10503958/articles/403144	개똥철학자: 아카데미 F-14B 졸리 로저스 1/72 본체 도색(스폰지)	313	9	2
https://m.cafe.naver.com/ca-fe/web/cafes/10503958/articles/403113	dolph: 중간에 다른길로 새면 안돼는데 말이죠...	230	13	16
https://m.cafe.naver.com/ca-fe/web/cafes/10503958/articles/403088	성더슨: 오늘도 새벽부터 달리고 있습니다.	166	12	12
https://m.cafe.naver.com/ca-fe/web/cafes/10503958/articles/403067	피자감자칩: 수상한 미그기 제작기 -3(데칼 및 마감)	325	27	5
https://m.cafe.naver.com/ca-fe/web/cafes/10503958/articles/403056	성더슨: F-86F The Huff 데칼 작업중 잠시 휴식중 입니다.	153	15	18
https://m.cafe.naver.com/ca-fe/web/cafes/10503958/articles/403047	성더슨: 밀린 숙제를 하고 있습니다. (F-86F The Huff)	171	14	16
https://m.cafe.naver.com/ca-fe/web/cafes/10503958/articles/403032	다쓰붸이다: F-14A...#1.	221	15	5
https://m.cafe.naver.com/ca-fe/web/cafes/10503958/articles/402978	피자감자칩: 괴뢰군 미그기가 얼추 완성되어갑니다	281	16	3
https://m.cafe.naver.com/ca-fe/web/cafes/10503958/articles/402917	SPOOKY: [AREA-88 F/A-18F] #2 기본조립	300	20	13
https://m.cafe.naver.com/ca-fe/web/cafes/10503958/articles/402898	까도: uh-1b . oh-6a	262	22	14
https://m.cafe.naver.com/ca-fe/web/cafes/10503958/articles/402875	Waterloo: F-15K 1/72 제작기3 겸 빌더스마켓 후기	273	13	0
https://m.cafe.naver.com/ca-fe/web/cafes/10503958/articles/402868	모룰이ㅣ이현우: 하세가와 TYPE 99 도색	111	8	1
https://m.cafe.naver.com/ca-fe/web/cafes/10503958/articles/402839	피자감자칩: 수상한 미그29 제작기 - 1	237	13	3
https://m.cafe.naver.com/ca-fe/web/cafes/10503958/articles/402833	SPOOKY: [AREA-88 F/A-18F] #1 구상	226	13	8
https://m.cafe.naver.com/ca-fe/web/cafes/10503958/articles/402812	댄싱브러쉬: F-4E AUP -11	201	16	2
https://m.cafe.naver.com/ca-fe/web/cafes/10503958/articles/402797	주뇨니: Kinetic 1/48 미라지 2000-5 #6	162	15	14
https://m.cafe.naver.com/ca-fe/web/cafes/10503958/articles/402780	dolph: 겁나 귀여운 1/72 Ka-29	360	15	15
https://m.cafe.naver.com/ca-fe/web/cafes/10503958/articles/402761	비차와 날틀: 간만에 봉인 해제 중 입니다.	351	11	1
https://m.cafe.naver.com/ca-fe/web/cafes/10503958/articles/402731	움하하핫: 대한항공 1/144들 제작기	882	28	7
https://m.cafe.naver.com/ca-fe/web/cafes/10503958/articles/402726	SPOOKY: [AREA-88 F-16] #5 먹선작업	220	24	7
https://m.cafe.naver.com/ca-fe/web/cafes/10503958/articles/402218	풍덕장어: 1/35 KITTYHAWK HH-60G PAVEHAWK 제작기 15.	2156	83	31
https://m.cafe.naver.com/ca-fe/web/cafes/10503958/articles/402215	Monte 69: Corsair F4U -4 ~~♡♡(셋)	162	12	0
https://m.cafe.naver.com/ca-fe/web/cafes/10503958/articles/402212	주뇨니: Kinetic 1/48 미라지 2000-5 #5	126	20	12
https://m.cafe.naver.com/ca-fe/web/cafes/10503958/articles/402209	무야호할아버지: kc135 제작기 2	157	7	4
https://m.cafe.naver.com/ca-fe/web/cafes/10503958/articles/402204	Pano: P-38 라이트닝 제작중	151	11	2
https://m.cafe.naver.com/ca-fe/web/cafes/10503958/articles/402203	까도: mh-6 델타포스 제작기	298	28	16
https://m.cafe.naver.com/ca-fe/web/cafes/10503958/articles/402193	Waterloo: F-15K 1/72제작기	413	19	0
https://m.cafe.naver.com/ca-fe/web/cafes/10503958/articles/402135	인생살: 아카데미 1/72 KF -21 보라매 제작 중 입니다.	573	15	5
https://m.cafe.naver.com/ca-fe/web/cafes/10503958/articles/402119	예비역하사 Pusan: 아카데미과학 1/72 ROKAF KF-21 보라매 제작기입니다. #2	582	22	5
https://m.cafe.naver.com/ca-fe/web/cafes/10503958/articles/402096	prose2: 하세가와 1/72 EA-6B #3	168	13	0
https://m.cafe.naver.com/ca-fe/web/cafes/10503958/articles/402072	댄싱브러쉬: F-4E AUP -09	242	14	4
https://m.cafe.naver.com/ca-fe/web/cafes/10503958/articles/402058	다쓰붸이다: F-14D...#3.	231	13	3
https://m.cafe.naver.com/ca-fe/web/cafes/10503958/articles/402055	움하하핫: 대한항공만 만들면 지루해서 만든 ANA B737-800 1/200	658	19	3
https://m.cafe.naver.com/ca-fe/web/cafes/10503958/articles/402053	움하하핫: B787-10 을 만들어 봅시다.	455	8	2
https://m.cafe.naver.com/ca-fe/web/cafes/10503958/articles/402016	까도: mh-6 SA	376	26	21
https://m.cafe.naver.com/ca-fe/web/cafes/10503958/articles/401998	예비역하사 Pusan: 아카데미과학 1/72 ROKAF KF-21 보라매 제작기입니다. #1	709	18	3
https://m.cafe.naver.com/ca-fe/web/cafes/10503958/articles/401989	주뇨니: Kinetic 1/48 미라지 2000-5 #4	185	22	16
https://m.cafe.naver.com/ca-fe/web/cafes/10503958/articles/401967	metalmetal: 극초초초초보 모형인의 타미야 72 f-14d제작기1 입니다	507	21	23
https://m.cafe.naver.com/ca-fe/web/cafes/10503958/articles/401951	세상초보: 소소한 일상_F-4J	138	12	6
https://m.cafe.naver.com/ca-fe/web/cafes/10503958/articles/401931	댕구: F14A   VX9 vampires.   아카데미  +AMK	499	11	4
https://m.cafe.naver.com/ca-fe/web/cafes/10503958/articles/401238	댄싱브러쉬: 조형촌 F-4E 건 머즐 수정	139	6	0
https://m.cafe.naver.com/ca-fe/web/cafes/10503958/articles/401231	명품유리샷시님: 키네틱 프라울러 아카f14동시제작중요	243	11	5
https://m.cafe.naver.com/ca-fe/web/cafes/10503958/articles/401222	웅비호: 1/72 F-4J팬텀 아카데미	203	6	2
https://m.cafe.naver.com/ca-fe/web/cafes/10503958/articles/401176	서산 똥손후니: 나는 콩사탕이 싫어요^^	331	12	11
https://m.cafe.naver.com/ca-fe/web/cafes/10503958/articles/401175	F14A: F-14	220	4	2
https://m.cafe.naver.com/ca-fe/web/cafes/10503958/articles/401150	개똥철학자: 아카데미 F-22 랩터 1/72 스펀지, 붓 도색	779	14	6
https://m.cafe.naver.com/ca-fe/web/cafes/10503958/articles/401120	다쓰붸이다: F-14D...#1.	334	17	3
https://m.cafe.naver.com/ca-fe/web/cafes/10503958/articles/401113	F14A: F-14  항모 갑판 어디서 사나요?	197	1	2
https://m.cafe.naver.com/ca-fe/web/cafes/10503958/articles/401111	metalmetal: 극초초초초보 모형인의 타미야1/32 머스탱 제작기1입니다	199	9	8
https://m.cafe.naver.com/ca-fe/web/cafes/10503958/articles/401097	댄싱브러쉬: F-4E AUP 06	151	13	2
https://m.cafe.naver.com/ca-fe/web/cafes/10503958/articles/401095	시뇨: F-4J 팬텀, 1/32 시작했습니다	1362	40	28
https://m.cafe.naver.com/ca-fe/web/cafes/10503958/articles/401077	romeo: 아카데미 1/48 P-40 Tomahawk IIB	590	27	13
https://m.cafe.naver.com/ca-fe/web/cafes/10503958/articles/401069	F14A: F-14A  제작중	191	4	9
https://m.cafe.naver.com/ca-fe/web/cafes/10503958/articles/401068	테크프라: 아카데미 C-130J 소소한 디테일 업 1/144	942	25	9
https://m.cafe.naver.com/ca-fe/web/cafes/10503958/articles/401053	F14A: F-14a VF-84  제작기	268	7	7
https://m.cafe.naver.com/ca-fe/web/cafes/10503958/articles/401000	RNG: F16C 1대1 콕핏 제작기 #2	261	17	9
https://m.cafe.naver.com/ca-fe/web/cafes/10503958/articles/400987	SPOOKY: [F-15K] #7 기본도색	356	25	20
https://m.cafe.naver.com/ca-fe/web/cafes/10503958/articles/400972	SPOOKY: [F-15K] #6 도색시작	193	19	2
https://m.cafe.naver.com/ca-fe/web/cafes/10503958/articles/400969	웅비호: 1/72 F-4J팬텀 아카데미	274	11	4
https://m.cafe.naver.com/ca-fe/web/cafes/10503958/articles/400959	성더슨: 아카데미 1/72 F-86F를 달려봤습니다.	205	19	20
https://m.cafe.naver.com/ca-fe/web/cafes/10503958/articles/400601	서산 똥손후니: 레벨 1/48 AH-1F	234	9	4
https://m.cafe.naver.com/ca-fe/web/cafes/10503958/articles/400561	예비역하사 Pusan: 아카데미과학 1/48 세스나 172 T-41B 제작기입니다. #2	544	8	8
https://m.cafe.naver.com/ca-fe/web/cafes/10503958/articles/400559	댄싱브러쉬: F-4E AUP -04	219	13	3
https://m.cafe.naver.com/ca-fe/web/cafes/10503958/articles/400500	피자감자칩: 아카데미 1/48 Ta 183 후케바인	205	14	12
https://m.cafe.naver.com/ca-fe/web/cafes/10503958/articles/400448	탐탐: F-51D (Tamiya, 1/48)-3	180	10	14
https://m.cafe.naver.com/ca-fe/web/cafes/10503958/articles/400421	탐탐: Bf109 G-6 (Hasegawa, 1/32)-1	176	13	2
https://m.cafe.naver.com/ca-fe/web/cafes/10503958/articles/400417	왕이될상인가: 초보자 T-37 조립기1	106	6	0
https://m.cafe.naver.com/ca-fe/web/cafes/10503958/articles/400406	탐탐: F-51D (Tamiya, 1/48)-2	199	17	4
https://m.cafe.naver.com/ca-fe/web/cafes/10503958/articles/400397	metalmetal: 극초초초보 모형인의 타미야 1/32 스핏파이어 제작기2입니다~^^	170	9	12
https://m.cafe.naver.com/ca-fe/web/cafes/10503958/articles/400390	예비역하사 Pusan: 아카데미과학 1/48 세스나 172 제작기입니다. #1	1035	27	7
https://m.cafe.naver.com/ca-fe/web/cafes/10503958/articles/400384	Monte 69: "SPITFIRE" MK VI (1/24) ~~(3)	154	11	6
https://m.cafe.naver.com/ca-fe/web/cafes/10503958/articles/400379	브란덴부르크: 오랫만에 해보는 큰 실수	670	36	34
https://m.cafe.naver.com/ca-fe/web/cafes/10503958/articles/400366	괴링: [아카데미] 1/48 F-4D 팬텀II 한국공군 "151th FS, 11th FW" Part 3	561	25	6
https://m.cafe.naver.com/ca-fe/web/cafes/10503958/articles/400365	괴링: [아카데미] 1/48 F-4D 팬텀II 한국공군 "151th FS, 11th FW" Part 2	360	12	0
https://m.cafe.naver.com/ca-fe/web/cafes/10503958/articles/400364	괴링: [아카데미] 1/48 F-4D 팬텀II 한국공군 "151th FS, 11th FW" Part 1	237	9	0
https://m.cafe.naver.com/ca-fe/web/cafes/10503958/articles/400348	돌아온 프라모델러: A-10C(1/48 아카데미)	755	28	4
https://m.cafe.naver.com/ca-fe/web/cafes/10503958/articles/400341	가브리엘74: 아카데미과학, 1/48scaleUSN SBD-5	473	25	5
https://m.cafe.naver.com/ca-fe/web/cafes/10503958/articles/399876	Monte 69: "SPITFIRE" MK VI (1/24) ~~(1)	195	7	8
https://m.cafe.naver.com/ca-fe/web/cafes/10503958/articles/399842	탐탐: P-40B (Trumpeter, 1/32)-3	154	14	2
https://m.cafe.naver.com/ca-fe/web/cafes/10503958/articles/399838	도끼맨: 1/48 F-14 제작기 - 2	383	10	10
https://m.cafe.naver.com/ca-fe/web/cafes/10503958/articles/399837	ti121177: 하세가와/gartex 1/72 라이덴 32형 조립 2	178	8	0
https://m.cafe.naver.com/ca-fe/web/cafes/10503958/articles/399825	육항공: 아카데미 1/35 AH-1Z VIPER 소소한 디테일 업	631	15	4
https://m.cafe.naver.com/ca-fe/web/cafes/10503958/articles/399808	탐탐: P-40B (Trumpeter, 1/32)-2	176	10	6
https://m.cafe.naver.com/ca-fe/web/cafes/10503958/articles/399788	ti121177: 하세가와/가텍스 1/72 라이덴 32형 조립 1	120	6	1
https://m.cafe.naver.com/ca-fe/web/cafes/10503958/articles/399751	댄싱브러쉬: HAF F-4E AUP - 01	229	14	4
https://m.cafe.naver.com/ca-fe/web/cafes/10503958/articles/399736	주뇨니: Minibase 1/48 SU-33 플랭커D #13 (Red77)	152	18	18
https://m.cafe.naver.com/ca-fe/web/cafes/10503958/articles/399734	SPOOKY: [F-15K] #1 작업시작	492	18	17
https://m.cafe.naver.com/ca-fe/web/cafes/10503958/articles/399728	모룰이ㅣ이현우: 오늘의 도색입니다.	157	8	1
https://m.cafe.naver.com/ca-fe/web/cafes/10503958/articles/399727	명품유리샷시님: 나랑안맞는 키티호크su27러시안 나이츠	269	17	12
https://m.cafe.naver.com/ca-fe/web/cafes/10503958/articles/399715	metalmetal: 극초초초초보 모형인의 타미야 1/32 f4u 콜세어 작업기2입니다~^^	255	13	4
https://m.cafe.naver.com/ca-fe/web/cafes/10503958/articles/399671	모룰이ㅣ이현우: 저번에 도색한 전투기 입니다	205	10	4
https://m.cafe.naver.com/ca-fe/web/cafes/10503958/articles/399628	달모로: 1/72 F-22A 제작기 1	163	4	0
https://m.cafe.naver.com/ca-fe/web/cafes/10503958/articles/399558	시뇨: TA-4J 미해군 훈련기, 스릴 넘쳤던 하세가와 데칼 붙이기	678	26	24
https://m.cafe.naver.com/ca-fe/web/cafes/10503958/articles/399515	metalmetal: 극초초초보 모형인의 타미야 1/32 콜세어 제작기 입니다 ^^	817	28	17
https://m.cafe.naver.com/ca-fe/web/cafes/10503958/articles/399508	도끼맨: 1/48 F-14 제작기 - 1	813	23	22
https://m.cafe.naver.com/ca-fe/web/cafes/10503958/articles/399459	Waterloo: F-16C 제작기1	248	8	1
https://m.cafe.naver.com/ca-fe/web/cafes/10503958/articles/399418	주뇨니: Minibase 1/48 SU-33 플랭커D #12 (Red77)	160	18	23
https://m.cafe.naver.com/ca-fe/web/cafes/10503958/articles/398745	성더슨: 아카데미 구판 1/72스케일 미그23 기본 조립을 마쳤습니다.	193	14	16
https://m.cafe.naver.com/ca-fe/web/cafes/10503958/articles/398733	성더슨: 북조선 아새끼들도 보유중이라는 미그23 조립을 하면서 놀아볼까 합니다.	256	16	13
https://m.cafe.naver.com/ca-fe/web/cafes/10503958/articles/398728	솔냥: 두 번째 킷 기본도색 작업 시작했습니다✨	183	6	1
https://m.cafe.naver.com/ca-fe/web/cafes/10503958/articles/398721	SPOOKY: [TAMIYA F-35B] #8 기본도색 완료	238	19	14
https://m.cafe.naver.com/ca-fe/web/cafes/10503958/articles/398712	romeo: 빠른 캐노피마스킹!!!!	269	10	10
https://m.cafe.naver.com/ca-fe/web/cafes/10503958/articles/398705	prose2: 하세가와 1/72 EA-6B를 시작하며..	193	5	4
https://m.cafe.naver.com/ca-fe/web/cafes/10503958/articles/398699	까도: h145m	258	19	14
https://m.cafe.naver.com/ca-fe/web/cafes/10503958/articles/398613	ti121177: F-2도 슬슬 끝나가네요	212	6	0
https://m.cafe.naver.com/ca-fe/web/cafes/10503958/articles/398609	모룰이ㅣ이현우: 아카데미 A6M2 제로센 도색	304	14	0
https://m.cafe.naver.com/ca-fe/web/cafes/10503958/articles/398575	다쓰붸이다: EMB-314...#1.	439	16	6
https://m.cafe.naver.com/ca-fe/web/cafes/10503958/articles/398569	reformed17: 디코퍼레이션 1/72 F-4E 한국공군 제작기	472	15	6
https://m.cafe.naver.com/ca-fe/web/cafes/10503958/articles/398549	시뇨: 1/48 항공기 연습, 아카데미 USN F-4J Diamondbaks	1312	35	39
https://m.cafe.naver.com/ca-fe/web/cafes/10503958/articles/398483	갈랑말랑: 빌더스 마켓에 하나라도 더 보여드릴 생각으로 작업중인 인형입니다.	345	16	14
https://m.cafe.naver.com/ca-fe/web/cafes/10503958/articles/398465	SPOOKY: [TAMIYA F-35B] #7 조종석(1)	244	17	11
https://m.cafe.naver.com/ca-fe/web/cafes/10503958/articles/398446	주뇨니: Minibase 1/48 SU-33 플랭커D #11 (Red77)	211	19	10
https://m.cafe.naver.com/ca-fe/web/cafes/10503958/articles/398442	타키온71v천안: 1/48 수호이 제작 중#3	277	18	13
https://m.cafe.naver.com/ca-fe/web/cafes/10503958/articles/398439	reformed17: 아카데미 1/72 F-4J 제작기	452	10	2
https://m.cafe.naver.com/ca-fe/web/cafes/10503958/articles/398429	야마토: AH-64D Apache Block 2 Late Version 아파치 조립 시작합니다	248	9	2
https://m.cafe.naver.com/ca-fe/web/cafes/10503958/articles/398318	풍덕장어: 1/35 KITTYHAWK HH-60G PAVEHAWK 제작기 12.	589	39	18
https://m.cafe.naver.com/ca-fe/web/cafes/10503958/articles/398307	mmmm072: 하세가와 1/200 b737-800 제주항공 제작기 4부입니다.	413	16	10
https://m.cafe.naver.com/ca-fe/web/cafes/10503958/articles/397764	madgun76김순오: 나팔수 1/32P-51B무스탕 2	216	14	4
https://m.cafe.naver.com/ca-fe/web/cafes/10503958/articles/397722	mmmm072: 하세가와 1/200 b737-800 제주항공 제작기 1부입니다.	572	26	14
https://m.cafe.naver.com/ca-fe/web/cafes/10503958/articles/397661	탐탐: A6M2b Zero Fighter (Academy, 1/48)-2	226	12	8
https://m.cafe.naver.com/ca-fe/web/cafes/10503958/articles/397628	주뇨니: Minibase 1/48 SU-33 플랭커D #10 (Red77)	239	25	18
https://m.cafe.naver.com/ca-fe/web/cafes/10503958/articles/397600	SPOOKY: [TAMIYA F-35B] #4 페인트 준비	395	17	23
https://m.cafe.naver.com/ca-fe/web/cafes/10503958/articles/397597	테크프라: [G.W.H]1/144_AC-130J 고스트라이더 건쉽 제작기	443	14	12
https://m.cafe.naver.com/ca-fe/web/cafes/10503958/articles/397586	명품유리샷시님: 1/32 나팔수 타이푼	245	11	8
https://m.cafe.naver.com/ca-fe/web/cafes/10503958/articles/397582	jjongik9: 1/48 아카데미 슬램이글입니다	429	20	8
https://m.cafe.naver.com/ca-fe/web/cafes/10503958/articles/397577	sanwam82004: 1/35 아카데미 UH-60M을 HH-60M MEDEVAC으로 변환 인테리어 작업중	1195	30	24
https://m.cafe.naver.com/ca-fe/web/cafes/10503958/articles/397561	탐탐: A6M2b Zero Fighter (Academy, 1/48)-1	320	18	2
https://m.cafe.naver.com/ca-fe/web/cafes/10503958/articles/397546	성더슨: 아카데미 1/72 B-17F 멤피스 벨 호 기본 조립 완료 입니다.	291	13	35
https://m.cafe.naver.com/ca-fe/web/cafes/10503958/articles/397528	성더슨: B-17F 멤피스벨 시작 합니다. ^^	249	15	26
https://m.cafe.naver.com/ca-fe/web/cafes/10503958/articles/397515	reformed17: 아카데미 1/72 YF-16 제작기 #2	200	8	2
https://m.cafe.naver.com/ca-fe/web/cafes/10503958/articles/397503	갈랑말랑: UH-1Y 베놈에 들어갈 FRIES 시스템 제작 중입니다. ^^	403	7	6
https://m.cafe.naver.com/ca-fe/web/cafes/10503958/articles/397492	jump7221: 하세가와  1/32  P-51D  무스탕 조립^^	410	9	4
https://m.cafe.naver.com/ca-fe/web/cafes/10503958/articles/397483	김승국 dino꾹: 아카데미 1/48 F-15K 독도	748	25	8
https://m.cafe.naver.com/ca-fe/web/cafes/10503958/articles/397462	reformed17: 아카데미 1/72 F-14A 알리캣 제작기 #4(최종)	444	17	8
https://m.cafe.naver.com/ca-fe/web/cafes/10503958/articles/397449	LAYA: 아카데미 1/100 F-15	336	13	4
https://m.cafe.naver.com/ca-fe/web/cafes/10503958/articles/397438	madgun76김순오: 나팔수 1/32 P-51B.제작기1	224	11	6
https://m.cafe.naver.com/ca-fe/web/cafes/10503958/articles/397408	metalmetal: 초초초초초초보 모형인의 타미야 1/48 f14a 화이트톰캣 제작기2입니다 ㅎ	432	25	19
https://m.cafe.naver.com/ca-fe/web/cafes/10503958/articles/396869	성더슨: 에어픽스 1/72 English Electric Lightning F.2A 전자 밴댕이 기본 조립 완료~	225	12	17
https://m.cafe.naver.com/ca-fe/web/cafes/10503958/articles/396864	성더슨: 에어픽스 1/72 English Electric Lightning F.2A를 시작했습니다.	133	14	12
https://m.cafe.naver.com/ca-fe/web/cafes/10503958/articles/396863	댄싱브러쉬: 1/48 아카데미 f-86f 연장윙버전 -03-	306	13	0
https://m.cafe.naver.com/ca-fe/web/cafes/10503958/articles/396777	reformed17: 아카데미 1/72 F-14A 알리캣 제작기 #2	379	7	2
https://m.cafe.naver.com/ca-fe/web/cafes/10503958/articles/396768	성더슨: B-1B, XF5F-1 오늘은 여기까지 입니다.	148	12	20
https://m.cafe.naver.com/ca-fe/web/cafes/10503958/articles/396766	까도: 독일 미국 특수부대 제작기	600	23	18
https://m.cafe.naver.com/ca-fe/web/cafes/10503958/articles/396763	까도: mh-47 ch-47d 최종 실내찰영	513	25	32
https://m.cafe.naver.com/ca-fe/web/cafes/10503958/articles/396759	까도: mh-47  ch-47d 최종	365	30	20
https://m.cafe.naver.com/ca-fe/web/cafes/10503958/articles/396746	madgun76김순오: 비행기 리깅하기~	325	11	4
https://m.cafe.naver.com/ca-fe/web/cafes/10503958/articles/396745	성더슨: B-1B와 XF5 F-1을 도색하고 있습니다.	145	11	8
https://m.cafe.naver.com/ca-fe/web/cafes/10503958/articles/396733	성더슨: 아카데미 1/48 USN XF5 F-1 Skyrocket 기본조립을 마쳤습니다.	217	12	17
https://m.cafe.naver.com/ca-fe/web/cafes/10503958/articles/396714	탐탐: F-22 (Academy, 1/72)-1	250	3	0
https://m.cafe.naver.com/ca-fe/web/cafes/10503958/articles/396709	댄싱브러쉬: 1/48 아카데미 f-86f 연장윙버전 -02-	186	9	0
https://m.cafe.naver.com/ca-fe/web/cafes/10503958/articles/396694	madgun76김순오: 아카데미 1/48 BF109G-2	262	9	7
https://m.cafe.naver.com/ca-fe/web/cafes/10503958/articles/396668	reformed17: 아카데미 1/72 F-14A 알리캣 제작기 #1	390	13	4
https://m.cafe.naver.com/ca-fe/web/cafes/10503958/articles/396661	타키온71v천안: MENG 1/48 J-20	467	29	7
https://m.cafe.naver.com/ca-fe/web/cafes/10503958/articles/396656	madgun76김순오: 타미야 1/48 FW190D-9 데칼수급	247	15	1
https://m.cafe.naver.com/ca-fe/web/cafes/10503958/articles/396622	madgun76김순오: 앗 짜증~~FW190	285	6	15
https://m.cafe.naver.com/ca-fe/web/cafes/10503958/articles/396629	madgun76김순오: 앗 짜증~~FW190~~수정	69	3	2
https://m.cafe.naver.com/ca-fe/web/cafes/10503958/articles/396606	탐탐: Kfir C7 (AMK, 1/48)-1	370	4	7
https://m.cafe.naver.com/ca-fe/web/cafes/10503958/articles/396071	탐탐: Cessna 172 Floatplane (Academy, 1/48)-1	331	12	6
https://m.cafe.naver.com/ca-fe/web/cafes/10503958/articles/396044	mmmm072: 아카즈베즈다 B777-200ER 진에어 4부 마무리입니다.	293	17	11
https://m.cafe.naver.com/ca-fe/web/cafes/10503958/articles/396033	성더슨: 아카데미 72스케일 F-100D 도색 완료~	175	12	9
https://m.cafe.naver.com/ca-fe/web/cafes/10503958/articles/396028	은빛달: 아카데미 1/48 Rafale M 입니다. 역시 어려워... 세번째	326	11	6
https://m.cafe.naver.com/ca-fe/web/cafes/10503958/articles/396025	Zetex: 1/35 AH-64D Apache	695	19	6
https://m.cafe.naver.com/ca-fe/web/cafes/10503958/articles/396013	madgun76김순오: 나팔수 1/48 H-34제작2	254	10	2
https://m.cafe.naver.com/ca-fe/web/cafes/10503958/articles/395969	dolph: 아카데미 1/48 SBD-2 돈틀리스 배기구	321	19	20
https://m.cafe.naver.com/ca-fe/web/cafes/10503958/articles/395966	까발려: 1/48 Hasegawa F-14B 제작기 - 0.1% 진도 (랜딩기어 Wheel 도색 및 치핑)	357	4	7
https://m.cafe.naver.com/ca-fe/web/cafes/10503958/articles/395958	까도: mh-47 ch-47d	376	22	21
https://m.cafe.naver.com/ca-fe/web/cafes/10503958/articles/395954	성더슨: B-52D 스트라토 포트리스 도색을 준비중 입니다	159	13	12
https://m.cafe.naver.com/ca-fe/web/cafes/10503958/articles/395946	풍덕장어: 1/35 KITTYHAWK HH-60G PAVEHAWK 제작기 7.5 (누락본)	558	29	24
https://m.cafe.naver.com/ca-fe/web/cafes/10503958/articles/395941	육항공: 아카데미 1/35 UH-1Y 베놈 #6	366	11	2
https://m.cafe.naver.com/ca-fe/web/cafes/10503958/articles/395930	타키온71v천안: 즈베즈다 1/48 SU-57 제작	264	27	14
https://m.cafe.naver.com/ca-fe/web/cafes/10503958/articles/395924	madgun76김순오: 나팔수? 1/48 H-34 헬기	218	7	7
https://m.cafe.naver.com/ca-fe/web/cafes/10503958/articles/395918	애퉁: [항공기제작기] 1/48 kinetic RQ-4B Global Hawk 제작 중(3)	395	19	11
https://m.cafe.naver.com/ca-fe/web/cafes/10503958/articles/395894	브란덴부르크: 항공기를 다시 만들어 봅니다 (feat 다이소 선반)	1357	43	18
https://m.cafe.naver.com/ca-fe/web/cafes/10503958/articles/395875	dolph: 아카데미 SBD-2 병원생활 마치고 오랫만에 왔습니다!!	249	16	13
https://m.cafe.naver.com/ca-fe/web/cafes/10503958/articles/395869	김 건: [FUJIMI]  MIRAGE IIIC / 1:48 / (아카데미 미라지3 바로 그놈)	400	16	12
https://m.cafe.naver.com/ca-fe/web/cafes/10503958/articles/395854	집그리는사람: 1/35 UH-1H 개조기	651	23	17
https://m.cafe.naver.com/ca-fe/web/cafes/10503958/articles/395853	까발려: 1/48 Hasegawa F-14B 제작기 (AN/AAQ-14 랜턴 디테일 AMK F-14D vs. 아카 F-15 세이무어존스)	237	5	0
https://m.cafe.naver.com/ca-fe/web/cafes/10503958/articles/395478	얼레벌레: UH-1Y 베놈 #1	424	14	3
https://m.cafe.naver.com/ca-fe/web/cafes/10503958/articles/395465	SPOOKY: [Farewell Warthog] #4 기본도색	108	8	8
https://m.cafe.naver.com/ca-fe/web/cafes/10503958/articles/395461	주뇨니: Minibase 1/48 SU-33 플랭커D #10 (Red78)	132	15	8
https://m.cafe.naver.com/ca-fe/web/cafes/10503958/articles/395448	madgun76김순오: 키네틱 1/48 F-16C 바락 시작	215	15	4
https://m.cafe.naver.com/ca-fe/web/cafes/10503958/articles/395441	육항공: 아카데미 1/35 UH-1Y 베놈#4	377	7	5
https://m.cafe.naver.com/ca-fe/web/cafes/10503958/articles/395437	SPOOKY: [Farewell Warthog] #3 기본조립	114	8	8
https://m.cafe.naver.com/ca-fe/web/cafes/10503958/articles/395436	육항공: 아카데미 1/35 UH-1Y 베놈 #3	456	14	8
https://m.cafe.naver.com/ca-fe/web/cafes/10503958/articles/395430	까도: mh-47 ch-47d 홀로그램	324	17	14
https://m.cafe.naver.com/ca-fe/web/cafes/10503958/articles/395389	까도: mh-47 ch-47d #7	353	15	8
https://m.cafe.naver.com/ca-fe/web/cafes/10503958/articles/395384	까도: mh-47 ch-47d  배기구	235	12	14
https://m.cafe.naver.com/ca-fe/web/cafes/10503958/articles/395369	육항공: 아카데미 1/35 UH-1Y 베놈 #2	669	19	7
https://m.cafe.naver.com/ca-fe/web/cafes/10503958/articles/395363	eproman: 해상초계기 3종 세트	537	18	9
https://m.cafe.naver.com/ca-fe/web/cafes/10503958/articles/395357	madgun76김순오: 나팔수 1/32 Mig-15 트레이너	229	10	4
https://m.cafe.naver.com/ca-fe/web/cafes/10503958/articles/395347	까도: mh-47 주유구	247	12	7
https://m.cafe.naver.com/ca-fe/web/cafes/10503958/articles/395333	까도: mh-47 센서	390	22	17
https://m.cafe.naver.com/ca-fe/web/cafes/10503958/articles/395324	SPOOKY: [Farewell Warthog] #2 콕핏	167	14	4
https://m.cafe.naver.com/ca-fe/web/cafes/10503958/articles/395323	풍덕장어: 1/35 KITTYHAWK HH-60G PAVEHAWK 제작기 8.	537	27	24
https://m.cafe.naver.com/ca-fe/web/cafes/10503958/articles/395319	인아크: 1/35 아카데미 UH-1Y 제작중...	570	26	5
https://m.cafe.naver.com/ca-fe/web/cafes/10503958/articles/395317	madgun76김순오: 디코페레이션 1/72 F-4E 퇴역기념마킹2	271	19	9
https://m.cafe.naver.com/ca-fe/web/cafes/10503958/articles/395316	까도: mh-47 ch-47d 크기비교	291	13	9
https://m.cafe.naver.com/ca-fe/web/cafes/10503958/articles/394867	madgun76김순오: 레벨 1/32 스핏파이어 제작	202	14	0
https://m.cafe.naver.com/ca-fe/web/cafes/10503958/articles/394791	뿌릉: 아카데미 1/72 F-14D Bounty Hunters #2	404	31	30
https://m.cafe.naver.com/ca-fe/web/cafes/10503958/articles/394765	까도: ch-47 d 한국형	359	14	14
https://m.cafe.naver.com/ca-fe/web/cafes/10503958/articles/394762	madgun76김순오: 키티호크 1/48 그리펜 제작1	388	12	5
https://m.cafe.naver.com/ca-fe/web/cafes/10503958/articles/394738	주뇨니: Minibase 1/48 SU-33 플랭커D #8	243	21	19
https://m.cafe.naver.com/ca-fe/web/cafes/10503958/articles/394725	까도: mh-47 ch-47d	266	12	8
https://m.cafe.naver.com/ca-fe/web/cafes/10503958/articles/394720	타키온71v천안: 즈베즈다 1/48 SU-57 제작기	246	16	9
https://m.cafe.naver.com/ca-fe/web/cafes/10503958/articles/394712	madgun76김순오: 하비보스 1/48 A-4M 제작3	254	16	2
https://m.cafe.naver.com/ca-fe/web/cafes/10503958/articles/394684	mmmm072: 아카 즈베즈다 B777-300ER 티웨이 4번째 세부도장편	345	21	12
https://m.cafe.naver.com/ca-fe/web/cafes/10503958/articles/394677	madgun76김순오: 하비보스 1/48 A-4M제작 2	205	12	4
https://m.cafe.naver.com/ca-fe/web/cafes/10503958/articles/394674	타키온71v천안: 즈베즈다 1/48 SU-57 제작기	671	41	29
https://m.cafe.naver.com/ca-fe/web/cafes/10503958/articles/394636	madgun76김순오: 하비보스 1/48 A-4M 스카이호크 시작	305	10	3
https://m.cafe.naver.com/ca-fe/web/cafes/10503958/articles/394632	동이아빠: [Mig-25PD FoxBat] Kitty Hawk 1/48 #2	258	12	8
https://m.cafe.naver.com/ca-fe/web/cafes/10503958/articles/394599	댄싱브러쉬: F-15QA Ababil() Revell+Bam model -08-	204	16	6
https://m.cafe.naver.com/ca-fe/web/cafes/10503958/articles/394556	시뇨: 벨 패밀리, 바이퍼와 베놈 쌉가능	778	40	39
https://m.cafe.naver.com/ca-fe/web/cafes/10503958/articles/394551	다쓰붸이다: Me Bf-109G-6 "Rote Dreizehn : Marga"...#1.	227	9	3
https://m.cafe.naver.com/ca-fe/web/cafes/10503958/articles/394544	갈랑말랑: 아카제 UH-1Y를 위한 패스트 로프 작업중 입니다.  제목은 빨리 내려가!! 입니다.	418	19	19
https://m.cafe.naver.com/ca-fe/web/cafes/10503958/articles/394543	madgun76김순오: 이탈래리 1/48 비겐 만들기2	224	13	10
https://m.cafe.naver.com/ca-fe/web/cafes/10503958/articles/394534	mmmm072: 아카 즈베즈다 B777-300ER 티웨이 제작기 3부	266	17	12
https://m.cafe.naver.com/ca-fe/web/cafes/10503958/articles/394494	갈랑말랑: Flight Deck 작업에 올라갈 아카데미 F/A-18 사출 좌석 출력 했습니다.	225	8	14
https://m.cafe.naver.com/ca-fe/web/cafes/10503958/articles/394020	타키온71v천안: 즈베즈다 1/48 SU-57	267	24	13
https://m.cafe.naver.com/ca-fe/web/cafes/10503958/articles/394006	미소천사 순이: B-2A를 공중에 진짜로 띄워봅니다.	300	7	2
https://m.cafe.naver.com/ca-fe/web/cafes/10503958/articles/394004	모형광: 1/72 대한민국 공군 KF-21 보라매 005호기 -01(202513)	186	12	7
https://m.cafe.naver.com/ca-fe/web/cafes/10503958/articles/393999	성더슨: B-52D 조립완료~	293	21	44
https://m.cafe.naver.com/ca-fe/web/cafes/10503958/articles/393989	까도: uh-1y 베넘	660	25	34
https://m.cafe.naver.com/ca-fe/web/cafes/10503958/articles/393986	댄싱브러쉬: F-15QA Ababil() Revell+Bam model -06-	141	9	1
https://m.cafe.naver.com/ca-fe/web/cafes/10503958/articles/393982	dolph: 키네틱 1/48 CF-188A #3	177	11	10
https://m.cafe.naver.com/ca-fe/web/cafes/10503958/articles/393965	madgun76김순오: 아카데미 1/48 라팔M 제작	372	18	15
https://m.cafe.naver.com/ca-fe/web/cafes/10503958/articles/393963	나근나근: 아카데미 1/48 F-15K	342	10	2
https://m.cafe.naver.com/ca-fe/web/cafes/10503958/articles/393962	까도: mh-47 #6	1324	40	39
https://m.cafe.naver.com/ca-fe/web/cafes/10503958/articles/393947	시뇨: 키티호크 MH-60R 씨호크 제작 시작했습니다!	783	37	40
https://m.cafe.naver.com/ca-fe/web/cafes/10503958/articles/393911	dolph: 키네틱 1/48 CF-188A #3	270	18	30
https://m.cafe.naver.com/ca-fe/web/cafes/10503958/articles/393898	다쓰붸이다: FA-50...#1.	280	19	2
https://m.cafe.naver.com/ca-fe/web/cafes/10503958/articles/393881	madgun76김순오: 하세가와 1/48 AV-8B 제작2	263	18	6
https://m.cafe.naver.com/ca-fe/web/cafes/10503958/articles/393880	풍덕장어: 1/35 KITTYHAWK HH-60G PAVEHAWK 제작기 6.	508	29	38
https://m.cafe.naver.com/ca-fe/web/cafes/10503958/articles/393857	dolph: 키네틱 1/48 CF-188A #2	216	8	15
https://m.cafe.naver.com/ca-fe/web/cafes/10503958/articles/393846	mmmm072: 아카 즈베즈다B777-300ER 대한항공 신도장 입니다.	1029	26	18
https://m.cafe.naver.com/ca-fe/web/cafes/10503958/articles/393840	madgun76김순오: 하세가와 1/48 AV-8B 제작	282	19	7
https://m.cafe.naver.com/ca-fe/web/cafes/10503958/articles/393837	박작가: 소프위드 캐멀 복엽기	192	13	26
https://m.cafe.naver.com/ca-fe/web/cafes/10503958/articles/393824	romeo: 항공기 리벳팅 1/48 Henschel HS-129B-2	430	19	21
https://m.cafe.naver.com/ca-fe/web/cafes/10503958/articles/393197	하늘색: 처음으로 소금기 표현을 시도해봤습니다	375	18	12
https://m.cafe.naver.com/ca-fe/web/cafes/10503958/articles/393135	탑건매버릭: 1/72 F-35A 라이트닝 II 1000th 제작기 (1)	188	4	4
https://m.cafe.naver.com/ca-fe/web/cafes/10503958/articles/393118	LeMon101: Modelcollect - B-2A Spirit w/MOP GBU-57    #02	159	12	2
https://m.cafe.naver.com/ca-fe/web/cafes/10503958/articles/393101	움하하핫: 1/144 AESA 레이더 시험기 제작기	818	25	2
https://m.cafe.naver.com/ca-fe/web/cafes/10503958/articles/393085	갈랑말랑: 잘 밤에 작업중인 사진 몇장 올립니다.	286	12	14
https://m.cafe.naver.com/ca-fe/web/cafes/10503958/articles/393070	madgun76김순오: 아카데미 1/48 F-4J 블랙바니3	243	17	10
https://m.cafe.naver.com/ca-fe/web/cafes/10503958/articles/393054	norara016: 하비보스 1:48 YF-23 제작중 입니다.	271	21	7
https://m.cafe.naver.com/ca-fe/web/cafes/10503958/articles/393028	주뇨니: Minibase 1/48 SU-33 플랭커D #6	195	24	18
https://m.cafe.naver.com/ca-fe/web/cafes/10503958/articles/393008	dolph: 아카데미 1/72 KF-16C #3	228	19	13
https://m.cafe.naver.com/ca-fe/web/cafes/10503958/articles/392985	madgun76김순오: 아카데미 1/48 F-4J 블랙바니	234	14	14
https://m.cafe.naver.com/ca-fe/web/cafes/10503958/articles/392971	브란덴부르크: 묵혀둔 하세가와 바이킹 초계기 제작 시작 (데칼 파손으로 고증무시)	426	37	42
https://m.cafe.naver.com/ca-fe/web/cafes/10503958/articles/392913	주뇨니: Minibase 1/48 SU-33 플랭커D #5	228	16	12
https://m.cafe.naver.com/ca-fe/web/cafes/10503958/articles/392911	미소천사 순이: 아카데미 B-2 베이스	325	16	5
https://m.cafe.naver.com/ca-fe/web/cafes/10503958/articles/392905	갈랑말랑: USS 제럴드 R. 포드 Flight Deck 진행중 기본 데크 출력했습니다.	244	20	11
https://m.cafe.naver.com/ca-fe/web/cafes/10503958/articles/392894	metalmetal: meng f-4e 퇴역기 초보 스펀지 도색 중간과정2 입니다	252	9	2
https://m.cafe.naver.com/ca-fe/web/cafes/10503958/articles/392884	실마리온: 타미야 1/48 J2M2 라이덴 #4	150	17	6
https://m.cafe.naver.com/ca-fe/web/cafes/10503958/articles/392846	dolph: 아카데미 1/72 KF-16C #2	286	14	15
https://m.cafe.naver.com/ca-fe/web/cafes/10503958/articles/392842	madgun76김순오: 아카데미 1/48 F-4J 블랙바니	270	13	6
https://m.cafe.naver.com/ca-fe/web/cafes/10503958/articles/392834	Waterloo: 아카데미 F-14 1/72 제작기 3	292	11	4
https://m.cafe.naver.com/ca-fe/web/cafes/10503958/articles/392826	암즈룸: Zero Fighter (A6M5) / Tamiya / 1:32 #4 기본도색	184	9	7
https://m.cafe.naver.com/ca-fe/web/cafes/10503958/articles/392269	SPOOKY: [ACADEMY UH-1Y VENOM] 제작중 #1	1212	38	24
https://m.cafe.naver.com/ca-fe/web/cafes/10503958/articles/392265	움하하핫: 대한항공 들 진행현황입니다	366	15	3
https://m.cafe.naver.com/ca-fe/web/cafes/10503958/articles/392260	DDNE7428: 타미야 1:48 F16 하부 도색	291	6	6
https://m.cafe.naver.com/ca-fe/web/cafes/10503958/articles/392229	까도: 블랙호크다운 #9	475	33	29
https://m.cafe.naver.com/ca-fe/web/cafes/10503958/articles/392213	쓰삐빵빵: 1/72 트럼페터 F-107A 제작기	359	25	22
https://m.cafe.naver.com/ca-fe/web/cafes/10503958/articles/392202	Waterloo: F-14, a-10 제작	306	9	4
https://m.cafe.naver.com/ca-fe/web/cafes/10503958/articles/392188	아키용가: [AREA88]1/72 Mig-27 Flogger D 파파울프 전용기 제작기	75	5	8
https://m.cafe.naver.com/ca-fe/web/cafes/10503958/articles/392183	친환경: 1/144 아카데미 피스아이 가조립, 즈베즈다 A320	398	10	4
https://m.cafe.naver.com/ca-fe/web/cafes/10503958/articles/392175	Cipher: 트럼페터 1/48 J-10C #3	247	13	3
https://m.cafe.naver.com/ca-fe/web/cafes/10503958/articles/392152	아키용가: [AREA88]1/72 Av-8 해리어 킴아바 전용기 제작기	99	6	13
https://m.cafe.naver.com/ca-fe/web/cafes/10503958/articles/392148	harrysmith: f-4j 조종석 제작기 #1 (레진조종석)	227	9	2
https://m.cafe.naver.com/ca-fe/web/cafes/10503958/articles/392141	동이아빠: [Mig-25PD FoxBat] Kitty Hawk 1/48  #1	151	10	4
https://m.cafe.naver.com/ca-fe/web/cafes/10503958/articles/392132	harrysmith: 아카데미과학 1/144 C-121 완성	508	16	10
https://m.cafe.naver.com/ca-fe/web/cafes/10503958/articles/392129	위대한 유니콘: ANA737-800 조립중입니다	224	7	1
https://m.cafe.naver.com/ca-fe/web/cafes/10503958/articles/392108	암즈룸: Zero Fighter (A6M5) / Tamiya / 1:32 #2 엔진+콕핏	311	14	9
https://m.cafe.naver.com/ca-fe/web/cafes/10503958/articles/392103	아키용가: [AREA88] 1/72  F-14 톰캣 미키사이먼 전용기 제작기	96	8	8
https://m.cafe.naver.com/ca-fe/web/cafes/10503958/articles/392094	harrysmith: c121 #4 데칼 작업중입니다!	80	4	1
https://m.cafe.naver.com/ca-fe/web/cafes/10503958/articles/392087	harrysmith: c121 제작기 #3	136	3	1
https://m.cafe.naver.com/ca-fe/web/cafes/10503958/articles/392053	아키용가: [AREA88] 1/72 F-20 타이거샤크 카자마신 전용기 제작기 [초스압]	102	11	8
https://m.cafe.naver.com/ca-fe/web/cafes/10503958/articles/392023	harrysmith: c121 제작기 #2 조명작업	80	3	2
https://m.cafe.naver.com/ca-fe/web/cafes/10503958/articles/391353	다쓰붸이다: Masters of the Air...#4.	178	13	2
https://m.cafe.naver.com/ca-fe/web/cafes/10503958/articles/391337	ti121177: 파인몰드 F-2b 조립 근황입니다	317	5	4
https://m.cafe.naver.com/ca-fe/web/cafes/10503958/articles/391335	풍덕장어: 1/35 KITTYHAWK HH-60G PAVEHAWK 제작기 5.	436	20	7
https://m.cafe.naver.com/ca-fe/web/cafes/10503958/articles/391313	다쓰붸이다: Masters of the Air...#3.	154	11	0
https://m.cafe.naver.com/ca-fe/web/cafes/10503958/articles/391268	뿌릉: Revell 1/72 Tornado,, PRIDE OF BOELCKE #1	322	22	22
https://m.cafe.naver.com/ca-fe/web/cafes/10503958/articles/391242	다쓰붸이다: Masters of the Air...#2.	155	9	2
https://m.cafe.naver.com/ca-fe/web/cafes/10503958/articles/391203	댄싱브러쉬: SU-30MKI / G.W.H / 48scale -10	210	15	3
https://m.cafe.naver.com/ca-fe/web/cafes/10503958/articles/391198	육항공: 키티호크와 아카데미의 만남?	694	20	22
https://m.cafe.naver.com/ca-fe/web/cafes/10503958/articles/391171	성더슨: 아! 버릭이형! (버럭!) 파트 투! 이면서 조립 끄읏~	137	11	14
https://m.cafe.naver.com/ca-fe/web/cafes/10503958/articles/391153	까도: 블랙호크다운 #8	412	33	40
https://m.cafe.naver.com/ca-fe/web/cafes/10503958/articles/391150	성더슨: 아! 버릭이형!!!!(버럭!) 파트 1	154	11	14
https://m.cafe.naver.com/ca-fe/web/cafes/10503958/articles/391032	웅비호: 1/48아카데미 팬텀	268	10	3
https://m.cafe.naver.com/ca-fe/web/cafes/10503958/articles/391019	후니듀라: 1/144 아카데미 B-2 스텔스 폭격기 제작	443	15	0
https://m.cafe.naver.com/ca-fe/web/cafes/10503958/articles/391013	LeMon101: Academy 1/144 USAF B-2A 'Stealth Bomber'   #04	203	18	7
https://m.cafe.naver.com/ca-fe/web/cafes/10503958/articles/390985	예비역하사 Pusan: ACADEMY 1:48 대한민국 공군 F-15K SLAM EAGLE 제작기입니다. #1	849	27	19
https://m.cafe.naver.com/ca-fe/web/cafes/10503958/articles/390984	댄싱브러쉬: SU-30MKI / G.W.H / 48scale -09	311	19	10
https://m.cafe.naver.com/ca-fe/web/cafes/10503958/articles/390976	다쓰붸이다: Masters of the Air...#1.	338	18	11
https://m.cafe.naver.com/ca-fe/web/cafes/10503958/articles/390947	갈랑말랑: 요즘은 이러고 지내고 있습니다. ^^	383	25	10
https://m.cafe.naver.com/ca-fe/web/cafes/10503958/articles/390927	LeMon101: Academy 1/144 USAF B-2A 'Stealth Bomber'   #03	239	16	8
https://m.cafe.naver.com/ca-fe/web/cafes/10503958/articles/390910	풍덕장어: 1/35 KITTYHAWK HH-60G PAVEHAWK 제작기 4.	341	16	10
https://m.cafe.naver.com/ca-fe/web/cafes/10503958/articles/390384	시나브로15: 아카데미과학 1/48 세스나 172스카이호크 #1	579	11	2
https://m.cafe.naver.com/ca-fe/web/cafes/10503958/articles/390371	SPOOKY: B-2 MIDNIGHT HAMMER OPERATION	385	15	18
https://m.cafe.naver.com/ca-fe/web/cafes/10503958/articles/390370	명품유리샷시님: 이걸 버려 말어!키티호크su-17	478	15	17
https://m.cafe.naver.com/ca-fe/web/cafes/10503958/articles/390364	지강아빠: 쉽게 쉽게 가기 도전	325	20	16
https://m.cafe.naver.com/ca-fe/web/cafes/10503958/articles/390346	metalmetal: 초보 스펀지도색러 1/72 f4 중간과정 한장입니다 ㅎ	311	9	8
https://m.cafe.naver.com/ca-fe/web/cafes/10503958/articles/390299	까도: 블랙호크다운 #7	690	42	30
https://m.cafe.naver.com/ca-fe/web/cafes/10503958/articles/390279	댄싱브러쉬: SU-30MKI / G.W.H / 48scale -06	343	21	10
https://m.cafe.naver.com/ca-fe/web/cafes/10503958/articles/390239	명품유리샷시님: 고수가 될때까지~~하비보스 f14	375	21	6
https://m.cafe.naver.com/ca-fe/web/cafes/10503958/articles/390237	madgun76김순오: 아카데미 1/35 바이퍼 2	498	20	17
https://m.cafe.naver.com/ca-fe/web/cafes/10503958/articles/390227	융이: 아카데미 세스나 조립기-1	386	10	4
https://m.cafe.naver.com/ca-fe/web/cafes/10503958/articles/390212	브란덴부르크: 1/48 아카데미 헐벗은 써니호 노즈아트 완성 (공정률 98프로)	421	25	30
https://m.cafe.naver.com/ca-fe/web/cafes/10503958/articles/390201	Prorsum: GWH 1/48 Su-35s Red 10	214	18	2
https://m.cafe.naver.com/ca-fe/web/cafes/10503958/articles/390167	다쓰붸이다: 아카데미 세스나...#2.	283	7	0
https://m.cafe.naver.com/ca-fe/web/cafes/10503958/articles/390162	maker: 정모 프라 조립	227	8	1
https://m.cafe.naver.com/ca-fe/web/cafes/10503958/articles/390160	샤아: 1/144 아카데미과학 B-2 폭격기 제작기 - 2일차 -	875	19	19
https://m.cafe.naver.com/ca-fe/web/cafes/10503958/articles/390136	브란덴부르크: 아카데미 1/48 P38 데칼링 중 - 여인네 데칼 및 상어이빨부착	389	27	17
https://m.cafe.naver.com/ca-fe/web/cafes/10503958/articles/390130	주뇨니: Minibase 1/48 SU-33 플랭커D #2	249	19	21
https://m.cafe.naver.com/ca-fe/web/cafes/10503958/articles/390118	샤아: 1/144 아카데미과학 B-2 폭격기 제작기(정모에서 득템...여러분 정모 꼭 오세요 ㅋㅋㅋㅋ)	1010	18	10
https://m.cafe.naver.com/ca-fe/web/cafes/10503958/articles/390115	metalmetal: (스펀지도색)토욜날 마감제 곰보진거 그냥 완성시키는 중이에요ㅜ ㅜ	273	7	6
https://m.cafe.naver.com/ca-fe/web/cafes/10503958/articles/390097	madgun76김순오: 아카데미 1/35 바이퍼 시작~~	380	17	2
https://m.cafe.naver.com/ca-fe/web/cafes/10503958/articles/389628	norara016: F-16제작중 입니다.	317	20	4
https://m.cafe.naver.com/ca-fe/web/cafes/10503958/articles/389619	madgun76김순오: 두대 동시 제작중~~	290	13	3
https://m.cafe.naver.com/ca-fe/web/cafes/10503958/articles/389592	동이아빠: [F-14A VF-154 2003] Hasegawa 1/48 #3	250	19	6
https://m.cafe.naver.com/ca-fe/web/cafes/10503958/articles/389571	타키온71v천안: 아카데미 1/35 AH-1W 마무리 중 ㅎ	556	29	16
https://m.cafe.naver.com/ca-fe/web/cafes/10503958/articles/389516	madgun76김순오: 아카데미 1/35 AH-60L DAP완료	602	25	16
https://m.cafe.naver.com/ca-fe/web/cafes/10503958/articles/389506	종빈아빠: 1/32 MIRAGE IIIC #03	167	10	7
https://m.cafe.naver.com/ca-fe/web/cafes/10503958/articles/389504	동이아빠: [F-14A VF-154 2003] Hasegawa 1/48 #2	262	14	14
https://m.cafe.naver.com/ca-fe/web/cafes/10503958/articles/389501	madgun76김순오: 아카데미 1/35 AH-60L DAP 데칼	261	9	2
https://m.cafe.naver.com/ca-fe/web/cafes/10503958/articles/389479	madgun76김순오: 아카데미 1/35. AH-60L DAL도색	401	17	5
https://m.cafe.naver.com/ca-fe/web/cafes/10503958/articles/389455	동이아빠: [F-14A VF-154 2003] Hasegawa 1/48 #1	220	10	3
https://m.cafe.naver.com/ca-fe/web/cafes/10503958/articles/389427	댄싱브러쉬: SU-30MKI / G.W.H / 48scale -02	238	16	4
https://m.cafe.naver.com/ca-fe/web/cafes/10503958/articles/389379	준건: 아카데미 1/48 A-10C 플라잉 타이거즈 가조립 및 도색	407	7	1
https://m.cafe.naver.com/ca-fe/web/cafes/10503958/articles/389366	다쓰붸이다: He111-3 폭격기...#2.	281	13	2
https://m.cafe.naver.com/ca-fe/web/cafes/10503958/articles/389364	madgun76김순오: 디코퍼레이션 1/72 F-4E 디오라마	328	21	1
https://m.cafe.naver.com/ca-fe/web/cafes/10503958/articles/389341	뿌릉: 하세가와 1/72 RF-4B PHANTOM2 제작 #4(베이스 실패)	242	16	20
https://m.cafe.naver.com/ca-fe/web/cafes/10503958/articles/389311	madgun76김순오: 베이스 만들기	296	23	11
https://m.cafe.naver.com/ca-fe/web/cafes/10503958/articles/389302	뿌릉: 하세가와 1/72 RF-4B PHANTOM2 제작 #3(본체완성)	299	23	18
https://m.cafe.naver.com/ca-fe/web/cafes/10503958/articles/389275	집그리는사람: 1/35 UH-1H 개수기	504	13	7
https://m.cafe.naver.com/ca-fe/web/cafes/10503958/articles/389270	다쓰붸이다: He111-3 폭격기...#1.	306	19	8
https://m.cafe.naver.com/ca-fe/web/cafes/10503958/articles/389264	준건: 아카데미 A-10C 플라잉 타이거즈 도색 준비	356	7	6
https://m.cafe.naver.com/ca-fe/web/cafes/10503958/articles/388934	시뇨: 키티호크 MH-60L 블랙호크, 제작 중입니다.	746	32	66
https://m.cafe.naver.com/ca-fe/web/cafes/10503958/articles/388932	뿌릉: 아카데미 1/48 A-10C  #2(콕핏 외)	406	22	19
https://m.cafe.naver.com/ca-fe/web/cafes/10503958/articles/388913	까도: 블랙호크 다운 #6	471	31	38
https://m.cafe.naver.com/ca-fe/web/cafes/10503958/articles/388864	madgun76김순오: 키네틱 1/48 F-35	283	16	1
https://m.cafe.naver.com/ca-fe/web/cafes/10503958/articles/388862	성더슨: 이제 도색만 하면 되는데...	254	15	11
https://m.cafe.naver.com/ca-fe/web/cafes/10503958/articles/388836	성더슨: 아카데미 구판 48스케일 숫괭이A 나름 순항중 입니다. 2 여야 하는데 기본조립을 마쳤습니다.	230	17	18
https://m.cafe.naver.com/ca-fe/web/cafes/10503958/articles/388825	움하하핫: B737 시리즈 만들기	526	11	1
https://m.cafe.naver.com/ca-fe/web/cafes/10503958/articles/388808	성더슨: 아카데미 구판 48스케일 숫괭이A 나름 순항중 입니다. 1	207	12	14
https://m.cafe.naver.com/ca-fe/web/cafes/10503958/articles/388798	성더슨: 아카데미 1/48 F-14A 조립 시작합니다~	272	13	19
https://m.cafe.naver.com/ca-fe/web/cafes/10503958/articles/388788	움하하핫: 대한항공 기념 데칼	349	7	3
https://m.cafe.naver.com/ca-fe/web/cafes/10503958/articles/388768	움하하핫: 대한항공 데칼 노가다 중에서도 상 노가다 완료.	713	15	2
https://m.cafe.naver.com/ca-fe/web/cafes/10503958/articles/388735	뿌릉: 아카데미 1/48 A-10C #1 (박스개봉)	928	36	30
https://m.cafe.naver.com/ca-fe/web/cafes/10503958/articles/388728	움하하핫: 대한항공 데칼 노가다…	880	17	34
https://m.cafe.naver.com/ca-fe/web/cafes/10503958/articles/388675	samhwn: 아카데미 F-15K 조립 완	444	8	7
https://m.cafe.naver.com/ca-fe/web/cafes/10503958/articles/388666	madgun76김순오: 판다모형 1/35 UH-1D 조립	573	17	5
https://m.cafe.naver.com/ca-fe/web/cafes/10503958/articles/388617	풍덕장어: 1/35 KITTYHAWK HH-60G PAVEHAWK 제작기 3.	483	29	18
https://m.cafe.naver.com/ca-fe/web/cafes/10503958/articles/388599	까도: mh-60 블랙호크	527	26	35
https://m.cafe.naver.com/ca-fe/web/cafes/10503958/articles/388592	종빈아빠: 1/32 MIRAGE IIIC #02	182	11	2
https://m.cafe.naver.com/ca-fe/web/cafes/10503958/articles/388591	samhwn: 아카데미 F-15K 5일차 대참사	545	9	4
https://m.cafe.naver.com/ca-fe/web/cafes/10503958/articles/388587	DK9: [TAMIYA] 1/48 P-51D MUSTANG 제작기 #2	220	10	2
https://m.cafe.naver.com/ca-fe/web/cafes/10503958/articles/388123	LAYA: Trumpeter 1/72 F-105G WILD WEASEL #1	346	15	15
https://m.cafe.naver.com/ca-fe/web/cafes/10503958/articles/388093	까도: 블랙호크 다운 mh-60	418	21	10
https://m.cafe.naver.com/ca-fe/web/cafes/10503958/articles/388069	댄싱브러쉬: 1/48 F-16 Ukrainian viper 06	233	3	4
https://m.cafe.naver.com/ca-fe/web/cafes/10503958/articles/388067	madgun76김순오: 드레곤 1/35 MD500베이스제작	318	13	7
https://m.cafe.naver.com/ca-fe/web/cafes/10503958/articles/388063	madgun76김순오: 드레곤 1/35 MD500도색	263	8	5
https://m.cafe.naver.com/ca-fe/web/cafes/10503958/articles/388027	클론파일럿: 아카데미 UH-60P 1/48 (2)	401	10	1
https://m.cafe.naver.com/ca-fe/web/cafes/10503958/articles/387983	풍덕장어: 1/35 KITTYHAWK HH-60G PAVEHAWK 제작기 1.	638	33	31
https://m.cafe.naver.com/ca-fe/web/cafes/10503958/articles/387954	madgun76김순오: 하비보스 1/72 HH-60H비행갑판 만들기2	251	15	3
https://m.cafe.naver.com/ca-fe/web/cafes/10503958/articles/387945	친환경: 1/144 아카데미 b777-300 대한항공	427	10	5
https://m.cafe.naver.com/ca-fe/web/cafes/10503958/articles/387931	madgun76김순오: 하비보스1/72 HH-60H 비행갑판 베이스만들기	292	14	7
https://m.cafe.naver.com/ca-fe/web/cafes/10503958/articles/387876	아쿠넷: 처음 만드는 비행기 - 아카데미 f4f (2)	539	12	17
https://m.cafe.naver.com/ca-fe/web/cafes/10503958/articles/387862	시뇨: 씨호크에 LED 시공 본좌 팬텀님의 도움으로 인테리어 램프 심었습니다	638	23	37
https://m.cafe.naver.com/ca-fe/web/cafes/10503958/articles/387850	친환경: 대한항공 색 뽑기 난이도가 제법 있네요	1006	22	18
https://m.cafe.naver.com/ca-fe/web/cafes/10503958/articles/387841	madgun76김순오: 하비보스 1/72 HH-60H 제작3	268	11	4
https://m.cafe.naver.com/ca-fe/web/cafes/10503958/articles/387826	댄싱브러쉬: 1/48 F-16 Ukrainian viper 05	476	17	4
https://m.cafe.naver.com/ca-fe/web/cafes/10503958/articles/387821	madgun76김순오: 하비보스 1/72 HH-60H 제작2	192	8	1
https://m.cafe.naver.com/ca-fe/web/cafes/10503958/articles/387802	아쿠넷: 처음 만드는 비행기 - 아카데미 f4f	523	20	5
https://m.cafe.naver.com/ca-fe/web/cafes/10503958/articles/387792	madgun76김순오: 하비보스 1/72 HH-60H	295	8	7
https://m.cafe.naver.com/ca-fe/web/cafes/10503958/articles/387742	madgun76김순오: 아카데미 1/48 F4F와일드캣 도색	229	9	2
https://m.cafe.naver.com/ca-fe/web/cafes/10503958/articles/387716	명품유리샷시님: 실력도 없는데32스켈 이져으네요 ㅎ	398	10	12
https://m.cafe.naver.com/ca-fe/web/cafes/10503958/articles/386998	까도: 블랙호크다운 mh-60	230	11	5
https://m.cafe.naver.com/ca-fe/web/cafes/10503958/articles/386959	백향: 1/48 아카데미 IAI KFIR C7 제작기2	308	14	2
https://m.cafe.naver.com/ca-fe/web/cafes/10503958/articles/386884	뿌릉: 아카데미 구판 1/72  F-15D 제작중 봉인.	362	18	13
https://m.cafe.naver.com/ca-fe/web/cafes/10503958/articles/386883	cybertruck: 아시아나 747-8i	368	6	10
https://m.cafe.naver.com/ca-fe/web/cafes/10503958/articles/386881	LAYA: Trumpeter 1/72 F-100F Super Sabre #2	205	8	2
https://m.cafe.naver.com/ca-fe/web/cafes/10503958/articles/386862	니오: 완성을 장담 못하는 레벨 adac 헬기 제작중	2012	24	35
https://m.cafe.naver.com/ca-fe/web/cafes/10503958/articles/386854	mmmm072: 아카데미 b737-max8 대한항공데칼 자작 적용기	757	16	14
https://m.cafe.naver.com/ca-fe/web/cafes/10503958/articles/386850	Cipher: 트럼페터 1/48 J-10C #1	401	10	7
https://m.cafe.naver.com/ca-fe/web/cafes/10503958/articles/386827	주뇨니: GWH 1/48 SU-35S 러시안 나이츠 #5	217	19	22
https://m.cafe.naver.com/ca-fe/web/cafes/10503958/articles/386807	도끼맨: 1/48 이탈레리 JAS-39 제작기 - 2	281	13	12
https://m.cafe.naver.com/ca-fe/web/cafes/10503958/articles/386779	모형광: 1/72 대한민국 공군 KF-21 보라매 - 01	374	11	1
https://m.cafe.naver.com/ca-fe/web/cafes/10503958/articles/386749	cybertruck: 대한항공 787-9	347	6	2
https://m.cafe.naver.com/ca-fe/web/cafes/10503958/articles/386741	푸른하늘 수원: 아카 1/72  CH-53D  제작해봤습니다	449	18	6
https://m.cafe.naver.com/ca-fe/web/cafes/10503958/articles/386740	친환경: 아카데미 1/144 737-8   스타워즈 버젼...	481	9	2
https://m.cafe.naver.com/ca-fe/web/cafes/10503958/articles/386731	성더슨: 최고 칼로리 새끼돼지 장군니미 보아주실 추격기 기본조립을 마쳤습니다.	273	14	20
https://m.cafe.naver.com/ca-fe/web/cafes/10503958/articles/386680	까도: ah-6j 리틀버드	497	17	4
https://m.cafe.naver.com/ca-fe/web/cafes/10503958/articles/386672	도끼맨: 1/48 J35F/J 제작기 - 2	207	11	4
https://m.cafe.naver.com/ca-fe/web/cafes/10503958/articles/386671	도끼맨: 1/48 JAS-39 제작기 - 2	239	8	3
https://m.cafe.naver.com/ca-fe/web/cafes/10503958/articles/386651	실마리온: 어뮤징하비 Me262 HG 3 Entwirf 3 #1	338	18	12
https://m.cafe.naver.com/ca-fe/web/cafes/10503958/articles/386103	성더슨: 타미야 32스케일 F-14... 이거 언제 끝나려나~ 2	235	14	8
https://m.cafe.naver.com/ca-fe/web/cafes/10503958/articles/386096	SPOOKY: [Royal Navy F-16] #3 랜딩기어 및 무장	122	11	6
https://m.cafe.naver.com/ca-fe/web/cafes/10503958/articles/386076	주뇨니: GWH 1/48 SU-35S 러시안 나이츠 #2	171	14	18
https://m.cafe.naver.com/ca-fe/web/cafes/10503958/articles/386073	카닐: 1/350 Zeppelin P Class 비행선 제작1일차-에칭은 고통이였다.	273	12	8
https://m.cafe.naver.com/ca-fe/web/cafes/10503958/articles/386070	Waterloo: 아카데미 F-14 1/72 제작기2	297	12	0
https://m.cafe.naver.com/ca-fe/web/cafes/10503958/articles/386062	도깨ㅂl: 아카데미 1/72 Ho 229	260	20	20
https://m.cafe.naver.com/ca-fe/web/cafes/10503958/articles/386036	고물성: B-2 폭격기 삽질 기록입니다.	390	10	8
https://m.cafe.naver.com/ca-fe/web/cafes/10503958/articles/386030	Waterloo: 아카데미 f-14 1/72-1	225	6	2
https://m.cafe.naver.com/ca-fe/web/cafes/10503958/articles/386002	까도: HH-60 #12	521	32	32
https://m.cafe.naver.com/ca-fe/web/cafes/10503958/articles/385999	수원LX토토라: 1/32 F-4J용 칵핏 세트가 도착했습니다..	327	5	5
https://m.cafe.naver.com/ca-fe/web/cafes/10503958/articles/385989	SPOOKY: [Royal Navy F-16] #2 베이스 작업	116	10	2
https://m.cafe.naver.com/ca-fe/web/cafes/10503958/articles/385986	암즈룸: P-40N War Hawk [Trumpeter, 1/32] 캐노피 덮기 전에 사진 남겨 봅니다.	222	10	4
https://m.cafe.naver.com/ca-fe/web/cafes/10503958/articles/385974	애긔늬: KF-16DU, 1/32 Academy WIP	281	20	2
https://m.cafe.naver.com/ca-fe/web/cafes/10503958/articles/385948	SPOOKY: [Royal Navy F-16] #1 구상	162	8	2
https://m.cafe.naver.com/ca-fe/web/cafes/10503958/articles/385936	까도: 블랙호크다운 #3	462	21	36
https://m.cafe.naver.com/ca-fe/web/cafes/10503958/articles/385902	성더슨: 타미야 32스케일 F-14... 이거 언제 끝나려나~ 1	379	14	18
https://m.cafe.naver.com/ca-fe/web/cafes/10503958/articles/385874	예비역하사: ACADEMY 1:72 KF-16C Fighting Falcon 제작기입니다. No.1	297	4	0
https://m.cafe.naver.com/ca-fe/web/cafes/10503958/articles/385859	풍덕장어: 1/48 meng F/A-18F jolly rogers 제작기.1	527	34	18
https://m.cafe.naver.com/ca-fe/web/cafes/10503958/articles/385838	까도: mh-47 #9	263	11	8
https://m.cafe.naver.com/ca-fe/web/cafes/10503958/articles/385837	까도: 블랙호크 다운#2	523	18	24
https://m.cafe.naver.com/ca-fe/web/cafes/10503958/articles/385059	타키온71v천안: 타미야 1/48 F-35C 제작 #1	586	24	11
https://m.cafe.naver.com/ca-fe/web/cafes/10503958/articles/385055	김승국 dino꾹: 마스킹의 어려움	233	4	14
https://m.cafe.naver.com/ca-fe/web/cafes/10503958/articles/385053	새우기획사: 아카데미 T-50 블랙이글스 1/48 제작 #03	290	10	1
https://m.cafe.naver.com/ca-fe/web/cafes/10503958/articles/385025	술병자리: BELL206 미해군버전	243	9	1
https://m.cafe.naver.com/ca-fe/web/cafes/10503958/articles/385021	춤붓: 1/48 MIRAGE 50CN PANTERA (KINETIC+VESPA MODEL) 08	141	8	1
https://m.cafe.naver.com/ca-fe/web/cafes/10503958/articles/385001	김승국 dino꾹: 지금 만들고 있는 비행기	261	5	8
https://m.cafe.naver.com/ca-fe/web/cafes/10503958/articles/384951	밥풀때끼: 아카데미 1/48 f4f-4 제작 세....번째 이야기..	242	12	7
https://m.cafe.naver.com/ca-fe/web/cafes/10503958/articles/384924	성더슨: 항공기 두대를 한꺼번에 하고 있습니다.	217	12	10
https://m.cafe.naver.com/ca-fe/web/cafes/10503958/articles/384837	밥풀때끼: 아카데미 1/48 f4f-4 제작 두번째 이야기..	214	5	14
https://m.cafe.naver.com/ca-fe/web/cafes/10503958/articles/384798	브란덴부르크: 안하다 오랫만에 하려니..은색 항공기는 참 힘드네요 ^^ 고난의 B29 핵존맛 도색	515	29	27
https://m.cafe.naver.com/ca-fe/web/cafes/10503958/articles/384755	춤붓: 1/48 MIRAGE 50CN PANTERA (KINETIC+VESPA MODEL) 07	192	11	8
https://m.cafe.naver.com/ca-fe/web/cafes/10503958/articles/384741	새우기획사: 아카데미 T-50 블랙이글스 1/48 제작 #02	238	11	0
https://m.cafe.naver.com/ca-fe/web/cafes/10503958/articles/384720	제국: 1/32 Ho 229A by TAKOM WINGS	322	13	12
https://m.cafe.naver.com/ca-fe/web/cafes/10503958/articles/384719	승현아빠: 완성좀해보자-아이디어회관 Jaguar GR.1 1/72 #4	299	13	14
https://m.cafe.naver.com/ca-fe/web/cafes/10503958/articles/384712	모형광: 1/72 대한민국 공군 KF-21 보라매 1호기 - 03	211	13	0
https://m.cafe.naver.com/ca-fe/web/cafes/10503958/articles/384702	성더슨: 미리 도색 준비를 해봅니다.	159	13	10
https://m.cafe.naver.com/ca-fe/web/cafes/10503958/articles/384692	예비역하사: ACADEMY 1:72 F-35A Lithgning 2 MCP 모델 제작기입니다. 4	170	12	0
https://m.cafe.naver.com/ca-fe/web/cafes/10503958/articles/384656	새우기획사: 아카데미 T-50 블랙이글스 1/48 제작 #01	240	11	2
https://m.cafe.naver.com/ca-fe/web/cafes/10503958/articles/384643	도랑이: 1/72 ACADEMY SU-27 제작기 #2	282	10	4
https://m.cafe.naver.com/ca-fe/web/cafes/10503958/articles/384604	중딩: 수파 개조 제작기 3	296	10	11
https://m.cafe.naver.com/ca-fe/web/cafes/10503958/articles/384280	성더슨: 아카데미 (이탈레리 재포장) 씨 헤리어 FRS.1 포클랜드 전쟁을 시작해봅니다~	224	16	15
https://m.cafe.naver.com/ca-fe/web/cafes/10503958/articles/384273	도깨ㅂl: Horten Ho 229 #2	149	15	6
https://m.cafe.naver.com/ca-fe/web/cafes/10503958/articles/384266	SPOOKY: [F-104C SNOOPY SNIPER] #1 데칼준비	172	12	8
https://m.cafe.naver.com/ca-fe/web/cafes/10503958/articles/384261	제국: 1/32 Ho 229A by TAKOM WINGS 프레임조립 2	240	9	2
https://m.cafe.naver.com/ca-fe/web/cafes/10503958/articles/384242	도깨ㅂl: Horten Ho 229 #1	167	15	6
https://m.cafe.naver.com/ca-fe/web/cafes/10503958/articles/384237	춤붓: 1/48 MIRAGE 50CN PANTERA (KINETIC+VESPA MODEL) 05	176	10	7
https://m.cafe.naver.com/ca-fe/web/cafes/10503958/articles/384233	안양둥이아빠: [항공기제작기] 초보의 제작기001_도전FA-18 ACADEMY 1/72 MCP_002	387	24	10
https://m.cafe.naver.com/ca-fe/web/cafes/10503958/articles/384225	수원LX토토라: 1/32 F-4를 제작하기 시작하면서...	398	8	6
https://m.cafe.naver.com/ca-fe/web/cafes/10503958/articles/384221	제국: 1/32 Ho 229A by TAKOM WINGS 프레임조립 1	260	14	6
https://m.cafe.naver.com/ca-fe/web/cafes/10503958/articles/384211	성더슨: 아카데미 1/72 Fw-190A-8 기본 조립 완료~	206	18	10
https://m.cafe.naver.com/ca-fe/web/cafes/10503958/articles/384203	성더슨: 까짓거 하나 더 달려보죠.	255	24	13
https://m.cafe.naver.com/ca-fe/web/cafes/10503958/articles/384199	STUDIO: ITALERI 1/32 Tornado IDS #3	214	11	5
https://m.cafe.naver.com/ca-fe/web/cafes/10503958/articles/384194	성더슨: Ju-87G-1 기본조립을 마쳤습니다.	142	15	8
https://m.cafe.naver.com/ca-fe/web/cafes/10503958/articles/384188	성더슨: Ju-87G-1을 시작해볼까 합니다.	171	12	15
https://m.cafe.naver.com/ca-fe/web/cafes/10503958/articles/384167	제국: 1/32 Ho 229A by TAKOM WINGS 엔진조립	253	14	5
https://m.cafe.naver.com/ca-fe/web/cafes/10503958/articles/384166	도랑이: 1/72 ACADEMY SU-27 제작기	415	17	12
https://m.cafe.naver.com/ca-fe/web/cafes/10503958/articles/384134	예비역하사: ACADEMY 1:72 F-35A Lithgning 2 MCP 모델 제작기입니다. 1	207	12	0
https://m.cafe.naver.com/ca-fe/web/cafes/10503958/articles/384128	풍덕장어: 1/32 academy KF-16D 제작기.10 (스텐실편)	498	26	29
https://m.cafe.naver.com/ca-fe/web/cafes/10503958/articles/384125	안양둥이아빠: 초보의 제작기001_도전FA-18 ACADEMY 1/72 MCP	270	18	21
https://m.cafe.naver.com/ca-fe/web/cafes/10503958/articles/384097	얼레벌레: [항공기제작기] 1/35 AH-1Z #1	258	13	7
https://m.cafe.naver.com/ca-fe/web/cafes/10503958/articles/383782	타키온71v천안: 타미야 1/48 F-35B 제작 #4	292	16	13
https://m.cafe.naver.com/ca-fe/web/cafes/10503958/articles/383776	까도: uh-60 L 한국형	476	19	27
https://m.cafe.naver.com/ca-fe/web/cafes/10503958/articles/383749	도끼맨: 이탈레리 1/48 JAS-39 제작기 -	287	14	12
https://m.cafe.naver.com/ca-fe/web/cafes/10503958/articles/383737	아오조아라: Zvezda 1/48 수호이 SU-57	330	26	12
https://m.cafe.naver.com/ca-fe/web/cafes/10503958/articles/383728	김승국 dino꾹: 레벨 1/48 F-15E	278	16	6
https://m.cafe.naver.com/ca-fe/web/cafes/10503958/articles/383724	캐나다초보아재: 아카데미 1/48 A-10C 제작기	425	20	6
https://m.cafe.naver.com/ca-fe/web/cafes/10503958/articles/383716	쇼와비행기: 하세가와 1/48 시덴카이	185	17	0
https://m.cafe.naver.com/ca-fe/web/cafes/10503958/articles/383715	춤붓: 1/48 MIRAGE 50CN PANTERA (KINETIC+VESPA MODEL) 04	159	16	10
https://m.cafe.naver.com/ca-fe/web/cafes/10503958/articles/383701	도끼맨: 1/48 J35F/J 제작기 - 1	274	17	14
https://m.cafe.naver.com/ca-fe/web/cafes/10503958/articles/383699	타키온71v천안: 타미야 1/48 F-35B 제작 #3	476	27	16
https://m.cafe.naver.com/ca-fe/web/cafes/10503958/articles/383686	youngeei: F-18E 제작기 1 [조립 및 콕핏]	297	14	10
https://m.cafe.naver.com/ca-fe/web/cafes/10503958/articles/383681	예비역하사: ACADEMY 1:48 AH-64D Attack Helicopter 1-4번제작기입니다	224	11	4
https://m.cafe.naver.com/ca-fe/web/cafes/10503958/articles/383673	수원LX토토라: 1/32 F-4G phantom II 를 시작합니다...	403	17	3
https://m.cafe.naver.com/ca-fe/web/cafes/10503958/articles/383665	도끼맨: 1/48 JAS-39 제작기 - 1 (스압주의, 데이타주의)	408	23	22
https://m.cafe.naver.com/ca-fe/web/cafes/10503958/articles/383658	쿨쿨잠: [ACADEMY] 1/72 Ju87-1 STUKA TANK BUSTER	242	9	6
https://m.cafe.naver.com/ca-fe/web/cafes/10503958/articles/383615	백향: 1/48 아카데미 IAI KFIR C7 제작기	309	16	9
https://m.cafe.naver.com/ca-fe/web/cafes/10503958/articles/383605	김승국 dino꾹: 아카데미 및 레벨 F-15제작중	406	14	9
https://m.cafe.naver.com/ca-fe/web/cafes/10503958/articles/383602	돌핑이: 이탈레리 C-47 1/72 제작중	258	11	2
https://m.cafe.naver.com/ca-fe/web/cafes/10503958/articles/383586	로닌: ACADEMY 1/48 FA-50 (2)	476	17	7
https://m.cafe.naver.com/ca-fe/web/cafes/10503958/articles/383576	얼레벌레: 1/35 AH-1W 재고정리 작업중	437	25	5
https://m.cafe.naver.com/ca-fe/web/cafes/10503958/articles/383087	암즈룸: Junkers Ju  87G-2 Stuka / Trumpeter /  1:32 만드는중	219	15	1
https://m.cafe.naver.com/ca-fe/web/cafes/10503958/articles/383075	슈퍼덩크: 1/32 한국공군 F-4E 펜텀 퇴역 기념 기체 제작기	541	29	16
https://m.cafe.naver.com/ca-fe/web/cafes/10503958/articles/383074	yasasee: Airfix BAe Sea Harriers FRS.1 1/48	230	9	2
https://m.cafe.naver.com/ca-fe/web/cafes/10503958/articles/383053	metalmetal: 타미야 1/48 f-16 무장전까지 진행중입니다.	370	13	6
https://m.cafe.naver.com/ca-fe/web/cafes/10503958/articles/383052	Free모델: 보라매 제작기 3편	204	8	0
https://m.cafe.naver.com/ca-fe/web/cafes/10503958/articles/383049	Free모델: 보라매 제작 2편: 도색	261	5	2
https://m.cafe.naver.com/ca-fe/web/cafes/10503958/articles/383041	Free모델: 보라매 제작기 1편	235	6	2
https://m.cafe.naver.com/ca-fe/web/cafes/10503958/articles/383027	까도: 수제 데칼	420	20	17
https://m.cafe.naver.com/ca-fe/web/cafes/10503958/articles/383020	까도: UH-60L 한국형 블랙호크 #4	414	26	16
https://m.cafe.naver.com/ca-fe/web/cafes/10503958/articles/382997	춤붓: 1/48 MIRAGE 50CN PANTERA (KINETIC+VESPA MODEL)	274	12	3
https://m.cafe.naver.com/ca-fe/web/cafes/10503958/articles/382991	후니듀라: 대한민국 공군 F-4E 팬텀 1/32 제작(3)	265	8	0
https://m.cafe.naver.com/ca-fe/web/cafes/10503958/articles/382983	Kingeye2: 하세가와 A-7A 콜세어(SPOOKY님 나눔품)	304	12	6
https://m.cafe.naver.com/ca-fe/web/cafes/10503958/articles/382961	에펨맨: 하세가와 1/48 F-22 #3 도색	726	44	29
https://m.cafe.naver.com/ca-fe/web/cafes/10503958/articles/382942	이븐이닷: 블랙이글 아카데미 1/48 제작기	361	15	2
https://m.cafe.naver.com/ca-fe/web/cafes/10503958/articles/382930	성더슨: 어라? P-38 기본조립을 마쳤습니다.	349	21	7
https://m.cafe.naver.com/ca-fe/web/cafes/10503958/articles/382925	성더슨: P-38을 시작했습니다.	260	16	8
https://m.cafe.naver.com/ca-fe/web/cafes/10503958/articles/382900	타키온71v천안: 타미야 1/48 F-35B 제작 #1	432	20	11
https://m.cafe.naver.com/ca-fe/web/cafes/10503958/articles/382830	도끼맨: 1/48 SU-27 제작기 - 3	349	15	16
https://m.cafe.naver.com/ca-fe/web/cafes/10503958/articles/382806	타키온71v천안: 맹 1/35 AH-64D 아파치 ~~	598	25	16
https://m.cafe.naver.com/ca-fe/web/cafes/10503958/articles/382263	김승국 dino꾹: 1/72 아카데미 F-15K (2)	290	7	0
https://m.cafe.naver.com/ca-fe/web/cafes/10503958/articles/382179	김승국 dino꾹: 1/72 아카데미 F-15K	303	14	4
https://m.cafe.naver.com/ca-fe/web/cafes/10503958/articles/382169	타키온71v천안: 드래곤 1/35 UH-1 제작중 #3	475	22	26
https://m.cafe.naver.com/ca-fe/web/cafes/10503958/articles/382127	산바람: F-35A [타미야] 제작중	277	13	1
https://m.cafe.naver.com/ca-fe/web/cafes/10503958/articles/382125	타키온71v천안: 드래곤 1/35 UH-1 제작중~~	402	15	12
https://m.cafe.naver.com/ca-fe/web/cafes/10503958/articles/382031	WAN LEE: MH-60 1/35 로터 만들어봤습니다.	491	25	24
https://m.cafe.naver.com/ca-fe/web/cafes/10503958/articles/382023	도끼맨: 1/48 SU-27 제작기 - 2	321	13	0
https://m.cafe.naver.com/ca-fe/web/cafes/10503958/articles/381967	youngeei: F-14B, F-14D 제작기 3	321	20	9
https://m.cafe.naver.com/ca-fe/web/cafes/10503958/articles/381961	SPOOKY: ACADEMY 1/48 F-5B	364	14	10
https://m.cafe.naver.com/ca-fe/web/cafes/10503958/articles/381948	하늘색: 1차 대전기 전투기 하나 만들고 있습니다	323	15	9
https://m.cafe.naver.com/ca-fe/web/cafes/10503958/articles/381936	테크프라: 하비보스_라팔 M_1/72 제작기입니다.	423	16	2
https://m.cafe.naver.com/ca-fe/web/cafes/10503958/articles/381917	쓰삐빵빵: 1/48 키네틱 CF-5A 제작기 2	318	18	16
https://m.cafe.naver.com/ca-fe/web/cafes/10503958/articles/381914	하찮은 형: 타미야 1/48DOUGLAS A-1H SKYRAIDER U.S.NAVY	253	15	10
https://m.cafe.naver.com/ca-fe/web/cafes/10503958/articles/381905	후니듀라: 아카데미 1/32 F-4E 팬텀 제작 중....그리고 질문 하나....	466	7	9
https://m.cafe.naver.com/ca-fe/web/cafes/10503958/articles/381876	까도: mh-47 제작기 #4	432	24	22
https://m.cafe.naver.com/ca-fe/web/cafes/10503958/articles/381868	에펨맨: 하세가와 1/48 F-22 랩터 #1	351	18	8
https://m.cafe.naver.com/ca-fe/web/cafes/10503958/articles/381852	까도: ch-47 d #3	243	16	11
https://m.cafe.naver.com/ca-fe/web/cafes/10503958/articles/381835	타키온71v천안: 완성작 없이 조물딱조물딱~~~ㅎ	314	12	4
https://m.cafe.naver.com/ca-fe/web/cafes/10503958/articles/381815	주뇨니: 조형촌 1/48 방위성금헌납기 #5	278	23	10
https://m.cafe.naver.com/ca-fe/web/cafes/10503958/articles/381803	춤붓: 1/48 MONOGRAM F-101B VOODOO ep.06	164	13	0
https://m.cafe.naver.com/ca-fe/web/cafes/10503958/articles/381188	정진우: 1/144 L-4 그래스호퍼 자작	348	23	15
https://m.cafe.naver.com/ca-fe/web/cafes/10503958/articles/381144	주뇨니: 조형촌 1/48 F-4D 방위성금헌납기 #2	283	18	9
https://m.cafe.naver.com/ca-fe/web/cafes/10503958/articles/381096	하늘색: 첫 레진 킷	336	12	4
https://m.cafe.naver.com/ca-fe/web/cafes/10503958/articles/381093	쓰삐빵빵: 1/32 레벨 스핏파이어 마크9 제작기 2	300	17	16
https://m.cafe.naver.com/ca-fe/web/cafes/10503958/articles/381091	티벳여우벼리: 타미야 1/32 스핏파이어 베이스 제작!!	184	8	3
https://m.cafe.naver.com/ca-fe/web/cafes/10503958/articles/381084	mmmm072: 아카데미 1/32 F-4E 제작기 5부 마지막입니다.	396	12	4
https://m.cafe.naver.com/ca-fe/web/cafes/10503958/articles/381059	모형광: 1/72 대한민국 공군 KF-21 보라매 005호기 - 03	277	15	2
https://m.cafe.naver.com/ca-fe/web/cafes/10503958/articles/381012	춤붓: 1/48 MONOGRAM F-101B VOODOO ep.02	245	11	6
https://m.cafe.naver.com/ca-fe/web/cafes/10503958/articles/380894	다쓰붸이다: KF-5E 제공호...#1.	356	17	2
https://m.cafe.naver.com/ca-fe/web/cafes/10503958/articles/380868	주뇨니: 조형촌 1/48 F-4D 방위성금헌납기 #1	351	23	13
https://m.cafe.naver.com/ca-fe/web/cafes/10503958/articles/380821	화랑모델: 1/72 공군 F-35A 청주 17전투비행단	237	4	0
https://m.cafe.naver.com/ca-fe/web/cafes/10503958/articles/380817	도끼맨: 1/48 F-4E 제작기 - 2	424	22	14
https://m.cafe.naver.com/ca-fe/web/cafes/10503958/articles/380799	youngeei: F-14B, F-14D 제작기	387	11	4
https://m.cafe.naver.com/ca-fe/web/cafes/10503958/articles/380763	쓰삐빵빵: 1/32 레벨 스핏파이어 마크9 제작	295	18	7
https://m.cafe.naver.com/ca-fe/web/cafes/10503958/articles/380762	모형광: 1/72 대한민국 공군 KF-21 보라매 005호기 - 02	289	11	0
https://m.cafe.naver.com/ca-fe/web/cafes/10503958/articles/380757	mmmm072: 아카데미 1/32 F-4E 제작기 4부	486	25	10
https://m.cafe.naver.com/ca-fe/web/cafes/10503958/articles/380748	까도: ch-47 d #2	311	14	9
https://m.cafe.naver.com/ca-fe/web/cafes/10503958/articles/380728	madgun76김순오: 하세가와 1/48. P-40N	247	13	2
https://m.cafe.naver.com/ca-fe/web/cafes/10503958/articles/380727	로닌: A6M2b Zero Fighter Model21	294	23	9
https://m.cafe.naver.com/ca-fe/web/cafes/10503958/articles/380712	춤붓: 1/48 MONOGRAM F-101B VOODOO ep.01	181	13	2
https://m.cafe.naver.com/ca-fe/web/cafes/10503958/articles/379983	찐이루: 즈베즈다 재포장 아카데미 1/72 Mi-24V/VP 도색만 완성	458	13	0
https://m.cafe.naver.com/ca-fe/web/cafes/10503958/articles/379981	주뇨니: 아카데미 1/48 고등훈련기 T-50 #5	184	15	6
https://m.cafe.naver.com/ca-fe/web/cafes/10503958/articles/379939	하늘색: 오카 일단 완성	150	7	0
https://m.cafe.naver.com/ca-fe/web/cafes/10503958/articles/379914	셋째아빠: 1/32  kf-16d 제작기	377	19	6
https://m.cafe.naver.com/ca-fe/web/cafes/10503958/articles/379898	SPOOKY: [F-15K] #4 동체와 무장	173	9	3
https://m.cafe.naver.com/ca-fe/web/cafes/10503958/articles/379858	주뇨니: 아카데미 1/48 고등훈련기 T-50 #4	354	26	18
https://m.cafe.naver.com/ca-fe/web/cafes/10503958/articles/379841	공작왕: 아카데미 1/48 F-15E 시모어존슨 제작 #1	678	10	12
https://m.cafe.naver.com/ca-fe/web/cafes/10503958/articles/379831	SPOOKY: [F-15K] #3 기수 조립	496	16	17
https://m.cafe.naver.com/ca-fe/web/cafes/10503958/articles/379830	SPOOKY: [F-15K] #2 동체 조립	345	9	0
https://m.cafe.naver.com/ca-fe/web/cafes/10503958/articles/379818	SlowButDeadly: 아카데미 1/144  C-130J Super Hercules	417	14	0
https://m.cafe.naver.com/ca-fe/web/cafes/10503958/articles/379814	SlowButDeadly: KF-21 나만의 버전	500	12	5
https://m.cafe.naver.com/ca-fe/web/cafes/10503958/articles/379807	까도: ch-47 d.	235	5	8
https://m.cafe.naver.com/ca-fe/web/cafes/10503958/articles/379708	춤붓: 1/48 Airfix buccaneer s.2b ep.09 /베이스 작업	123	6	1
https://m.cafe.naver.com/ca-fe/web/cafes/10503958/articles/379707	푸른하늘 수원: 타미야 씨해리어 거의완성	269	8	1
https://m.cafe.naver.com/ca-fe/web/cafes/10503958/articles/379701	madgun76김순오: 아카데미1/48 F-5 제공호	448	19	5
https://m.cafe.naver.com/ca-fe/web/cafes/10503958/articles/379690	까도: ch-47  d	360	10	30
https://m.cafe.naver.com/ca-fe/web/cafes/10503958/articles/379668	타키온71v천안: MENG 1/35 AH-64D 아파치 제작기 #2	377	20	26
https://m.cafe.naver.com/ca-fe/web/cafes/10503958/articles/379666	모형광: 1/72 대한민국 공군 KF-21 보라매 001호기 - 03	207	12	4
https://m.cafe.naver.com/ca-fe/web/cafes/10503958/articles/379664	타키온71v천안: 조형촌 1/48 F-4D 팬텀 제작 #3	305	19	15
https://m.cafe.naver.com/ca-fe/web/cafes/10503958/articles/379645	호이호이상미니: 아카데미 1/32 F-4E 팬텀 제작기	343	18	5
https://m.cafe.naver.com/ca-fe/web/cafes/10503958/articles/379354	호이호이상미니: 트렘페터 1/32 F-35C 제작기-1	495	16	4
https://m.cafe.naver.com/ca-fe/web/cafes/10503958/articles/379350	madgun76김순오: 하세가와 1/48 F-14D 도색2	255	11	2
https://m.cafe.naver.com/ca-fe/web/cafes/10503958/articles/379348	madgun76김순오: 하세가와 1/48 F-14D	272	8	0
https://m.cafe.naver.com/ca-fe/web/cafes/10503958/articles/379345	시뇨: 에어로 넘 재밌는 거 아입니꽈 ICM Bf 109f-4	398	23	22
https://m.cafe.naver.com/ca-fe/web/cafes/10503958/articles/379341	까도: 60L 블랙호크 도색	369	13	9
https://m.cafe.naver.com/ca-fe/web/cafes/10503958/articles/379339	푸른미르: 열심히 붓질 중인 KF-21..^^	370	14	2
https://m.cafe.naver.com/ca-fe/web/cafes/10503958/articles/379333	승현아빠: 완성좀해보자-아이디어회관 Jaguar GR.1 1/72 #3	233	7	8
https://m.cafe.naver.com/ca-fe/web/cafes/10503958/articles/379323	춤붓: 1/48 Airfix buccaneer s.2b ep.07	217	10	4
https://m.cafe.naver.com/ca-fe/web/cafes/10503958/articles/379273	madgun76김순오: 망침	492	10	8
https://m.cafe.naver.com/ca-fe/web/cafes/10503958/articles/379267	주뇨니: 아카데미 1/48 고등훈련기 T-50 #1	278	12	8
https://m.cafe.naver.com/ca-fe/web/cafes/10503958/articles/379235	madgun76김순오: 이탈래리 1/72 EA-6A 와일드위즐	279	12	2
https://m.cafe.naver.com/ca-fe/web/cafes/10503958/articles/379225	모형광: 1/72 대한민국 공군 KF-21 보라매 001호기 - 01	330	11	2
https://m.cafe.naver.com/ca-fe/web/cafes/10503958/articles/379224	madgun76김순오: 하비보스 1/48 TBM-3 어벤저 마스킹 및 마무리	186	10	5
https://m.cafe.naver.com/ca-fe/web/cafes/10503958/articles/379204	madgun76김순오: 하비보스 1/48 TBM-3 도색	224	14	6
https://m.cafe.naver.com/ca-fe/web/cafes/10503958/articles/379198	reformed17: 아카데미 1/72 A-10A 제작기 #1	346	8	0
https://m.cafe.naver.com/ca-fe/web/cafes/10503958/articles/379190	하늘색: 쥐포와 벚꽃 본도장 끝!	219	9	6
https://m.cafe.naver.com/ca-fe/web/cafes/10503958/articles/379171	로닌: Zero Fighter Model 21	292	6	8
https://m.cafe.naver.com/ca-fe/web/cafes/10503958/articles/379160	화성갈꺼니끄아: Kittyhwak su27ub 디테일업-데칼2	210	8	2
https://m.cafe.naver.com/ca-fe/web/cafes/10503958/articles/379158	madgun76김순오: 하비보스 1/48 TBM-3 접합선	256	7	0
https://m.cafe.naver.com/ca-fe/web/cafes/10503958/articles/379135	madgun76김순오: 하비보스 1/48 TBM-3 조립	249	14	3
https://m.cafe.naver.com/ca-fe/web/cafes/10503958/articles/378640	풍덕장어: 1/48 TAMIYA F-14D "BOUNTY HUNTERS" 제작기1.	528	25	16
https://m.cafe.naver.com/ca-fe/web/cafes/10503958/articles/378604	Prorsum: 1/48 Hasegawa F-22 Raptor 마무리 작업중	386	15	4
https://m.cafe.naver.com/ca-fe/web/cafes/10503958/articles/378591	모형광: 1/35 MH-60S HSC-9 "Tridents" - 18	342	19	13
https://m.cafe.naver.com/ca-fe/web/cafes/10503958/articles/378584	madgun76김순오: 하세가와 1/48 F-8J 제작2	168	10	0
https://m.cafe.naver.com/ca-fe/web/cafes/10503958/articles/378578	화성갈꺼니끄아: kittyhwak su27ub 디테일업-레이더	282	11	6
https://m.cafe.naver.com/ca-fe/web/cafes/10503958/articles/378570	madgun76김순오: 하세가와 1/48 F-8J 제작1	187	11	4
https://m.cafe.naver.com/ca-fe/web/cafes/10503958/articles/378557	주뇨니: 멩모델 1/35 AH-64D 아파치 #6	245	19	14
https://m.cafe.naver.com/ca-fe/web/cafes/10503958/articles/378548	까도: mh-60 블랙호크	566	23	25
https://m.cafe.naver.com/ca-fe/web/cafes/10503958/articles/378541	언젠가고수: 역시 항공기는 힘들군요	390	5	6
https://m.cafe.naver.com/ca-fe/web/cafes/10503958/articles/378532	암즈룸: [Trumpeter] Messerschmitt BF109G-2, 1/32 동체결합전에 몇 장.	214	8	1
https://m.cafe.naver.com/ca-fe/web/cafes/10503958/articles/378478	타키온71v천안: Meng 1/48 F-4E 팬텀2 제작 #3	400	11	7
https://m.cafe.naver.com/ca-fe/web/cafes/10503958/articles/378464	춤붓: 1/48 Airfix buccaneer s.2b ep.03	170	5	2
https://m.cafe.naver.com/ca-fe/web/cafes/10503958/articles/378443	준비만 하는 초보: F-4D 7년간의 제작기~	435	9	2
https://m.cafe.naver.com/ca-fe/web/cafes/10503958/articles/378441	쓰삐빵빵: 1/72 P-61B 제작기 2	279	14	11
https://m.cafe.naver.com/ca-fe/web/cafes/10503958/articles/378435	타키온71v천안: Meng 1/48 F-4E 팬텀2 제작 #2	322	12	7
https://m.cafe.naver.com/ca-fe/web/cafes/10503958/articles/378430	모형광: 1/35 MH-60S HSC-9 "Tridents" - 17	324	16	12
https://m.cafe.naver.com/ca-fe/web/cafes/10503958/articles/378411	암즈룸: [Trumpeter] Messerschmitt BF109G-2, 1/32 연휴를 맞아 제작중입니다.	283	9	1
https://m.cafe.naver.com/ca-fe/web/cafes/10503958/articles/378408	실마리온: 아키데미 Hawker hunter #1	246	11	0
https://m.cafe.naver.com/ca-fe/web/cafes/10503958/articles/378389	지나가던 행인: 오랜만에 본가와서 새로운걸 도전하고 있습니다	209	6	0
https://m.cafe.naver.com/ca-fe/web/cafes/10503958/articles/378368	쓰삐빵빵: 1/72 하비보스 P-61B	274	13	9
https://m.cafe.naver.com/ca-fe/web/cafes/10503958/articles/377455	춤붓: 1/48 Academy F4F-4 Wildcat 01	377	10	7
https://m.cafe.naver.com/ca-fe/web/cafes/10503958/articles/377450	채령아빠: 1/32 팬텀 조금만 더 다듬으면 끝날거 같습니다	380	22	6
https://m.cafe.naver.com/ca-fe/web/cafes/10503958/articles/377442	민이얌: AH-64D/DJ 아파치 1/144 아카데미 - 제작기	298	8	2
https://m.cafe.naver.com/ca-fe/web/cafes/10503958/articles/377436	채령아빠: 1/32 팬텀 본격적으로 미사일 도색들어갑니다.	333	11	2
https://m.cafe.naver.com/ca-fe/web/cafes/10503958/articles/377417	하늘색: 음영 도색 어렵네요;;	444	9	4
https://m.cafe.naver.com/ca-fe/web/cafes/10503958/articles/377383	탄산: Hasegawa 1/48 KF-16D #3 완성	345	10	2
https://m.cafe.naver.com/ca-fe/web/cafes/10503958/articles/377378	주뇨니: 멩모델 1/35 AH-64D 아파치 #5	390	21	11
https://m.cafe.naver.com/ca-fe/web/cafes/10503958/articles/377354	SPOOKY: F-4E 작업중	278	14	6
https://m.cafe.naver.com/ca-fe/web/cafes/10503958/articles/377353	SPOOKY: [F-15K] #1 무장작업	294	15	2
https://m.cafe.naver.com/ca-fe/web/cafes/10503958/articles/377352	모형광: 1/35 MH-60S HSC-9 "Tridents" - 16	260	12	10
https://m.cafe.naver.com/ca-fe/web/cafes/10503958/articles/377350	스파르타: 아카데미 와일드캣	423	17	4
https://m.cafe.naver.com/ca-fe/web/cafes/10503958/articles/377343	쿨쿨잠: Academy 1/72 OV-10A #1	229	5	7
https://m.cafe.naver.com/ca-fe/web/cafes/10503958/articles/377336	하늘색: 에두아르드 스핏 조립 끝!	150	3	0
https://m.cafe.naver.com/ca-fe/web/cafes/10503958/articles/377287	kㅏ: [Airfix] Supermarine Spitfire F Mk.XVIII 제작기 -4-	114	4	0
https://m.cafe.naver.com/ca-fe/web/cafes/10503958/articles/377263	쓰삐빵빵: 1/48 만리장성 Mig-29 제작기 2	371	15	18
https://m.cafe.naver.com/ca-fe/web/cafes/10503958/articles/377217	하늘색: 다음은 스핏파이어를 만들어 볼까 합니다	215	5	2
https://m.cafe.naver.com/ca-fe/web/cafes/10503958/articles/377198	뿌릉: 아카데미 1/72 FA-18 jolly rogers MCP	370	13	6
https://m.cafe.naver.com/ca-fe/web/cafes/10503958/articles/377191	춤붓: 1/48 MENG F-4E Iranian airforce 07	324	10	8
https://m.cafe.naver.com/ca-fe/web/cafes/10503958/articles/377184	채령아빠: 아카데미 1/32 팬텀	427	14	10
https://m.cafe.naver.com/ca-fe/web/cafes/10503958/articles/376539	춤붓: 1/48 MENG F-4E Iranian airforce 04	336	10	3
https://m.cafe.naver.com/ca-fe/web/cafes/10503958/articles/376502	mnbyt99: 1/48 Meng F-4E 제작중입니다... 데칼이 필요한 상황인데...	441	11	6
https://m.cafe.naver.com/ca-fe/web/cafes/10503958/articles/376451	다쓰붸이다: 대한민국 공군 FA-50...#1.	491	14	3
https://m.cafe.naver.com/ca-fe/web/cafes/10503958/articles/376440	자해9단: 아카데미) SB2C 헬다이버	278	10	2
https://m.cafe.naver.com/ca-fe/web/cafes/10503958/articles/376436	채령아빠: 1/32 아카데미사 팬텀	502	11	4
https://m.cafe.naver.com/ca-fe/web/cafes/10503958/articles/376424	타키온71v천안: 앜뎀 1/48 MIG-21PF 제작 #1	401	16	6
https://m.cafe.naver.com/ca-fe/web/cafes/10503958/articles/376401	춤붓: 1/48 MENG F-4E Iranian airforce 03	279	11	10
https://m.cafe.naver.com/ca-fe/web/cafes/10503958/articles/376383	깁슨레스폴: Revell 스위스 공군 F/A-18C - vol 1. 박스 오픈 + 다듬기	200	7	3
https://m.cafe.naver.com/ca-fe/web/cafes/10503958/articles/376375	모형광: 1/35 MH-60S HSC-9 "Tridents" - 13	265	11	6
https://m.cafe.naver.com/ca-fe/web/cafes/10503958/articles/376350	암즈룸: [Border] Focke-Wulf FW190A-6 엔진도색중	293	9	5
https://m.cafe.naver.com/ca-fe/web/cafes/10503958/articles/376326	송정근토마스: 10.F-4팬텀,무장	194	10	8
https://m.cafe.naver.com/ca-fe/web/cafes/10503958/articles/376297	아가키: 아카데미 48  제로기	519	12	8
https://m.cafe.naver.com/ca-fe/web/cafes/10503958/articles/376279	쿨쿨잠: 아카데미과학 1/144 미해병대 F/A-18A+ 호넷 VMFA-232 레드 데블스	273	7	0
https://m.cafe.naver.com/ca-fe/web/cafes/10503958/articles/376239	춤붓: 1/48 MENG F-4E Iranian airforce 02	318	11	8
https://m.cafe.naver.com/ca-fe/web/cafes/10503958/articles/376209	도끼맨: 에이스제 1/48 F/A-18C 제작기 - 1   (스압주의, 데이타 주의)	369	15	14
https://m.cafe.naver.com/ca-fe/web/cafes/10503958/articles/376173	도끼맨: 1/48 F-14 제작기 - 2  (스압주의, 데이타 주의)	463	20	10
https://m.cafe.naver.com/ca-fe/web/cafes/10503958/articles/376122	화성갈꺼니끄아: meng fa18f superhornet 제작기 완성	363	17	8
https://m.cafe.naver.com/ca-fe/web/cafes/10503958/articles/376113	주뇨니: 멩모델 1/35 AH-64D 아파치 #2	293	22	20
https://m.cafe.naver.com/ca-fe/web/cafes/10503958/articles/376096	모형광: 1/35 MH-60S HSC-9 "Tridents" - 12	282	14	6
https://m.cafe.naver.com/ca-fe/web/cafes/10503958/articles/376079	타키온71v천안: MENG 1/48 F-18E & 그라울러 제작 #2	422	26	18
https://m.cafe.naver.com/ca-fe/web/cafes/10503958/articles/375576	wns4684: F-14A SUNDOWNERS 입니다.	347	9	4
https://m.cafe.naver.com/ca-fe/web/cafes/10503958/articles/375571	송정근토마스: 6.F-4팬텀,흡기구	172	11	6
https://m.cafe.naver.com/ca-fe/web/cafes/10503958/articles/375570	다쓰붸이다: KF-16C...#1.	290	12	4
https://m.cafe.naver.com/ca-fe/web/cafes/10503958/articles/375541	다쓰붸이다: F-15K 슬램 이글 x2...#2.	351	14	10
https://m.cafe.naver.com/ca-fe/web/cafes/10503958/articles/375527	풍덕장어: 1/32 academy KF-16D 제작기.4 (스왑주의)	715	35	28
https://m.cafe.naver.com/ca-fe/web/cafes/10503958/articles/375523	탄산: HASEGAWA 1/48 KF-16D #1	309	12	9
https://m.cafe.naver.com/ca-fe/web/cafes/10503958/articles/375515	송정근토마스: 5.F-4팬텀,주날개2	187	12	2
https://m.cafe.naver.com/ca-fe/web/cafes/10503958/articles/375486	귀덩이: 에어알못의 F-4J Phantom 제작..01	283	12	6
https://m.cafe.naver.com/ca-fe/web/cafes/10503958/articles/375475	다쓰붸이다: F-15K 슬램 이글 x2 ...#1.	428	9	2
https://m.cafe.naver.com/ca-fe/web/cafes/10503958/articles/375467	송정근토마스: 4.F-4팬텀,꼬리날개	202	8	4
https://m.cafe.naver.com/ca-fe/web/cafes/10503958/articles/375451	춤붓: 1/48 ACADEMY F-86F SABRE -02-	199	8	2
https://m.cafe.naver.com/ca-fe/web/cafes/10503958/articles/375440	타키온71v천안: 키티호크 1/35 SH-60B 제작 #3	253	13	13
https://m.cafe.naver.com/ca-fe/web/cafes/10503958/articles/375431	송정근토마스: 3.F-4팬텀,주날개1	167	8	4
https://m.cafe.naver.com/ca-fe/web/cafes/10503958/articles/375381	모형광: 1/35 MH-60S HSC-9 "Tridents" - 09	246	13	4
https://m.cafe.naver.com/ca-fe/web/cafes/10503958/articles/375361	hongry5: 아카데미 1/72 f-14 톰켓 졸리로저스 만들고있습니다~	361	14	0
https://m.cafe.naver.com/ca-fe/web/cafes/10503958/articles/375336	송정근토마스: 2.F-4팬톰,동체2	177	7	2
https://m.cafe.naver.com/ca-fe/web/cafes/10503958/articles/375335	김동준: TAMIYA 1/48 F-14A VF-154 1996 CAG 제작기	375	7	2
https://m.cafe.naver.com/ca-fe/web/cafes/10503958/articles/375305	풍덕장어: 1/32 academy KF-16D 제작기.3	692	38	24
https://m.cafe.naver.com/ca-fe/web/cafes/10503958/articles/375284	춤붓: 1/48 ACADEMY F-86F SABRE -01-	264	12	2
https://m.cafe.naver.com/ca-fe/web/cafes/10503958/articles/375250	송정근토마스: 1.F-4팬텀,동체1	359	17	18
https://m.cafe.naver.com/ca-fe/web/cafes/10503958/articles/374669	주뇨니: 타미야 1/48 F-4B 팬텀 #4	349	27	20
https://m.cafe.naver.com/ca-fe/web/cafes/10503958/articles/374664	madgun76김순오: 에어픽스 1/48 P-51D콕핏	309	16	8
https://m.cafe.naver.com/ca-fe/web/cafes/10503958/articles/374660	타키온71v천안: 즈베즈다 1/48 SU-57 #3	275	21	6
https://m.cafe.naver.com/ca-fe/web/cafes/10503958/articles/374649	쓰삐빵빵: 1/48 하비보스 Mig-29K 제작기4	328	18	17
https://m.cafe.naver.com/ca-fe/web/cafes/10503958/articles/374638	모형광: 1/35 MH-60S HSC-9 "Tridents" - 06	271	15	8
https://m.cafe.naver.com/ca-fe/web/cafes/10503958/articles/374597	에펨맨: MENG 1/48 F-4E 팬텀 II #6 웨더링	497	24	9
https://m.cafe.naver.com/ca-fe/web/cafes/10503958/articles/374583	Africa: 1/48 [아카데미] MIG-23M Flogger-B 제작기-3	301	15	0
https://m.cafe.naver.com/ca-fe/web/cafes/10503958/articles/374575	다쓰붸이다: F-15E "333rd Fighter squadron"...#1.	261	12	0
https://m.cafe.naver.com/ca-fe/web/cafes/10503958/articles/374574	쓰삐빵빵: 1/48 하비보스 Mig-29K 제작기3	383	20	6
https://m.cafe.naver.com/ca-fe/web/cafes/10503958/articles/374530	카일리안: 1/35 AH-1Z 바이퍼 제작기 완성..	480	20	9
https://m.cafe.naver.com/ca-fe/web/cafes/10503958/articles/374493	Africa: 1/48 [아카데미] MIG-23M Flogger-B 제작기-2	342	15	6
https://m.cafe.naver.com/ca-fe/web/cafes/10503958/articles/374486	춤붓: 1/48 HASEGAWA RF-4E Hellenic airforce -04-	257	15	6
https://m.cafe.naver.com/ca-fe/web/cafes/10503958/articles/374451	설계쟁이: 1m짜리 su-35 제작 도전 [#2]	648	26	15
https://m.cafe.naver.com/ca-fe/web/cafes/10503958/articles/374435	Enfield: 하늘이 내려준 최고의 선물, 1/48 B-1B - #1 도입	534	16	9
https://m.cafe.naver.com/ca-fe/web/cafes/10503958/articles/374403	에펨맨: MENG 1/48 F-4E 팬텀 II #5 마무리 도색&데칼	572	21	16
https://m.cafe.naver.com/ca-fe/web/cafes/10503958/articles/374397	madgun76김순오: 이탈래리 1/72 슈퍼세이버 복좌	205	13	9
https://m.cafe.naver.com/ca-fe/web/cafes/10503958/articles/374377	모형광: 1/35 MH-60S HSC-9 "Tridents" - 05	282	15	6
https://m.cafe.naver.com/ca-fe/web/cafes/10503958/articles/374369	쓰삐빵빵: 1/48 하비보스 Mig-29K 제작기 2	361	23	19
https://m.cafe.naver.com/ca-fe/web/cafes/10503958/articles/374331	madgun76김순오: 레벨 1/48 다이야몬드백스  잔마무리	193	13	0
https://m.cafe.naver.com/ca-fe/web/cafes/10503958/articles/374322	션샨이: 1/35 아카데미과학 RQ-7B 제작기 4	210	6	0
https://m.cafe.naver.com/ca-fe/web/cafes/10503958/articles/373906	에펨맨: MENG 1/48 F-4E 팬텀 II #1 팬텀이 드디어 전역한답니다.	537	22	10
https://m.cafe.naver.com/ca-fe/web/cafes/10503958/articles/373886	웅이석이: [항공기제작기][ITALELA] 1/72 EUROCOPTER H.A.P TIGRE #2	203	9	2
https://m.cafe.naver.com/ca-fe/web/cafes/10503958/articles/373875	카일리안: f-16폴란드공군 제작기	288	14	10
https://m.cafe.naver.com/ca-fe/web/cafes/10503958/articles/373828	주뇨니: 타미야 1/48 F-4B 팬텀 #1	315	24	10
https://m.cafe.naver.com/ca-fe/web/cafes/10503958/articles/373823	웅이석이: [ITALELA] 1/72 EUROCOPTER H.A.P TIGRE #1	255	12	5
https://m.cafe.naver.com/ca-fe/web/cafes/10503958/articles/373814	madgun76김순오: 아카데미 1/48 T-50	360	18	10
https://m.cafe.naver.com/ca-fe/web/cafes/10503958/articles/373809	타키온71v천안: 키티호크 1/35 MH-60R 제작~~~	394	21	28
https://m.cafe.naver.com/ca-fe/web/cafes/10503958/articles/373804	모형광: 1/35 MH-60S HSC-9 "Tridents" - 02	282	9	5
https://m.cafe.naver.com/ca-fe/web/cafes/10503958/articles/373802	모형광: 1/72 대한민국 공군 KF-21 보라매 003 - 04	246	15	6
https://m.cafe.naver.com/ca-fe/web/cafes/10503958/articles/373791	션샨이: (1/35)아카데미 RQ-7B 제작기 2	206	8	6
https://m.cafe.naver.com/ca-fe/web/cafes/10503958/articles/373771	카일리안: F-16 폴란드 공군 타이거 도장	247	15	4
https://m.cafe.naver.com/ca-fe/web/cafes/10503958/articles/373752	션샨이: (1/35)아카데미과학 RQ-7B 제작기 1	254	10	2
https://m.cafe.naver.com/ca-fe/web/cafes/10503958/articles/373704	도끼맨: 1/48 미라지2000C 제작기 - 1	287	16	6
https://m.cafe.naver.com/ca-fe/web/cafes/10503958/articles/373693	madgun76김순오: 아카데미 1/32 F-4E 제작6(마무리)	376	19	2
https://m.cafe.naver.com/ca-fe/web/cafes/10503958/articles/373688	모형광: 1/35 MH-60S HSC-9 "Tridents" - 01	536	21	10
https://m.cafe.naver.com/ca-fe/web/cafes/10503958/articles/373676	sunggugju: 하세가와 1/32 p51 머스탱	249	11	1
https://m.cafe.naver.com/ca-fe/web/cafes/10503958/articles/373654	춤붓: 1/48 MIG AMMO MIG-17F Algerian Airforce -03-	215	12	6
https://m.cafe.naver.com/ca-fe/web/cafes/10503958/articles/373647	Africa: 1/48 [아카데미] T-50B Black Eagles 마지막 제작기	302	17	11
https://m.cafe.naver.com/ca-fe/web/cafes/10503958/articles/373610	madgun76김순오: 아카데미 1/32 F-4E 제작기5	402	19	13
https://m.cafe.naver.com/ca-fe/web/cafes/10503958/articles/373592	아오조아라: ICM 1/48 B-26B Marauder 제작기 (실내편)	307	17	8
https://m.cafe.naver.com/ca-fe/web/cafes/10503958/articles/372970	춤붓: 1/48 HASEGAWA F-8E -06-	207	7	1
https://m.cafe.naver.com/ca-fe/web/cafes/10503958/articles/372948	SPOOKY: [UKRAINE F-16] #3 데칼준비	183	10	0
https://m.cafe.naver.com/ca-fe/web/cafes/10503958/articles/372930	SPOOKY: [UKRAINE F-16] #2 무장	231	12	11
https://m.cafe.naver.com/ca-fe/web/cafes/10503958/articles/372929	SPOOKY: [UKRAINE F-16] #1 구상	190	5	10
https://m.cafe.naver.com/ca-fe/web/cafes/10503958/articles/372914	떼할로프: 1/72 아카데미과학 ROKAF KF-16C	400	8	6
https://m.cafe.naver.com/ca-fe/web/cafes/10503958/articles/372906	까도: mh-60 블랙호크 #3	312	18	13
https://m.cafe.naver.com/ca-fe/web/cafes/10503958/articles/372879	남양주l윤서윤호아빠: 1/35 아카데미 AH-64A	606	12	17
https://m.cafe.naver.com/ca-fe/web/cafes/10503958/articles/372878	designpower: F-14A TOMCAT 프라모델 모형 조립	368	3	0
https://m.cafe.naver.com/ca-fe/web/cafes/10503958/articles/372872	탄산: 1/48 ROKAF KF-5E 제공호 #6	368	14	0
https://m.cafe.naver.com/ca-fe/web/cafes/10503958/articles/372829	쓰삐빵빵: 1/72 하세가와 마크로스 vf-1 제작기2	292	11	6
https://m.cafe.naver.com/ca-fe/web/cafes/10503958/articles/372816	춤붓: 1/48 HASEGAWA F-8E VF-111 Sundowners Episode.05	170	5	5
https://m.cafe.naver.com/ca-fe/web/cafes/10503958/articles/372716	춤붓: 1/48 HASEGAWA F-8E -04-	185	8	0
https://m.cafe.naver.com/ca-fe/web/cafes/10503958/articles/372711	에펨맨: 에듀어드 1/48 F4F 와일드캣  #4 웨더링	322	13	2
https://m.cafe.naver.com/ca-fe/web/cafes/10503958/articles/372709	남양주l윤서윤호아빠: 토우 디펜더 500D 도색 완료하였습니다	334	7	4
https://m.cafe.naver.com/ca-fe/web/cafes/10503958/articles/372705	쓰삐빵빵: 1/72 아카데미 F-4 제작기 2	495	23	15
https://m.cafe.naver.com/ca-fe/web/cafes/10503958/articles/372693	남양주l윤서윤호아빠: 1/48 500D 토우 디펜더	284	8	2
https://m.cafe.naver.com/ca-fe/web/cafes/10503958/articles/372652	까도: HH-60G 페이브호크 #6	217	14	14
https://m.cafe.naver.com/ca-fe/web/cafes/10503958/articles/372646	쓰삐빵빵: 1/72 아카데미 F-4 제작기 1	328	18	2
https://m.cafe.naver.com/ca-fe/web/cafes/10503958/articles/372643	까도: HH-60G 페이브호크 #5	241	11	13
https://m.cafe.naver.com/ca-fe/web/cafes/10503958/articles/372619	에펨맨: 에듀어드 1/48 F4F 와일드캣  #3 기본도색	249	7	0
https://m.cafe.naver.com/ca-fe/web/cafes/10503958/articles/371917	SPOOKY: [RAF HARRIER GR Mk7] #3 기본도색	100	4	0
https://m.cafe.naver.com/ca-fe/web/cafes/10503958/articles/371907	해왕성: 1/72 KF-21 보라매 w/천룡 미사일 제작기	230	8	3
https://m.cafe.naver.com/ca-fe/web/cafes/10503958/articles/371897	뿌릉: 작은 디오라마를 만들고 있습니다.	492	25	26
https://m.cafe.naver.com/ca-fe/web/cafes/10503958/articles/371854	춤붓: 1/48 HASEGAWA F-8E 제작기 01	253	8	2
https://m.cafe.naver.com/ca-fe/web/cafes/10503958/articles/371814	LAYA07: 타미야 1/48 F4F-4 와일드캣	363	8	6
https://m.cafe.naver.com/ca-fe/web/cafes/10503958/articles/371787	에펨맨: 타미야 1/48 P-38 라이트닝 F/J #3 마무리 작업	302	14	16
https://m.cafe.naver.com/ca-fe/web/cafes/10503958/articles/371780	쓰삐빵빵: 1/72 드림모델 F-5 제작기 2	278	22	8
https://m.cafe.naver.com/ca-fe/web/cafes/10503958/articles/371778	애긔늬: KF-16CU WIP -3-	185	13	2
https://m.cafe.naver.com/ca-fe/web/cafes/10503958/articles/371757	탄산: 1/48 ROKAF KF-5E 제공호 #3	288	9	2
https://m.cafe.naver.com/ca-fe/web/cafes/10503958/articles/371729	SPOOKY: [RAF HARRIER GR Mk7] #2 데칼 DIY	160	11	6
https://m.cafe.naver.com/ca-fe/web/cafes/10503958/articles/371728	SPOOKY: [RAF HARRIER GR Mk7] #1 킷구매	149	5	0
https://m.cafe.naver.com/ca-fe/web/cafes/10503958/articles/371718	웅이석이: [아카데미] 1/144 USMC F/A-18A+ 첫 제작기	177	4	0
https://m.cafe.naver.com/ca-fe/web/cafes/10503958/articles/371671	매니악7: 이렇게 하는게 맞는건지	503	9	8
https://m.cafe.naver.com/ca-fe/web/cafes/10503958/articles/371660	다쓰붸이다: 수코양이들...#1.	357	11	4
https://m.cafe.naver.com/ca-fe/web/cafes/10503958/articles/371646	Africa: 1/48 [Kinetic] RQ-4B Global Hawk 제작기-1	298	8	1
https://m.cafe.naver.com/ca-fe/web/cafes/10503958/articles/371638	풍덕장어: 1/35 ACADEMY AH-1Z VIPER 제작기 4.	545	26	5
https://m.cafe.naver.com/ca-fe/web/cafes/10503958/articles/371592	화성갈꺼니끄아: meng fa18 f 제작기  프리쉐이딩~	363	15	18
https://m.cafe.naver.com/ca-fe/web/cafes/10503958/articles/371553	다쓰붸이다: 프롭기 몇대...#2.	376	19	4
https://m.cafe.naver.com/ca-fe/web/cafes/10503958/articles/371545	애긔늬: KF-16CU WIP -2-	291	16	4
https://m.cafe.naver.com/ca-fe/web/cafes/10503958/articles/371512	에펨맨: 타미야 1/48 P-38 라이트닝 F/J #2 도색	233	14	2
https://m.cafe.naver.com/ca-fe/web/cafes/10503958/articles/370784	춤붓: 1/48 Kinetic EF-18 hornet 03	262	5	2
https://m.cafe.naver.com/ca-fe/web/cafes/10503958/articles/370688	쓰삐빵빵: 1/72 트럼페터 A-6A 제작기 2	395	26	16
https://m.cafe.naver.com/ca-fe/web/cafes/10503958/articles/370661	쓰삐빵빵: 1/72 A-6A 제작기	512	25	19
https://m.cafe.naver.com/ca-fe/web/cafes/10503958/articles/370658	도끼맨: 1/48 YAK-38 제작기 - 1	408	14	16
https://m.cafe.naver.com/ca-fe/web/cafes/10503958/articles/370643	모형광: 1/72 대한민국 공군 KF-21 보라매 - 04	406	19	2
https://m.cafe.naver.com/ca-fe/web/cafes/10503958/articles/370592	춤붓: 1/48 Kinetic EF-18 hornet 02	274	8	2
https://m.cafe.naver.com/ca-fe/web/cafes/10503958/articles/370574	MC스켈러: +[AFV제작기] 국방력 강화를 위해 무기공장 차렸~~....	591	14	8
https://m.cafe.naver.com/ca-fe/web/cafes/10503958/articles/370422	깐돌이: 1/32 레벨토네이도 제작1편	286	8	0
https://m.cafe.naver.com/ca-fe/web/cafes/10503958/articles/370415	춤붓: 1/48 kinetic EF-18 hornet 01	262	7	3
https://m.cafe.naver.com/ca-fe/web/cafes/10503958/articles/370400	TN스케일: 이탈레리 F-16 Cockpit 1/12, 조종석 제작기	455	22	18
https://m.cafe.naver.com/ca-fe/web/cafes/10503958/articles/370370	풍덕장어: 1/72 VF-103 Jolly Rogers F-14B 톰켓 제작기 6.	488	21	22
https://m.cafe.naver.com/ca-fe/web/cafes/10503958/articles/370353	모형광: 1/72 대한민국 공군 KF-21 보라매 - 03	394	16	2
https://m.cafe.naver.com/ca-fe/web/cafes/10503958/articles/370325	reformed17: 아카데미 1/72 F-14A 탑건 매버릭기 제작기 #1	542	14	4
https://m.cafe.naver.com/ca-fe/web/cafes/10503958/articles/370256	에펨맨: 에듀어드 1/48 Bf109G-2	325	20	12
https://m.cafe.naver.com/ca-fe/web/cafes/10503958/articles/370187	남양주l윤서윤호아빠: f-18 두대 조립중입니다	368	9	0
https://m.cafe.naver.com/ca-fe/web/cafes/10503958/articles/370110	쓰삐빵빵: 1/72 F-14  제작기 3	532	28	22
https://m.cafe.naver.com/ca-fe/web/cafes/10503958/articles/370087	댕구: Hobbyboss F14D 데칼작업전  입니다.	479	16	8
https://m.cafe.naver.com/ca-fe/web/cafes/10503958/articles/370074	Prorsum: 1/48 meng F-35A	458	9	1
https://m.cafe.naver.com/ca-fe/web/cafes/10503958/articles/370071	모형광: 1/72 대한민국 공군 KF-21 보라매 - 02	489	10	2
https://m.cafe.naver.com/ca-fe/web/cafes/10503958/articles/370037	뿌릉: F-4j Jolly Rogers (1/72,아카데미)	435	17	6
https://m.cafe.naver.com/ca-fe/web/cafes/10503958/articles/369276	정진우: 대한민국 공군 F-4D "방위성금헌납기" 제작중	575	25	25
https://m.cafe.naver.com/ca-fe/web/cafes/10503958/articles/369252	인생한바앙: 아카데미 F14 1/48 만들어보려구요	450	10	7
https://m.cafe.naver.com/ca-fe/web/cafes/10503958/articles/369216	모형광: 계란 비행기 SPITFIRE FIGHTER - 04	198	14	14
https://m.cafe.naver.com/ca-fe/web/cafes/10503958/articles/369199	화성갈꺼니끄아: hobbyboss su27 flanker b 엔진 도색 및 새부도색	293	10	3
https://m.cafe.naver.com/ca-fe/web/cafes/10503958/articles/369193	reformed17: 하세가와 1/72 F-4E (PW1120) 제작기 #2	402	7	2
https://m.cafe.naver.com/ca-fe/web/cafes/10503958/articles/369138	이러쿵저러쿵: 타미야 1/48 F-35A 제작기 #1	406	11	2
https://m.cafe.naver.com/ca-fe/web/cafes/10503958/articles/369102	reformed17: 디코퍼레이션 1/72 F-16CG 제작기 #3	416	7	2
https://m.cafe.naver.com/ca-fe/web/cafes/10503958/articles/369085	아놀다이제: EA-6B 프라울러(1/48) & 에어로 돌섬 자작 디스플레이 스탠드(3/3편)	331	11	12
https://m.cafe.naver.com/ca-fe/web/cafes/10503958/articles/369072	아놀다이제: EA-6B 프라울러(1/48) & 에어로 돌섬 자작 디스플레이 스탠드(2/3편)	385	19	4
https://m.cafe.naver.com/ca-fe/web/cafes/10503958/articles/369040	춤붓: 1/48 조형촌 F-4EJ KAI 03	306	8	2
https://m.cafe.naver.com/ca-fe/web/cafes/10503958/articles/369031	쓰삐빵빵: 1/72 F-14D 밴디1 제작기 1	303	10	4
https://m.cafe.naver.com/ca-fe/web/cafes/10503958/articles/369029	아놀다이제: EA-6B 프라울러(1/48) & 에어로 돌섬 자작 디스플레이 스탠드(1/3편)	257	15	10
https://m.cafe.naver.com/ca-fe/web/cafes/10503958/articles/369012	시나브로15: 아카데미 1/48 육군 UH-60P 블랙호크 #2	373	7	7
https://m.cafe.naver.com/ca-fe/web/cafes/10503958/articles/369005	텅호: [ MV-22B Osprey ] 1/72 완성샷 올리겟습니다	323	29	13
https://m.cafe.naver.com/ca-fe/web/cafes/10503958/articles/368987	타키온71v천안: GWH 1/48 Mig-29 Fulcrum C 9-13 제작 #1	293	14	16
https://m.cafe.naver.com/ca-fe/web/cafes/10503958/articles/368982	Waterloo: 톰캣 도색	278	6	1
https://m.cafe.naver.com/ca-fe/web/cafes/10503958/articles/368930	남양주l윤서윤호아빠: 아카 1-72 F-14B 거의 다왔습니다	337	10	8
https://m.cafe.naver.com/ca-fe/web/cafes/10503958/articles/368923	모형광: 계란 비행기 SPITFIRE FIGHTER - 03	205	12	6
https://m.cafe.naver.com/ca-fe/web/cafes/10503958/articles/368911	화성갈꺼니끄아: hobbyboss su27 flanker b 도색	306	13	6
https://m.cafe.naver.com/ca-fe/web/cafes/10503958/articles/368910	주뇨니: 하세가와 1/48 F-2B #8	228	12	4
https://m.cafe.naver.com/ca-fe/web/cafes/10503958/articles/368245	지나가던 행인: RC B17 진행중입니다	340	15	13
https://m.cafe.naver.com/ca-fe/web/cafes/10503958/articles/368222	풍덕장어: 1/72 VF-103 Jolly Rogers F-14B 톰켓 제작기 4.	503	27	11
https://m.cafe.naver.com/ca-fe/web/cafes/10503958/articles/368188	남양주l윤서윤호아빠: 아카 f-15e 데칼 올리고 있습니다	360	9	7
https://m.cafe.naver.com/ca-fe/web/cafes/10503958/articles/368178	주뇨니: 하세가와 1/48 F-2B #5	238	12	4
https://m.cafe.naver.com/ca-fe/web/cafes/10503958/articles/368137	타키온71v천안: 타미야 1/48 F-14A #2	298	9	4
https://m.cafe.naver.com/ca-fe/web/cafes/10503958/articles/368134	은빛달: 하세가와&아카데미 1/48 F-4U5N & F-4U4(장진호) #1	234	2	0
https://m.cafe.naver.com/ca-fe/web/cafes/10503958/articles/368133	은빛달: 아카데미 1/72 P-51D Mustang 신념의조인 & Kiss Me kate #1	285	6	2
https://m.cafe.naver.com/ca-fe/web/cafes/10503958/articles/368132	화성갈꺼니끄아: hobbyboss su27 flanker 조립기 2	235	10	6
https://m.cafe.naver.com/ca-fe/web/cafes/10503958/articles/368126	댕구: 호비보스 F14D  ㅡ  리벳 갯수를  세어봅시다.	387	8	2
https://m.cafe.naver.com/ca-fe/web/cafes/10503958/articles/368113	주뇨니: 하세가와 1/48 F-2B #4	257	14	6
https://m.cafe.naver.com/ca-fe/web/cafes/10503958/articles/368110	인생한바앙: 비행기 큐트시리즈	504	27	8
https://m.cafe.naver.com/ca-fe/web/cafes/10503958/articles/368093	타키온71v천안: 하세가와 1/72 SU-27 플랭커 #2	232	14	8
https://m.cafe.naver.com/ca-fe/web/cafes/10503958/articles/368090	댕구: 호비보스 F14D  ㅡ  플랩가동	353	8	6
https://m.cafe.naver.com/ca-fe/web/cafes/10503958/articles/368078	쓰삐빵빵: 1/72 SU-27SM 제작기2	317	10	6
https://m.cafe.naver.com/ca-fe/web/cafes/10503958/articles/368069	토종손: KF-21 콕핏을 최고의 디테일로	586	12	4
https://m.cafe.naver.com/ca-fe/web/cafes/10503958/articles/368047	화성갈꺼니끄아: hobbyboss su27 flanker b 조립기 1 콕핏	257	8	2
https://m.cafe.naver.com/ca-fe/web/cafes/10503958/articles/368004	도끼맨: 1/48 F-4E 제작기	452	21	25
https://m.cafe.naver.com/ca-fe/web/cafes/10503958/articles/368002	노보트니: 하세가와 1/48 F-4 FGR.1 2 Phantom	343	11	8
https://m.cafe.naver.com/ca-fe/web/cafes/10503958/articles/367992	SCALERZ: 아카데미 a-10제작기 입니다.	743	21	23
https://m.cafe.naver.com/ca-fe/web/cafes/10503958/articles/367150	주뇨니: 하세가와 1/48 F-2B #1	358	18	12
https://m.cafe.naver.com/ca-fe/web/cafes/10503958/articles/367136	PEARLZERO: 에이스 1/144 e-2c 작업중	383	6	1
https://m.cafe.naver.com/ca-fe/web/cafes/10503958/articles/367117	쓰삐빵빵: 1/72 아카데미 F/A-18F 제작기 4	552	31	20
https://m.cafe.naver.com/ca-fe/web/cafes/10503958/articles/367073	종탱: Kf-21 제작중입니다.	486	13	2
https://m.cafe.naver.com/ca-fe/web/cafes/10503958/articles/367054	cadet57: G.W.H 1/72 F-15C 제작기 -3	392	11	2
https://m.cafe.naver.com/ca-fe/web/cafes/10503958/articles/367037	cadet57: G.W.H 1/72 F-15C 제작기 -2	505	9	3
https://m.cafe.naver.com/ca-fe/web/cafes/10503958/articles/367003	춤붓: 1/48 HASEGAWA ea-18g growler - 02	226	7	0
https://m.cafe.naver.com/ca-fe/web/cafes/10503958/articles/366988	타키온71v천안: AMK 1/48 F-14D 톰켓 #1	501	16	11
https://m.cafe.naver.com/ca-fe/web/cafes/10503958/articles/366981	쓰삐빵빵: 1/72 아카데미 F/A-18F 제작기 3	413	14	16
https://m.cafe.naver.com/ca-fe/web/cafes/10503958/articles/366968	에펨맨: 아카데미 1/48 F-15K 슬램이글 #3 아카데미 사장님 F-15k 48신금형좀 내주세요	475	26	29
https://m.cafe.naver.com/ca-fe/web/cafes/10503958/articles/366956	harrysmith: 아카데미과학 F-5E	443	8	6
https://m.cafe.naver.com/ca-fe/web/cafes/10503958/articles/366928	cadet57: G.W.H 1/72 F-15C 제작기 -1	349	9	2
https://m.cafe.naver.com/ca-fe/web/cafes/10503958/articles/366919	Waterloo: 톰캣을 만들기 시작해서...	363	8	8
https://m.cafe.naver.com/ca-fe/web/cafes/10503958/articles/366905	타키온71v천안: Meng 1/35 AH-64D 제작기 #1	456	13	6
https://m.cafe.naver.com/ca-fe/web/cafes/10503958/articles/366895	harrysmith: 야간 작업	236	4	2
https://m.cafe.naver.com/ca-fe/web/cafes/10503958/articles/366877	TizerOdeng: Red Fox 데칼 구매	238	2	4
https://m.cafe.naver.com/ca-fe/web/cafes/10503958/articles/366869	cadet57: ZM 1/48 F-4J 제작기 -1	327	10	12
https://m.cafe.naver.com/ca-fe/web/cafes/10503958/articles/366841	시나브로15: 타미야 1/48 3a 제로파이터(zeke) #1	223	6	4
https://m.cafe.naver.com/ca-fe/web/cafes/10503958/articles/366787	hms충남: 1/72 f-15c를 두대 동시 작업하고 있습니다.	289	10	3
https://m.cafe.naver.com/ca-fe/web/cafes/10503958/articles/366090	다쓰붸이다: 대한민국 공군...#1.	776	26	35
https://m.cafe.naver.com/ca-fe/web/cafes/10503958/articles/366087	춤붓: 1/48 kinetic E-2C 2000 -06- 예상치 못한 난관..	382	6	4
https://m.cafe.naver.com/ca-fe/web/cafes/10503958/articles/366063	타키온71v천안: 타콤 1/35 AH-64E 제작 #1	368	8	6
https://m.cafe.naver.com/ca-fe/web/cafes/10503958/articles/366056	풍신: MIG-29UB FULCRUM B_심폐소생-2	278	8	2
https://m.cafe.naver.com/ca-fe/web/cafes/10503958/articles/366029	bluesunkist: F18 머러더스 제작기 1편 입니다	293	5	0
https://m.cafe.naver.com/ca-fe/web/cafes/10503958/articles/365977	reformed17: 이탈레리 개조 1/72 F-16/79 제작기 #2	240	5	0
https://m.cafe.naver.com/ca-fe/web/cafes/10503958/articles/365965	마늘12345: ah-1z 마무리	308	9	4
https://m.cafe.naver.com/ca-fe/web/cafes/10503958/articles/365950	쓰삐빵빵: 1/72 아카데미 F-15E 제작기3	390	16	12
https://m.cafe.naver.com/ca-fe/web/cafes/10503958/articles/365939	reformed17: 이탈레리 개조 1/72 F-16/79 제작기 #1	267	5	0
https://m.cafe.naver.com/ca-fe/web/cafes/10503958/articles/365895	reformed17: 하세가와 1/72 F-16A MLU 제작기 #3	278	3	2
https://m.cafe.naver.com/ca-fe/web/cafes/10503958/articles/365855	도끼맨: 1/48 NF-5A 제작기 - 1	320	3	7
https://m.cafe.naver.com/ca-fe/web/cafes/10503958/articles/365826	쓰삐빵빵: 1/72 F-15E 제작기 2	266	11	9
https://m.cafe.naver.com/ca-fe/web/cafes/10503958/articles/365795	산바람: AH-64D 제작#1	315	12	8
https://m.cafe.naver.com/ca-fe/web/cafes/10503958/articles/365728	쓰삐빵빵: 1/72 F-15E 제작기1	381	12	14
https://m.cafe.naver.com/ca-fe/web/cafes/10503958/articles/365700	춤붓: 1/48 kinetic E-2C 2000 -05-	270	7	2
https://m.cafe.naver.com/ca-fe/web/cafes/10503958/articles/365609	풍신: MIG-29UB FULCRUM B_심폐소생-1	270	6	4
https://m.cafe.naver.com/ca-fe/web/cafes/10503958/articles/365576	나는야고딩이랍니다: ROKAF F-4E"17th Fighter Wing"대한민국공군f-4e 조종석제작기	372	8	2
https://m.cafe.naver.com/ca-fe/web/cafes/10503958/articles/365558	쓰삐빵빵: 1/72 F-117 제작기 1	344	12	16
https://m.cafe.naver.com/ca-fe/web/cafes/10503958/articles/365556	나는야고딩이랍니다: ROKAF F-4E"17th Fighter Wing"대한민국공군f-4e 제17전투비행대 제작중입니다	336	5	4
https://m.cafe.naver.com/ca-fe/web/cafes/10503958/articles/365543	나는야고딩이랍니다: 아카데미 1/72 AH-64A이스라엘  제작중입니다	321	6	7
https://m.cafe.naver.com/ca-fe/web/cafes/10503958/articles/364729	춤붓: 1/48 kinetic E-2C 2000 -02-	224	7	0
https://m.cafe.naver.com/ca-fe/web/cafes/10503958/articles/364708	쇼와비행기: 아카데미 1/48 F6f 헬캣 조종석도색	193	5	0
https://m.cafe.naver.com/ca-fe/web/cafes/10503958/articles/364678	TN스케일: 에어리어88 버전, 아카데미 크루세이더 1/72 제작기	412	14	8
https://m.cafe.naver.com/ca-fe/web/cafes/10503958/articles/364654	이젤러: 하세가와 1/32 Fw190 D-9 파파가이슈타펠 제작기 입니다.	303	6	3
https://m.cafe.naver.com/ca-fe/web/cafes/10503958/articles/364607	에이지엠원포투: 아카데미 1/32 대한민국 공군 F-4E 제작기 4탄 (마무리)	635	10	9
https://m.cafe.naver.com/ca-fe/web/cafes/10503958/articles/364591	풍덕장어: 1/35 meng AH-64D apache longbow 제작기5.	695	22	24
https://m.cafe.naver.com/ca-fe/web/cafes/10503958/articles/364580	채령아빠: USAF A-10C 작업기	370	5	4
https://m.cafe.naver.com/ca-fe/web/cafes/10503958/articles/364545	타키온71v천안: 타미야 1/48 F-35A 만드는 중~~~ㅎ	701	16	12
https://m.cafe.naver.com/ca-fe/web/cafes/10503958/articles/364543	쓰삐빵빵: Gwh 1/72 F-15CJ 제작기 2	278	13	13
https://m.cafe.naver.com/ca-fe/web/cafes/10503958/articles/364535	sh2944: 1/48 E-2C Hawkeye 2000 -1	327	6	6
https://m.cafe.naver.com/ca-fe/web/cafes/10503958/articles/364504	춤붓: 1/48 kinetic E-2C 2000 -01-	326	5	4
https://m.cafe.naver.com/ca-fe/web/cafes/10503958/articles/364446	에펨맨: 타미야 1/48 F-16C #1 조립 및 도색	407	12	8
https://m.cafe.naver.com/ca-fe/web/cafes/10503958/articles/364441	풍덕장어: 1/35 meng AH-64D apache longbow 제작기4.	655	28	16
https://m.cafe.naver.com/ca-fe/web/cafes/10503958/articles/364399	채령아빠: F4U-5N 40% 끝났어요:)	232	4	4
https://m.cafe.naver.com/ca-fe/web/cafes/10503958/articles/364390	채령아빠: 1/48 F4U-5N 조종석 완성했습니다:)	201	5	9
https://m.cafe.naver.com/ca-fe/web/cafes/10503958/articles/364389	제이손: 1/72 F/A-18F 제작중입니다.	295	12	3
https://m.cafe.naver.com/ca-fe/web/cafes/10503958/articles/364373	쓰삐빵빵: 1/72 F-15c 제작기 1	406	10	14
https://m.cafe.naver.com/ca-fe/web/cafes/10503958/articles/364365	채령아빠: 1/48 F4U-5N 작업중입니다	239	3	4
https://m.cafe.naver.com/ca-fe/web/cafes/10503958/articles/364297	풍덕장어: 1/35 meng AH-64D apache longbow 제작기3.	730	31	39
https://m.cafe.naver.com/ca-fe/web/cafes/10503958/articles/363563	쓰삐빵빵: 1/72 아카데미 F-8 제작기 1	427	14	9
https://m.cafe.naver.com/ca-fe/web/cafes/10503958/articles/363530	뿌릉: 아카데미 1/48 방위성금헌납기 제작중.	332	15	8
https://m.cafe.naver.com/ca-fe/web/cafes/10503958/articles/363512	풍덕장어: 1/48 MENGMODEL VFA-41 F/A-18F 제작기.1	680	26	17
https://m.cafe.naver.com/ca-fe/web/cafes/10503958/articles/363482	에펨맨: 아카데미 1/48 A-10C #3 색칠	393	16	9
https://m.cafe.naver.com/ca-fe/web/cafes/10503958/articles/363444	주뇨니: 아카데미 1/48 라팔 C형 #6	297	10	10
https://m.cafe.naver.com/ca-fe/web/cafes/10503958/articles/363436	쓰삐빵빵: 1:72 파인몰드 BF-109F 외	229	13	2
https://m.cafe.naver.com/ca-fe/web/cafes/10503958/articles/363425	징징이: SBD-3 헤비 웨더링	265	4	0
https://m.cafe.naver.com/ca-fe/web/cafes/10503958/articles/363422	뿌릉: 아카데미 1/48 방위성금헌납기 제작중.	350	15	26
https://m.cafe.naver.com/ca-fe/web/cafes/10503958/articles/363379	예쁜반달여우아빠: 콜세어와 갑판제작~~	327	10	3
https://m.cafe.naver.com/ca-fe/web/cafes/10503958/articles/363325	주뇨니: 아카데미 1/48 라팔 C형 #5	268	13	9
https://m.cafe.naver.com/ca-fe/web/cafes/10503958/articles/363276	뿌릉: 아카데미 1/48 방위성금헌납기 제작중.	378	14	6
https://m.cafe.naver.com/ca-fe/web/cafes/10503958/articles/363274	Africa: 1/48 [Academy] F-22 Raptor 재제작기-2	309	9	3
https://m.cafe.naver.com/ca-fe/web/cafes/10503958/articles/363268	까발려: 1/48 Hasegawa F-14B 제작기 2 - 사출좌석	288	8	9
https://m.cafe.naver.com/ca-fe/web/cafes/10503958/articles/363182	뿌릉: 아카데미 1/48 방위성금헌납기 제작중.	517	14	6
https://m.cafe.naver.com/ca-fe/web/cafes/10503958/articles/363181	실마리온: 드래곤제 ho229 A-1 #3	309	12	13
https://m.cafe.naver.com/ca-fe/web/cafes/10503958/articles/363169	에펨맨: 아카데미 1/48 A-10C #2 -조립-	396	10	11
https://m.cafe.naver.com/ca-fe/web/cafes/10503958/articles/363156	모형광: 1/32 SBD-4 DAUNTLESS - 13	314	9	4
https://m.cafe.naver.com/ca-fe/web/cafes/10503958/articles/363148	주뇨니: 아카데미 1/48 라팔 C형 #4	318	12	8
https://m.cafe.naver.com/ca-fe/web/cafes/10503958/articles/362412	Returner: 멩 F/A-18F 작업 중 입니다~	420	11	14
https://m.cafe.naver.com/ca-fe/web/cafes/10503958/articles/362408	타키온71v천안: 하비보스 1/48 F-14D 톰켓 마무리중~~	344	9	6
https://m.cafe.naver.com/ca-fe/web/cafes/10503958/articles/362405	육항공: 아카데미 1/32 F-16I SUFA	623	15	12
https://m.cafe.naver.com/ca-fe/web/cafes/10503958/articles/362399	주뇨니: 조형촌 1/48 F-4C 팬텀 #7	253	15	10
https://m.cafe.naver.com/ca-fe/web/cafes/10503958/articles/362381	모형광: 1/32 SBD-4 DAUNTLESS - 10	232	9	4
https://m.cafe.naver.com/ca-fe/web/cafes/10503958/articles/362252	쓰삐빵빵: 에어픽스 1/48 P-51D 제작기	345	10	9
https://m.cafe.naver.com/ca-fe/web/cafes/10503958/articles/362224	프라토르: 1/48 F-15K 제작중 - 무장류 데칼작업, 상부웨더링	401	13	11
https://m.cafe.naver.com/ca-fe/web/cafes/10503958/articles/362209	풍덕장어: 1/72 VF-103 Jolly Rogers F-14B 톰켓 제작기 2.	533	22	11
https://m.cafe.naver.com/ca-fe/web/cafes/10503958/articles/362193	춤붓: 1/48 trumpeter mig-23ml -05-	265	10	5
https://m.cafe.naver.com/ca-fe/web/cafes/10503958/articles/362186	풍덕장어: 1/72 VF-103 Jolly Rogers F-14B 톰켓 제작기 1.	431	11	1
https://m.cafe.naver.com/ca-fe/web/cafes/10503958/articles/362170	madgun76김순오: 하비보스 1/72 링스	308	10	2
https://m.cafe.naver.com/ca-fe/web/cafes/10503958/articles/362149	주뇨니: 조형촌 1/48 F-4C 팬텀 #6	431	27	19
https://m.cafe.naver.com/ca-fe/web/cafes/10503958/articles/362125	모형광: 1/32 SBD-4 DAUNTLESS - 09	211	7	2
https://m.cafe.naver.com/ca-fe/web/cafes/10503958/articles/362079	그라울러: B-1B 랜서 제작	414	11	1
https://m.cafe.naver.com/ca-fe/web/cafes/10503958/articles/361922	도끼맨: 1/48 F-100 SABRE 제작기 - 2	274	8	12
https://m.cafe.naver.com/ca-fe/web/cafes/10503958/articles/361884	모형광: 1/32 SBD-4 DAUNTLESS - 08	301	10	2
https://m.cafe.naver.com/ca-fe/web/cafes/10503958/articles/361876	나근나근: [아카데미]1/48 A-10C 웨더링	455	16	9
https://m.cafe.naver.com/ca-fe/web/cafes/10503958/articles/361869	춤붓: 1/48 trumpeter mig-23ml - 04	222	9	2
https://m.cafe.naver.com/ca-fe/web/cafes/10503958/articles/331219	madgun76김순오: 아카데미 1/48 A-10 도색시작	379	12	6
https://m.cafe.naver.com/ca-fe/web/cafes/10503958/articles/331211	나근나근: 아카데미 1/48 A-10 기수 접착	406	7	9
https://m.cafe.naver.com/ca-fe/web/cafes/10503958/articles/331208	춤붓: 1/48 trumpeter mig-23ml - 02	174	7	3
https://m.cafe.naver.com/ca-fe/web/cafes/10503958/articles/331203	꼬끼오: 새로운 시작!!! 1/32 F-4D	312	8	2
https://m.cafe.naver.com/ca-fe/web/cafes/10503958/articles/331200	마개조 장인: 아카데미 1/32 f16 (제작기-2)	352	12	3
https://m.cafe.naver.com/ca-fe/web/cafes/10503958/articles/331195	sanwam82004: 아카데미 1/35AH-1w cobra 후기형 콕핏 배선 작업	258	8	6
https://m.cafe.naver.com/ca-fe/web/cafes/10503958/articles/331185	나근나근: 아카데미 1/48 A-10C	281	8	4
https://m.cafe.naver.com/ca-fe/web/cafes/10503958/articles/331181	모형광: 1/32 SBD-4 DAUNTLESS - 05	227	10	3
https://m.cafe.naver.com/ca-fe/web/cafes/10503958/articles/331154	마개조 장인: 아카데미 1/32 f16(제작기-2)	522	10	5
https://m.cafe.naver.com/ca-fe/web/cafes/10503958/articles/331033	Kiwiman: [ACADEMY] 1/32 SOPWITH CAMEL - 복원 재도색	279	19	4
https://m.cafe.naver.com/ca-fe/web/cafes/10503958/articles/330997	하늘색: 슬슬 마무리 되어가네요	282	11	11
https://m.cafe.naver.com/ca-fe/web/cafes/10503958/articles/330993	Kiwiman: [Hobbycraft] 1/48 F-8F Bearcat - 비행기 복원	343	18	9
https://m.cafe.naver.com/ca-fe/web/cafes/10503958/articles/330943	보물주인: MI-24V_도색중_90%_V3	276	14	0
https://m.cafe.naver.com/ca-fe/web/cafes/10503958/articles/330936	춤붓: 1/48 trumpeter mig-23ml - 01	264	7	7
https://m.cafe.naver.com/ca-fe/web/cafes/10503958/articles/330934	프라토르: F-15K 제작중	412	10	5
https://m.cafe.naver.com/ca-fe/web/cafes/10503958/articles/330919	madgun76김순오: 하비보스 1/48 A-7K 무장빼고~~끝	308	8	4
https://m.cafe.naver.com/ca-fe/web/cafes/10503958/articles/330907	리젯01: 아카데미 1/144 F/A-18 레드데빌스	348	6	2
https://m.cafe.naver.com/ca-fe/web/cafes/10503958/articles/330897	모형광: 1/32 SBD-4 DAUNTLESS - 04	226	7	2
https://m.cafe.naver.com/ca-fe/web/cafes/10503958/articles/330884	하늘색: 포커 dr.1 기본도색 완료	205	9	9
https://m.cafe.naver.com/ca-fe/web/cafes/10503958/articles/330305	쓰삐빵빵: 1/48 AMK Kfir 제작기 입니다.	321	14	7
https://m.cafe.naver.com/ca-fe/web/cafes/10503958/articles/330303	허럴룰루: 1/144 Armory XB-70 제작기 #4 - 도색 및 데칼	120	7	0
https://m.cafe.naver.com/ca-fe/web/cafes/10503958/articles/330297	모형광: 1/32 SBD-4 DAUNTLESS - 02	261	11	2
https://m.cafe.naver.com/ca-fe/web/cafes/10503958/articles/330284	춤붓: 1/48 Italeri hawker hurricane 제작기 1,2	223	11	6
https://m.cafe.naver.com/ca-fe/web/cafes/10503958/articles/330268	댕구: F14B 1/72 진행중입니다...	242	7	0
https://m.cafe.naver.com/ca-fe/web/cafes/10503958/articles/330234	주뇨니: 조형촌 1/48 F-4C 팬텀 #4	457	22	12
https://m.cafe.naver.com/ca-fe/web/cafes/10503958/articles/330226	Cybertruck: 아카데미과학 F-14B 1/72키트	364	6	2
https://m.cafe.naver.com/ca-fe/web/cafes/10503958/articles/330189	designpower: 프라모델 제작의뢰 작업중 조립 [TAMIYA] Grumman F-14A Tomcat	355	4	0
https://m.cafe.naver.com/ca-fe/web/cafes/10503958/articles/330186	madgun76김순오: AMK1/48 이스라엘 크피르 도색	315	10	2
https://m.cafe.naver.com/ca-fe/web/cafes/10503958/articles/330164	sanwam82004: 아카데미 1/35 AH-1W COBRA 후기형  콕핏	651	13	3
https://m.cafe.naver.com/ca-fe/web/cafes/10503958/articles/330144	rtur: Deep Under	391	12	5
https://m.cafe.naver.com/ca-fe/web/cafes/10503958/articles/330124	뿌릉: 하비보스 1/48 A-10C 작업 중 입니다.	433	11	10
https://m.cafe.naver.com/ca-fe/web/cafes/10503958/articles/330121	후니듀라: 대한항공 Boing 747-8i 제작 중.....	461	4	2
https://m.cafe.naver.com/ca-fe/web/cafes/10503958/articles/330117	주뇨니: 조형촌 1/48 F-4C 팬텀 #3	418	19	22
https://m.cafe.naver.com/ca-fe/web/cafes/10503958/articles/330090	멘델의완두콩: MENG 1/48 EA-18G 제작기 #3	374	13	2
https://m.cafe.naver.com/ca-fe/web/cafes/10503958/articles/330082	마늘12345: ah-1z 60% 진행 중	288	5	0
https://m.cafe.naver.com/ca-fe/web/cafes/10503958/articles/330069	쓰삐빵빵: 1/48 타미야 A6m5/ 5a 제작기	352	9	6
https://m.cafe.naver.com/ca-fe/web/cafes/10503958/articles/330063	댕구: 아카데미 F14B 1/72  -2	272	6	0
https://m.cafe.naver.com/ca-fe/web/cafes/10503958/articles/330040	종빈아빠: 1/35 VIPER_ACADEMY 제작#1	359	15	12
https://m.cafe.naver.com/ca-fe/web/cafes/10503958/articles/330038	시나브로15: 아카데미 1/48 T-33A 슈팅스타 #1	205	3	0
https://m.cafe.naver.com/ca-fe/web/cafes/10503958/articles/329346	마늘12345: ah-1z 중간보고	254	5	1
https://m.cafe.naver.com/ca-fe/web/cafes/10503958/articles/329344	까도하비: md500 개조	373	11	15
https://m.cafe.naver.com/ca-fe/web/cafes/10503958/articles/329280	에펨맨: 아카데미 1/72 아파치 롱보우 후기형 2 - 기본조립	349	6	1
https://m.cafe.naver.com/ca-fe/web/cafes/10503958/articles/329218	쓰삐빵빵: 1/48 에어픽스 스핏파이어 제작기2	312	21	14
https://m.cafe.naver.com/ca-fe/web/cafes/10503958/articles/329167	풍덕장어: 1/48 VA-15 A-7E CORSAIR2 제작기.1	575	31	25
https://m.cafe.naver.com/ca-fe/web/cafes/10503958/articles/329164	까도하비: uh-60p   mi-24p 제작기 1/48	309	14	12
https://m.cafe.naver.com/ca-fe/web/cafes/10503958/articles/329142	멘델의완두콩: MENG 1/48 EA-18G 제작기 #2	537	14	16
https://m.cafe.naver.com/ca-fe/web/cafes/10503958/articles/329135	쓰삐빵빵: 1/48 에어픽스 스핏파이어 마크12 제작기	193	6	2
https://m.cafe.naver.com/ca-fe/web/cafes/10503958/articles/329134	까도하비: AH-64A 아파치	610	21	16
https://m.cafe.naver.com/ca-fe/web/cafes/10503958/articles/329110	madgun76김순오: 하세가와 1/48 F4U-5N도색2	221	6	5
https://m.cafe.naver.com/ca-fe/web/cafes/10503958/articles/329106	도끼맨: 1/48 F-100 SABRE 제작기 - 1	253	7	10
https://m.cafe.naver.com/ca-fe/web/cafes/10503958/articles/329100	시즈쿠 매버릭 오사카: F-14B 톰캣 103 비행대	308	3	1
https://m.cafe.naver.com/ca-fe/web/cafes/10503958/articles/329094	에펨맨: 아카데미 1/72 아파치 롱보우 후기형 1	292	3	3
https://m.cafe.naver.com/ca-fe/web/cafes/10503958/articles/329071	madgun76김순오: 하세가와 1/48 F4U-5N	341	6	10
https://m.cafe.naver.com/ca-fe/web/cafes/10503958/articles/329031	춤붓: 1/48 Kinetic F-16 MLU build ep.02	336	13	4
https://m.cafe.naver.com/ca-fe/web/cafes/10503958/articles/329023	쓰삐빵빵: 1/48 타미야 Beaufighter 제작기	259	13	17
https://m.cafe.naver.com/ca-fe/web/cafes/10503958/articles/328993	madgun76김순오: 아카데미 1/72  F-16CG	428	11	9
https://m.cafe.naver.com/ca-fe/web/cafes/10503958/articles/328384	도끼맨: 1/48 F-14 제작기 - 1  (스압 주의, 텍스트 주의)	626	10	16
https://m.cafe.naver.com/ca-fe/web/cafes/10503958/articles/328340	정진우: 대한민국 공군 RF-4C 제작기	314	10	6
https://m.cafe.naver.com/ca-fe/web/cafes/10503958/articles/328335	마개조 장인: 1/32 아카데미 F16cg/cj (1)-캐노피,칵핏	314	11	4
https://m.cafe.naver.com/ca-fe/web/cafes/10503958/articles/328327	쇼와비행기: 하세가와 1/48 97식함공 도색작업	184	9	2
https://m.cafe.naver.com/ca-fe/web/cafes/10503958/articles/328316	주뇨니: D코퍼레이션 1/48 F-15K #5	350	18	4
https://m.cafe.naver.com/ca-fe/web/cafes/10503958/articles/328291	reformed17: 하세가와 1/72 F-16A MLU 제작기 #2	240	6	2
https://m.cafe.naver.com/ca-fe/web/cafes/10503958/articles/328277	reformed17: 하세가와 1/72 KF-16D 제작기 #9	247	4	0
https://m.cafe.naver.com/ca-fe/web/cafes/10503958/articles/328253	Triseven: 디코퍼레이션 1/72 ROKAF F-4E 제작 중 - 2. 기본도색	376	13	1
https://m.cafe.naver.com/ca-fe/web/cafes/10503958/articles/328248	정진우: 대한민국 공군 RF-4C 제작기	492	12	2
https://m.cafe.naver.com/ca-fe/web/cafes/10503958/articles/328238	아오조아라: 즈베즈다 SU-57 1/48	503	14	10
https://m.cafe.naver.com/ca-fe/web/cafes/10503958/articles/328164	roky: 1/32 트럼페터 f-14톰켓 두번째	772	7	17
https://m.cafe.naver.com/ca-fe/web/cafes/10503958/articles/328159	Cybertruck: 아카데미과학 1/48 F-22	536	8	13
https://m.cafe.naver.com/ca-fe/web/cafes/10503958/articles/328157	Cybertruck: 아카데미과학 F-22 1/48	530	7	2
https://m.cafe.naver.com/ca-fe/web/cafes/10503958/articles/328118	타키온71v천안: 키티호크 1/35 AH-6J #2	430	9	5
https://m.cafe.naver.com/ca-fe/web/cafes/10503958/articles/328071	SoapII: 망했습니다...	449	1	6
https://m.cafe.naver.com/ca-fe/web/cafes/10503958/articles/328064	Cybertruck: 아카데미 SU-33 플랭커D	458	6	0
https://m.cafe.naver.com/ca-fe/web/cafes/10503958/articles/328060	Cybertruck: 피터 쟌슨 도색기.. 인데.. 흐음.. 어흠음	180	2	0
https://m.cafe.naver.com/ca-fe/web/cafes/10503958/articles/328044	춤붓: 1/48 kfir c10 3편	282	9	4
https://m.cafe.naver.com/ca-fe/web/cafes/10503958/articles/328007	reformed17: 하세가와 1/72 KF-16D 제작기 #8	277	8	0
https://m.cafe.naver.com/ca-fe/web/cafes/10503958/articles/328004	쇼와비행기: 하세가와 1/48 97식함공 조종석제작	273	13	6
https://m.cafe.naver.com/ca-fe/web/cafes/10503958/articles/327345	쓰삐빵빵: 1/48 이탈레리 Fw190 A-8 제작 중입니다.	471	13	33
https://m.cafe.naver.com/ca-fe/web/cafes/10503958/articles/327315	madgun76김순오: 아카데미 1/48 F-22랩터	423	8	2
https://m.cafe.naver.com/ca-fe/web/cafes/10503958/articles/327305	시뇨: 스노우맨 ah-64d 롱보우 진행 중입니다	352	12	15
https://m.cafe.naver.com/ca-fe/web/cafes/10503958/articles/327298	주뇨니: D코퍼레이션 1/48 F-15K #2	304	9	10
https://m.cafe.naver.com/ca-fe/web/cafes/10503958/articles/327257	reformed17: 하세가와 1/72 F-16A MLU 제작기 #1	278	2	2
https://m.cafe.naver.com/ca-fe/web/cafes/10503958/articles/327251	reformed17: 하세가와 1/72 KF-16D 제작기 #6	260	2	2
https://m.cafe.naver.com/ca-fe/web/cafes/10503958/articles/327214	SoapII: 별매 떡칠 대참사...	652	5	3
https://m.cafe.naver.com/ca-fe/web/cafes/10503958/articles/327208	춤붓: 1/48 kinetic kfir c10 제작기 01	291	6	2
https://m.cafe.naver.com/ca-fe/web/cafes/10503958/articles/327176	사루인: [Ace] 1/144 F-14D Tomcat	295	12	9
https://m.cafe.naver.com/ca-fe/web/cafes/10503958/articles/327074	madgun76김순오: 아카데미 1/48 F-22 랩터	593	8	6
https://m.cafe.naver.com/ca-fe/web/cafes/10503958/articles/327064	댕구: A10c  1/48 academy.   GAU8 돌리기	491	11	13
https://m.cafe.naver.com/ca-fe/web/cafes/10503958/articles/327049	노보트니: 1/48 F-16C	476	17	9
https://m.cafe.naver.com/ca-fe/web/cafes/10503958/articles/327018	쓰삐빵빵: 노니 만지작하는 F-22…(하세가와 1/48)	741	21	10
https://m.cafe.naver.com/ca-fe/web/cafes/10503958/articles/327014	SoapII: 스스로 불러온 재앙에 짓눌려	433	7	5
https://m.cafe.naver.com/ca-fe/web/cafes/10503958/articles/326987	madgun76김순오: 요즘 작업하는 이것저것~	420	15	9
https://m.cafe.naver.com/ca-fe/web/cafes/10503958/articles/326981	reformed17: 하세가와 1/72 KF-16D 제작기 #5	572	14	4
https://m.cafe.naver.com/ca-fe/web/cafes/10503958/articles/326944	주뇨니: D코퍼레이션 1/48 F-15K #1	435	17	9
https://m.cafe.naver.com/ca-fe/web/cafes/10503958/articles/326929	쓰삐빵빵: 1/48 아카데미 SBD-5 제작기 2	428	20	6
https://m.cafe.naver.com/ca-fe/web/cafes/10503958/articles/326918	다쓰붸이다: A-10C...#1.	398	6	5
https://m.cafe.naver.com/ca-fe/web/cafes/10503958/articles/325988	황구맨: 1/48 U.S. CARRIER DECK AMMO (구 스컹크 모델 1/48 NIMITZ DECK) 리뷰 및 풀 제작기! : 사진 많음 주의! 이 제품은 사지 마세요. 넌 좀 맞자!!!	573	24	21
https://m.cafe.naver.com/ca-fe/web/cafes/10503958/articles/325983	슈발리에: [FUJIMI] 1/72 F-14A 제작기	262	7	6
https://m.cafe.naver.com/ca-fe/web/cafes/10503958/articles/325979	아오조아라: MENG F/A-18F 1:48	553	13	4
https://m.cafe.naver.com/ca-fe/web/cafes/10503958/articles/325974	요가파이어: 아카데미 1/48 BF109 제작기	328	3	8
https://m.cafe.naver.com/ca-fe/web/cafes/10503958/articles/325948	도끼맨: 1/48 MIG-29 제작기	574	14	12
https://m.cafe.naver.com/ca-fe/web/cafes/10503958/articles/325945	은빛달: 울프팩 1/48 S-2E Tracker	417	7	11
https://m.cafe.naver.com/ca-fe/web/cafes/10503958/articles/325888	타키온71v천안: 아카데미 1/48 F-22 랩터 제작~~#3	457	21	24
https://m.cafe.naver.com/ca-fe/web/cafes/10503958/articles/325885	patroller: TAMIYA 1/48 F-16C	350	11	10
https://m.cafe.naver.com/ca-fe/web/cafes/10503958/articles/325877	쓰삐빵빵: 1/48 하비보스 F4U-5 제작기 2	332	11	14
https://m.cafe.naver.com/ca-fe/web/cafes/10503958/articles/325842	타키온71v천안: 스노우맨 1/35 AH-64D 아파치 롱보우 #1	388	12	10
https://m.cafe.naver.com/ca-fe/web/cafes/10503958/articles/325837	타키온71v천안: 아카데미 1/48 F-22 랩터 제작~~#2	467	10	8
https://m.cafe.naver.com/ca-fe/web/cafes/10503958/articles/325815	프라빌딩: 아카데미 1/48 Su-27	324	7	2
https://m.cafe.naver.com/ca-fe/web/cafes/10503958/articles/325788	타키온71v천안: 아카데미 1/48 F-22 랩터 제작~~~	534	13	22
https://m.cafe.naver.com/ca-fe/web/cafes/10503958/articles/325785	시나브로15: 아카데미 F15  1/72 slam eagle mcp	322	7	4
https://m.cafe.naver.com/ca-fe/web/cafes/10503958/articles/325776	madgun76김순오: 레벨 구판 1/32 호커타이픈 스텐실	180	9	12
https://m.cafe.naver.com/ca-fe/web/cafes/10503958/articles/325754	춤붓: 1/48 academy a-10c 기본도색 완료	513	18	12
https://m.cafe.naver.com/ca-fe/web/cafes/10503958/articles/325749	madgun76김순오: 레벨 구판 1/32 호커타이픈 도색2	187	5	5
https://m.cafe.naver.com/ca-fe/web/cafes/10503958/articles/325305	SINSTAR: 토네이도 ASSTA 3.1 제작기-6	196	7	4
https://m.cafe.naver.com/ca-fe/web/cafes/10503958/articles/325293	하카세: 아카데미 1/72 F-35B 도색중입니다	496	11	3
https://m.cafe.naver.com/ca-fe/web/cafes/10503958/articles/325273	Triseven: 아카데미 1/72 F-15K 제작중 - 3. 웨더링, 노즐, 무장	413	11	2
https://m.cafe.naver.com/ca-fe/web/cafes/10503958/articles/325270	Triseven: 아카데미 1/72 F-15K 제작중 - 2. 동체조립 및 기본도색	406	4	4
https://m.cafe.naver.com/ca-fe/web/cafes/10503958/articles/325263	madgun76김순오: 아카테미 1/48 F8F 베어캣 시작	266	2	4
https://m.cafe.naver.com/ca-fe/web/cafes/10503958/articles/325261	에펨맨: 아카데미 1/72 F-22  #7	349	7	15
https://m.cafe.naver.com/ca-fe/web/cafes/10503958/articles/325257	시뇨: 키티호크 Mh-6j 블랙호크다운 버전, 쉽지 않네요	399	15	23
https://m.cafe.naver.com/ca-fe/web/cafes/10503958/articles/325251	vincence73: 1/72 하세가와 p-3c 데칼작업	275	7	10
https://m.cafe.naver.com/ca-fe/web/cafes/10503958/articles/325215	뿌릉: 1/72 jaguar "Big cat" 제작중.	328	10	18
https://m.cafe.naver.com/ca-fe/web/cafes/10503958/articles/325195	쇼와비행기: 하세가와 1/48 bf-109g6 도색작업-1	313	7	4
https://m.cafe.naver.com/ca-fe/web/cafes/10503958/articles/325190	SINSTAR: 토네이도 ASSTA 3.1 제작기-5	204	6	8
https://m.cafe.naver.com/ca-fe/web/cafes/10503958/articles/325172	스큐의 프라 실험실: 1/48 Tamiya A-10A Preproduction No.6 (01)	405	11	15
https://m.cafe.naver.com/ca-fe/web/cafes/10503958/articles/325156	육항공: 타콤1/35 AH-64E APACHE GUARDIAN 조립끝-6	691	22	16
https://m.cafe.naver.com/ca-fe/web/cafes/10503958/articles/325109	다쓰붸이다: 아카 1/48 F-4B 팬텀2 VF-111 "선다우너즈"...#3.	359	9	1
https://m.cafe.naver.com/ca-fe/web/cafes/10503958/articles/325088	육항공: 타콤 1/35 AH-64E APACHE GUARDIAN 좌,우측 항전장비 베이 배선작업 및 도색 / 엔진 도색작업 완료 장착	495	15	5
https://m.cafe.naver.com/ca-fe/web/cafes/10503958/articles/325081	SINSTAR: 토네이도 ASSTA 3.1 제작기-4	237	11	2
https://m.cafe.naver.com/ca-fe/web/cafes/10503958/articles/325048	다쓰붸이다: 아카 1/48 F-4B 팬텀2 VF-111 "선다우너즈"...#2.	351	8	5
https://m.cafe.naver.com/ca-fe/web/cafes/10503958/articles/325034	madgun76김순오: 하비보스 1/48 F-14B 먹선	407	9	8
https://m.cafe.naver.com/ca-fe/web/cafes/10503958/articles/324462	후터스: IF....연방의 A-10	583	17	20
https://m.cafe.naver.com/ca-fe/web/cafes/10503958/articles/324452	애긔늬: KF-16D, 1/48 Kinetic 작업기	565	33	19
https://m.cafe.naver.com/ca-fe/web/cafes/10503958/articles/324441	madgun76김순오: 타미야1/48 P-47D레이저백도색	244	4	6
https://m.cafe.naver.com/ca-fe/web/cafes/10503958/articles/324435	mmmm072: 아카데미 1/48 A-10C 엔진 수정	636	18	11
https://m.cafe.naver.com/ca-fe/web/cafes/10503958/articles/324399	깐돌이: A10 N/W 1/32 트럼펫	454	5	5
https://m.cafe.naver.com/ca-fe/web/cafes/10503958/articles/324382	Lainisis: 1/48 아카데미 sbd-3 '돈틀리스' (2)	395	8	3
https://m.cafe.naver.com/ca-fe/web/cafes/10503958/articles/324368	심폐소생술: 아카데미 1/72 A10-A	347	5	2
https://m.cafe.naver.com/ca-fe/web/cafes/10503958/articles/324362	프라빌딩: 하세가와 1/200 A320 제작기 (2)	175	3	2
https://m.cafe.naver.com/ca-fe/web/cafes/10503958/articles/324290	vincence73: 하세가와 p-3c 오라이언 작업중입니다	275	13	3
https://m.cafe.naver.com/ca-fe/web/cafes/10503958/articles/324282	에펨맨: 아카데미 1/72 F-22 #6	394	14	13
https://m.cafe.naver.com/ca-fe/web/cafes/10503958/articles/324249	Eunhasu: su57 제작기 2	485	10	1
https://m.cafe.naver.com/ca-fe/web/cafes/10503958/articles/324247	Eunhasu: su57제작기 1	312	9	2
https://m.cafe.naver.com/ca-fe/web/cafes/10503958/articles/324245	Lainisis: 1/48 아카데미 sbd-3 '돈틀리스' (1)	333	8	0
https://m.cafe.naver.com/ca-fe/web/cafes/10503958/articles/324236	육항공: 타콤 AH-64E APACHE GUARDIAN 대한민국 육군형-2	538	10	7
https://m.cafe.naver.com/ca-fe/web/cafes/10503958/articles/324227	시나브로15: 아카데미 F14 1/48 제작중입니다!! #3	285	8	0
https://m.cafe.naver.com/ca-fe/web/cafes/10503958/articles/324189	kovak: #4 아카데미 F-15K SLAMEAGLE 마지막 제작기	473	10	3
https://m.cafe.naver.com/ca-fe/web/cafes/10503958/articles/324174	쓰삐빵빵: 1/48 타미야 F-35 제작기 4	534	12	4
https://m.cafe.naver.com/ca-fe/web/cafes/10503958/articles/324106	모터: 아카데미 1/48 A-10C	526	12	9
https://m.cafe.naver.com/ca-fe/web/cafes/10503958/articles/323454	쓰삐빵빵: 1/48 타미야 F-35 제작기	1502	16	14
https://m.cafe.naver.com/ca-fe/web/cafes/10503958/articles/323421	sh2944: USMC AH-1Z "viper" - 1	486	16	5
https://m.cafe.naver.com/ca-fe/web/cafes/10503958/articles/323408	슈발리에: [울프팩디자인] 1/72 PBY-4 Catalina WIP #1.	301	7	2
https://m.cafe.naver.com/ca-fe/web/cafes/10503958/articles/323397	에이치지: 1/72 F-14B 'Jolly Rogers' #2	334	8	8
https://m.cafe.naver.com/ca-fe/web/cafes/10503958/articles/323325	강셈: 아카데미 F-22 1/72 scale	584	19	12
https://m.cafe.naver.com/ca-fe/web/cafes/10503958/articles/323284	AviationGE: Emirates A380-861 DUBAI EXPO 제작기	283	8	6
https://m.cafe.naver.com/ca-fe/web/cafes/10503958/articles/323275	Lainisis: 1/72 아카데미 F-14B '졸리 로저스' (1)	427	9	1
https://m.cafe.naver.com/ca-fe/web/cafes/10503958/articles/323207	OrangeBoom: TAMIYA 1/32 P-51D_Engine_#01	410	7	0
https://m.cafe.naver.com/ca-fe/web/cafes/10503958/articles/323206	육항공: 타콤 1/35 AH-64E APACHE GUARDIAN-1	609	6	4
https://m.cafe.naver.com/ca-fe/web/cafes/10503958/articles/323184	타키온71v천안: 아카데미 1/48 SU-27 FLANKER B 엔진부 도색	665	16	11
https://m.cafe.naver.com/ca-fe/web/cafes/10503958/articles/323148	아오조아라: ITALERI 1:12 스케일 F-104 조종석	431	9	14
https://m.cafe.naver.com/ca-fe/web/cafes/10503958/articles/323126	잠자리 날틀: 충남소방 AW-139 제작	474	14	5
https://m.cafe.naver.com/ca-fe/web/cafes/10503958/articles/323068	항덕인 프라모델러: Emirates A380-861 DUBAI EXPO 제작기	328	10	7
https://m.cafe.naver.com/ca-fe/web/cafes/10503958/articles/322970	접착제테러협회장: F-104G 마지막 제작기 ##4	291	6	3
https://m.cafe.naver.com/ca-fe/web/cafes/10503958/articles/322966	쓰삐빵빵: 1/72 아카데미 호넷C 제작기 3	246	12	10
https://m.cafe.naver.com/ca-fe/web/cafes/10503958/articles/322270	모형광: WWII U.S.NAVY F4U CORSATR FIGHTER - 계란 비행기-04	292	4	2
https://m.cafe.naver.com/ca-fe/web/cafes/10503958/articles/322195	하늘색: 연말에도 프라모델	349	1	2
https://m.cafe.naver.com/ca-fe/web/cafes/10503958/articles/322180	도색린이: SB2U-3 Vindicator 제작기	276	3	5
https://m.cafe.naver.com/ca-fe/web/cafes/10503958/articles/322166	프라닷 키친: 조언 감사드립니다.	525	2	24
https://m.cafe.naver.com/ca-fe/web/cafes/10503958/articles/322129	AH64E: F-15K 1/72 타우러스 도색	549	9	3
https://m.cafe.naver.com/ca-fe/web/cafes/10503958/articles/322063	얼레벌레: 1/72 f/a-18f 호넷 #1	313	9	2
https://m.cafe.naver.com/ca-fe/web/cafes/10503958/articles/322038	Triseven: 아카데미 1/72 KF-16C 제작 중	435	11	5
https://m.cafe.naver.com/ca-fe/web/cafes/10503958/articles/322021	타키온71v천안: 하세가와 1/48 F-16D 기본도색~~~	391	7	13
https://m.cafe.naver.com/ca-fe/web/cafes/10503958/articles/321982	허럴룰루: 1/144 F-14 + F-8 제작기 #1 조립	572	11	8
https://m.cafe.naver.com/ca-fe/web/cafes/10503958/articles/321976	A Few Good Men: Kitty Hawk [1/48] F-35A 무장창 디테일업	303	13	4
https://m.cafe.naver.com/ca-fe/web/cafes/10503958/articles/321920	타키온71v천안: 이제 도색...   근데 춥네여~~~~	361	6	10
https://m.cafe.naver.com/ca-fe/web/cafes/10503958/articles/321919	모형광: WWII U.S.NAVY F4U CORSATR FIGHTER - 계란 비행기-03	150	5	0
https://m.cafe.naver.com/ca-fe/web/cafes/10503958/articles/321905	에펨맨: 아카데미 F-14A 1/72 제작기입니다. #4	432	11	10
https://m.cafe.naver.com/ca-fe/web/cafes/10503958/articles/321884	타키온71v천안: 하세가와 1/48 F-16D 만들기 시작~~	350	10	14
https://m.cafe.naver.com/ca-fe/web/cafes/10503958/articles/321867	PEARLZERO: 아카데미 1/72 F-4J 팬텀(1)	347	3	2
https://m.cafe.naver.com/ca-fe/web/cafes/10503958/articles/321859	탄산: ACADEMY 1/35 AH-1Z "VIPER"	386	8	2
https://m.cafe.naver.com/ca-fe/web/cafes/10503958/articles/321807	다쓰붸이다: 아카데미 1/48 제로...#2.	697	11	25
https://m.cafe.naver.com/ca-fe/web/cafes/10503958/articles/321799	다쓰붸이다: 아카데미 1/48 제로...#1.	615	8	8
https://m.cafe.naver.com/ca-fe/web/cafes/10503958/articles/321755	정진우: 모노그램 F-100 선파기	350	5	10
https://m.cafe.naver.com/ca-fe/web/cafes/10503958/articles/321234	A Few Good Men: [1/32] KF-16C/D 제작중	440	10	11
https://m.cafe.naver.com/ca-fe/web/cafes/10503958/articles/321197	일본기 고인물: 이상한 me-262 (ki-201카류)	374	17	2
https://m.cafe.naver.com/ca-fe/web/cafes/10503958/articles/321187	타키온71v천안: 키티호크 1/48 F-35C 라이트닝2	374	11	5
https://m.cafe.naver.com/ca-fe/web/cafes/10503958/articles/321150	다쓰붸이다: F-35A...#1.	311	6	2
https://m.cafe.naver.com/ca-fe/web/cafes/10503958/articles/321122	춤붓: 1/48 F-15 ACTIVE 제작기 01	384	5	0
https://m.cafe.naver.com/ca-fe/web/cafes/10503958/articles/321092	돈쥬앙: (하세가와)kf-16d ...점점 산으로 가서 완구가 되어가고 있습니다..ㅠㅠ	528	13	11
https://m.cafe.naver.com/ca-fe/web/cafes/10503958/articles/321085	Africa: 'Jolly Rogers' 12탄 1/48 Hobby boss 2004년 F-14B VF-103 마지막 제작기	297	7	7
https://m.cafe.naver.com/ca-fe/web/cafes/10503958/articles/321083	Africa: 'Jolly Rogers' 11탄 1/48 Hobby boss 2000년 Santa Cat F-14B VF-103 마지막 제작기	235	4	4
https://m.cafe.naver.com/ca-fe/web/cafes/10503958/articles/321058	PEARLZERO: 아카데미 1/32 F/A-18C...	472	5	1
https://m.cafe.naver.com/ca-fe/web/cafes/10503958/articles/321028	브란덴부르크: 아카데미 1:48 P38을 제작 시작했습니다.	663	19	26
https://m.cafe.naver.com/ca-fe/web/cafes/10503958/articles/321002	cadet57: 레벨/모노그램 F-106 델타다트 - 1	303	7	4
https://m.cafe.naver.com/ca-fe/web/cafes/10503958/articles/321001	cadet57: 1/48 G.W.H F-15E 제작기-3	571	12	5
https://m.cafe.naver.com/ca-fe/web/cafes/10503958/articles/320983	A Few Good Men: [1/32] KF-16C/D 제작중	519	10	11
https://m.cafe.naver.com/ca-fe/web/cafes/10503958/articles/320904	김승국 dino꾹: 1/32  트럼페트 MIG-29K동체 도색	334	6	6
https://m.cafe.naver.com/ca-fe/web/cafes/10503958/articles/320894	나근나근: F-14 톰캣 먹선하다 깨먹은거 복구	266	7	5
https://m.cafe.naver.com/ca-fe/web/cafes/10503958/articles/320892	또윤아빠: 하세가와 1/48 F-4E 팬텀II ‘30th Anniversary’ (5)	265	10	8
https://m.cafe.naver.com/ca-fe/web/cafes/10503958/articles/320863	Africa: 'Jolly Rogers' 12탄 1/48 Hobby boss 2004년 F-14B VF-103 제작기-3	322	5	4
https://m.cafe.naver.com/ca-fe/web/cafes/10503958/articles/320862	Africa: 'Jolly Rogers' 11탄 1/48 Hobby boss 2000년 Santa Cat F-14B VF-103 제작기-3	195	4	2
https://m.cafe.naver.com/ca-fe/web/cafes/10503958/articles/320835	풍동주민: [항공기제작기] TAMIYA 1/48 F-16C [BLOCK25/32] KF-16U라고 우기기 #2	642	20	11
https://m.cafe.naver.com/ca-fe/web/cafes/10503958/articles/320163	에이치지: T-50 'Black eagles' - Cockpit	484	9	8
https://m.cafe.naver.com/ca-fe/web/cafes/10503958/articles/320154	Africa: 'Jolly Rogers' 12탄 1/48 Hobby boss 2004년  F-14B VF-103 제작기-1	200	3	11
https://m.cafe.naver.com/ca-fe/web/cafes/10503958/articles/320153	Africa: 'Jolly Rogers' 11탄 1/48 Hobby boss 2000년 Santa Cat F-14B VF-103 제작기-1	257	3	0
https://m.cafe.naver.com/ca-fe/web/cafes/10503958/articles/320141	다쓰붸이다: US NAVY F-14B Tomcat VF-103 "Jolly Rogers"...#2.	437	13	4
https://m.cafe.naver.com/ca-fe/web/cafes/10503958/articles/320134	나근나근: 에나멜 희석 비율	613	2	14
https://m.cafe.naver.com/ca-fe/web/cafes/10503958/articles/320127	나근나근: 타미야 F-14 톰켓 앞유리실패	413	6	2
https://m.cafe.naver.com/ca-fe/web/cafes/10503958/articles/320122	나근나근: 타미야 F-14 톰켓 앞유리	352	3	12
https://m.cafe.naver.com/ca-fe/web/cafes/10503958/articles/320096	Triseven: 아카데미 1/72 F/A-18F 제작 중 (2)	390	11	2
https://m.cafe.naver.com/ca-fe/web/cafes/10503958/articles/319993	김승국 dino꾹: 아카데미 1/48 SBD5	396	15	17
https://m.cafe.naver.com/ca-fe/web/cafes/10503958/articles/319990	브란덴부르크: 근 2년만에 잡은 항공기 - 1:72 B29 에놀라게이	664	15	24
https://m.cafe.naver.com/ca-fe/web/cafes/10503958/articles/319974	madgun76김순오: 레벨(모노그람)EA-6A 콕핏	335	7	6
https://m.cafe.naver.com/ca-fe/web/cafes/10503958/articles/319972	초딩모델러: 아카데미 A10a 도색! !	467	7	1
https://m.cafe.naver.com/ca-fe/web/cafes/10503958/articles/319965	연우아빠: 아이디어 고전 블루썬더 _ RC작업기 03 _ 연우아빠 신상원편	235	14	10
https://m.cafe.naver.com/ca-fe/web/cafes/10503958/articles/319951	나근나근: 타미야 F-14 톰켓 콕핏	625	11	11
https://m.cafe.naver.com/ca-fe/web/cafes/10503958/articles/319919	연우아빠: 아이디어사 고전 블루썬더 _ RC화 작업기02 _ 연우아빠 신상원편	343	18	22
https://m.cafe.naver.com/ca-fe/web/cafes/10503958/articles/319907	황구맨: 아카데미 1/48 F-117A NIGHTHAWK "LAST FLIGHT" 간단 리뷰 및 제작기 (사진 정말 많음요! 초초스압 주의!)	772	35	20
https://m.cafe.naver.com/ca-fe/web/cafes/10503958/articles/319877	춤붓: 1/48 키네틱 슈퍼 에텡다드 도색편	219	4	0
https://m.cafe.naver.com/ca-fe/web/cafes/10503958/articles/319875	일본기 고인물: 파인몰드 1/48 혜성함폭11형	310	14	6
https://m.cafe.naver.com/ca-fe/web/cafes/10503958/articles/319243	탄산: KA models 1/72 F-14A "Santacat" #3	263	10	1
https://m.cafe.naver.com/ca-fe/web/cafes/10503958/articles/319225	madgun76김순오: 아카데미 1/48 F-22 도색	567	18	10
https://m.cafe.naver.com/ca-fe/web/cafes/10503958/articles/319219	명인만두: Tamiya 1/48 A-1H Sky raider 웨더링작업	486	29	19
https://m.cafe.naver.com/ca-fe/web/cafes/10503958/articles/319201	춤붓: 1/48 키네틱 슈퍼에텡다드	327	5	4
https://m.cafe.naver.com/ca-fe/web/cafes/10503958/articles/319186	madgun76김순오: 베이스만들고 매버릭 완료~~했어요!	415	9	8
https://m.cafe.naver.com/ca-fe/web/cafes/10503958/articles/319181	풍라이다: 올만에  하니까 이상하게 되가네요..	331	5	4
https://m.cafe.naver.com/ca-fe/web/cafes/10503958/articles/319171	또윤아빠: 하세가와 1/48 F-4E 팬텀II ‘30th Anniversary’ (2)	332	6	2
https://m.cafe.naver.com/ca-fe/web/cafes/10503958/articles/319140	백마탄환자: 아카데미 1/48 F-15E 시모어 존슨 (1)	658	15	9
https://m.cafe.naver.com/ca-fe/web/cafes/10503958/articles/319133	Africa: 1/48 Academy F-4J 'Diamondbacks' VF-102 제작기-1	343	8	16
https://m.cafe.naver.com/ca-fe/web/cafes/10503958/articles/319132	Africa: 'Jolly Rogers' 10탄 1/48 Academy 1972년 F-4J VF-84 제작기-1	322	7	6
https://m.cafe.naver.com/ca-fe/web/cafes/10503958/articles/319131	Africa: 'Jolly Rogers' 9탄 1/48 Academy 1966년 F-4B VF-84 제작기-1	197	4	3
https://m.cafe.naver.com/ca-fe/web/cafes/10503958/articles/319130	Africa: 'Jolly Rogers' 8탄 1/48 Academy 1964년 F-4B VF-84 제작기-1	194	5	2
https://m.cafe.naver.com/ca-fe/web/cafes/10503958/articles/319129	Africa: Jolly Rogers' 7탄 1/48 Hasagawa 1963년 F-8 VF-84 제작기-3	135	3	0
https://m.cafe.naver.com/ca-fe/web/cafes/10503958/articles/319128	Africa: 'Jolly Rogers' 6탄 1/48 Hobby Boss 1957년 F3H-2 VF-61 마지막 제작기	131	4	0
https://m.cafe.naver.com/ca-fe/web/cafes/10503958/articles/319097	앵무조개: 타미야 1/32  phantom  제작중입니다.	701	24	24
https://m.cafe.naver.com/ca-fe/web/cafes/10503958/articles/319093	아오조아라: 1:32 F4U-1D 콜세어 (2)엔진	349	9	7
https://m.cafe.naver.com/ca-fe/web/cafes/10503958/articles/319057	풍라이다: 하세가와 1/48 머스탱	305	6	10
https://m.cafe.naver.com/ca-fe/web/cafes/10503958/articles/319046	patroller: 1/48  F-4C	429	17	4
https://m.cafe.naver.com/ca-fe/web/cafes/10503958/articles/319041	madgun76김순오: 아카데미 1/48 F-22조립	469	5	2
https://m.cafe.naver.com/ca-fe/web/cafes/10503958/articles/319039	다쓰붸이다: 수퍼마린 어태커...#1.	351	8	16
https://m.cafe.naver.com/ca-fe/web/cafes/10503958/articles/318628	스큐의 프라 실험실: 1/32 Hasegawa F-5E 00 Section Kazama Shin - 80%	506	15	14
https://m.cafe.naver.com/ca-fe/web/cafes/10503958/articles/318608	주뇨니: GWH 1/48 SU-27 Flanker #11	411	23	14
https://m.cafe.naver.com/ca-fe/web/cafes/10503958/articles/318606	인아크: 1/48 TA-50 (2)	280	7	0
https://m.cafe.naver.com/ca-fe/web/cafes/10503958/articles/318566	LARENFEZ: USN F-14 VF-143 "PUKIN DOGS"	385	14	4
https://m.cafe.naver.com/ca-fe/web/cafes/10503958/articles/318549	보리74: F/A-18F Black knights	371	9	6
https://m.cafe.naver.com/ca-fe/web/cafes/10503958/articles/318532	뿌릉: 대한민국 공군 T-59 제트 트레이너 작업중 입니다.	379	17	18
https://m.cafe.naver.com/ca-fe/web/cafes/10503958/articles/318501	슈발리에: Meng 1/48 F/A-18E pt2.	377	16	2
https://m.cafe.naver.com/ca-fe/web/cafes/10503958/articles/318499	스고이: 1/48 TAMIYA F-16C 제작기.1	581	16	11
https://m.cafe.naver.com/ca-fe/web/cafes/10503958/articles/318477	인아크: 1/48 TA-50 -1	511	12	6
https://m.cafe.naver.com/ca-fe/web/cafes/10503958/articles/318466	madgun76김순오: 1/48 F-35	648	6	20
https://m.cafe.naver.com/ca-fe/web/cafes/10503958/articles/318397	타키온71v천안: 하비보스 1/48 A6 도색 시작~~	311	7	1
https://m.cafe.naver.com/ca-fe/web/cafes/10503958/articles/318393	김승국 dino꾹: 레벨 1/48 B-25J	260	8	6
https://m.cafe.naver.com/ca-fe/web/cafes/10503958/articles/318300	LARENFEZ: 탑건 매버릭 보고 만들고있어요! (붓도색)	612	23	11
https://m.cafe.naver.com/ca-fe/web/cafes/10503958/articles/318259	madgun76김순오: 아카데미 1/72 F-15E 조립	347	6	1
https://m.cafe.naver.com/ca-fe/web/cafes/10503958/articles/318257	에이치지: ACADEMY F-14A : Top Gun 붓도색 #1	435	9	7
https://m.cafe.naver.com/ca-fe/web/cafes/10503958/articles/318253	RAPTER: 1/48 블랙이글스 제작기 <1>	293	4	1
https://m.cafe.naver.com/ca-fe/web/cafes/10503958/articles/318208	Africa: 'Jolly Rogers' 7탄 1/48 Hasagawa 1963년 F-8 VF-84 제작기-1	325	8	8
https://m.cafe.naver.com/ca-fe/web/cafes/10503958/articles/318175	rtur: 1/48 f-15k 제작기 2	537	3	9
https://m.cafe.naver.com/ca-fe/web/cafes/10503958/articles/318160	madgun76김순오: 하루1시간~~	310	9	3
https://m.cafe.naver.com/ca-fe/web/cafes/10503958/articles/318151	레마: 초보가 하세가와 시덴카이 데칼 붙였어요 보러오세요	241	2	6
https://m.cafe.naver.com/ca-fe/web/cafes/10503958/articles/317259	vincence73: 주말 아카데미과학 F-14 톰캣 시작하였습니다	783	11	9
https://m.cafe.naver.com/ca-fe/web/cafes/10503958/articles/317229	명인만두: Hobby boss 1/48 Tornado IDS 웨더링작업 ✔️	338	24	16
https://m.cafe.naver.com/ca-fe/web/cafes/10503958/articles/317186	나근나근: 아카데미 F-4C 작업중 도색 후 먹선	318	5	3
https://m.cafe.naver.com/ca-fe/web/cafes/10503958/articles/317118	스고이: 1/48 meng model F/A-18F VFA-2 바운티 헌터스 제작기.5	439	20	3
https://m.cafe.naver.com/ca-fe/web/cafes/10503958/articles/317110	탄산: ACADEMY 1/72 F/A-18 "MAVERICK" #1	398	9	5
https://m.cafe.naver.com/ca-fe/web/cafes/10503958/articles/317107	madgun76김순오: 하세가와 1/48 F4U-5 콜세어	271	16	3
https://m.cafe.naver.com/ca-fe/web/cafes/10503958/articles/317067	Africa: 'Jolly Rogers' 4탄 1/48 Eduard 1948년 F6F-5 VF-5B 제작기-2	177	3	1
https://m.cafe.naver.com/ca-fe/web/cafes/10503958/articles/317047	Gray Jet: GWH 1/48 Mig-29 Ghost of Kyiv 제작중	549	21	17
https://m.cafe.naver.com/ca-fe/web/cafes/10503958/articles/316962	스고이: 1/48 meng model F/A-18F VFA-2 바운티 헌터스 제작기.4	469	19	6
https://m.cafe.naver.com/ca-fe/web/cafes/10503958/articles/316916	norara016: 말벌때 구입후 달리고 있심다~	456	13	4
https://m.cafe.naver.com/ca-fe/web/cafes/10503958/articles/316872	다쓰붸이다: 장수말벌떼...#3.	608	19	34
https://m.cafe.naver.com/ca-fe/web/cafes/10503958/articles/316840	스고이: 1/48 meng model F/A-18F VFA-2 바운티 헌터스 제작기.3	485	19	5
https://m.cafe.naver.com/ca-fe/web/cafes/10503958/articles/316819	madgun76김순오: 하세가와 1/48 BF109F-2 제작 중단,고증 무시완료	235	12	2
https://m.cafe.naver.com/ca-fe/web/cafes/10503958/articles/316797	은빛달: [항공기 가조] 하세가와 1/48 F-4EJ Kai 시작 하고자 합니다...	351	5	4
https://m.cafe.naver.com/ca-fe/web/cafes/10503958/articles/316796	Seop: 아카데미 1/72 AH-64D	269	6	2
https://m.cafe.naver.com/ca-fe/web/cafes/10503958/articles/316784	짜구로: 1/48 Tamiya Fairey SwordFish #3	192	6	0
https://m.cafe.naver.com/ca-fe/web/cafes/10503958/articles/316746	다쓰붸이다: Bell UH-1B "Huey"...#2.	192	7	2
https://m.cafe.naver.com/ca-fe/web/cafes/10503958/articles/316737	madgun76김순오: 하비보스1/48 F6F-5N 헬캣	269	8	1
https://m.cafe.naver.com/ca-fe/web/cafes/10503958/articles/316294	스큐의 프라 실험실: 1/32 Hasegawa F-5E A-88 00 Section Kazama Shin -- 초보(?)도 가능(?!)한 유니콘 스텐실 따라하기!	402	19	20
https://m.cafe.naver.com/ca-fe/web/cafes/10503958/articles/316288	madgun76김순오: 타미야 1/48 F4U-1 웨더링	232	7	3
https://m.cafe.naver.com/ca-fe/web/cafes/10503958/articles/316279	스고이: 1/48 meng model F/A-18F VFA-2 바운티 헌터스 제작기.2	565	17	16
https://m.cafe.naver.com/ca-fe/web/cafes/10503958/articles/316266	madgun76김순오: 타미야1/48 F4U-1 콜세어도색	410	14	4
https://m.cafe.naver.com/ca-fe/web/cafes/10503958/articles/316251	탄산: ACADEMY 1/72 SU-57 "FELON" #3	416	10	4
https://m.cafe.naver.com/ca-fe/web/cafes/10503958/articles/316250	탄산: ACADEMY 1/72 SU-57 "FELON" #2	292	10	4
https://m.cafe.naver.com/ca-fe/web/cafes/10503958/articles/316249	탄산: ACADEMY 1/72 SU-57 "FELON" #1	239	5	0
https://m.cafe.naver.com/ca-fe/web/cafes/10503958/articles/316245	Africa: 'Jolly Rogers" 2탄 1/48 Trumpeter 1951,1952년 F9F-2 VF-61 제작기-2	138	4	1
https://m.cafe.naver.com/ca-fe/web/cafes/10503958/articles/316243	사춘기 시즌2: 수학의 정석	380	5	8
https://m.cafe.naver.com/ca-fe/web/cafes/10503958/articles/316161	짜구로: 1/48 tamiya F4u-1D Corsair	390	13	13
https://m.cafe.naver.com/ca-fe/web/cafes/10503958/articles/316118	Africa: 'Jolly Rogers" 2탄 1/48 Trumpeter 1951,1952년 F9F-2 VF-61 제작기-1	131	4	2
https://m.cafe.naver.com/ca-fe/web/cafes/10503958/articles/316113	스고이: 1/48 meng model F/A-18F VFA-2 바운티 헌터스 제작기.1	451	12	26
https://m.cafe.naver.com/ca-fe/web/cafes/10503958/articles/316105	승현아빠: 완성좀해보자-아이디어회관 Jaguar GR.1 1/72 #1	441	11	12
https://m.cafe.naver.com/ca-fe/web/cafes/10503958/articles/316095	잠시주차: 아카데미 1/48 B25C 제작 중 입니다.	236	10	0
https://m.cafe.naver.com/ca-fe/web/cafes/10503958/articles/315951	폰투스: 아카데미 1/72 F-14 Tomcat(구판) 제작기(1)	489	5	5
https://m.cafe.naver.com/ca-fe/web/cafes/10503958/articles/315950	폰투스: 하세가와 1/72 F-14A Tomcat 제작기(1)	261	5	1
https://m.cafe.naver.com/ca-fe/web/cafes/10503958/articles/315920	나근나근: 아카데미 F-4C 작업중 (콕핏)	286	12	8
https://m.cafe.naver.com/ca-fe/web/cafes/10503958/articles/315911	댕구: 1/6 P51d  벤치만들기	232	2	6
https://m.cafe.naver.com/ca-fe/web/cafes/10503958/articles/315211	maestro: Flyhawk)Bismarck.....8	180	13	9
https://m.cafe.naver.com/ca-fe/web/cafes/10503958/articles/315140	쓰삐빵빵: 1/72 즈베즈다 SU-57	687	19	8
https://m.cafe.naver.com/ca-fe/web/cafes/10503958/articles/315131	에펨맨: 아카데미 1/72 f-18 red devils 제작기	284	11	4
https://m.cafe.naver.com/ca-fe/web/cafes/10503958/articles/315111	sanwam82004: 아카데미 1/35UH-1C 노즈아트 엔진	420	12	13
https://m.cafe.naver.com/ca-fe/web/cafes/10503958/articles/315063	춤붓: TAMIYA 1/48 F-14D - 데칼, 웨더링	369	15	9
https://m.cafe.naver.com/ca-fe/web/cafes/10503958/articles/315039	탄산: ITALERI 1/48 BAE HAWK "RED ARROWS" #2	110	5	2
https://m.cafe.naver.com/ca-fe/web/cafes/10503958/articles/315035	산바람: 1/48 Westland Wyvern S.4 제작 #2	168	6	2
https://m.cafe.naver.com/ca-fe/web/cafes/10503958/articles/315033	주뇨니: GWH 1/48 SU-27 Flanker #6	355	14	11
https://m.cafe.naver.com/ca-fe/web/cafes/10503958/articles/314987	탄산: ITALERI 1/48 BAE HAWK "RED ARROWS" #1	182	6	1
https://m.cafe.naver.com/ca-fe/web/cafes/10503958/articles/314975	재민지빠: missle seeker cap	258	6	3
https://m.cafe.naver.com/ca-fe/web/cafes/10503958/articles/314925	나근나근: 타미야 1/48 F-16 C/N 작업기 (캐노피 임시접착?)	393	4	8
https://m.cafe.naver.com/ca-fe/web/cafes/10503958/articles/314923	허럴룰루: 1/72 Hasegawa F-111 제작기 #4 무장	321	8	10
https://m.cafe.naver.com/ca-fe/web/cafes/10503958/articles/314882	산바람: 1/48 Westland Wyvern S.4 제작1#1	255	11	7
https://m.cafe.naver.com/ca-fe/web/cafes/10503958/articles/314851	스고이: 1/48 하세가와 F/A-18F 슈퍼호넷 제작기 5	464	11	11
https://m.cafe.naver.com/ca-fe/web/cafes/10503958/articles/314833	SoapII: 오랜만에 올려보는 제작 근황	244	8	1
https://m.cafe.naver.com/ca-fe/web/cafes/10503958/articles/314824	주뇨니: GWH 1/48 SU-27 Flanker #5	225	9	5
https://m.cafe.naver.com/ca-fe/web/cafes/10503958/articles/314819	다쓰붸이다: USN F-8E VF-103 "Sluggers" USS Forrestal, 1964...#2.	333	10	16
https://m.cafe.naver.com/ca-fe/web/cafes/10503958/articles/314807	다쓰붸이다: USN F-8E VF-103 "Sluggers" USS Forrestal, 1964...#1.	251	10	2
https://m.cafe.naver.com/ca-fe/web/cafes/10503958/articles/314759	나근나근: 타미야 1/48 F-16 C/N 작업기(콕핏)	331	8	11
https://m.cafe.naver.com/ca-fe/web/cafes/10503958/articles/86770	러쉬아나: 1/48 ACADEMY MIG-29AS "Slovak Air Force"#-1	493	0	0
https://m.cafe.naver.com/ca-fe/web/cafes/10503958/articles/86692	슈발리에: Dragon 1/32 Bf 109E pt.1	289	0	0
https://m.cafe.naver.com/ca-fe/web/cafes/10503958/articles/86615	지기: [1/48, Kinetic] F-16A ROCAF - 제작기 1 (레진콕핏조립)	363	0	0
https://m.cafe.naver.com/ca-fe/web/cafes/10503958/articles/86552	산바람: KF-16D 제작 (3)	308	0	0
https://m.cafe.naver.com/ca-fe/web/cafes/10503958/articles/86551	산바람: Kf-16D 제작 (2)	250	0	0
https://m.cafe.naver.com/ca-fe/web/cafes/10503958/articles/86405	Albas97: F/A-18 chippy ho! 제작기(9)	351	0	0
https://m.cafe.naver.com/ca-fe/web/cafes/10503958/articles/86274	Albas97: F/A-18 choppy ho! 제작기 (8)	375	0	0
https://m.cafe.naver.com/ca-fe/web/cafes/10503958/articles/86183	Albas97: F/A-18 chippy ho! 제작기(7)	306	0	0
https://m.cafe.naver.com/ca-fe/web/cafes/10503958/articles/85062	안드라스: 아카데미 1/48 F-15E 제작중(5)	296	0	0
https://m.cafe.naver.com/ca-fe/web/cafes/10503958/articles/84974	Albas97: BF-109 E3 제작기(3)	536	0	0
https://m.cafe.naver.com/ca-fe/web/cafes/10503958/articles/84973	Albas97: F/A-18 "Cippy Ho" 작업기 (2)	489	0	0
https://m.cafe.naver.com/ca-fe/web/cafes/10503958/articles/83960	민서아빠: [Rafale_C제작기No.1]	317	0	3
https://m.cafe.naver.com/ca-fe/web/cafes/10503958/articles/83930	노숙지존: 1/48 f16c block 32 ang 작업 04 1차 목업..그리고 시행착오.ㅠㅠ	296	0	0
https://m.cafe.naver.com/ca-fe/web/cafes/10503958/articles/83929	노숙지존: 1/48 f16c block 32 ang 작업기 대신..디오라마 판짜기	305	0	0
https://m.cafe.naver.com/ca-fe/web/cafes/10503958/articles/83753	짐승군: 아카데미1/48 수호이 SU-27UB 플랭커C	417	0	0
https://m.cafe.naver.com/ca-fe/web/cafes/10503958/articles/83675	노숙지존: 1/48 f16c block 32 ang 작업 02 조립 써페이서~	409	0	0
https://m.cafe.naver.com/ca-fe/web/cafes/10503958/articles/83653	유진아빠: [생존신고] 오랜만에 인사드립니다~ ^^	242	0	0
https://m.cafe.naver.com/ca-fe/web/cafes/10503958/articles/83583	gabiank: [1/144] 아카데미 F-4E PHANTOM 2	413	0	0
https://m.cafe.naver.com/ca-fe/web/cafes/10503958/articles/81760	매버릭: ACADEMY 1/48 F-15K SLAM EAGLE "R.O.K AIR FORCE[7]	2122	0	0
https://m.cafe.naver.com/ca-fe/web/cafes/10503958/articles/81735	지기: [1/72, Trumperter] CH-47 Chinook 제작기	491	1	0
https://m.cafe.naver.com/ca-fe/web/cafes/10503958/articles/81482	지기: [1/35, Academy] AH-1W SUPER COBRA "NTS UPDATE" 제작기	407	0	7
https://m.cafe.naver.com/ca-fe/web/cafes/10503958/articles/81309	카포네: [달걀비행기] 무스탕 작업중	322	0	0
https://m.cafe.naver.com/ca-fe/web/cafes/10503958/articles/81243	Albas97: BF109-E3 메서슈미트 제작기(1)	712	0	0
https://m.cafe.naver.com/ca-fe/web/cafes/10503958/articles/81170	매버릭: ACADEMY 1/48 F-15K SLAM EAGLE "R.O.K AIR FORCE[6]	2312	0	15
https://m.cafe.naver.com/ca-fe/web/cafes/10503958/articles/81161	김대일: C-27J Spartan [1:72 ITALERI] 제작기 -1	262	0	0
https://m.cafe.naver.com/ca-fe/web/cafes/10503958/articles/81079	157WP: F-15E strike eagle with weapon 제작기_Wing	433	1	0
https://m.cafe.naver.com/ca-fe/web/cafes/10503958/articles/81014	바람붓: 생존신고!	284	0	0
https://m.cafe.naver.com/ca-fe/web/cafes/10503958/articles/80773	왕조사: F-16I 수파 작업 27	2049	0	0
https://m.cafe.naver.com/ca-fe/web/cafes/10503958/articles/80740	왕조사: F-16I 수파 작업 26	877	0	0
https://m.cafe.naver.com/ca-fe/web/cafes/10503958/articles/80686	프라세상: F-15K 슬램이글 제작기2편	651	0	0
https://m.cafe.naver.com/ca-fe/web/cafes/10503958/articles/77865	왕조사: KF-5E 작업 5	913	0	0
https://m.cafe.naver.com/ca-fe/web/cafes/10503958/articles/77829	매버릭: ACADEMY 1/48 F-15K SLAM EAGLE "R.O.K AIR FORCE[3]	2853	0	0
https://m.cafe.naver.com/ca-fe/web/cafes/10503958/articles/77792	파스텔: F-15K (4)	376	0	0
https://m.cafe.naver.com/ca-fe/web/cafes/10503958/articles/77755	왕조사: KF-5E 작업 4	954	0	0
https://m.cafe.naver.com/ca-fe/web/cafes/10503958/articles/77648	왕조사: KF-5E 작업 3	991	0	0
https://m.cafe.naver.com/ca-fe/web/cafes/10503958/articles/77578	왕조사: KF-5E 작업 2	1027	0	0
https://m.cafe.naver.com/ca-fe/web/cafes/10503958/articles/77553	왕조사: KF-5E 작업 1	1209	0	0
https://m.cafe.naver.com/ca-fe/web/cafes/10503958/articles/76899	AERO: 1/48 RAFALE B (3)	349	0	0
https://m.cafe.naver.com/ca-fe/web/cafes/10503958/articles/76855	AERO: 1/48 RAFALE B (2)	338	0	0
https://m.cafe.naver.com/ca-fe/web/cafes/10503958/articles/76688	스코: UH-60P 제작(1)	365	0	0
https://m.cafe.naver.com/ca-fe/web/cafes/10503958/articles/75726	왕조사: F-16I 수파 작업 17	1269	0	0
https://m.cafe.naver.com/ca-fe/web/cafes/10503958/articles/75559	매버릭: ACADEMY 1/48 F-15K SLAM EAGLE "R.O.K AIR FORCE[1]	3970	0	56
https://m.cafe.naver.com/ca-fe/web/cafes/10503958/articles/75451	왕조사: F-16I 수파 작업 16	1192	0	0
https://m.cafe.naver.com/ca-fe/web/cafes/10503958/articles/75430	매버릭: ACADEMY 1/48 F-15K  SLAM EAGLE	2979	0	0
https://m.cafe.naver.com/ca-fe/web/cafes/10503958/articles/75305	왕조사: F-16I 수파 작업 15	1122	0	0
https://m.cafe.naver.com/ca-fe/web/cafes/10503958/articles/75286	매버릭: F/A-18F SUPER HORNET	1052	0	19
https://m.cafe.naver.com/ca-fe/web/cafes/10503958/articles/75186	Albas97: F22Araptor(1)작업기	644	0	0
https://m.cafe.naver.com/ca-fe/web/cafes/10503958/articles/73593	유진아빠: [Academy] 1/32 F-16I Sufa - 4	479	0	13
https://m.cafe.naver.com/ca-fe/web/cafes/10503958/articles/73537	gabiank: [1/72]Diorama KF-16 Falcon, Shelter & Equipment 제작기 - 2	387	0	6
https://m.cafe.naver.com/ca-fe/web/cafes/10503958/articles/73505	gabiank: [1/72]Diorama KF-16 Falcon, Shelter & Equipment 제작기 - 1	348	0	2
https://m.cafe.naver.com/ca-fe/web/cafes/10503958/articles/73420	매버릭: 현재 작업중인 F/A-18F입니다.	825	0	10
https://m.cafe.naver.com/ca-fe/web/cafes/10503958/articles/73278	유진아빠: [Academy] 1/32 F-16I Sufa - 2	633	0	16
https://m.cafe.naver.com/ca-fe/web/cafes/10503958/articles/73142	왕조사: F-16 썬더버드 작업12	1801	0	17
https://m.cafe.naver.com/ca-fe/web/cafes/10503958/articles/73102	왕조사: F-16 썬더버드 작업11	825	0	14
https://m.cafe.naver.com/ca-fe/web/cafes/10503958/articles/73075	왕조사: F-16 썬더버드 작업10	776	0	0
https://m.cafe.naver.com/ca-fe/web/cafes/10503958/articles/73011	왕조사: F-16 썬더버드 작업9	898	0	0
https://m.cafe.naver.com/ca-fe/web/cafes/10503958/articles/72984	왕조사: F-16 썬더버드 작업8	852	0	10
https://m.cafe.naver.com/ca-fe/web/cafes/10503958/articles/72968	왕조사: F-16 썬더버드 작업7	859	0	0
https://m.cafe.naver.com/ca-fe/web/cafes/10503958/articles/72928	왕조사: F-16 썬더버드 작업6	807	0	0
https://m.cafe.naver.com/ca-fe/web/cafes/10503958/articles/72916	StrangeRoader: B - 17 Memphis Belle 작업기_1 [준비과정, 패널라인]	434	0	0
https://m.cafe.naver.com/ca-fe/web/cafes/10503958/articles/72844	왕조사: F-16 썬더버드 작업5	853	0	0
https://m.cafe.naver.com/ca-fe/web/cafes/10503958/articles/72813	왕조사: F-16 썬더버드 작업4	893	0	7
https://m.cafe.naver.com/ca-fe/web/cafes/10503958/articles/72049	왕조사: 슈퍼 스탈리온 - 작업13	875	0	0
https://m.cafe.naver.com/ca-fe/web/cafes/10503958/articles/71806	왕조사: 슈퍼 스탈리온 - 작업12	937	0	27
https://m.cafe.naver.com/ca-fe/web/cafes/10503958/articles/71801	매버릭: HASEGAWA 1:48 F-16 FIGHTING FALCON 'OSAN' 제작기4 [조립 2 ]	2141	0	15
https://m.cafe.naver.com/ca-fe/web/cafes/10503958/articles/71775	wkdeoql13: 1/48 아카데미 아파치 제작기 (2)	503	0	0
https://m.cafe.naver.com/ca-fe/web/cafes/10503958/articles/71743	왕조사: 슈퍼 스탈리온 - 작업11	915	0	0
https://m.cafe.naver.com/ca-fe/web/cafes/10503958/articles/71660	왕조사: 슈퍼 스탈리온 - 작업10	958	0	26
https://m.cafe.naver.com/ca-fe/web/cafes/10503958/articles/71619	매버릭: HASEGAWA 1:48 F-16 FIGHTING FALCON 'OSAN' 제작기3 [조립 1 ]	2522	0	25
https://m.cafe.naver.com/ca-fe/web/cafes/10503958/articles/69838	지기: [1/32, Academy] F-16I Sufa 제작기 1	686	0	0
https://m.cafe.naver.com/ca-fe/web/cafes/10503958/articles/69548	최혜원: 첫작품 b-17 95% 진행중	550	0	0
https://m.cafe.naver.com/ca-fe/web/cafes/10503958/articles/69507	최혜원: 프라모델 첫작품으로 b-17 플라잉포트리스  만들어봤습니다. 90% 진행	765	0	0
https://m.cafe.naver.com/ca-fe/web/cafes/10503958/articles/68383	왕조사: 유로파이터 작업-5	1340	0	12
https://m.cafe.naver.com/ca-fe/web/cafes/10503958/articles/68195	왕조사: 유로파이터 작업-4	849	0	0
https://m.cafe.naver.com/ca-fe/web/cafes/10503958/articles/68114	민이아빠: 아카데미 1/48 슬램이글 도색중..	427	0	9
https://m.cafe.naver.com/ca-fe/web/cafes/10503958/articles/68113	민이아빠: 아카데미 1/48 F-15K 슬램이글 서페이서 작업	399	0	0
https://m.cafe.naver.com/ca-fe/web/cafes/10503958/articles/68091	왕조사: 유로파이터 작업-3	765	0	0
https://m.cafe.naver.com/ca-fe/web/cafes/10503958/articles/68042	왕조사: 유로파이터 작업-2	749	0	0
https://m.cafe.naver.com/ca-fe/web/cafes/10503958/articles/66753	왕조사: F-18C Hornet 작업12 동체도색_1	1079	0	0
https://m.cafe.naver.com/ca-fe/web/cafes/10503958/articles/66603	꽁지머리: 1/48 Focke-Wulf Fw190 F-8/9 w/Bomb(TA61104) 제작기 #1	376	0	0
https://m.cafe.naver.com/ca-fe/web/cafes/10503958/articles/65961	하록선장: AGM-84 하푼자작中	356	0	0
https://m.cafe.naver.com/ca-fe/web/cafes/10503958/articles/65682	지기: NORTHROP F-5E TIGER II - AFV제	338	0	0
https://m.cafe.naver.com/ca-fe/web/cafes/10503958/articles/63870	왕조사: F-18C Hornet 작업9 동체_6	1153	0	18
https://m.cafe.naver.com/ca-fe/web/cafes/10503958/articles/63823	매버릭: HASEGAWA 1:48 SPITFIRE	594	0	0
https://m.cafe.naver.com/ca-fe/web/cafes/10503958/articles/63443	방뎅이: Hasegawa 1/48 Kawasaki Hien(1)	264	0	0
https://m.cafe.naver.com/ca-fe/web/cafes/10503958/articles/63225	허걱대기: 1/48 F-16A/C Fighting Falcon (Academy)	577	0	4
https://m.cafe.naver.com/ca-fe/web/cafes/10503958/articles/63109	왕조사: F-18C Hornet 작업8 동체_5	1203	0	0
https://m.cafe.naver.com/ca-fe/web/cafes/10503958/articles/63061	greentea: [트럼페터] 1/32 F-14D 제작기 1	976	0	17
https://m.cafe.naver.com/ca-fe/web/cafes/10503958/articles/62975	왕조사: F-18C Hornet 작업7 동체_4	1221	0	25
https://m.cafe.naver.com/ca-fe/web/cafes/10503958/articles/62718	마이다스: 아카데미 1/48 F-14A TOMCAT 작업기 #4 (완전 좌절중)	1196	0	0
https://m.cafe.naver.com/ca-fe/web/cafes/10503958/articles/61582	피레스: 1/48 F-15K 슬램이글 제작  - 데칼 작업 완료(피레스)	753	1	30
https://m.cafe.naver.com/ca-fe/web/cafes/10503958/articles/61468	피레스: 1/48 F-15K 슬램이글 제작 - 동체와 미사일 접착편(피레스)	559	0	5
https://m.cafe.naver.com/ca-fe/web/cafes/10503958/articles/61431	마이다스: 아카데미 1/48 F-14A TOMCAT 작업기 #3	600	0	0
https://m.cafe.naver.com/ca-fe/web/cafes/10503958/articles/61412	피레스: 1/48 F-15K 슬램이글 제작 - 동체 도색, 무장편(피레스)	692	0	19
https://m.cafe.naver.com/ca-fe/web/cafes/10503958/articles/61360	왕조사: F-22A 랩터 1/48 -작업7	1515	0	0
https://m.cafe.naver.com/ca-fe/web/cafes/10503958/articles/61313	백만돌이: 아카데미 1/35 블랙호크	855	1	6
https://m.cafe.naver.com/ca-fe/web/cafes/10503958/articles/61251	매버릭: 1/48 Hasegawa F-14B 마무리중	699	0	0
https://m.cafe.naver.com/ca-fe/web/cafes/10503958/articles/59705	왕조사: F-22A 랩터 1/48 -작업2	1549	0	15
https://m.cafe.naver.com/ca-fe/web/cafes/10503958/articles/59662	왕조사: F-22A 랩터 1/48 - 작업중1	1866	0	40
https://m.cafe.naver.com/ca-fe/web/cafes/10503958/articles/59606	왕조사: 1/48 J35F/J 드라켄 -5	693	0	0
https://m.cafe.naver.com/ca-fe/web/cafes/10503958/articles/59496	왕조사: 1/48 J35F/J 드라켄 -4	431	0	0
https://m.cafe.naver.com/ca-fe/web/cafes/10503958/articles/59477	팡럿: ACADEMY 1/32 F/A-18C 제작기 ④	358	0	0
https://m.cafe.naver.com/ca-fe/web/cafes/10503958/articles/59466	왕조사: 1/48 J35F/J 드라켄 -3	482	0	27
https://m.cafe.naver.com/ca-fe/web/cafes/10503958/articles/59402	왕조사: 1/48 J35F/J 드라켄 -2	459	0	0
https://m.cafe.naver.com/ca-fe/web/cafes/10503958/articles/59389	왕조사: 1/48 J35F/J 드라켄 -1	740	0	0
https://m.cafe.naver.com/ca-fe/web/cafes/10503958/articles/59292	팡럿: ACADEMY 1/32 F/A-18C 제작기 ②	299	0	0
https://m.cafe.naver.com/ca-fe/web/cafes/10503958/articles/59291	팡럿: ACADEMY 1/32 F/A-18C 제작기 ①	309	0	0
https://m.cafe.naver.com/ca-fe/web/cafes/10503958/articles/59198	루치아: 호비보스제 F-105D	310	0	0
https://m.cafe.naver.com/ca-fe/web/cafes/10503958/articles/59182	왕조사: F-22 랩터 작업3 (중단)	822	0	35
https://m.cafe.naver.com/ca-fe/web/cafes/10503958/articles/58354	왕조사: F-15e Eagle 작업-18 무장도색2	840	0	0
https://m.cafe.naver.com/ca-fe/web/cafes/10503958/articles/58254	왕조사: F-15e Eagle 작업-17 무장도색1	894	0	0
https://m.cafe.naver.com/ca-fe/web/cafes/10503958/articles/58110	왕조사: F-15e Eagle 작업-16 동체도색2	1087	0	0
https://m.cafe.naver.com/ca-fe/web/cafes/10503958/articles/58052	왕조사: F-15e Eagle 작업-15 동체도색	1078	0	0
https://m.cafe.naver.com/ca-fe/web/cafes/10503958/articles/57960	왕조사: F-15e Eagle 작업-14 무장	872	0	0
https://m.cafe.naver.com/ca-fe/web/cafes/10503958/articles/57822	왕조사: F-15e Eagle 작업-13 노즐	1001	0	0
https://m.cafe.naver.com/ca-fe/web/cafes/10503958/articles/57766	왕조사: F-15e Eagle 작업-12 캐노피	1068	0	0
https://m.cafe.naver.com/ca-fe/web/cafes/10503958/articles/57696	왕조사: F-15e Eagle 작업-11 동체5	1059	0	0
https://m.cafe.naver.com/ca-fe/web/cafes/10503958/articles/57610	왕조사: F-15e Eagle 작업-10 동체4	1018	0	0
https://m.cafe.naver.com/ca-fe/web/cafes/10503958/articles/57554	왕조사: F-15e Eagle 작업-9 동체3	1034	0	0
https://m.cafe.naver.com/ca-fe/web/cafes/10503958/articles/56681	왕조사: F-16D #2	361	0	0
https://m.cafe.naver.com/ca-fe/web/cafes/10503958/articles/56605	매버릭: 음주 모델링은 삼가하세요...	1526	0	7
https://m.cafe.naver.com/ca-fe/web/cafes/10503958/articles/56587	왕조사: F-16D #1 락카냄새가 좋네요 .	616	0	0
https://m.cafe.naver.com/ca-fe/web/cafes/10503958/articles/56201	재롱군: 레벨 포커입니다 캬캬 (아직 제작중입니다..)	306	0	0
https://m.cafe.naver.com/ca-fe/web/cafes/10503958/articles/53509	매버릭: [ACADEMY]F-22A RAPTOR 1:48[도색]	1743	0	16
https://m.cafe.naver.com/ca-fe/web/cafes/10503958/articles/53279	매버릭: [ACADEMY]F-22A RAPTOR 1:48[조립]	1415	0	0
https://m.cafe.naver.com/ca-fe/web/cafes/10503958/articles/52857	구기국아: 아카데미 블렉호크 제작기 입니다.     AH-60L DAP BLACK HAWK	832	1	11
https://m.cafe.naver.com/ca-fe/web/cafes/10503958/articles/50900	왕조사: F-4J 팬텀 II - 작업기 16 동체도색5	887	0	0
https://m.cafe.naver.com/ca-fe/web/cafes/10503958/articles/50824	왕조사: F-4J 팬텀 II - 작업기 15 동체도색4	819	0	0
https://m.cafe.naver.com/ca-fe/web/cafes/10503958/articles/50627	왕조사: F-4J 팬텀 II - 작업기 14 동체도색3	760	0	0
https://m.cafe.naver.com/ca-fe/web/cafes/10503958/articles/50505	왕조사: F-4J 팬텀 II - 작업기 13 동체도색2	688	0	0
https://m.cafe.naver.com/ca-fe/web/cafes/10503958/articles/49370	한글별명: 아카데미 1/72 f-18  제작중...	552	0	0
https://m.cafe.naver.com/ca-fe/web/cafes/10503958/articles/46088	왕조사: F-4J 팬텀 II - 작업기6 동체4	999	0	9
https://m.cafe.naver.com/ca-fe/web/cafes/10503958/articles/46007	왕조사: F-4J 팬텀 II - 작업기5 동체3	823	0	0
https://m.cafe.naver.com/ca-fe/web/cafes/10503958/articles/45952	왕조사: F-4J 팬텀 II - 작업기4 동체2	907	0	0
https://m.cafe.naver.com/ca-fe/web/cafes/10503958/articles/45872	왕조사: F-4J 팬텀 II - 작업기3 동체	886	0	0
https://m.cafe.naver.com/ca-fe/web/cafes/10503958/articles/45869	폭주알라: Academy 1/72 F-16CG/CJ 중간점검	409	0	0
https://m.cafe.naver.com/ca-fe/web/cafes/10503958/articles/45806	왕조사: F-4J 팬텀 II - 작업기2 조종석2	990	0	0
https://m.cafe.naver.com/ca-fe/web/cafes/10503958/articles/45778	왕조사: F-4J 팬텀 II  - 작업기1 조종석	1165	0	0
https://m.cafe.naver.com/ca-fe/web/cafes/10503958/articles/45759	왕조사: F-4J 팬텀 II  #0 뜯어보기	1224	0	17
https://m.cafe.naver.com/ca-fe/web/cafes/10503958/articles/45737	왕조사: F-8E 크루세이더 -7	1054	0	0
https://m.cafe.naver.com/ca-fe/web/cafes/10503958/articles/45647	왕조사: F-8E 크루세이더 -6	665	0	5
https://m.cafe.naver.com/ca-fe/web/cafes/10503958/articles/45579	왕조사: F-8E 크루세이더 -5	672	0	0
https://m.cafe.naver.com/ca-fe/web/cafes/10503958/articles/45568	폭주알라: 1/48 Revell Rafale 스탠드 부착 성공	336	0	0
https://m.cafe.naver.com/ca-fe/web/cafes/10503958/articles/45521	왕조사: F-8E 크루세이더 -4	555	0	0
https://m.cafe.naver.com/ca-fe/web/cafes/10503958/articles/43842	왕조사: Do335A PFEIL -2	381	0	0
https://m.cafe.naver.com/ca-fe/web/cafes/10503958/articles/43818	왕조사: Do335A PFEIL -1	578	0	11
https://m.cafe.naver.com/ca-fe/web/cafes/10503958/articles/43401	왕조사: F-16 #24 데칼&웨더링	1450	0	0
https://m.cafe.naver.com/ca-fe/web/cafes/10503958/articles/43356	왕조사: F-16 #23 동체도색 2	1009	0	0
https://m.cafe.naver.com/ca-fe/web/cafes/10503958/articles/43309	왕조사: F-16 #22 동체도색 1	1031	0	0
https://m.cafe.naver.com/ca-fe/web/cafes/10503958/articles/43257	왕조사: F-16 #21 무장-4	679	0	0
https://m.cafe.naver.com/ca-fe/web/cafes/10503958/articles/43210	왕조사: F-16 #20 무장-3	691	0	0
https://m.cafe.naver.com/ca-fe/web/cafes/10503958/articles/43128	왕조사: F-16 #19 무장-2	684	0	0
https://m.cafe.naver.com/ca-fe/web/cafes/10503958/articles/43030	왕조사: F-16 #18 무장-1	776	0	0
https://m.cafe.naver.com/ca-fe/web/cafes/10503958/articles/42947	왕조사: F-16 #17 날개조립-2	683	0	0
https://m.cafe.naver.com/ca-fe/web/cafes/10503958/articles/42882	왕조사: F-16 #16 날개조립-1	709	0	0
https://m.cafe.naver.com/ca-fe/web/cafes/10503958/articles/40623	왕조사: A-7E Corsair II 작업10 동체도색2	518	0	0
https://m.cafe.naver.com/ca-fe/web/cafes/10503958/articles/40619	싹난화분: Tamiya Me262 제작기.	270	0	0
https://m.cafe.naver.com/ca-fe/web/cafes/10503958/articles/40596	모형미학: 1/32] P-51D Mustang	369	0	0
https://m.cafe.naver.com/ca-fe/web/cafes/10503958/articles/40300	모형미학: 1/72 Fokker E.VI	238	0	0
https://m.cafe.naver.com/ca-fe/web/cafes/10503958/articles/40112	싹난화분: Me-262제작기.	283	0	0
https://m.cafe.naver.com/ca-fe/web/cafes/10503958/articles/39918	왕조사: A-7E Corsair II 작업9 동체도색1	523	0	0
https://m.cafe.naver.com/ca-fe/web/cafes/10503958/articles/37660	게임미학: 이타레리 1/48 Ilyushin IL-2 Stormovik	218	0	0
https://m.cafe.naver.com/ca-fe/web/cafes/10503958/articles/37627	왕조사: 1/48 TBF-1C Avenger -4	306	0	0
https://m.cafe.naver.com/ca-fe/web/cafes/10503958/articles/37417	왕조사: 1/48 TBF-1C Avenger -3	364	0	0
https://m.cafe.naver.com/ca-fe/web/cafes/10503958/articles/37363	불량회원: 타미야 1/32 F-15E	407	0	0
https://m.cafe.naver.com/ca-fe/web/cafes/10503958/articles/37086	pjunj: 아카 F-15E 한정판 시작합니당.	458	0	0
https://m.cafe.naver.com/ca-fe/web/cafes/10503958/articles/37050	불량회원: 타미야 1/32 F-15E	396	0	5
https://m.cafe.naver.com/ca-fe/web/cafes/10503958/articles/37027	왕조사: 1/48 TBF-1C Avenger -2	346	0	0
https://m.cafe.naver.com/ca-fe/web/cafes/10503958/articles/36953	게임미학: 1/32] Albatros D.III   中	297	0	0
https://m.cafe.naver.com/ca-fe/web/cafes/10503958/articles/36927	왕조사: 1/48 TBF-1C Avenger -1	470	0	0
https://m.cafe.naver.com/ca-fe/web/cafes/10503958/articles/36581	왕조사: A-1J SkyRaider 작업15 웨더링	844	0	0
https://m.cafe.naver.com/ca-fe/web/cafes/10503958/articles/36356	왕조사: A-1J SkyRaider 작업14 먹선&데칼	646	0	0
https://m.cafe.naver.com/ca-fe/web/cafes/10503958/articles/35859	왕조사: A-1J SkyRaider 작업12 도색2	544	0	0
https://m.cafe.naver.com/ca-fe/web/cafes/10503958/articles/35533	왕조사: A-1J SkyRaider 작업11 도색1	607	0	0
https://m.cafe.naver.com/ca-fe/web/cafes/10503958/articles/31917	왕조사: 1/48 SwordFish Mk.II 작업7	803	0	0
https://m.cafe.naver.com/ca-fe/web/cafes/10503958/articles/31766	왕조사: 1/48 SwordFish Mk.II 작업6	501	0	0
https://m.cafe.naver.com/ca-fe/web/cafes/10503958/articles/31696	왕조사: 1/48 SwordFish Mk.II 작업5	456	0	0
https://m.cafe.naver.com/ca-fe/web/cafes/10503958/articles/31665	버드: kf-16 1/72 제작기 1	303	0	0
https://m.cafe.naver.com/ca-fe/web/cafes/10503958/articles/31488	왕조사: 1/48 SwordFish Mk.II 작업4	483	0	0
https://m.cafe.naver.com/ca-fe/web/cafes/10503958/articles/31318	왕조사: 1/48 SwordFish Mk.II 작업3	524	0	0
https://m.cafe.naver.com/ca-fe/web/cafes/10503958/articles/31163	왕조사: 1/48 SwordFish Mk.II 작업2	576	0	0
https://m.cafe.naver.com/ca-fe/web/cafes/10503958/articles/31161	버드: 먹선 작업 완료 ㅎ.	323	0	0
https://m.cafe.naver.com/ca-fe/web/cafes/10503958/articles/31081	버드: 먹선 작업중	243	0	0
https://m.cafe.naver.com/ca-fe/web/cafes/10503958/articles/31023	왕조사: 1/48 SwordFish Mk.II 작업1	866	1	0
https://m.cafe.naver.com/ca-fe/web/cafes/10503958/articles/30976	: '아이디어과학'  MIG23 도색기#1	485	0	0
https://m.cafe.naver.com/ca-fe/web/cafes/10503958/articles/30890	버드: f/a-18d  하세가와 1/72 도색	263	0	0
https://m.cafe.naver.com/ca-fe/web/cafes/10503958/articles/29047	왕조사: KF-16 작업 8 서페이싱	1014	0	0
https://m.cafe.naver.com/ca-fe/web/cafes/10503958/articles/28970	왕조사: KF-16 작업7 동체접착	987	0	0
https://m.cafe.naver.com/ca-fe/web/cafes/10503958/articles/28903	왕조사: KF-16 작업6 랜딩기어2	926	0	0
https://m.cafe.naver.com/ca-fe/web/cafes/10503958/articles/28864	왕조사: KF-16 작업5 랜딩기어 1	1032	0	0
https://m.cafe.naver.com/ca-fe/web/cafes/10503958/articles/28819	왕조사: KF-16 작업4 기관총	1218	0	0
https://m.cafe.naver.com/ca-fe/web/cafes/10503958/articles/28753	왕조사: KF-16 작업 3 에어인테이크	1103	0	0
https://m.cafe.naver.com/ca-fe/web/cafes/10503958/articles/28666	왕조사: KF-16 작업2 -조종석2-	1341	0	0
https://m.cafe.naver.com/ca-fe/web/cafes/10503958/articles/28611	왕조사: KF-16 작업 1 -조종석 1-	2014	0	0
https://m.cafe.naver.com/ca-fe/web/cafes/10503958/articles/28598	기관사짱: 아카데미 블랙호크.	593	0	0
https://m.cafe.naver.com/ca-fe/web/cafes/10503958/articles/28214	왕조사: 1/48 F-4J 작업14 먹선 .	1375	0	0
https://m.cafe.naver.com/ca-fe/web/cafes/10503958/articles/28163	왕조사: 1/48 F-4J 작업13 데칼작업2	838	0	0
https://m.cafe.naver.com/ca-fe/web/cafes/10503958/articles/22181	j7ekfhd: 97式뇌격기 데칼작업완료..	314	0	0
https://m.cafe.naver.com/ca-fe/web/cafes/10503958/articles/21651	: 헬다이버 제작기 ~~#2 "완성의8부능선"	226	0	0
https://m.cafe.naver.com/ca-fe/web/cafes/10503958/articles/21534	말럽현지: F-4J(1/32타미야)[작업기] - 3 콧핏작업	446	0	0
https://m.cafe.naver.com/ca-fe/web/cafes/10503958/articles/15812	폴라디스: F-4U 도색.. 날씨 좋은날 골라서~	286	0	4
https://m.cafe.naver.com/ca-fe/web/cafes/10503958/articles/15811	폴라디스: 아.. 처음으로 작업기 올리네요 ^^	263	0	4
https://m.cafe.naver.com/ca-fe/web/cafes/10503958/articles/14570	매버릭: F-14A BOMBCAT 하세가와 1/72	1195	0	0
https://m.cafe.naver.com/ca-fe/web/cafes/10503958/articles/13640	매버릭: 펜톰 첫작업	1202	0	7
https://m.cafe.naver.com/ca-fe/web/cafes/10503958/articles/11573	가랑비: 가랑비의 에어로 작업기 <1/48 아카제 팔콘>	325	0	0
https://m.cafe.naver.com/ca-fe/web/cafes/10503958/articles/11394	szllsjmong: <첫글>  - 초짜 F - 15 제작기 ㅠㅠ..	708	0	0
https://m.cafe.naver.com/ca-fe/web/cafes/10503958/articles/11265	가랑비: 1/48 아카데미제 F-16 팔콘.... Aero 처음제작입니다 ^^;;;	549	0	0
https://m.cafe.naver.com/ca-fe/web/cafes/10503958/articles/11264	냥이아빠: 아카데미 72/1 콜세어	391	0	0
https://m.cafe.naver.com/ca-fe/web/cafes/10503958/articles/11014	dkfhddlb: 워호크 사막위장 드디어 끝을 보는가 싶더니..	370	0	0
https://m.cafe.naver.com/ca-fe/web/cafes/10503958/articles/10910	서창걸: [아카데미] F-15E Strike Eagle 콕핏도색..	605	0	0
https://m.cafe.naver.com/ca-fe/web/cafes/10503958/articles/10861	파이퍼: 1:48 아카데미 스핏파이어 조종석...	595	0	0
https://m.cafe.naver.com/ca-fe/web/cafes/10503958/articles/3599	겔러그: 1/72 A-6E INTRUDER TMIYA(함재기)	647	0	0
https://m.cafe.naver.com/ca-fe/web/cafes/10503958/articles/2790	겔러그: F-4펜텀	991	0	0
https://m.cafe.naver.com/ca-fe/web/cafes/10503958/articles/2739	이원익: F-16 팰콘 전투기 (아카데미 1/48)	977	0	0
https://m.cafe.naver.com/ca-fe/web/cafes/10503958/articles/2680	파란망또: 달걀 비행기 베이스 기본도장 마무리!....힘들어라~~!!	712	0	0
https://m.cafe.naver.com/ca-fe/web/cafes/10503958/articles/2661	파란망또: 달걀비향기 가조립...Harrier Cab	562	0	0
https://m.cafe.naver.com/ca-fe/web/cafes/10503958/articles/2544	크리스: 달걀 세이버 그 끝을 향해~~	726	0	0
https://m.cafe.naver.com/ca-fe/web/cafes/10503958/articles/2490	겔러그: F8F-5 헬켓 1/72 아카데미	623	0	0
https://m.cafe.naver.com/ca-fe/web/cafes/10503958/articles/2470	크리스: F-86 SABRE	553	0	0
https://m.cafe.naver.com/ca-fe/web/cafes/10503958/articles/2390	겔러그: 이번엔 프롭기의 대명사 1/72 아카데미 머스탱입니다.	642	0	0
https://m.cafe.naver.com/ca-fe/web/cafes/10503958/articles/2361	겔러그: 아직 작업중인 녀석입니다...	626	0	0
https://m.cafe.naver.com/ca-fe/web/cafes/10503958/articles/2360	겔러그: 에어로 콕핏 도색 올립니다	502	0	2
https://m.cafe.naver.com/ca-fe/web/cafes/10503958/articles/2298	dkfhddlb: f-15 이글 제작기  [마지막입니다^^]	757	0	0
https://m.cafe.naver.com/ca-fe/web/cafes/10503958/articles/2278	dkfhddlb: - ,-아카데미사 f-15[1/100]밑에 부터 보세요 ㅠ	661	0	0
https://m.cafe.naver.com/ca-fe/web/cafes/10503958/articles/1773	겔러그: 현제 제작중인 아카데미 1/72  P-47D입니다.	467	0	0
https://m.cafe.naver.com/ca-fe/web/cafes/10503958/articles/1678	맨슨: <wave>1/144 knight of gold	387	0	0
https://m.cafe.naver.com/ca-fe/web/cafes/10503958/articles/1645	슈발리에: 1/32 F-16CJ 팰콘 일단 여기까지...	769	0	0
https://m.cafe.naver.com/ca-fe/web/cafes/10503958/articles/1385	슈발리에: 1/72 Me-410 pt.3 웨더링과 마무리	861	0	6
https://m.cafe.naver.com/ca-fe/web/cafes/10503958/articles/1384	슈발리에: 1/72 Me-410 pt.2 기본도색, 먹선, 데칼	835	0	0
https://m.cafe.naver.com/ca-fe/web/cafes/10503958/articles/1383	슈발리에: 1/72 ME-410 pt1. 기본조립	694	0	0
https://m.cafe.naver.com/ca-fe/web/cafes/10503958/articles/1155	카소와리: F-15 이글	796	0	0
https://m.cafe.naver.com/ca-fe/web/cafes/10503958/articles/86112	Albas97: F/A-18 chippy ho! 제작기 (6)	330	0	0
https://m.cafe.naver.com/ca-fe/web/cafes/10503958/articles/85709	Albas97: F/A-18 Hornet 치피호 제작기(5)	547	0	16
https://m.cafe.naver.com/ca-fe/web/cafes/10503958/articles/84474	민이들아빠: 요즘 만지작거리는 기체...지방(경남통영)에 사는 서러움...	242	0	0
https://m.cafe.naver.com/ca-fe/web/cafes/10503958/articles/84388	시온: 1/48 F-15e 작업중	204	0	0
https://m.cafe.naver.com/ca-fe/web/cafes/10503958/articles/84353	지기: [1/32, Hasegawa]Junkers Ju87D Stuka 제작기 1	273	0	0
https://m.cafe.naver.com/ca-fe/web/cafes/10503958/articles/84206	짐승군: 아카데미1/48 수호이 SU-27UB 플랭커C...작업중_2	354	0	6
https://m.cafe.naver.com/ca-fe/web/cafes/10503958/articles/84096	노숙지존: 1/48 f16c block 32 ang 작업 07 베이스 디테일추가 및 기타 수정사항.	353	0	0
https://m.cafe.naver.com/ca-fe/web/cafes/10503958/articles/84089	짐승군: 아카데미1/48 수호이 SU-27UB 플랭커C 작업중..	353	0	12
https://m.cafe.naver.com/ca-fe/web/cafes/10503958/articles/84082	노숙지존: 1/48 f16c block 32 ang 작업 06 베이스 만들기	279	0	6
https://m.cafe.naver.com/ca-fe/web/cafes/10503958/articles/84031	민서아빠: 1/100 YUKIKAZE MAVE	236	0	4
https://m.cafe.naver.com/ca-fe/web/cafes/10503958/articles/82827	157WP: F-15E strike eagle with weapon 제작기_상부 리벳팅	656	0	0
https://m.cafe.naver.com/ca-fe/web/cafes/10503958/articles/82719	검은별: F/A-22 랩터 (2)	285	0	0
https://m.cafe.naver.com/ca-fe/web/cafes/10503958/articles/82717	사일라: Academy 1/48 Sukhoi-27B #4. last	274	0	0
https://m.cafe.naver.com/ca-fe/web/cafes/10503958/articles/82675	사일라: Academy 1/48 Sukhoi-27B #3	240	0	0
https://m.cafe.naver.com/ca-fe/web/cafes/10503958/articles/82495	블랙버드: 초보의 F-22 랩터 작업중	431	0	0
https://m.cafe.naver.com/ca-fe/web/cafes/10503958/articles/82483	사일라: Academy 1/48 Sukhoi-27B #2	243	0	0
https://m.cafe.naver.com/ca-fe/web/cafes/10503958/articles/82460	최강나다: F-5E (AFV Club) 제작기_01	261	0	0
https://m.cafe.naver.com/ca-fe/web/cafes/10503958/articles/82382	Albas97: 메서슈미트 E-3 제작기(2)	365	0	0
https://m.cafe.naver.com/ca-fe/web/cafes/10503958/articles/82367	사일라: Academy 1/48 Sukhoi-27B  #1	256	0	0
https://m.cafe.naver.com/ca-fe/web/cafes/10503958/articles/82234	매버릭: [완성]ACADEMY 1/48 F-15K SLAM EAGLE "R.O.K AIR FORCE	3091	0	0
https://m.cafe.naver.com/ca-fe/web/cafes/10503958/articles/82191	매버릭: ACADEMY 1/48 F-15K SLAM EAGLE "R.O.K AIR FORCE[12]	2078	0	12
https://m.cafe.naver.com/ca-fe/web/cafes/10503958/articles/82190	매버릭: ACADEMY 1/48 F-15K SLAM EAGLE "R.O.K AIR FORCE[11]	1814	0	0
https://m.cafe.naver.com/ca-fe/web/cafes/10503958/articles/82186	매버릭: ACADEMY 1/48 F-15K SLAM EAGLE "R.O.K AIR FORCE[10]	1809	0	9
https://m.cafe.naver.com/ca-fe/web/cafes/10503958/articles/82183	매버릭: ACADEMY 1/48 F-15K SLAM EAGLE "R.O.K AIR FORCE[9]	1807	0	0
https://m.cafe.naver.com/ca-fe/web/cafes/10503958/articles/82059	매버릭: ACADEMY 1/48 F-15K SLAM EAGLE "R.O.K AIR FORCE[8]	1975	0	0
https://m.cafe.naver.com/ca-fe/web/cafes/10503958/articles/82050	왕조사: Hawk Mk.66 -3	1267	0	0
https://m.cafe.naver.com/ca-fe/web/cafes/10503958/articles/82012	왕조사: Hawk Mk.66 -2	641	0	0
https://m.cafe.naver.com/ca-fe/web/cafes/10503958/articles/81996	Albas97: F/A-18 제작기(1) 1/32	468	0	0
https://m.cafe.naver.com/ca-fe/web/cafes/10503958/articles/81923	왕조사: Hawk Mk.66 -1	1051	0	0
https://m.cafe.naver.com/ca-fe/web/cafes/10503958/articles/80612	157WP: F-15E strike eagle with weapon 제작	493	0	0
https://m.cafe.naver.com/ca-fe/web/cafes/10503958/articles/80545	왕조사: F-16I 수파 작업 25	842	0	0
https://m.cafe.naver.com/ca-fe/web/cafes/10503958/articles/80478	왕조사: F-16I 수파 작업 24	818	0	0
https://m.cafe.naver.com/ca-fe/web/cafes/10503958/articles/80452	Albas97: F-14 boomcat (2)	330	0	0
https://m.cafe.naver.com/ca-fe/web/cafes/10503958/articles/80284	왕조사: F-16I 수파 작업 23	911	0	0
https://m.cafe.naver.com/ca-fe/web/cafes/10503958/articles/80247	왕조사: F-16I 수파 작업 22	862	0	0
https://m.cafe.naver.com/ca-fe/web/cafes/10503958/articles/80078	왕조사: F-16I 수파 작업 21	943	0	0
https://m.cafe.naver.com/ca-fe/web/cafes/10503958/articles/80004	왕조사: F-16I 수파 작업 20	1008	0	0
https://m.cafe.naver.com/ca-fe/web/cafes/10503958/articles/79969	김대일: 1/32 강남 F-16C  FULCRUMS 제작기 1	343	0	0
https://m.cafe.naver.com/ca-fe/web/cafes/10503958/articles/79919	왕조사: F-16I 수파 작업 19	1336	0	0
https://m.cafe.naver.com/ca-fe/web/cafes/10503958/articles/79718	사일라: 1/48 MIG-29B #3	386	0	0
https://m.cafe.naver.com/ca-fe/web/cafes/10503958/articles/79715	사일라: 1/48 MIG-29B #2	260	0	0
https://m.cafe.naver.com/ca-fe/web/cafes/10503958/articles/79474	Albas97: A10 Thunderbolt (6)	533	0	0
https://m.cafe.naver.com/ca-fe/web/cafes/10503958/articles/78712	매버릭: ACADEMY 1/48 F-15K SLAM EAGLE "R.O.K AIR FORCE[5]	2813	0	0
https://m.cafe.naver.com/ca-fe/web/cafes/10503958/articles/78437	칼칼: MH-53 Sea Dragon 미해군/해병 수송및대잠작전 대형헬기/1/48아카데미 작업기,2011,02,07	551	0	0
https://m.cafe.naver.com/ca-fe/web/cafes/10503958/articles/78412	김창훈: [에어로제작기] [트럼패트, 1/32] SU-30 MMK --- (5)	372	0	0
https://m.cafe.naver.com/ca-fe/web/cafes/10503958/articles/78319	매버릭: ACADEMY 1/48 F-15K SLAM EAGLE "R.O.K AIR FORCE[4]	2772	0	0
https://m.cafe.naver.com/ca-fe/web/cafes/10503958/articles/77984	왕조사: KF-5E 작업 6.	1448	0	0
https://m.cafe.naver.com/ca-fe/web/cafes/10503958/articles/77943	김창훈: [트럼패트, 1/32] SU-30 MMK --- (4)	554	0	0
https://m.cafe.naver.com/ca-fe/web/cafes/10503958/articles/77467	김창훈: [트럼패트, 1/32] SU-30 MMK --- (1)	518	0	0
https://m.cafe.naver.com/ca-fe/web/cafes/10503958/articles/77265	AERO: 1/48 RAFALE B (7) 지상장비	375	0	0
https://m.cafe.naver.com/ca-fe/web/cafes/10503958/articles/77230	섀걸: OV-10A 브롱코(2-2)  FINAL	360	0	0
https://m.cafe.naver.com/ca-fe/web/cafes/10503958/articles/77229	섀걸: OV-10A브롱코 (2-1)	214	0	0
https://m.cafe.naver.com/ca-fe/web/cafes/10503958/articles/77092	AERO: 1/48 RAFALE B (6)	486	0	0
https://m.cafe.naver.com/ca-fe/web/cafes/10503958/articles/77085	왕조사: KF-5E 리뷰	1256	0	0
https://m.cafe.naver.com/ca-fe/web/cafes/10503958/articles/77054	AERO: 1/48 RAFALE B (5)-리뷰	493	0	0
https://m.cafe.naver.com/ca-fe/web/cafes/10503958/articles/77053	AERO: 1/48 RAFALE B (4)	316	0	0
https://m.cafe.naver.com/ca-fe/web/cafes/10503958/articles/76457	유진아빠: [ACADEMY] 1/48 F-16B NSAWC 작업기 1	363	0	0
https://m.cafe.naver.com/ca-fe/web/cafes/10503958/articles/76451	AERO: (청소년)1/48 RAFALE B  (1)	418	0	0
https://m.cafe.naver.com/ca-fe/web/cafes/10503958/articles/76236	Albas97: (청소년)A-10A thunder bolt ll(2)	393	0	0
https://m.cafe.naver.com/ca-fe/web/cafes/10503958/articles/75937	매버릭: ACADEMY 1/48 F-15K SLAM EAGLE "R.O.K AIR FORCE[2]	3272	0	33
https://m.cafe.naver.com/ca-fe/web/cafes/10503958/articles/75915	왕조사: F-16I 수파 작업 18	2150	0	27
https://m.cafe.naver.com/ca-fe/web/cafes/10503958/articles/75085	앙탈바둥: 발키리 완성~	327	0	0
https://m.cafe.naver.com/ca-fe/web/cafes/10503958/articles/75074	왕조사: F-16I 수파 작업 14	1193	0	0
https://m.cafe.naver.com/ca-fe/web/cafes/10503958/articles/75027	왕조사: F-16I 수파 작업 13	1160	0	19
https://m.cafe.naver.com/ca-fe/web/cafes/10503958/articles/74976	왕조사: F-16I 수파 작업 12	1142	0	0
https://m.cafe.naver.com/ca-fe/web/cafes/10503958/articles/74933	왕조사: F-16I 수파 작업 11	1281	0	34
https://m.cafe.naver.com/ca-fe/web/cafes/10503958/articles/74888	왕조사: F-16I 수파 작업 10	1211	0	0
https://m.cafe.naver.com/ca-fe/web/cafes/10503958/articles/74826	왕조사: F-16I 수파 작업 9	1192	0	28
https://m.cafe.naver.com/ca-fe/web/cafes/10503958/articles/74795	왕조사: F-16I 수파 작업8	1059	0	0
https://m.cafe.naver.com/ca-fe/web/cafes/10503958/articles/74745	왕조사: F-16I 수파 작업7	1159	0	0
https://m.cafe.naver.com/ca-fe/web/cafes/10503958/articles/74673	왕조사: F-16I 수파 작업6	1018	0	0
https://m.cafe.naver.com/ca-fe/web/cafes/10503958/articles/74622	왕조사: F-16I 수파 작업5	1118	0	17
https://m.cafe.naver.com/ca-fe/web/cafes/10503958/articles/74550	왕조사: F-16I 수파 작업4	1226	0	0
https://m.cafe.naver.com/ca-fe/web/cafes/10503958/articles/74503	왕조사: F-16I 수파 작업3	1274	0	0
https://m.cafe.naver.com/ca-fe/web/cafes/10503958/articles/74478	왕조사: F-16I 수파 작업2	1366	0	15
https://m.cafe.naver.com/ca-fe/web/cafes/10503958/articles/74453	왕조사: F-16I 수파 작업1	1779	0	0
https://m.cafe.naver.com/ca-fe/web/cafes/10503958/articles/74337	왕조사: 수호이 27 작업2 - 아카데미 1/48	1799	0	27
https://m.cafe.naver.com/ca-fe/web/cafes/10503958/articles/74239	왕조사: 수호이 27 작업1 - 아카데미 1/48	1426	0	11
https://m.cafe.naver.com/ca-fe/web/cafes/10503958/articles/73847	유진아빠: [Academy] 1/32 F-16I Sufa - 5	553	0	0
https://m.cafe.naver.com/ca-fe/web/cafes/10503958/articles/72791	매버릭: [완성]HASEGAWA 1:48 F-16 FIGHTING FALCON 'OSAN'	3111	0	72
https://m.cafe.naver.com/ca-fe/web/cafes/10503958/articles/72790	매버릭: HASEGAWA 1:48 F-16 FIGHTING FALCON 'OSAN' 제작기15[마무리 ]	1926	0	0
https://m.cafe.naver.com/ca-fe/web/cafes/10503958/articles/72789	매버릭: HASEGAWA 1:48 F-16 FIGHTING FALCON 'OSAN' 제작기14 [워싱 ]	2045	0	0
https://m.cafe.naver.com/ca-fe/web/cafes/10503958/articles/72780	매버릭: HASEGAWA 1:48 F-16 FIGHTING FALCON 'OSAN' 제작기13 [캐노피 ]	1745	0	0
https://m.cafe.naver.com/ca-fe/web/cafes/10503958/articles/72778	매버릭: HASEGAWA 1:48 F-16 FIGHTING FALCON 'OSAN' 제작기12 [데칼링 ]	1767	0	8
https://m.cafe.naver.com/ca-fe/web/cafes/10503958/articles/72744	왕조사: F-16 썬더버드 작업3	977	0	0
https://m.cafe.naver.com/ca-fe/web/cafes/10503958/articles/72735	매버릭: HASEGAWA 1:48 F-16 FIGHTING FALCON 'OSAN' 제작기11[도색 3 ]	2078	0	7
https://m.cafe.naver.com/ca-fe/web/cafes/10503958/articles/72696	왕조사: F-16 썬더버드 작업2	1083	0	0
https://m.cafe.naver.com/ca-fe/web/cafes/10503958/articles/72645	왕조사: F-16 썬더버드 작업1	1615	0	14
https://m.cafe.naver.com/ca-fe/web/cafes/10503958/articles/72633	매버릭: HASEGAWA 1:48 F-16 FIGHTING FALCON 'OSAN' 제작기10 [도색 2 ]	2087	0	11
https://m.cafe.naver.com/ca-fe/web/cafes/10503958/articles/72615	매버릭: HASEGAWA 1:48 F-16 FIGHTING FALCON 'OSAN' 제작기9 [도색 1 ]	2391	0	0
https://m.cafe.naver.com/ca-fe/web/cafes/10503958/articles/72564	매버릭: HASEGAWA 1:48 F-16 FIGHTING FALCON 'OSAN' 제작기8 [조립 6 ]	1617	0	0
https://m.cafe.naver.com/ca-fe/web/cafes/10503958/articles/72521	푸른하늘: 1/144 Boeing 787 Dream Liner for Korean Air(Body 제작 및 기본도색 엔진 제작)	486	1	0
https://m.cafe.naver.com/ca-fe/web/cafes/10503958/articles/72481	왕조사: 슈퍼 스탈리온 - 작업16	1799	0	0
https://m.cafe.naver.com/ca-fe/web/cafes/10503958/articles/72468	매버릭: HASEGAWA 1:48 F-16 FIGHTING FALCON 'OSAN' 제작기7 [조립 5 ]	1679	0	0
https://m.cafe.naver.com/ca-fe/web/cafes/10503958/articles/72402	지기: 베이스 작업중^^...	329	0	15
https://m.cafe.naver.com/ca-fe/web/cafes/10503958/articles/72328	왕조사: 슈퍼 스탈리온 - 작업15	894	0	16
https://m.cafe.naver.com/ca-fe/web/cafes/10503958/articles/72284	좌절본능: 1/72여행기 제 3편 <A-6E> 시작준비	413	0	11
https://m.cafe.naver.com/ca-fe/web/cafes/10503958/articles/72280	매버릭: HASEGAWA 1:48 F-16 FIGHTING FALCON 'OSAN' 제작기6 [조립 4 ]	1871	0	23
https://m.cafe.naver.com/ca-fe/web/cafes/10503958/articles/72258	왕조사: 슈퍼 스탈리온 - 작업14	891	0	19
https://m.cafe.naver.com/ca-fe/web/cafes/10503958/articles/72160	매버릭: HASEGAWA 1:48 F-16 FIGHTING FALCON 'OSAN' 제작기5 [조립 3 ]	1917	0	0
https://m.cafe.naver.com/ca-fe/web/cafes/10503958/articles/71561	왕조사: 슈퍼 스탈리온 - 작업9	914	0	24
https://m.cafe.naver.com/ca-fe/web/cafes/10503958/articles/71482	왕조사: 슈퍼 스탈리온 - 작업8	885	0	0
https://m.cafe.naver.com/ca-fe/web/cafes/10503958/articles/71391	매버릭: HASEGAWA 1:48 F-16 FIGHTING FALCON 'OSAN' 제작기[2]콕핏	2946	0	26
https://m.cafe.naver.com/ca-fe/web/cafes/10503958/articles/71390	마이다스: 1/48 아카데미 F-4E 팬텀 작업(?)기 #1	527	0	15
https://m.cafe.naver.com/ca-fe/web/cafes/10503958/articles/71386	왕조사: 슈퍼 스탈리온 - 작업7	937	0	0
https://m.cafe.naver.com/ca-fe/web/cafes/10503958/articles/71301	매버릭: HASEGAWA 1:48 F-16 FIGHTING FALCON 'OSAN' 제작기[1]	2910	1	49
https://m.cafe.naver.com/ca-fe/web/cafes/10503958/articles/71299	왕조사: 슈퍼 스탈리온 - 작업6	931	0	0
https://m.cafe.naver.com/ca-fe/web/cafes/10503958/articles/71234	왕조사: 슈퍼 스탈리온 - 작업5	1027	0	25
https://m.cafe.naver.com/ca-fe/web/cafes/10503958/articles/71204	왕조사: 슈퍼 스탈리온 - 작업4	950	0	8
https://m.cafe.naver.com/ca-fe/web/cafes/10503958/articles/71113	왕조사: 슈퍼 스탈리온 - 작업3	1020	0	23
https://m.cafe.naver.com/ca-fe/web/cafes/10503958/articles/71074	왕조사: 슈퍼 스탈리온 - 작업2	1077	0	0
https://m.cafe.naver.com/ca-fe/web/cafes/10503958/articles/71011	왕조사: 슈퍼 스탈리온 - 작업1	1414	1	16
https://m.cafe.naver.com/ca-fe/web/cafes/10503958/articles/70835	지기: [1/48, 아카데미] F-15C Strike Eagle 제작기 1	560	0	16
https://m.cafe.naver.com/ca-fe/web/cafes/10503958/articles/70644	AERO: 1/48 MIG-21 조종석.,...	529	0	0
https://m.cafe.naver.com/ca-fe/web/cafes/10503958/articles/69296	왕조사: F-4e 팬텀 한국공군형 작업12	1723	0	0
https://m.cafe.naver.com/ca-fe/web/cafes/10503958/articles/69251	왕조사: F-4e 팬텀 한국공군형 작업11	936	0	0
https://m.cafe.naver.com/ca-fe/web/cafes/10503958/articles/69241	왕조사: F-4e 팬텀 한국공군형 작업10	840	0	0
https://m.cafe.naver.com/ca-fe/web/cafes/10503958/articles/69210	왕조사: F-4e 팬텀 한국공군형 작업9	870	0	6
https://m.cafe.naver.com/ca-fe/web/cafes/10503958/articles/69182	왕조사: F-4e 팬텀 한국공군형 작업7	896	0	0
https://m.cafe.naver.com/ca-fe/web/cafes/10503958/articles/69149	왕조사: F-4e 팬텀 한국공군형 작업6	883	0	0
https://m.cafe.naver.com/ca-fe/web/cafes/10503958/articles/69118	왕조사: F-4e 팬텀 한국공군형 작업5	831	0	0
https://m.cafe.naver.com/ca-fe/web/cafes/10503958/articles/69090	왕조사: F-4e 팬텀 한국공군형 작업4	785	0	0
https://m.cafe.naver.com/ca-fe/web/cafes/10503958/articles/69051	왕조사: F-4e 팬텀 한국공군형 작업3	875	0	0
https://m.cafe.naver.com/ca-fe/web/cafes/10503958/articles/69007	왕조사: F-4e 팬텀 한국공군형 작업2	996	0	0
https://m.cafe.naver.com/ca-fe/web/cafes/10503958/articles/68937	왕조사: F-4e 팬텀 한국공군형 작업1	1478	0	0
https://m.cafe.naver.com/ca-fe/web/cafes/10503958/articles/68852	낑깡: 1:32 tamiya phantom II showtime-상면데칼완성	262	0	0
https://m.cafe.naver.com/ca-fe/web/cafes/10503958/articles/68802	지기: F-16D Barak 제작기	324	0	2
https://m.cafe.naver.com/ca-fe/web/cafes/10503958/articles/68786	낑깡: McDONNELL DOUGLAS F-4J PHANTOM II	275	0	0
https://m.cafe.naver.com/ca-fe/web/cafes/10503958/articles/67905	왕조사: 유로파이터 작업중 -1	1192	0	22
https://m.cafe.naver.com/ca-fe/web/cafes/10503958/articles/67739	왕조사: F-18C Hornet 작업19 무장_2	1542	0	10
https://m.cafe.naver.com/ca-fe/web/cafes/10503958/articles/67523	AERO: 1/48 f-15c 아카데미 -2.	514	0	5
https://m.cafe.naver.com/ca-fe/web/cafes/10503958/articles/67519	왕조사: F-18C Hornet 작업18 무장_1	948	0	20
https://m.cafe.naver.com/ca-fe/web/cafes/10503958/articles/67464	AERO: 1/48 f-15c 아카데미-1.조종석	502	0	8
https://m.cafe.naver.com/ca-fe/web/cafes/10503958/articles/67380	gabiank: [제작기]1/48 F-15K 슬램이글 도전!!!! (2)	598	0	0
https://m.cafe.naver.com/ca-fe/web/cafes/10503958/articles/67367	gabiank: [제작기]1/48 F-15K 슬램이글 도전!!!! (1)	547	0	0
https://m.cafe.naver.com/ca-fe/web/cafes/10503958/articles/67313	왕조사: F-18C Hornet 작업17 데칼_1	1031	0	0
https://m.cafe.naver.com/ca-fe/web/cafes/10503958/articles/67295	매버릭: HASEGAWA,REVELL 1/48 PHANTOM 때샷	678	0	10
https://m.cafe.naver.com/ca-fe/web/cafes/10503958/articles/67242	유진아빠: [Hasegawa] 1/48 F-4G PHANTOM II WILD WEASEL - 4	332	0	0
https://m.cafe.naver.com/ca-fe/web/cafes/10503958/articles/67116	왕조사: F-18C Hornet 작업16 동체도색_5	1200	0	26
https://m.cafe.naver.com/ca-fe/web/cafes/10503958/articles/67087	팬텀: 많이 부족한 F-4D입니다.	508	0	0
https://m.cafe.naver.com/ca-fe/web/cafes/10503958/articles/67044	왕조사: F-18C Hornet 작업15 동체도색_4	962	0	15
https://m.cafe.naver.com/ca-fe/web/cafes/10503958/articles/66970	왕조사: F-18C Hornet 작업14 동체도색_3	1030	0	14
https://m.cafe.naver.com/ca-fe/web/cafes/10503958/articles/66864	왕조사: F-18C Hornet 작업13 동체도색_2	1079	0	0
https://m.cafe.naver.com/ca-fe/web/cafes/10503958/articles/65569	매버릭: HASEGAWA 1:48 PHANTOM	434	0	0
https://m.cafe.naver.com/ca-fe/web/cafes/10503958/articles/64680	유진아빠: [Hasegawa] 1/48 F-4G PHANTOM II WILD WEASEL - 1	447	0	27
https://m.cafe.naver.com/ca-fe/web/cafes/10503958/articles/64477	현랑호로: [HASEGAWA]1/72 F/A-18F Super Hornet	293	0	7
https://m.cafe.naver.com/ca-fe/web/cafes/10503958/articles/64316	Wish My Dream: 첫글. P-38L 패스파인더 [허접하겠지만...아무쪼록 잘 부탁드리겠습니다.ㅎ]	277	0	0
https://m.cafe.naver.com/ca-fe/web/cafes/10503958/articles/64113	스마일베리: HU60-블랙호크 (헬기)	771	1	0
https://m.cafe.naver.com/ca-fe/web/cafes/10503958/articles/64000	왕조사: F-18C Hornet 작업11 무장_1	1197	0	0
https://m.cafe.naver.com/ca-fe/web/cafes/10503958/articles/63999	매버릭: 팬텀 작업중	653	0	0
https://m.cafe.naver.com/ca-fe/web/cafes/10503958/articles/63963	왕조사: F-18C Hornet 작업10 랜딩기어_1	1053	0	0
https://m.cafe.naver.com/ca-fe/web/cafes/10503958/articles/62511	유진아빠: [Hasegawa] 1/48 F-16I Israeli Air Force 작업기	530	0	22
https://m.cafe.naver.com/ca-fe/web/cafes/10503958/articles/62441	왕조사: F-18C Hornet 작업6 동체_3	1250	0	0
https://m.cafe.naver.com/ca-fe/web/cafes/10503958/articles/62353	매버릭: 왕조사님 보세요..	1433	0	4
https://m.cafe.naver.com/ca-fe/web/cafes/10503958/articles/62227	왕조사: F-18C Hornet 작업5 동체_2	1323	0	0
https://m.cafe.naver.com/ca-fe/web/cafes/10503958/articles/62150	왕조사: F-18C Hornet 작업4 동체_1	1347	0	0
https://m.cafe.naver.com/ca-fe/web/cafes/10503958/articles/62119	왕조사: F-18C Hornet 작업3 조종석_3	1372	0	0
https://m.cafe.naver.com/ca-fe/web/cafes/10503958/articles/62071	왕조사: F-18C Hornet 작업2 조종석_2	1431	0	24
https://m.cafe.naver.com/ca-fe/web/cafes/10503958/articles/62038	왕조사: F-18C Hornet 작업1 조종석_1	1600	0	0
https://m.cafe.naver.com/ca-fe/web/cafes/10503958/articles/61986	왕조사: F-18C Hornet 작업_0	1334	0	9
https://m.cafe.naver.com/ca-fe/web/cafes/10503958/articles/61917	왕조사: F-22A 랩터 1/48 -작업9	2105	0	23
https://m.cafe.naver.com/ca-fe/web/cafes/10503958/articles/61893	왕조사: F-22A 랩터 1/48 -작업8	1370	0	0
https://m.cafe.naver.com/ca-fe/web/cafes/10503958/articles/60515	레미니스: 6학년의 디오라마 제작기<1부>	607	0	0
https://m.cafe.naver.com/ca-fe/web/cafes/10503958/articles/60387	레미니스: 1/72JU-52 제작기(2)	428	0	0
https://m.cafe.naver.com/ca-fe/web/cafes/10503958/articles/60320	암온코코: 프라 모델 만든것 가격 $9900원	721	0	20
https://m.cafe.naver.com/ca-fe/web/cafes/10503958/articles/60112	왕조사: F-22A 랩터 1/48 -작업6	1890	0	0
https://m.cafe.naver.com/ca-fe/web/cafes/10503958/articles/60087	마이다스: 아카데미 1/48 F-14A TOMCAT 작업기 #2	807	0	0
https://m.cafe.naver.com/ca-fe/web/cafes/10503958/articles/59907	왕조사: F-22A 랩터 1/48 -작업5	1643	0	14
https://m.cafe.naver.com/ca-fe/web/cafes/10503958/articles/59848	왕조사: F-22A 랩터 1/48 -작업4	1470	0	0
https://m.cafe.naver.com/ca-fe/web/cafes/10503958/articles/59787	왕조사: F-22A 랩터 1/48 -작업3	1417	0	17
https://m.cafe.naver.com/ca-fe/web/cafes/10503958/articles/59109	레미니스: 융커스 JU-52제작 (1)	347	0	4
https://m.cafe.naver.com/ca-fe/web/cafes/10503958/articles/59005	왕조사: F-22 랩터 작업2	532	0	12
https://m.cafe.naver.com/ca-fe/web/cafes/10503958/articles/58927	왕조사: F-22 랩터 작업1	701	0	16
https://m.cafe.naver.com/ca-fe/web/cafes/10503958/articles/58726	왕조사: F-15e Eagle 작업-21 웨더링	1437	0	0
https://m.cafe.naver.com/ca-fe/web/cafes/10503958/articles/58632	왕조사: F-15e Eagle 작업-20 먹선정리	1049	0	0
https://m.cafe.naver.com/ca-fe/web/cafes/10503958/articles/58537	왕조사: F-15e Eagle 작업-19 동체데칼	797	0	0
https://m.cafe.naver.com/ca-fe/web/cafes/10503958/articles/58511	팡럿: ACADEMY 1/32 F/A-18C 제작기 ①	255	0	0
https://m.cafe.naver.com/ca-fe/web/cafes/10503958/articles/57474	왕조사: F-15e Eagle 작업-8 동체2	1010	0	0
https://m.cafe.naver.com/ca-fe/web/cafes/10503958/articles/57439	왕조사: F-15e Eagle 작업-7 동체1	1126	0	0
https://m.cafe.naver.com/ca-fe/web/cafes/10503958/articles/57367	왕조사: F-15e Eagle 작업 -6 레이돔1	1118	0	0
https://m.cafe.naver.com/ca-fe/web/cafes/10503958/articles/57329	왕조사: F-15e Eagle 작업 -5 조종석5	1086	0	0
https://m.cafe.naver.com/ca-fe/web/cafes/10503958/articles/57276	왕조사: F-15e Eagle 작업 -4 조종석4	1089	0	0
https://m.cafe.naver.com/ca-fe/web/cafes/10503958/articles/57259	왕조사: F-15e StrikeEagle 작업 -3 조종석3	1148	0	0
https://m.cafe.naver.com/ca-fe/web/cafes/10503958/articles/57201	왕조사: F-15e StrikeEagle 작업 -2 조종석2	1154	0	0
https://m.cafe.naver.com/ca-fe/web/cafes/10503958/articles/57183	왕조사: F-15e StrikeEagle 작업 - 1 조종석1	1439	0	0
https://m.cafe.naver.com/ca-fe/web/cafes/10503958/articles/57165	왕조사: F-15e StrikeEagle 작업 - 0	1442	0	0
https://m.cafe.naver.com/ca-fe/web/cafes/10503958/articles/57153	왕조사: F-16D 당분간? 봉인 .	521	0	0
https://m.cafe.naver.com/ca-fe/web/cafes/10503958/articles/56877	바로바: [REVELL] 1/48  P-61 Black Widow	502	0	0
https://m.cafe.naver.com/ca-fe/web/cafes/10503958/articles/56784	왕조사: F-16D #3	510	0	0
https://m.cafe.naver.com/ca-fe/web/cafes/10503958/articles/56691	바로바: [ACADEMY] 1/48  P-38 Lightning ...	527	0	0
https://m.cafe.naver.com/ca-fe/web/cafes/10503958/articles/56684	유진아빠: [생존신고] F-15C Aggressor  제작중입니다 ^^;	385	0	0
https://m.cafe.naver.com/ca-fe/web/cafes/10503958/articles/54641	보리: [REVELL] F-14D 톰캣 1/144 2nd.	543	0	0
https://m.cafe.naver.com/ca-fe/web/cafes/10503958/articles/54567	보리: [Revell] 1/144  F-14D 톰캣제작기 1st.	448	0	0
https://m.cafe.naver.com/ca-fe/web/cafes/10503958/articles/53944	매버릭: [ACADEMY]F-22A RAPTOR 1:48[마무리]	2024	0	0
https://m.cafe.naver.com/ca-fe/web/cafes/10503958/articles/52624	낑깡: ch-53e super stallion #----6 (전체사진)	395	0	0
https://m.cafe.naver.com/ca-fe/web/cafes/10503958/articles/52330	매버릭: [ACADEMY]F-22A RAPTOR 1:48 [내부조립]	1549	1	6
https://m.cafe.naver.com/ca-fe/web/cafes/10503958/articles/52076	매버릭: [ACADEMY]F-22A RAPTOR 1:48 [콧핏]	1883	0	0
https://m.cafe.naver.com/ca-fe/web/cafes/10503958/articles/51924	왕조사: F-4J 팬텀 II - 작업기 19 데칼접착-3	1220	0	0
https://m.cafe.naver.com/ca-fe/web/cafes/10503958/articles/51435	왕조사: F-4J 팬텀 II - 작업기 18 데칼접착-2	767	0	0
https://m.cafe.naver.com/ca-fe/web/cafes/10503958/articles/51323	왕조사: F-4J 팬텀 II - 작업기 17 데칼접착	664	0	15
https://m.cafe.naver.com/ca-fe/web/cafes/10503958/articles/50373	왕조사: F-4J 팬텀 II - 작업기 12 동체도색1	805	0	0
https://m.cafe.naver.com/ca-fe/web/cafes/10503958/articles/50350	유진아빠: F-105G 데칼링 완료~	303	0	0
https://m.cafe.naver.com/ca-fe/web/cafes/10503958/articles/50221	왕조사: F-4J 팬텀 II - 작업기 11 캐노피	733	0	0
https://m.cafe.naver.com/ca-fe/web/cafes/10503958/articles/50215	baniman: 첫 가입 인사와 함께..제작 중인 F-14	328	0	0
https://m.cafe.naver.com/ca-fe/web/cafes/10503958/articles/50079	왕조사: F-4J 팬텀 II - 작업기 10 노즐	716	0	0
https://m.cafe.naver.com/ca-fe/web/cafes/10503958/articles/49993	왕조사: F-4J 팬텀 II - 작업기9 동체7	746	0	0
https://m.cafe.naver.com/ca-fe/web/cafes/10503958/articles/49987	데몬: 1/48 [Revell]F/A-18F 'Superhornet' 먹선 넣는중	462	0	6
https://m.cafe.naver.com/ca-fe/web/cafes/10503958/articles/49912	왕조사: F-4J 팬텀 II - 작업기8 동체6	745	0	0
https://m.cafe.naver.com/ca-fe/web/cafes/10503958/articles/49844	유진아빠: F-105G 기본도색 완료	414	0	0
https://m.cafe.naver.com/ca-fe/web/cafes/10503958/articles/49780	데몬: 1/48 [Revell]F/A-18F 'Super hornet' 작업 중	365	0	0
https://m.cafe.naver.com/ca-fe/web/cafes/10503958/articles/49718	왕조사: 재가동 준비중 .	689	0	0
https://m.cafe.naver.com/ca-fe/web/cafes/10503958/articles/49638	데몬: 1/48 [Revell]F/A-18F 'Super hornet' 상부 도색	515	0	0
https://m.cafe.naver.com/ca-fe/web/cafes/10503958/articles/47536	칼칼: F-14A Tomcat VF-2 Bounty Hunters(1/72 후지미)2008.08.27	661	0	0
https://m.cafe.naver.com/ca-fe/web/cafes/10503958/articles/47469	한글별명: 아카데미 1/72 f-18 제작중 한컷	850	0	0
https://m.cafe.naver.com/ca-fe/web/cafes/10503958/articles/46640	사포질: [Academy] 1/48 F-86 sabre 웨더링...	548	0	0
https://m.cafe.naver.com/ca-fe/web/cafes/10503958/articles/46598	왕조사: F-4J 팬텀 II - 작업기7 동체5	1088	0	12
https://m.cafe.naver.com/ca-fe/web/cafes/10503958/articles/46201	사포질: F-16 스텐드 자작	565	0	0
https://m.cafe.naver.com/ca-fe/web/cafes/10503958/articles/45495	왕조사: F-8E 크루세이더 -3	622	0	0
https://m.cafe.naver.com/ca-fe/web/cafes/10503958/articles/45433	왕조사: F-8E 크루세이더 -2	637	0	0
https://m.cafe.naver.com/ca-fe/web/cafes/10503958/articles/45407	메이스터: BF-109E-3 콕핏	253	0	0
https://m.cafe.naver.com/ca-fe/web/cafes/10503958/articles/45406	왕조사: F-8E 크루세이더 -1	847	0	0
https://m.cafe.naver.com/ca-fe/web/cafes/10503958/articles/44917	폭주알라: Revell 1/48 Dassault Rafale M Proto Type 도색까지 완료	266	0	0
https://m.cafe.naver.com/ca-fe/web/cafes/10503958/articles/44916	폭주알라: 1/72 Academy F-8P French navy 80%완성	244	0	0
https://m.cafe.naver.com/ca-fe/web/cafes/10503958/articles/44522	폭주알라: 1/48 Revell Germany Rafale M proto type	174	0	0
https://m.cafe.naver.com/ca-fe/web/cafes/10503958/articles/43958	왕조사: Do335A PFEIL -3	519	0	0
https://m.cafe.naver.com/ca-fe/web/cafes/10503958/articles/42812	왕조사: F-16 #15 동체조립-4	730	0	0
https://m.cafe.naver.com/ca-fe/web/cafes/10503958/articles/42766	민이아빠: 1/48 Revell 라팔 B 복좌형 작업기	442	0	0
https://m.cafe.naver.com/ca-fe/web/cafes/10503958/articles/42765	민이아빠: 1/32 아카데미 팰콘 한국공군형 작업기(허접합니다)	398	0	0
https://m.cafe.naver.com/ca-fe/web/cafes/10503958/articles/42764	민이아빠: 1/144 에이스 코퍼레이션 수퍼톰캣	332	0	0
https://m.cafe.naver.com/ca-fe/web/cafes/10503958/articles/42751	왕조사: F-16 #14 동체조립-3	728	0	0
https://m.cafe.naver.com/ca-fe/web/cafes/10503958/articles/42693	왕조사: F-16 #13 동체조립-2	682	0	0
https://m.cafe.naver.com/ca-fe/web/cafes/10503958/articles/42642	왕조사: F-16 #12 동체조립-1	824	0	12
https://m.cafe.naver.com/ca-fe/web/cafes/10503958/articles/42589	왕조사: F-16 #11 노즈기어-1	707	0	0
https://m.cafe.naver.com/ca-fe/web/cafes/10503958/articles/42524	왕조사: F-16 #10 랜딩기어-4	740	0	0
https://m.cafe.naver.com/ca-fe/web/cafes/10503958/articles/42468	왕조사: F-16 #9 랜딩기어-3	695	0	0
https://m.cafe.naver.com/ca-fe/web/cafes/10503958/articles/42387	왕조사: F-16 #8 랜딩기어-2	705	0	0
https://m.cafe.naver.com/ca-fe/web/cafes/10503958/articles/42341	왕조사: F-16 #7 랜딩기어-1	784	0	0
https://m.cafe.naver.com/ca-fe/web/cafes/10503958/articles/42234	왕조사: F-16 #6 조종석	1007	0	0
https://m.cafe.naver.com/ca-fe/web/cafes/10503958/articles/42092	왕조사: F-16 #5 엔진제작 -4	986	0	0
https://m.cafe.naver.com/ca-fe/web/cafes/10503958/articles/42035	왕조사: F-16 #4 엔진제작 -3	903	0	0
https://m.cafe.naver.com/ca-fe/web/cafes/10503958/articles/41949	왕조사: F-16 #3 엔진제작 -2	898	0	12
https://m.cafe.naver.com/ca-fe/web/cafes/10503958/articles/41781	왕조사: F-16 #2 엔진제작 -1	1126	0	0
https://m.cafe.naver.com/ca-fe/web/cafes/10503958/articles/41780	왕조사: F-16 #1 Dolly 제작	1323	0	0
https://m.cafe.naver.com/ca-fe/web/cafes/10503958/articles/41728	싹난화분: 이봐 어서 내 애기(愛機)를 말들어달라구~	226	0	0
https://m.cafe.naver.com/ca-fe/web/cafes/10503958/articles/41653	모형미학: Revell] Schnellboot S-100 & Flak38	206	0	0
https://m.cafe.naver.com/ca-fe/web/cafes/10503958/articles/41508	왕조사: SpitFire Mk.9 작업기	598	0	9
https://m.cafe.naver.com/ca-fe/web/cafes/10503958/articles/41503	싹난화분: 서페이서작업끝~	305	0	0
https://m.cafe.naver.com/ca-fe/web/cafes/10503958/articles/41386	왕조사: A-7E Corsair II 작업11 데칼	705	0	0
https://m.cafe.naver.com/ca-fe/web/cafes/10503958/articles/39519	왕조사: A-7E Corsair II 작업8 날개접착3	392	0	0
https://m.cafe.naver.com/ca-fe/web/cafes/10503958/articles/39298	게임미학: 1/24  Spitfire Mk VI  - 두번째	254	0	0
https://m.cafe.naver.com/ca-fe/web/cafes/10503958/articles/39230	왕조사: A-7E Corsair II 작업7 날개접착2	441	0	0
https://m.cafe.naver.com/ca-fe/web/cafes/10503958/articles/39100	왕조사: A-7E Corsair II 작업6 날개접착	453	0	0
https://m.cafe.naver.com/ca-fe/web/cafes/10503958/articles/39096	게임미학: 1/24 트럼펫] Supermarine Spitfire Mk VI	374	0	0
https://m.cafe.naver.com/ca-fe/web/cafes/10503958/articles/39003	왕조사: A-7E Corsair II 작업5 동체접착	513	0	0
https://m.cafe.naver.com/ca-fe/web/cafes/10503958/articles/38966	버드: 1/72 blackbird  수정..	234	0	0
https://m.cafe.naver.com/ca-fe/web/cafes/10503958/articles/38952	왕조사: A-7E Corsair II 작업4 정비창	488	0	0
https://m.cafe.naver.com/ca-fe/web/cafes/10503958/articles/38919	qwas008: f-15e 무장형 1/48 첫 도색작업	412	1	0
https://m.cafe.naver.com/ca-fe/web/cafes/10503958/articles/38872	왕조사: A-7E Corsair II 작업3 랜딩기어	549	0	0
https://m.cafe.naver.com/ca-fe/web/cafes/10503958/articles/38844	왕조사: A-7E Corsair II 작업2 조종석2	618	0	0
https://m.cafe.naver.com/ca-fe/web/cafes/10503958/articles/38742	왕조사: A-7E Corsair II 작업1 조종석1	774	0	9
https://m.cafe.naver.com/ca-fe/web/cafes/10503958/articles/38520	게임미학: FW190D-9	335	0	0
https://m.cafe.naver.com/ca-fe/web/cafes/10503958/articles/38504	왕조사: 1/48 TBF-1C Avenger -7	544	0	0
https://m.cafe.naver.com/ca-fe/web/cafes/10503958/articles/38393	왕조사: 1/48 TBF-1C Avenger -6	362	0	0
https://m.cafe.naver.com/ca-fe/web/cafes/10503958/articles/38237	왕조사: 1/48 TBF-1C Avenger -5	395	0	0
https://m.cafe.naver.com/ca-fe/web/cafes/10503958/articles/35407	왕조사: A-1J SkyRaider 작업10 동체접착2	478	0	0
https://m.cafe.naver.com/ca-fe/web/cafes/10503958/articles/35232	왕조사: A-1J SkyRaider 작업9 동체접착1	542	0	0
https://m.cafe.naver.com/ca-fe/web/cafes/10503958/articles/35054	왕조사: A-1J SkyRaider 작업8 조종석1	590	0	0
https://m.cafe.naver.com/ca-fe/web/cafes/10503958/articles/34972	왕조사: A-1J SkyRaider 작업7 정비창7	492	0	0
https://m.cafe.naver.com/ca-fe/web/cafes/10503958/articles/34905	게임미학: 1/48] Fw190A-5  (1)	177	0	0
https://m.cafe.naver.com/ca-fe/web/cafes/10503958/articles/34838	왕조사: A-1J SkyRaider 작업6 정비창6	429	0	0
https://m.cafe.naver.com/ca-fe/web/cafes/10503958/articles/34740	왕조사: A-1J SkyRaider 작업5 정비창5	399	0	7
https://m.cafe.naver.com/ca-fe/web/cafes/10503958/articles/34646	왕조사: A-1J SkyRaider 작업4 정비창4	409	0	0
https://m.cafe.naver.com/ca-fe/web/cafes/10503958/articles/34604	왕조사: A-1J SkyRaider 작업3 정비창3	459	0	0
https://m.cafe.naver.com/ca-fe/web/cafes/10503958/articles/34551	왕조사: A-1J SkyRaider 작업2 정비창2	459	0	0
https://m.cafe.naver.com/ca-fe/web/cafes/10503958/articles/34550	왕조사: A-1J SkyRaider 작업1 정비창1	682	0	0
https://m.cafe.naver.com/ca-fe/web/cafes/10503958/articles/33962	게임미학: BF109 K-4 (4)	431	0	0
https://m.cafe.naver.com/ca-fe/web/cafes/10503958/articles/33653	게임미학: BF109 K-4 (3)	269	0	0
https://m.cafe.naver.com/ca-fe/web/cafes/10503958/articles/33644	버드: 랜딩기어 접착	251	0	0
https://m.cafe.naver.com/ca-fe/web/cafes/10503958/articles/33643	버드: kf-16 제작기-플랩 내리기^^	304	0	0
https://m.cafe.naver.com/ca-fe/web/cafes/10503958/articles/33419	왕조사: 1/48 F-15K SlamEagle 작업6-도색2	1543	0	0
https://m.cafe.naver.com/ca-fe/web/cafes/10503958/articles/33203	왕조사: 1/48 F-15K SlamEagle 작업5-도색1	1253	0	0
https://m.cafe.naver.com/ca-fe/web/cafes/10503958/articles/33016	왕조사: 1/48 F-15K SlamEagle 작업4-서페이싱	1091	0	0
https://m.cafe.naver.com/ca-fe/web/cafes/10503958/articles/33001	불량회원: F-16BID VIPER 제작기 2	221	0	0
https://m.cafe.naver.com/ca-fe/web/cafes/10503958/articles/32843	왕조사: 1/48 F-15K SlamEagle 작업3 - 접합선수정	1093	0	0
https://m.cafe.naver.com/ca-fe/web/cafes/10503958/articles/32660	왕조사: 1/48 F-15K SlamEagle 작업2 -동체접착	1180	0	0
https://m.cafe.naver.com/ca-fe/web/cafes/10503958/articles/32532	왕조사: 1/48 F-15K SlamEagle 작업1 -조종석	1565	0	18
https://m.cafe.naver.com/ca-fe/web/cafes/10503958/articles/32302	불량회원: ITALERI 1/48 F-16 BID VIPER 제작기 1	229	0	0
https://m.cafe.naver.com/ca-fe/web/cafes/10503958/articles/30629	왕조사: 헨셀 123 작업 4	702	0	0
https://m.cafe.naver.com/ca-fe/web/cafes/10503958/articles/30501	왕조사: 헨셀 123 작업 3	459	0	0
https://m.cafe.naver.com/ca-fe/web/cafes/10503958/articles/30477	왕조사: 헨셀 123 작업 2	465	0	0
https://m.cafe.naver.com/ca-fe/web/cafes/10503958/articles/30395	왕조사: 헨셀 123 작업 1	823	0	0
https://m.cafe.naver.com/ca-fe/web/cafes/10503958/articles/30353	버드: f/a-18d 하세가와 1/72	189	0	0
https://m.cafe.naver.com/ca-fe/web/cafes/10503958/articles/29858	왕조사: KF-16 작업 21 백화 복구중	1327	0	12
https://m.cafe.naver.com/ca-fe/web/cafes/10503958/articles/29818	왕조사: KF-16 작업20 주변부품 접착	975	0	0
https://m.cafe.naver.com/ca-fe/web/cafes/10503958/articles/29751	왕조사: KF-16 작업19 정비용품 자작	928	0	0
https://m.cafe.naver.com/ca-fe/web/cafes/10503958/articles/29696	왕조사: KF-16 작업18 먹선넣기	1203	0	0
https://m.cafe.naver.com/ca-fe/web/cafes/10503958/articles/29652	왕조사: KF-16 작업17 무게중심 잡기	955	0	9
https://m.cafe.naver.com/ca-fe/web/cafes/10503958/articles/29598	왕조사: KF-16 작업16 동체도색3	1073	0	0
https://m.cafe.naver.com/ca-fe/web/cafes/10503958/articles/29520	왕조사: KF-16 작업15 동체도색2	1137	0	0
https://m.cafe.naver.com/ca-fe/web/cafes/10503958/articles/29486	왕조사: KF-16 작업14 동체도색1	983	0	0
https://m.cafe.naver.com/ca-fe/web/cafes/10503958/articles/29418	왕조사: KF-16 작업13 무장3	798	0	0
https://m.cafe.naver.com/ca-fe/web/cafes/10503958/articles/29352	왕조사: KF-16 작업 12 무장2	773	0	0
https://m.cafe.naver.com/ca-fe/web/cafes/10503958/articles/29274	왕조사: KF-16 작업 11 무장1	838	0	0
https://m.cafe.naver.com/ca-fe/web/cafes/10503958/articles/29201	왕조사: KF-16 작업10 HUD	934	0	11
https://m.cafe.naver.com/ca-fe/web/cafes/10503958/articles/29110	왕조사: KF-16 작업9 레이다	883	0	0
https://m.cafe.naver.com/ca-fe/web/cafes/10503958/articles/28104	왕조사: 1/48 F-4J 작업12 데칼작업	848	0	0
https://m.cafe.naver.com/ca-fe/web/cafes/10503958/articles/28058	: 러시아판 해리어  "FORGER" 제작기#1	444	0	0
https://m.cafe.naver.com/ca-fe/web/cafes/10503958/articles/28041	왕조사: 1/48 F-4J 작업11 동체도색2	934	0	0
https://m.cafe.naver.com/ca-fe/web/cafes/10503958/articles/27966	왕조사: 1/48 F-4J 작업10 마스킹	930	0	0
https://m.cafe.naver.com/ca-fe/web/cafes/10503958/articles/27910	왕조사: 1/48 F-4J 작업9 무장&노즐 도색	1031	0	0
https://m.cafe.naver.com/ca-fe/web/cafes/10503958/articles/27878	왕조사: 1/48 F-4J 작업8 동체도색 1	1025	0	0
https://m.cafe.naver.com/ca-fe/web/cafes/10503958/articles/27864	왕조사: 1/48 F-4J 작업7 동체조립	955	0	0
https://m.cafe.naver.com/ca-fe/web/cafes/10503958/articles/27817	왕조사: 1/48 F-4J 작업6 사포질	1095	0	0
https://m.cafe.naver.com/ca-fe/web/cafes/10503958/articles/27738	왕조사: 1/48 F-4J 작업5 리엔그레이빙	1295	0	0
https://m.cafe.naver.com/ca-fe/web/cafes/10503958/articles/27609	왕조사: 1/48 F-4J 작업4 조종석 도색2	1230	0	0
https://m.cafe.naver.com/ca-fe/web/cafes/10503958/articles/27571	왕조사: 1/48 F-4J 작업3 조종석 도색	1370	0	0
https://m.cafe.naver.com/ca-fe/web/cafes/10503958/articles/27551	조인의꿈: F-86 세이버 제작 총정리	443	0	0
https://m.cafe.naver.com/ca-fe/web/cafes/10503958/articles/27501	왕조사: 1/48 F-4J 작업2 부품다듬기	1313	0	0
https://m.cafe.naver.com/ca-fe/web/cafes/10503958/articles/27437	왕조사: 1/48 F-4J 작업1 가조립	1574	0	0
https://m.cafe.naver.com/ca-fe/web/cafes/10503958/articles/27436	왕조사: 1/48 F-4J Showtime 100  뜯어보기	1945	0	0
https://m.cafe.naver.com/ca-fe/web/cafes/10503958/articles/26680	화성인: [작업중]Spitfire MK Vb(1/72 HobbyBoss)	400	0	0
https://m.cafe.naver.com/ca-fe/web/cafes/10503958/articles/20933	kun8000: 헬다이버 제작기~~!!! #1	322	0	0
https://m.cafe.naver.com/ca-fe/web/cafes/10503958/articles/18927	kun8000: 마크로스제로 --TOMCAT-- #2	337	0	6
https://m.cafe.naver.com/ca-fe/web/cafes/10503958/articles/18798	kun8000: 마크로스제로 --TOMCAT--	400	0	5
https://m.cafe.naver.com/ca-fe/web/cafes/10503958/articles/18619	말럽현지: F-14A(제작기-1)	935	0	13
https://m.cafe.naver.com/ca-fe/web/cafes/10503958/articles/16983	eodms1215: 레벨제 1/48 F-18E 슈퍼호넷 제작기 첫번째	577	0	0
https://m.cafe.naver.com/ca-fe/web/cafes/10503958/articles/16935	푸른하늘: F-15K 제작기 #2	635	0	8
https://m.cafe.naver.com/ca-fe/web/cafes/10503958/articles/16766	푸른하늘: F-15K슬램이글 제작기(레벨 1/48+ SLAM EAGLE Conversion set )	762	1	5
https://m.cafe.naver.com/ca-fe/web/cafes/10503958/articles/15813	폴라디스: F-4U 완성 .. 입니다 ㅇㅂㅇ	470	0	7
https://m.cafe.naver.com/ca-fe/web/cafes/10503958/articles/10679	강토회원: 어머!	434	0	0
https://m.cafe.naver.com/ca-fe/web/cafes/10503958/articles/10463	songho89: 여기에 올려두 되려나...	509	0	9
https://m.cafe.naver.com/ca-fe/web/cafes/10503958/articles/9868	dkfhddlb: 아 워호크 사막전선....공정률80%..	382	0	0
https://m.cafe.naver.com/ca-fe/web/cafes/10503958/articles/9843	플랭커: 컨테스트용 미그 29	391	0	0
https://m.cafe.naver.com/ca-fe/web/cafes/10503958/articles/9821	생수: 1/72 무스탕 한국전쟁 미국소령 탑승기	399	0	0
https://m.cafe.naver.com/ca-fe/web/cafes/10503958/articles/9796	dkfhddlb: 1/72 아카데미 워호크.[데져트센드칼라]	309	0	2
https://m.cafe.naver.com/ca-fe/web/cafes/10503958/articles/9284	red411: 2번째 작품 ㄱ-	297	0	0
https://m.cafe.naver.com/ca-fe/web/cafes/10503958/articles/9281	벌레무늬: 아카데미 P-38J (왕왕초보) ^^;;	380	0	0
https://m.cafe.naver.com/ca-fe/web/cafes/10503958/articles/9200	peiper77: 1:72 아카데미 P-47D 레이져백 먹선까지 완료.	565	0	0
https://m.cafe.naver.com/ca-fe/web/cafes/10503958/articles/9107	peiper77: 1:72 아카데미 P-47D 레이져백 체크무늬 스탠실..	386	0	0
https://m.cafe.naver.com/ca-fe/web/cafes/10503958/articles/9103	peiper77: 1:72 아카데미 P-47D 레이져백 데칼링..	471	0	0
https://m.cafe.naver.com/ca-fe/web/cafes/10503958/articles/9089	peiper77: 1:72 아카데미 P-47D 레이져백	497	0	0
https://m.cafe.naver.com/ca-fe/web/cafes/10503958/articles/9055	rondbell: 접합선 수정이라는게 무지 힘들더군요	405	0	4
https://m.cafe.naver.com/ca-fe/web/cafes/10503958/articles/8837	아즈라: 아카데미 1/48 F-16 [換骨奪胎 ver.]	444	0	0
https://m.cafe.naver.com/ca-fe/web/cafes/10503958/articles/8683	red411: 처음 만들어서 ㅠㅠF-15기 이글	530	0	0
https://m.cafe.naver.com/ca-fe/web/cafes/10503958/articles/8475	프라광: 밀리 24 하인드e형 헬기입니다	623	0	0
https://m.cafe.naver.com/ca-fe/web/cafes/10503958/articles/7783	제뚜기: 처음으로 만들어 보는 f-16입니다	636	0	0
https://m.cafe.naver.com/ca-fe/web/cafes/10503958/articles/6891	dkfhddlb: 스투카 사진 올리고갑니다 ㅎㅎ.	459	0	0
https://m.cafe.naver.com/ca-fe/web/cafes/10503958/articles/6620	dkfhddlb: 우리 수투카 작업 4일째~	506	0	0
https://m.cafe.naver.com/ca-fe/web/cafes/10503958/articles/6457	dkfhddlb: 스투가 작업입니다 ^^.;	421	0	0
https://m.cafe.naver.com/ca-fe/web/cafes/10503958/articles/5682	아즈라: TAMIYA 1/32 F-16CJ Block 50 Fighting Falcon (part-2)	1061	0	0
https://m.cafe.naver.com/ca-fe/web/cafes/10503958/articles/5680	아즈라: TAMIYA 1/32 F-16CJ Block 50 Fighting Falcon (part-1)	868	0	0
https://m.cafe.naver.com/ca-fe/web/cafes/10503958/articles/5414	뱅기만: [1/48] 타미야 제로 동체까기	709	0	0
https://m.cafe.naver.com/ca-fe/web/cafes/10503958/articles/5413	뱅기만: [1/48 타미야] 제로 엔진 디테일업	534	0	0
https://m.cafe.naver.com/ca-fe/web/cafes/10503958/articles/4887	에나멜: 아카데미 a-10a 썬더볼트 2	638	0	0
https://m.cafe.naver.com/ca-fe/web/cafes/10503958/articles/4037	겔러그: 아직 완성은 아니지만...요즘 작업하고 있는 넘입니다.	542	0	0
https://m.cafe.naver.com/ca-fe/web/cafes/10503958/articles/3952	엑터: KANGNAM F-5E	561	0	0
https://m.cafe.naver.com/ca-fe/web/cafes/10503958/articles/3829	엑터: F-5E Tiger II	515	0	0
https://m.cafe.naver.com/ca-fe/web/cafes/10503958/articles/3731	엑터: F-5E ㅜㅜ;	469	0	0
https://m.cafe.naver.com/ca-fe/web/cafes/10503958/articles/3608	엑터: 강남 F-5E 어택~!!!	633	0	0
https://m.cafe.naver.com/ca-fe/web/cafes/10503958/articles/277	퍄노소리: P-51D MUSTANG 'Big Beautiful Doll' 4 (프로펠라)	526	0	0
https://m.cafe.naver.com/ca-fe/web/cafes/10503958/articles/267	크리스: Airoacobra Working 5 (명함 표현 및 나머지 파트 도색)	443	0	0
https://m.cafe.naver.com/ca-fe/web/cafes/10503958/articles/249	퍄노소리: P-51D MUSTANG 'Big Beautiful Doll' 3	567	0	0
https://m.cafe.naver.com/ca-fe/web/cafes/10503958/articles/248	퍄노소리: P-51D MUSTANG 'Big Beautiful Doll' 2	638	0	0
https://m.cafe.naver.com/ca-fe/web/cafes/10503958/articles/247	퍄노소리: P-51D MUSTANG 'Big Beautiful Doll' 1	704	0	0
https://m.cafe.naver.com/ca-fe/web/cafes/10503958/articles/242	크리스: Airoacobra Working 4 (전면 도색 및 먹선)	567	0	0
https://m.cafe.naver.com/ca-fe/web/cafes/10503958/articles/236	크리스: Airoacobra Working 3 (가조립 및 배면 도색)	467	0	0
https://m.cafe.naver.com/ca-fe/web/cafes/10503958/articles/79	크리스: JAL JUMBO SRE EGG 작업 2	855	0	0
https://m.cafe.naver.com/ca-fe/web/cafes/10503958/articles/77	크리스: JAL JUMBO SER EGG	821	0	0
https://m.cafe.naver.com/ca-fe/web/cafes/10503958/articles/66	크리스: Airoacobra Working 2 (프로펠러)	454	0	0
https://m.cafe.naver.com/ca-fe/web/cafes/10503958/articles/64	크리스: Airacobra Working 1	468	0	0
https://m.cafe.naver.com/ca-fe/web/cafes/10503958/articles/48	크리스: P-47D 작업중 3	628	0	0
https://m.cafe.naver.com/ca-fe/web/cafes/10503958/articles/28	곰팅: P-47D 작업중2	494	0	0
https://m.cafe.naver.com/ca-fe/web/cafes/10503958/articles/20	곰팅: P-47D 작업중	658	0	0
https://m.cafe.naver.com/ca-fe/web/cafes/10503958/articles/86909	Albas97: F/A-18 chippy ho! 작업기(10)	492	0	0
https://m.cafe.naver.com/ca-fe/web/cafes/10503958/articles/87030	지기: [1/48, Kinetic] F-16A ROCAF - 제작기 2 (콕핏도색)	292	0	0
https://m.cafe.naver.com/ca-fe/web/cafes/10503958/articles/87121	Albas97: F/A-18 chippy ho! 작업기(11)	451	0	0
https://m.cafe.naver.com/ca-fe/web/cafes/10503958/articles/87365	이상해씨: Su-30MK 1/48	346	0	0
https://m.cafe.naver.com/ca-fe/web/cafes/10503958/articles/87380	Albas97: Su-30 RUSSIA AIRFORCE 제작기(1)	656	0	0
https://m.cafe.naver.com/ca-fe/web/cafes/10503958/articles/87410	이상해씨: SU-30MK 1/48제작기3	192	0	0
