[2025-12-15 16:42:03,648][run.py:209][DEBUG] # main()
[2025-12-15 16:42:03,649][run.py:171][DEBUG] # determine_options()
[2025-12-15 16:42:03,649][run.py:218][DEBUG] {'do_make_all_feeds': False, 'do_remove_all_files': False, 'force_collection_opt': '', 'collect_only_opt': '', 'num_feeds': 0, 'window_size': 5}
[2025-12-15 16:42:03,649][run.py:219][DEBUG] hackernoon/hackernoon.programming
[2025-12-15 16:42:03,649][run.py:23][DEBUG] # FeedMakerRunner(html_archiving_period=30, list_archiving_period=7)
[2025-12-15 16:42:03,649][feed_maker_util.py:356][DEBUG] # Config(feed_dir_path=hackernoon/hackernoon.programming)
[2025-12-15 16:42:03,649][feed_maker_util.py:428][DEBUG] # get_collection_configs()
[2025-12-15 16:42:03,649][run.py:40][DEBUG] # make_single_feed(feed_dir_path='hackernoon/hackernoon.programming', options={'do_make_all_feeds': False, 'do_remove_all_files': False, 'force_collection_opt': '', 'collect_only_opt': '', 'num_feeds': 0, 'window_size': 5})
[2025-12-15 16:42:03,649][run.py:55][INFO] * hackernoon/hackernoon.programming
[2025-12-15 16:42:03,649][feed_maker_util.py:685][DEBUG] # remove_image_files_with_zero_size()
[2025-12-15 16:42:03,649][feed_maker_util.py:686][INFO] # deleting image files with zero size
[2025-12-15 16:42:03,649][feed_maker_util.py:670][DEBUG] # remove_html_files_without_cached_image_files(feed_dir_path='hackernoon/hackernoon.programming', feed_img_dir_path='img/hackernoon.programming')
[2025-12-15 16:42:03,649][feed_maker_util.py:671][INFO] # deleting html files without cached image files
[2025-12-15 16:42:03,649][feed_maker_util.py:356][DEBUG] # Config(feed_dir_path=hackernoon/hackernoon.programming)
[2025-12-15 16:42:03,650][feed_maker_util.py:462][DEBUG] # get_extraction_configs()
[2025-12-15 16:42:03,650][feed_maker_util.py:638][DEBUG] # get_incomplete_image_list(html_file_path='hackernoon/hackernoon.programming/html/c45e6f1.html')
[2025-12-15 16:42:03,650][feed_maker_util.py:638][DEBUG] # get_incomplete_image_list(html_file_path='hackernoon/hackernoon.programming/html/816496b.html')
[2025-12-15 16:42:03,651][feed_maker_util.py:638][DEBUG] # get_incomplete_image_list(html_file_path='hackernoon/hackernoon.programming/html/742e6d3.html')
[2025-12-15 16:42:03,651][feed_maker_util.py:638][DEBUG] # get_incomplete_image_list(html_file_path='hackernoon/hackernoon.programming/html/e8211f6.html')
[2025-12-15 16:42:03,651][feed_maker_util.py:638][DEBUG] # get_incomplete_image_list(html_file_path='hackernoon/hackernoon.programming/html/b942d7c.html')
[2025-12-15 16:42:03,652][feed_maker_util.py:638][DEBUG] # get_incomplete_image_list(html_file_path='hackernoon/hackernoon.programming/html/bf31f9c.html')
[2025-12-15 16:42:03,652][feed_maker_util.py:638][DEBUG] # get_incomplete_image_list(html_file_path='hackernoon/hackernoon.programming/html/87bf061.html')
[2025-12-15 16:42:03,652][feed_maker_util.py:638][DEBUG] # get_incomplete_image_list(html_file_path='hackernoon/hackernoon.programming/html/80caa66.html')
[2025-12-15 16:42:03,653][feed_maker_util.py:638][DEBUG] # get_incomplete_image_list(html_file_path='hackernoon/hackernoon.programming/html/96803f5.html')
[2025-12-15 16:42:03,653][feed_maker_util.py:638][DEBUG] # get_incomplete_image_list(html_file_path='hackernoon/hackernoon.programming/html/81c81f5.html')
[2025-12-15 16:42:03,653][feed_maker_util.py:638][DEBUG] # get_incomplete_image_list(html_file_path='hackernoon/hackernoon.programming/html/fedf1ff.html')
[2025-12-15 16:42:03,653][feed_maker_util.py:638][DEBUG] # get_incomplete_image_list(html_file_path='hackernoon/hackernoon.programming/html/8887dfe.html')
[2025-12-15 16:42:03,654][feed_maker_util.py:638][DEBUG] # get_incomplete_image_list(html_file_path='hackernoon/hackernoon.programming/html/4c012cd.html')
[2025-12-15 16:42:03,654][feed_maker_util.py:638][DEBUG] # get_incomplete_image_list(html_file_path='hackernoon/hackernoon.programming/html/80d1634.html')
[2025-12-15 16:42:03,654][feed_maker_util.py:638][DEBUG] # get_incomplete_image_list(html_file_path='hackernoon/hackernoon.programming/html/d8b34f3.html')
[2025-12-15 16:42:03,655][feed_maker_util.py:638][DEBUG] # get_incomplete_image_list(html_file_path='hackernoon/hackernoon.programming/html/78bcac4.html')
[2025-12-15 16:42:03,655][feed_maker_util.py:638][DEBUG] # get_incomplete_image_list(html_file_path='hackernoon/hackernoon.programming/html/5521494.html')
[2025-12-15 16:42:03,655][feed_maker_util.py:638][DEBUG] # get_incomplete_image_list(html_file_path='hackernoon/hackernoon.programming/html/4697c0c.html')
[2025-12-15 16:42:03,655][feed_maker_util.py:638][DEBUG] # get_incomplete_image_list(html_file_path='hackernoon/hackernoon.programming/html/96b0716.html')
[2025-12-15 16:42:03,655][feed_maker_util.py:638][DEBUG] # get_incomplete_image_list(html_file_path='hackernoon/hackernoon.programming/html/57cf892.html')
[2025-12-15 16:42:03,656][feed_maker_util.py:638][DEBUG] # get_incomplete_image_list(html_file_path='hackernoon/hackernoon.programming/html/69c6320.html')
[2025-12-15 16:42:03,656][feed_maker_util.py:638][DEBUG] # get_incomplete_image_list(html_file_path='hackernoon/hackernoon.programming/html/6960cf9.html')
[2025-12-15 16:42:03,656][feed_maker_util.py:638][DEBUG] # get_incomplete_image_list(html_file_path='hackernoon/hackernoon.programming/html/ac8efe2.html')
[2025-12-15 16:42:03,657][feed_maker_util.py:638][DEBUG] # get_incomplete_image_list(html_file_path='hackernoon/hackernoon.programming/html/43f524a.html')
[2025-12-15 16:42:03,658][feed_maker_util.py:638][DEBUG] # get_incomplete_image_list(html_file_path='hackernoon/hackernoon.programming/html/8915e94.html')
[2025-12-15 16:42:03,658][feed_maker_util.py:638][DEBUG] # get_incomplete_image_list(html_file_path='hackernoon/hackernoon.programming/html/4789f5b.html')
[2025-12-15 16:42:03,658][feed_maker_util.py:638][DEBUG] # get_incomplete_image_list(html_file_path='hackernoon/hackernoon.programming/html/4b9d5e0.html')
[2025-12-15 16:42:03,658][feed_maker_util.py:638][DEBUG] # get_incomplete_image_list(html_file_path='hackernoon/hackernoon.programming/html/70caa1f.html')
[2025-12-15 16:42:03,658][feed_maker_util.py:638][DEBUG] # get_incomplete_image_list(html_file_path='hackernoon/hackernoon.programming/html/004fb03.html')
[2025-12-15 16:42:03,658][feed_maker_util.py:638][DEBUG] # get_incomplete_image_list(html_file_path='hackernoon/hackernoon.programming/html/ce8a23e.html')
[2025-12-15 16:42:03,659][feed_maker_util.py:638][DEBUG] # get_incomplete_image_list(html_file_path='hackernoon/hackernoon.programming/html/51629e4.html')
[2025-12-15 16:42:03,659][feed_maker_util.py:638][DEBUG] # get_incomplete_image_list(html_file_path='hackernoon/hackernoon.programming/html/6e1df9f.html')
[2025-12-15 16:42:03,659][feed_maker_util.py:638][DEBUG] # get_incomplete_image_list(html_file_path='hackernoon/hackernoon.programming/html/227c122.html')
[2025-12-15 16:42:03,659][feed_maker_util.py:638][DEBUG] # get_incomplete_image_list(html_file_path='hackernoon/hackernoon.programming/html/8041f00.html')
[2025-12-15 16:42:03,660][feed_maker_util.py:638][DEBUG] # get_incomplete_image_list(html_file_path='hackernoon/hackernoon.programming/html/2733e13.html')
[2025-12-15 16:42:03,660][feed_maker_util.py:638][DEBUG] # get_incomplete_image_list(html_file_path='hackernoon/hackernoon.programming/html/9fa830c.html')
[2025-12-15 16:42:03,660][feed_maker_util.py:638][DEBUG] # get_incomplete_image_list(html_file_path='hackernoon/hackernoon.programming/html/5f89d53.html')
[2025-12-15 16:42:03,660][feed_maker_util.py:638][DEBUG] # get_incomplete_image_list(html_file_path='hackernoon/hackernoon.programming/html/a0a638b.html')
[2025-12-15 16:42:03,660][feed_maker_util.py:638][DEBUG] # get_incomplete_image_list(html_file_path='hackernoon/hackernoon.programming/html/5b6d384.html')
[2025-12-15 16:42:03,661][feed_maker_util.py:638][DEBUG] # get_incomplete_image_list(html_file_path='hackernoon/hackernoon.programming/html/0dd2434.html')
[2025-12-15 16:42:03,662][feed_maker_util.py:638][DEBUG] # get_incomplete_image_list(html_file_path='hackernoon/hackernoon.programming/html/d409df0.html')
[2025-12-15 16:42:03,662][feed_maker_util.py:638][DEBUG] # get_incomplete_image_list(html_file_path='hackernoon/hackernoon.programming/html/9f2dbbb.html')
[2025-12-15 16:42:03,663][feed_maker_util.py:638][DEBUG] # get_incomplete_image_list(html_file_path='hackernoon/hackernoon.programming/html/1453b5a.html')
[2025-12-15 16:42:03,663][feed_maker_util.py:638][DEBUG] # get_incomplete_image_list(html_file_path='hackernoon/hackernoon.programming/html/b32a301.html')
[2025-12-15 16:42:03,663][feed_maker_util.py:638][DEBUG] # get_incomplete_image_list(html_file_path='hackernoon/hackernoon.programming/html/0ed78fb.html')
[2025-12-15 16:42:03,663][feed_maker_util.py:638][DEBUG] # get_incomplete_image_list(html_file_path='hackernoon/hackernoon.programming/html/dd679ea.html')
[2025-12-15 16:42:03,664][feed_maker_util.py:638][DEBUG] # get_incomplete_image_list(html_file_path='hackernoon/hackernoon.programming/html/7b6d261.html')
[2025-12-15 16:42:03,664][feed_maker_util.py:638][DEBUG] # get_incomplete_image_list(html_file_path='hackernoon/hackernoon.programming/html/3065a6d.html')
[2025-12-15 16:42:03,664][feed_maker_util.py:638][DEBUG] # get_incomplete_image_list(html_file_path='hackernoon/hackernoon.programming/html/0ec7829.html')
[2025-12-15 16:42:03,664][feed_maker_util.py:638][DEBUG] # get_incomplete_image_list(html_file_path='hackernoon/hackernoon.programming/html/f0efade.html')
[2025-12-15 16:42:03,665][feed_maker_util.py:638][DEBUG] # get_incomplete_image_list(html_file_path='hackernoon/hackernoon.programming/html/1b5c0b3.html')
[2025-12-15 16:42:03,665][feed_maker_util.py:638][DEBUG] # get_incomplete_image_list(html_file_path='hackernoon/hackernoon.programming/html/72de321.html')
[2025-12-15 16:42:03,665][feed_maker_util.py:638][DEBUG] # get_incomplete_image_list(html_file_path='hackernoon/hackernoon.programming/html/814c95e.html')
[2025-12-15 16:42:03,666][feed_maker_util.py:638][DEBUG] # get_incomplete_image_list(html_file_path='hackernoon/hackernoon.programming/html/a33b942.html')
[2025-12-15 16:42:03,666][feed_maker_util.py:638][DEBUG] # get_incomplete_image_list(html_file_path='hackernoon/hackernoon.programming/html/f89f1fa.html')
[2025-12-15 16:42:03,666][feed_maker_util.py:638][DEBUG] # get_incomplete_image_list(html_file_path='hackernoon/hackernoon.programming/html/d61cdc4.html')
[2025-12-15 16:42:03,666][feed_maker_util.py:638][DEBUG] # get_incomplete_image_list(html_file_path='hackernoon/hackernoon.programming/html/892a96b.html')
[2025-12-15 16:42:03,667][feed_maker_util.py:638][DEBUG] # get_incomplete_image_list(html_file_path='hackernoon/hackernoon.programming/html/f7abec3.html')
[2025-12-15 16:42:03,667][feed_maker_util.py:638][DEBUG] # get_incomplete_image_list(html_file_path='hackernoon/hackernoon.programming/html/9e42535.html')
[2025-12-15 16:42:03,667][feed_maker_util.py:638][DEBUG] # get_incomplete_image_list(html_file_path='hackernoon/hackernoon.programming/html/efd6af3.html')
[2025-12-15 16:42:03,667][feed_maker_util.py:638][DEBUG] # get_incomplete_image_list(html_file_path='hackernoon/hackernoon.programming/html/4a76e7d.html')
[2025-12-15 16:42:03,667][feed_maker_util.py:638][DEBUG] # get_incomplete_image_list(html_file_path='hackernoon/hackernoon.programming/html/637b7ba.html')
[2025-12-15 16:42:03,668][feed_maker_util.py:638][DEBUG] # get_incomplete_image_list(html_file_path='hackernoon/hackernoon.programming/html/f3a4082.html')
[2025-12-15 16:42:03,668][feed_maker_util.py:638][DEBUG] # get_incomplete_image_list(html_file_path='hackernoon/hackernoon.programming/html/15cf6d9.html')
[2025-12-15 16:42:03,668][feed_maker_util.py:638][DEBUG] # get_incomplete_image_list(html_file_path='hackernoon/hackernoon.programming/html/97269ec.html')
[2025-12-15 16:42:03,669][feed_maker_util.py:638][DEBUG] # get_incomplete_image_list(html_file_path='hackernoon/hackernoon.programming/html/b0ec66c.html')
[2025-12-15 16:42:03,669][feed_maker_util.py:638][DEBUG] # get_incomplete_image_list(html_file_path='hackernoon/hackernoon.programming/html/ac28919.html')
[2025-12-15 16:42:03,670][feed_maker_util.py:638][DEBUG] # get_incomplete_image_list(html_file_path='hackernoon/hackernoon.programming/html/634590a.html')
[2025-12-15 16:42:03,670][feed_maker_util.py:638][DEBUG] # get_incomplete_image_list(html_file_path='hackernoon/hackernoon.programming/html/76fa68e.html')
[2025-12-15 16:42:03,670][feed_maker_util.py:638][DEBUG] # get_incomplete_image_list(html_file_path='hackernoon/hackernoon.programming/html/4ac6533.html')
[2025-12-15 16:42:03,670][feed_maker_util.py:638][DEBUG] # get_incomplete_image_list(html_file_path='hackernoon/hackernoon.programming/html/df47a17.html')
[2025-12-15 16:42:03,671][feed_maker_util.py:638][DEBUG] # get_incomplete_image_list(html_file_path='hackernoon/hackernoon.programming/html/bfebe20.html')
[2025-12-15 16:42:03,671][feed_maker_util.py:638][DEBUG] # get_incomplete_image_list(html_file_path='hackernoon/hackernoon.programming/html/181573a.html')
[2025-12-15 16:42:03,671][feed_maker_util.py:638][DEBUG] # get_incomplete_image_list(html_file_path='hackernoon/hackernoon.programming/html/3fb8954.html')
[2025-12-15 16:42:03,672][feed_maker_util.py:638][DEBUG] # get_incomplete_image_list(html_file_path='hackernoon/hackernoon.programming/html/c3b5c5d.html')
[2025-12-15 16:42:03,672][feed_maker_util.py:638][DEBUG] # get_incomplete_image_list(html_file_path='hackernoon/hackernoon.programming/html/eb9af74.html')
[2025-12-15 16:42:03,672][feed_maker_util.py:638][DEBUG] # get_incomplete_image_list(html_file_path='hackernoon/hackernoon.programming/html/aa24382.html')
[2025-12-15 16:42:03,672][feed_maker_util.py:638][DEBUG] # get_incomplete_image_list(html_file_path='hackernoon/hackernoon.programming/html/a1209e4.html')
[2025-12-15 16:42:03,673][feed_maker_util.py:638][DEBUG] # get_incomplete_image_list(html_file_path='hackernoon/hackernoon.programming/html/887cf7d.html')
[2025-12-15 16:42:03,673][feed_maker_util.py:638][DEBUG] # get_incomplete_image_list(html_file_path='hackernoon/hackernoon.programming/html/36c4475.html')
[2025-12-15 16:42:03,673][feed_maker_util.py:638][DEBUG] # get_incomplete_image_list(html_file_path='hackernoon/hackernoon.programming/html/c6a41fc.html')
[2025-12-15 16:42:03,673][feed_maker_util.py:638][DEBUG] # get_incomplete_image_list(html_file_path='hackernoon/hackernoon.programming/html/d8a630d.html')
[2025-12-15 16:42:03,674][feed_maker_util.py:638][DEBUG] # get_incomplete_image_list(html_file_path='hackernoon/hackernoon.programming/html/5033979.html')
[2025-12-15 16:42:03,674][feed_maker_util.py:638][DEBUG] # get_incomplete_image_list(html_file_path='hackernoon/hackernoon.programming/html/06da980.html')
[2025-12-15 16:42:03,674][feed_maker_util.py:638][DEBUG] # get_incomplete_image_list(html_file_path='hackernoon/hackernoon.programming/html/eacab4b.html')
[2025-12-15 16:42:03,675][feed_maker_util.py:638][DEBUG] # get_incomplete_image_list(html_file_path='hackernoon/hackernoon.programming/html/d3f3317.html')
[2025-12-15 16:42:03,675][feed_maker_util.py:638][DEBUG] # get_incomplete_image_list(html_file_path='hackernoon/hackernoon.programming/html/6593642.html')
[2025-12-15 16:42:03,675][feed_maker_util.py:638][DEBUG] # get_incomplete_image_list(html_file_path='hackernoon/hackernoon.programming/html/47d8474.html')
[2025-12-15 16:42:03,675][feed_maker_util.py:638][DEBUG] # get_incomplete_image_list(html_file_path='hackernoon/hackernoon.programming/html/55aa4ac.html')
[2025-12-15 16:42:03,676][feed_maker_util.py:638][DEBUG] # get_incomplete_image_list(html_file_path='hackernoon/hackernoon.programming/html/f7c7cfb.html')
[2025-12-15 16:42:03,676][feed_maker_util.py:638][DEBUG] # get_incomplete_image_list(html_file_path='hackernoon/hackernoon.programming/html/b8c24c0.html')
[2025-12-15 16:42:03,677][feed_maker_util.py:638][DEBUG] # get_incomplete_image_list(html_file_path='hackernoon/hackernoon.programming/html/2a1590e.html')
[2025-12-15 16:42:03,677][feed_maker_util.py:638][DEBUG] # get_incomplete_image_list(html_file_path='hackernoon/hackernoon.programming/html/c575684.html')
[2025-12-15 16:42:03,678][feed_maker_util.py:638][DEBUG] # get_incomplete_image_list(html_file_path='hackernoon/hackernoon.programming/html/0564229.html')
[2025-12-15 16:42:03,679][feed_maker_util.py:638][DEBUG] # get_incomplete_image_list(html_file_path='hackernoon/hackernoon.programming/html/e1decaa.html')
[2025-12-15 16:42:03,679][feed_maker_util.py:638][DEBUG] # get_incomplete_image_list(html_file_path='hackernoon/hackernoon.programming/html/85e1365.html')
[2025-12-15 16:42:03,680][feed_maker_util.py:638][DEBUG] # get_incomplete_image_list(html_file_path='hackernoon/hackernoon.programming/html/33509df.html')
[2025-12-15 16:42:03,680][feed_maker_util.py:638][DEBUG] # get_incomplete_image_list(html_file_path='hackernoon/hackernoon.programming/html/ade5de1.html')
[2025-12-15 16:42:03,680][feed_maker_util.py:638][DEBUG] # get_incomplete_image_list(html_file_path='hackernoon/hackernoon.programming/html/1a8fd40.html')
[2025-12-15 16:42:03,680][feed_maker_util.py:638][DEBUG] # get_incomplete_image_list(html_file_path='hackernoon/hackernoon.programming/html/bf3fb3a.html')
[2025-12-15 16:42:03,680][feed_maker_util.py:638][DEBUG] # get_incomplete_image_list(html_file_path='hackernoon/hackernoon.programming/html/34b48fa.html')
[2025-12-15 16:42:03,681][feed_maker_util.py:638][DEBUG] # get_incomplete_image_list(html_file_path='hackernoon/hackernoon.programming/html/2636b54.html')
[2025-12-15 16:42:03,681][feed_maker_util.py:638][DEBUG] # get_incomplete_image_list(html_file_path='hackernoon/hackernoon.programming/html/fbbef2b.html')
[2025-12-15 16:42:03,681][feed_maker_util.py:638][DEBUG] # get_incomplete_image_list(html_file_path='hackernoon/hackernoon.programming/html/293b3f3.html')
[2025-12-15 16:42:03,681][feed_maker_util.py:638][DEBUG] # get_incomplete_image_list(html_file_path='hackernoon/hackernoon.programming/html/e1a0cab.html')
[2025-12-15 16:42:03,681][feed_maker_util.py:638][DEBUG] # get_incomplete_image_list(html_file_path='hackernoon/hackernoon.programming/html/d619b5d.html')
[2025-12-15 16:42:03,681][feed_maker_util.py:638][DEBUG] # get_incomplete_image_list(html_file_path='hackernoon/hackernoon.programming/html/3e5b9d8.html')
[2025-12-15 16:42:03,682][feed_maker_util.py:638][DEBUG] # get_incomplete_image_list(html_file_path='hackernoon/hackernoon.programming/html/bdff34b.html')
[2025-12-15 16:42:03,682][feed_maker_util.py:638][DEBUG] # get_incomplete_image_list(html_file_path='hackernoon/hackernoon.programming/html/0aead4e.html')
[2025-12-15 16:42:03,682][feed_maker_util.py:638][DEBUG] # get_incomplete_image_list(html_file_path='hackernoon/hackernoon.programming/html/69db0ee.html')
[2025-12-15 16:42:03,682][feed_maker_util.py:638][DEBUG] # get_incomplete_image_list(html_file_path='hackernoon/hackernoon.programming/html/cd5200f.html')
[2025-12-15 16:42:03,682][feed_maker_util.py:638][DEBUG] # get_incomplete_image_list(html_file_path='hackernoon/hackernoon.programming/html/b560958.html')
[2025-12-15 16:42:03,683][feed_maker_util.py:638][DEBUG] # get_incomplete_image_list(html_file_path='hackernoon/hackernoon.programming/html/58f55d7.html')
[2025-12-15 16:42:03,683][feed_maker_util.py:638][DEBUG] # get_incomplete_image_list(html_file_path='hackernoon/hackernoon.programming/html/f7f2194.html')
[2025-12-15 16:42:03,683][feed_maker_util.py:638][DEBUG] # get_incomplete_image_list(html_file_path='hackernoon/hackernoon.programming/html/e2ed55a.html')
[2025-12-15 16:42:03,683][feed_maker_util.py:638][DEBUG] # get_incomplete_image_list(html_file_path='hackernoon/hackernoon.programming/html/1aaf45b.html')
[2025-12-15 16:42:03,683][feed_maker_util.py:638][DEBUG] # get_incomplete_image_list(html_file_path='hackernoon/hackernoon.programming/html/c0be20d.html')
[2025-12-15 16:42:03,683][feed_maker_util.py:638][DEBUG] # get_incomplete_image_list(html_file_path='hackernoon/hackernoon.programming/html/2ff8883.html')
[2025-12-15 16:42:03,684][feed_maker_util.py:638][DEBUG] # get_incomplete_image_list(html_file_path='hackernoon/hackernoon.programming/html/e80a38a.html')
[2025-12-15 16:42:03,684][feed_maker_util.py:638][DEBUG] # get_incomplete_image_list(html_file_path='hackernoon/hackernoon.programming/html/af54b9c.html')
[2025-12-15 16:42:03,684][feed_maker_util.py:638][DEBUG] # get_incomplete_image_list(html_file_path='hackernoon/hackernoon.programming/html/4b77e2b.html')
[2025-12-15 16:42:03,684][feed_maker_util.py:638][DEBUG] # get_incomplete_image_list(html_file_path='hackernoon/hackernoon.programming/html/ee149e6.html')
[2025-12-15 16:42:03,685][feed_maker_util.py:638][DEBUG] # get_incomplete_image_list(html_file_path='hackernoon/hackernoon.programming/html/c11caf8.html')
[2025-12-15 16:42:03,685][feed_maker_util.py:638][DEBUG] # get_incomplete_image_list(html_file_path='hackernoon/hackernoon.programming/html/fd1a4cd.html')
[2025-12-15 16:42:03,686][feed_maker_util.py:638][DEBUG] # get_incomplete_image_list(html_file_path='hackernoon/hackernoon.programming/html/9773948.html')
[2025-12-15 16:42:03,686][feed_maker_util.py:638][DEBUG] # get_incomplete_image_list(html_file_path='hackernoon/hackernoon.programming/html/1b7e526.html')
[2025-12-15 16:42:03,687][feed_maker_util.py:638][DEBUG] # get_incomplete_image_list(html_file_path='hackernoon/hackernoon.programming/html/13ea4b6.html')
[2025-12-15 16:42:03,687][feed_maker_util.py:638][DEBUG] # get_incomplete_image_list(html_file_path='hackernoon/hackernoon.programming/html/2792f59.html')
[2025-12-15 16:42:03,688][feed_maker_util.py:638][DEBUG] # get_incomplete_image_list(html_file_path='hackernoon/hackernoon.programming/html/37f9854.html')
[2025-12-15 16:42:03,688][feed_maker_util.py:638][DEBUG] # get_incomplete_image_list(html_file_path='hackernoon/hackernoon.programming/html/50c2a83.html')
[2025-12-15 16:42:03,689][feed_maker_util.py:638][DEBUG] # get_incomplete_image_list(html_file_path='hackernoon/hackernoon.programming/html/a9aa7b4.html')
[2025-12-15 16:42:03,690][feed_maker_util.py:638][DEBUG] # get_incomplete_image_list(html_file_path='hackernoon/hackernoon.programming/html/5a1548b.html')
[2025-12-15 16:42:03,690][feed_maker_util.py:638][DEBUG] # get_incomplete_image_list(html_file_path='hackernoon/hackernoon.programming/html/f3c68df.html')
[2025-12-15 16:42:03,690][feed_maker_util.py:638][DEBUG] # get_incomplete_image_list(html_file_path='hackernoon/hackernoon.programming/html/c6f9464.html')
[2025-12-15 16:42:03,691][feed_maker_util.py:638][DEBUG] # get_incomplete_image_list(html_file_path='hackernoon/hackernoon.programming/html/b8afffc.html')
[2025-12-15 16:42:03,691][feed_maker_util.py:638][DEBUG] # get_incomplete_image_list(html_file_path='hackernoon/hackernoon.programming/html/d5a4e16.html')
[2025-12-15 16:42:03,691][feed_maker_util.py:638][DEBUG] # get_incomplete_image_list(html_file_path='hackernoon/hackernoon.programming/html/05fbc8e.html')
[2025-12-15 16:42:03,692][feed_maker_util.py:638][DEBUG] # get_incomplete_image_list(html_file_path='hackernoon/hackernoon.programming/html/6b76e5e.html')
[2025-12-15 16:42:03,692][feed_maker_util.py:638][DEBUG] # get_incomplete_image_list(html_file_path='hackernoon/hackernoon.programming/html/4f404c9.html')
[2025-12-15 16:42:03,692][feed_maker_util.py:638][DEBUG] # get_incomplete_image_list(html_file_path='hackernoon/hackernoon.programming/html/6b483ad.html')
[2025-12-15 16:42:03,692][feed_maker_util.py:638][DEBUG] # get_incomplete_image_list(html_file_path='hackernoon/hackernoon.programming/html/5c9a009.html')
[2025-12-15 16:42:03,693][feed_maker_util.py:638][DEBUG] # get_incomplete_image_list(html_file_path='hackernoon/hackernoon.programming/html/9faa3ac.html')
[2025-12-15 16:42:03,693][feed_maker_util.py:638][DEBUG] # get_incomplete_image_list(html_file_path='hackernoon/hackernoon.programming/html/f9f5bd6.html')
[2025-12-15 16:42:03,693][feed_maker_util.py:638][DEBUG] # get_incomplete_image_list(html_file_path='hackernoon/hackernoon.programming/html/bd7977a.html')
[2025-12-15 16:42:03,694][feed_maker_util.py:638][DEBUG] # get_incomplete_image_list(html_file_path='hackernoon/hackernoon.programming/html/19a344f.html')
[2025-12-15 16:42:03,694][feed_maker_util.py:638][DEBUG] # get_incomplete_image_list(html_file_path='hackernoon/hackernoon.programming/html/c67d1f8.html')
[2025-12-15 16:42:03,694][feed_maker_util.py:638][DEBUG] # get_incomplete_image_list(html_file_path='hackernoon/hackernoon.programming/html/2d29d40.html')
[2025-12-15 16:42:03,694][feed_maker_util.py:638][DEBUG] # get_incomplete_image_list(html_file_path='hackernoon/hackernoon.programming/html/d5753f6.html')
[2025-12-15 16:42:03,694][feed_maker_util.py:638][DEBUG] # get_incomplete_image_list(html_file_path='hackernoon/hackernoon.programming/html/1ec291b.html')
[2025-12-15 16:42:03,695][feed_maker_util.py:638][DEBUG] # get_incomplete_image_list(html_file_path='hackernoon/hackernoon.programming/html/04bad1b.html')
[2025-12-15 16:42:03,695][feed_maker_util.py:638][DEBUG] # get_incomplete_image_list(html_file_path='hackernoon/hackernoon.programming/html/ccd40fa.html')
[2025-12-15 16:42:03,695][feed_maker_util.py:638][DEBUG] # get_incomplete_image_list(html_file_path='hackernoon/hackernoon.programming/html/d18ee16.html')
[2025-12-15 16:42:03,695][feed_maker_util.py:638][DEBUG] # get_incomplete_image_list(html_file_path='hackernoon/hackernoon.programming/html/b07abe1.html')
[2025-12-15 16:42:03,696][feed_maker_util.py:638][DEBUG] # get_incomplete_image_list(html_file_path='hackernoon/hackernoon.programming/html/e8f7a21.html')
[2025-12-15 16:42:03,697][feed_maker_util.py:638][DEBUG] # get_incomplete_image_list(html_file_path='hackernoon/hackernoon.programming/html/dee037e.html')
[2025-12-15 16:42:03,697][feed_maker_util.py:638][DEBUG] # get_incomplete_image_list(html_file_path='hackernoon/hackernoon.programming/html/97a37b3.html')
[2025-12-15 16:42:03,697][feed_maker_util.py:638][DEBUG] # get_incomplete_image_list(html_file_path='hackernoon/hackernoon.programming/html/32b8f48.html')
[2025-12-15 16:42:03,698][feed_maker_util.py:638][DEBUG] # get_incomplete_image_list(html_file_path='hackernoon/hackernoon.programming/html/c90a660.html')
[2025-12-15 16:42:03,698][feed_maker_util.py:638][DEBUG] # get_incomplete_image_list(html_file_path='hackernoon/hackernoon.programming/html/49eccc5.html')
[2025-12-15 16:42:03,698][feed_maker_util.py:638][DEBUG] # get_incomplete_image_list(html_file_path='hackernoon/hackernoon.programming/html/a27bc96.html')
[2025-12-15 16:42:03,698][feed_maker_util.py:638][DEBUG] # get_incomplete_image_list(html_file_path='hackernoon/hackernoon.programming/html/d805c1f.html')
[2025-12-15 16:42:03,699][feed_maker_util.py:638][DEBUG] # get_incomplete_image_list(html_file_path='hackernoon/hackernoon.programming/html/1b65eec.html')
[2025-12-15 16:42:03,699][feed_maker_util.py:638][DEBUG] # get_incomplete_image_list(html_file_path='hackernoon/hackernoon.programming/html/350287f.html')
[2025-12-15 16:42:03,699][feed_maker_util.py:638][DEBUG] # get_incomplete_image_list(html_file_path='hackernoon/hackernoon.programming/html/7bc66e1.html')
[2025-12-15 16:42:03,699][feed_maker_util.py:638][DEBUG] # get_incomplete_image_list(html_file_path='hackernoon/hackernoon.programming/html/de0934a.html')
[2025-12-15 16:42:03,700][feed_maker_util.py:638][DEBUG] # get_incomplete_image_list(html_file_path='hackernoon/hackernoon.programming/html/868ce2a.html')
[2025-12-15 16:42:03,701][feed_maker_util.py:638][DEBUG] # get_incomplete_image_list(html_file_path='hackernoon/hackernoon.programming/html/9634f3e.html')
[2025-12-15 16:42:03,702][feed_maker_util.py:638][DEBUG] # get_incomplete_image_list(html_file_path='hackernoon/hackernoon.programming/html/3eaa4d6.html')
[2025-12-15 16:42:03,702][feed_maker_util.py:638][DEBUG] # get_incomplete_image_list(html_file_path='hackernoon/hackernoon.programming/html/636196f.html')
[2025-12-15 16:42:03,702][feed_maker_util.py:638][DEBUG] # get_incomplete_image_list(html_file_path='hackernoon/hackernoon.programming/html/fcba838.html')
[2025-12-15 16:42:03,703][feed_maker_util.py:638][DEBUG] # get_incomplete_image_list(html_file_path='hackernoon/hackernoon.programming/html/4118da5.html')
[2025-12-15 16:42:03,703][feed_maker_util.py:638][DEBUG] # get_incomplete_image_list(html_file_path='hackernoon/hackernoon.programming/html/c9440a7.html')
[2025-12-15 16:42:03,704][feed_maker_util.py:638][DEBUG] # get_incomplete_image_list(html_file_path='hackernoon/hackernoon.programming/html/f3ce621.html')
[2025-12-15 16:42:03,704][feed_maker_util.py:638][DEBUG] # get_incomplete_image_list(html_file_path='hackernoon/hackernoon.programming/html/57b61fd.html')
[2025-12-15 16:42:03,705][feed_maker_util.py:638][DEBUG] # get_incomplete_image_list(html_file_path='hackernoon/hackernoon.programming/html/8df8e5b.html')
[2025-12-15 16:42:03,706][feed_maker_util.py:638][DEBUG] # get_incomplete_image_list(html_file_path='hackernoon/hackernoon.programming/html/abf61d2.html')
[2025-12-15 16:42:03,706][feed_maker_util.py:638][DEBUG] # get_incomplete_image_list(html_file_path='hackernoon/hackernoon.programming/html/6900378.html')
[2025-12-15 16:42:03,707][feed_maker_util.py:638][DEBUG] # get_incomplete_image_list(html_file_path='hackernoon/hackernoon.programming/html/884bf53.html')
[2025-12-15 16:42:03,707][feed_maker_util.py:638][DEBUG] # get_incomplete_image_list(html_file_path='hackernoon/hackernoon.programming/html/d2852f9.html')
[2025-12-15 16:42:03,707][feed_maker_util.py:638][DEBUG] # get_incomplete_image_list(html_file_path='hackernoon/hackernoon.programming/html/b12b23d.html')
[2025-12-15 16:42:03,708][feed_maker_util.py:638][DEBUG] # get_incomplete_image_list(html_file_path='hackernoon/hackernoon.programming/html/957d512.html')
[2025-12-15 16:42:03,708][feed_maker_util.py:638][DEBUG] # get_incomplete_image_list(html_file_path='hackernoon/hackernoon.programming/html/ef56a08.html')
[2025-12-15 16:42:03,708][feed_maker_util.py:638][DEBUG] # get_incomplete_image_list(html_file_path='hackernoon/hackernoon.programming/html/6bac3bd.html')
[2025-12-15 16:42:03,708][feed_maker_util.py:638][DEBUG] # get_incomplete_image_list(html_file_path='hackernoon/hackernoon.programming/html/19e528f.html')
[2025-12-15 16:42:03,709][feed_maker_util.py:638][DEBUG] # get_incomplete_image_list(html_file_path='hackernoon/hackernoon.programming/html/e427ba5.html')
[2025-12-15 16:42:03,709][feed_maker_util.py:638][DEBUG] # get_incomplete_image_list(html_file_path='hackernoon/hackernoon.programming/html/c64c0a8.html')
[2025-12-15 16:42:03,709][feed_maker_util.py:638][DEBUG] # get_incomplete_image_list(html_file_path='hackernoon/hackernoon.programming/html/9a816e6.html')
[2025-12-15 16:42:03,709][feed_maker_util.py:638][DEBUG] # get_incomplete_image_list(html_file_path='hackernoon/hackernoon.programming/html/3eeede9.html')
[2025-12-15 16:42:03,710][feed_maker_util.py:638][DEBUG] # get_incomplete_image_list(html_file_path='hackernoon/hackernoon.programming/html/83cebcc.html')
[2025-12-15 16:42:03,710][feed_maker_util.py:638][DEBUG] # get_incomplete_image_list(html_file_path='hackernoon/hackernoon.programming/html/8071d9a.html')
[2025-12-15 16:42:03,710][feed_maker_util.py:638][DEBUG] # get_incomplete_image_list(html_file_path='hackernoon/hackernoon.programming/html/23e7208.html')
[2025-12-15 16:42:03,711][feed_maker_util.py:638][DEBUG] # get_incomplete_image_list(html_file_path='hackernoon/hackernoon.programming/html/1b7ec09.html')
[2025-12-15 16:42:03,711][feed_maker_util.py:638][DEBUG] # get_incomplete_image_list(html_file_path='hackernoon/hackernoon.programming/html/82a7201.html')
[2025-12-15 16:42:03,711][feed_maker_util.py:638][DEBUG] # get_incomplete_image_list(html_file_path='hackernoon/hackernoon.programming/html/91d1035.html')
[2025-12-15 16:42:03,711][feed_maker_util.py:638][DEBUG] # get_incomplete_image_list(html_file_path='hackernoon/hackernoon.programming/html/bfe8f16.html')
[2025-12-15 16:42:03,711][feed_maker_util.py:638][DEBUG] # get_incomplete_image_list(html_file_path='hackernoon/hackernoon.programming/html/da5be0c.html')
[2025-12-15 16:42:03,711][feed_maker_util.py:638][DEBUG] # get_incomplete_image_list(html_file_path='hackernoon/hackernoon.programming/html/17057f2.html')
[2025-12-15 16:42:03,712][feed_maker_util.py:638][DEBUG] # get_incomplete_image_list(html_file_path='hackernoon/hackernoon.programming/html/6ce7608.html')
[2025-12-15 16:42:03,713][feed_maker_util.py:638][DEBUG] # get_incomplete_image_list(html_file_path='hackernoon/hackernoon.programming/html/9d13445.html')
[2025-12-15 16:42:03,713][feed_maker_util.py:638][DEBUG] # get_incomplete_image_list(html_file_path='hackernoon/hackernoon.programming/html/c0ffa2c.html')
[2025-12-15 16:42:03,713][feed_maker_util.py:638][DEBUG] # get_incomplete_image_list(html_file_path='hackernoon/hackernoon.programming/html/ab24ff9.html')
[2025-12-15 16:42:03,713][feed_maker_util.py:638][DEBUG] # get_incomplete_image_list(html_file_path='hackernoon/hackernoon.programming/html/b57e316.html')
[2025-12-15 16:42:03,714][feed_maker_util.py:638][DEBUG] # get_incomplete_image_list(html_file_path='hackernoon/hackernoon.programming/html/905967d.html')
[2025-12-15 16:42:03,714][feed_maker_util.py:638][DEBUG] # get_incomplete_image_list(html_file_path='hackernoon/hackernoon.programming/html/9462da2.html')
[2025-12-15 16:42:03,714][feed_maker_util.py:638][DEBUG] # get_incomplete_image_list(html_file_path='hackernoon/hackernoon.programming/html/4e0698d.html')
[2025-12-15 16:42:03,715][feed_maker_util.py:638][DEBUG] # get_incomplete_image_list(html_file_path='hackernoon/hackernoon.programming/html/d46b1af.html')
[2025-12-15 16:42:03,715][feed_maker_util.py:638][DEBUG] # get_incomplete_image_list(html_file_path='hackernoon/hackernoon.programming/html/450a2ff.html')
[2025-12-15 16:42:03,715][feed_maker_util.py:638][DEBUG] # get_incomplete_image_list(html_file_path='hackernoon/hackernoon.programming/html/a1c548c.html')
[2025-12-15 16:42:03,715][feed_maker_util.py:638][DEBUG] # get_incomplete_image_list(html_file_path='hackernoon/hackernoon.programming/html/09e7d7b.html')
[2025-12-15 16:42:03,715][feed_maker_util.py:638][DEBUG] # get_incomplete_image_list(html_file_path='hackernoon/hackernoon.programming/html/217fe2c.html')
[2025-12-15 16:42:03,715][feed_maker_util.py:638][DEBUG] # get_incomplete_image_list(html_file_path='hackernoon/hackernoon.programming/html/7c00deb.html')
[2025-12-15 16:42:03,716][feed_maker_util.py:638][DEBUG] # get_incomplete_image_list(html_file_path='hackernoon/hackernoon.programming/html/cec4a72.html')
[2025-12-15 16:42:03,716][feed_maker_util.py:638][DEBUG] # get_incomplete_image_list(html_file_path='hackernoon/hackernoon.programming/html/399c13e.html')
[2025-12-15 16:42:03,717][feed_maker_util.py:638][DEBUG] # get_incomplete_image_list(html_file_path='hackernoon/hackernoon.programming/html/51295b1.html')
[2025-12-15 16:42:03,718][feed_maker_util.py:638][DEBUG] # get_incomplete_image_list(html_file_path='hackernoon/hackernoon.programming/html/e3db740.html')
[2025-12-15 16:42:03,718][feed_maker_util.py:638][DEBUG] # get_incomplete_image_list(html_file_path='hackernoon/hackernoon.programming/html/b676d10.html')
[2025-12-15 16:42:03,718][feed_maker_util.py:638][DEBUG] # get_incomplete_image_list(html_file_path='hackernoon/hackernoon.programming/html/08dbb16.html')
[2025-12-15 16:42:03,719][feed_maker_util.py:638][DEBUG] # get_incomplete_image_list(html_file_path='hackernoon/hackernoon.programming/html/a18e8a3.html')
[2025-12-15 16:42:03,719][feed_maker_util.py:638][DEBUG] # get_incomplete_image_list(html_file_path='hackernoon/hackernoon.programming/html/597491f.html')
[2025-12-15 16:42:03,719][feed_maker_util.py:638][DEBUG] # get_incomplete_image_list(html_file_path='hackernoon/hackernoon.programming/html/83244aa.html')
[2025-12-15 16:42:03,720][feed_maker_util.py:638][DEBUG] # get_incomplete_image_list(html_file_path='hackernoon/hackernoon.programming/html/86d6aca.html')
[2025-12-15 16:42:03,720][feed_maker_util.py:638][DEBUG] # get_incomplete_image_list(html_file_path='hackernoon/hackernoon.programming/html/eb0752b.html')
[2025-12-15 16:42:03,720][feed_maker_util.py:638][DEBUG] # get_incomplete_image_list(html_file_path='hackernoon/hackernoon.programming/html/add6b73.html')
[2025-12-15 16:42:03,720][feed_maker_util.py:638][DEBUG] # get_incomplete_image_list(html_file_path='hackernoon/hackernoon.programming/html/cf75cf7.html')
[2025-12-15 16:42:03,721][feed_maker_util.py:638][DEBUG] # get_incomplete_image_list(html_file_path='hackernoon/hackernoon.programming/html/42c331b.html')
[2025-12-15 16:42:03,721][feed_maker_util.py:638][DEBUG] # get_incomplete_image_list(html_file_path='hackernoon/hackernoon.programming/html/1ea5023.html')
[2025-12-15 16:42:03,721][feed_maker_util.py:638][DEBUG] # get_incomplete_image_list(html_file_path='hackernoon/hackernoon.programming/html/70eb07a.html')
[2025-12-15 16:42:03,722][feed_maker_util.py:638][DEBUG] # get_incomplete_image_list(html_file_path='hackernoon/hackernoon.programming/html/5bca707.html')
[2025-12-15 16:42:03,722][feed_maker_util.py:638][DEBUG] # get_incomplete_image_list(html_file_path='hackernoon/hackernoon.programming/html/177bcc5.html')
[2025-12-15 16:42:03,722][feed_maker_util.py:638][DEBUG] # get_incomplete_image_list(html_file_path='hackernoon/hackernoon.programming/html/d6dd5ca.html')
[2025-12-15 16:42:03,722][feed_maker_util.py:638][DEBUG] # get_incomplete_image_list(html_file_path='hackernoon/hackernoon.programming/html/faa8a85.html')
[2025-12-15 16:42:03,723][feed_maker_util.py:638][DEBUG] # get_incomplete_image_list(html_file_path='hackernoon/hackernoon.programming/html/47ebddc.html')
[2025-12-15 16:42:03,723][feed_maker_util.py:638][DEBUG] # get_incomplete_image_list(html_file_path='hackernoon/hackernoon.programming/html/f707e8b.html')
[2025-12-15 16:42:03,723][feed_maker_util.py:638][DEBUG] # get_incomplete_image_list(html_file_path='hackernoon/hackernoon.programming/html/e16e334.html')
[2025-12-15 16:42:03,723][feed_maker_util.py:638][DEBUG] # get_incomplete_image_list(html_file_path='hackernoon/hackernoon.programming/html/e0ac99b.html')
[2025-12-15 16:42:03,723][feed_maker_util.py:638][DEBUG] # get_incomplete_image_list(html_file_path='hackernoon/hackernoon.programming/html/8fa5bab.html')
[2025-12-15 16:42:03,724][feed_maker_util.py:638][DEBUG] # get_incomplete_image_list(html_file_path='hackernoon/hackernoon.programming/html/1f44452.html')
[2025-12-15 16:42:03,724][feed_maker_util.py:638][DEBUG] # get_incomplete_image_list(html_file_path='hackernoon/hackernoon.programming/html/32f643a.html')
[2025-12-15 16:42:03,724][feed_maker_util.py:638][DEBUG] # get_incomplete_image_list(html_file_path='hackernoon/hackernoon.programming/html/b6cbdad.html')
[2025-12-15 16:42:03,725][feed_maker_util.py:638][DEBUG] # get_incomplete_image_list(html_file_path='hackernoon/hackernoon.programming/html/ee86fde.html')
[2025-12-15 16:42:03,725][feed_maker_util.py:638][DEBUG] # get_incomplete_image_list(html_file_path='hackernoon/hackernoon.programming/html/0960a6a.html')
[2025-12-15 16:42:03,726][feed_maker_util.py:638][DEBUG] # get_incomplete_image_list(html_file_path='hackernoon/hackernoon.programming/html/2491c83.html')
[2025-12-15 16:42:03,726][feed_maker_util.py:638][DEBUG] # get_incomplete_image_list(html_file_path='hackernoon/hackernoon.programming/html/2fecf23.html')
[2025-12-15 16:42:03,726][feed_maker_util.py:638][DEBUG] # get_incomplete_image_list(html_file_path='hackernoon/hackernoon.programming/html/e63ba06.html')
[2025-12-15 16:42:03,726][feed_maker_util.py:638][DEBUG] # get_incomplete_image_list(html_file_path='hackernoon/hackernoon.programming/html/885d2dc.html')
[2025-12-15 16:42:03,726][feed_maker_util.py:638][DEBUG] # get_incomplete_image_list(html_file_path='hackernoon/hackernoon.programming/html/398ffa3.html')
[2025-12-15 16:42:03,727][feed_maker_util.py:638][DEBUG] # get_incomplete_image_list(html_file_path='hackernoon/hackernoon.programming/html/f444fcf.html')
[2025-12-15 16:42:03,727][feed_maker_util.py:638][DEBUG] # get_incomplete_image_list(html_file_path='hackernoon/hackernoon.programming/html/4e12012.html')
[2025-12-15 16:42:03,727][feed_maker_util.py:638][DEBUG] # get_incomplete_image_list(html_file_path='hackernoon/hackernoon.programming/html/a087786.html')
[2025-12-15 16:42:03,728][feed_maker_util.py:638][DEBUG] # get_incomplete_image_list(html_file_path='hackernoon/hackernoon.programming/html/da37115.html')
[2025-12-15 16:42:03,728][feed_maker_util.py:638][DEBUG] # get_incomplete_image_list(html_file_path='hackernoon/hackernoon.programming/html/57f2bf5.html')
[2025-12-15 16:42:03,729][feed_maker_util.py:638][DEBUG] # get_incomplete_image_list(html_file_path='hackernoon/hackernoon.programming/html/2d9e881.html')
[2025-12-15 16:42:03,729][feed_maker_util.py:638][DEBUG] # get_incomplete_image_list(html_file_path='hackernoon/hackernoon.programming/html/072bfde.html')
[2025-12-15 16:42:03,729][feed_maker_util.py:638][DEBUG] # get_incomplete_image_list(html_file_path='hackernoon/hackernoon.programming/html/d690c39.html')
[2025-12-15 16:42:03,730][feed_maker_util.py:638][DEBUG] # get_incomplete_image_list(html_file_path='hackernoon/hackernoon.programming/html/eba96f6.html')
[2025-12-15 16:42:03,730][feed_maker_util.py:638][DEBUG] # get_incomplete_image_list(html_file_path='hackernoon/hackernoon.programming/html/f8e3a66.html')
[2025-12-15 16:42:03,730][feed_maker_util.py:638][DEBUG] # get_incomplete_image_list(html_file_path='hackernoon/hackernoon.programming/html/30be0b1.html')
[2025-12-15 16:42:03,730][feed_maker_util.py:638][DEBUG] # get_incomplete_image_list(html_file_path='hackernoon/hackernoon.programming/html/4ed6b44.html')
[2025-12-15 16:42:03,731][feed_maker_util.py:638][DEBUG] # get_incomplete_image_list(html_file_path='hackernoon/hackernoon.programming/html/504d3bf.html')
[2025-12-15 16:42:03,731][feed_maker_util.py:638][DEBUG] # get_incomplete_image_list(html_file_path='hackernoon/hackernoon.programming/html/924a95b.html')
[2025-12-15 16:42:03,731][feed_maker_util.py:638][DEBUG] # get_incomplete_image_list(html_file_path='hackernoon/hackernoon.programming/html/92ac967.html')
[2025-12-15 16:42:03,732][feed_maker_util.py:638][DEBUG] # get_incomplete_image_list(html_file_path='hackernoon/hackernoon.programming/html/38c63bd.html')
[2025-12-15 16:42:03,733][feed_maker_util.py:638][DEBUG] # get_incomplete_image_list(html_file_path='hackernoon/hackernoon.programming/html/963e553.html')
[2025-12-15 16:42:03,734][feed_maker_util.py:638][DEBUG] # get_incomplete_image_list(html_file_path='hackernoon/hackernoon.programming/html/5346d3b.html')
[2025-12-15 16:42:03,735][feed_maker_util.py:638][DEBUG] # get_incomplete_image_list(html_file_path='hackernoon/hackernoon.programming/html/971dff2.html')
[2025-12-15 16:42:03,735][feed_maker_util.py:638][DEBUG] # get_incomplete_image_list(html_file_path='hackernoon/hackernoon.programming/html/f2e5a50.html')
[2025-12-15 16:42:03,735][feed_maker_util.py:638][DEBUG] # get_incomplete_image_list(html_file_path='hackernoon/hackernoon.programming/html/606c835.html')
[2025-12-15 16:42:03,735][feed_maker_util.py:638][DEBUG] # get_incomplete_image_list(html_file_path='hackernoon/hackernoon.programming/html/0436f2c.html')
[2025-12-15 16:42:03,735][feed_maker_util.py:638][DEBUG] # get_incomplete_image_list(html_file_path='hackernoon/hackernoon.programming/html/21d918f.html')
[2025-12-15 16:42:03,735][feed_maker_util.py:638][DEBUG] # get_incomplete_image_list(html_file_path='hackernoon/hackernoon.programming/html/c825316.html')
[2025-12-15 16:42:03,736][feed_maker_util.py:638][DEBUG] # get_incomplete_image_list(html_file_path='hackernoon/hackernoon.programming/html/dae3e30.html')
[2025-12-15 16:42:03,736][feed_maker_util.py:638][DEBUG] # get_incomplete_image_list(html_file_path='hackernoon/hackernoon.programming/html/c95b64f.html')
[2025-12-15 16:42:03,736][feed_maker_util.py:638][DEBUG] # get_incomplete_image_list(html_file_path='hackernoon/hackernoon.programming/html/f6ea04d.html')
[2025-12-15 16:42:03,737][feed_maker_util.py:638][DEBUG] # get_incomplete_image_list(html_file_path='hackernoon/hackernoon.programming/html/cc8d303.html')
[2025-12-15 16:42:03,737][feed_maker_util.py:638][DEBUG] # get_incomplete_image_list(html_file_path='hackernoon/hackernoon.programming/html/c52d885.html')
[2025-12-15 16:42:03,737][feed_maker_util.py:638][DEBUG] # get_incomplete_image_list(html_file_path='hackernoon/hackernoon.programming/html/b2d9e63.html')
[2025-12-15 16:42:03,737][feed_maker_util.py:638][DEBUG] # get_incomplete_image_list(html_file_path='hackernoon/hackernoon.programming/html/cf18208.html')
[2025-12-15 16:42:03,738][feed_maker_util.py:638][DEBUG] # get_incomplete_image_list(html_file_path='hackernoon/hackernoon.programming/html/8240f26.html')
[2025-12-15 16:42:03,738][feed_maker_util.py:638][DEBUG] # get_incomplete_image_list(html_file_path='hackernoon/hackernoon.programming/html/f19e95d.html')
[2025-12-15 16:42:03,738][feed_maker_util.py:638][DEBUG] # get_incomplete_image_list(html_file_path='hackernoon/hackernoon.programming/html/b1b4db8.html')
[2025-12-15 16:42:03,738][feed_maker_util.py:638][DEBUG] # get_incomplete_image_list(html_file_path='hackernoon/hackernoon.programming/html/10b6019.html')
[2025-12-15 16:42:03,738][feed_maker_util.py:638][DEBUG] # get_incomplete_image_list(html_file_path='hackernoon/hackernoon.programming/html/c735df3.html')
[2025-12-15 16:42:03,740][feed_maker_util.py:638][DEBUG] # get_incomplete_image_list(html_file_path='hackernoon/hackernoon.programming/html/c45101f.html')
[2025-12-15 16:42:03,740][feed_maker_util.py:638][DEBUG] # get_incomplete_image_list(html_file_path='hackernoon/hackernoon.programming/html/075391c.html')
[2025-12-15 16:42:03,741][feed_maker_util.py:638][DEBUG] # get_incomplete_image_list(html_file_path='hackernoon/hackernoon.programming/html/b751a62.html')
[2025-12-15 16:42:03,742][feed_maker_util.py:638][DEBUG] # get_incomplete_image_list(html_file_path='hackernoon/hackernoon.programming/html/ae30880.html')
[2025-12-15 16:42:03,742][feed_maker_util.py:638][DEBUG] # get_incomplete_image_list(html_file_path='hackernoon/hackernoon.programming/html/0207019.html')
[2025-12-15 16:42:03,742][feed_maker_util.py:638][DEBUG] # get_incomplete_image_list(html_file_path='hackernoon/hackernoon.programming/html/a15250b.html')
[2025-12-15 16:42:03,742][feed_maker_util.py:638][DEBUG] # get_incomplete_image_list(html_file_path='hackernoon/hackernoon.programming/html/8732519.html')
[2025-12-15 16:42:03,743][feed_maker_util.py:638][DEBUG] # get_incomplete_image_list(html_file_path='hackernoon/hackernoon.programming/html/38d0a62.html')
[2025-12-15 16:42:03,743][feed_maker_util.py:638][DEBUG] # get_incomplete_image_list(html_file_path='hackernoon/hackernoon.programming/html/bd92bee.html')
[2025-12-15 16:42:03,743][feed_maker_util.py:638][DEBUG] # get_incomplete_image_list(html_file_path='hackernoon/hackernoon.programming/html/1a5b54d.html')
[2025-12-15 16:42:03,743][feed_maker_util.py:638][DEBUG] # get_incomplete_image_list(html_file_path='hackernoon/hackernoon.programming/html/ac1ff6a.html')
[2025-12-15 16:42:03,744][feed_maker_util.py:638][DEBUG] # get_incomplete_image_list(html_file_path='hackernoon/hackernoon.programming/html/428b1fe.html')
[2025-12-15 16:42:03,744][feed_maker_util.py:638][DEBUG] # get_incomplete_image_list(html_file_path='hackernoon/hackernoon.programming/html/a081ed5.html')
[2025-12-15 16:42:03,745][feed_maker_util.py:638][DEBUG] # get_incomplete_image_list(html_file_path='hackernoon/hackernoon.programming/html/976a203.html')
[2025-12-15 16:42:03,745][feed_maker_util.py:638][DEBUG] # get_incomplete_image_list(html_file_path='hackernoon/hackernoon.programming/html/f81addd.html')
[2025-12-15 16:42:03,745][feed_maker_util.py:638][DEBUG] # get_incomplete_image_list(html_file_path='hackernoon/hackernoon.programming/html/91eb25e.html')
[2025-12-15 16:42:03,745][feed_maker_util.py:638][DEBUG] # get_incomplete_image_list(html_file_path='hackernoon/hackernoon.programming/html/4e7c2f5.html')
[2025-12-15 16:42:03,745][feed_maker_util.py:638][DEBUG] # get_incomplete_image_list(html_file_path='hackernoon/hackernoon.programming/html/fe34fa8.html')
[2025-12-15 16:42:03,745][feed_maker_util.py:638][DEBUG] # get_incomplete_image_list(html_file_path='hackernoon/hackernoon.programming/html/021f653.html')
[2025-12-15 16:42:03,745][feed_maker_util.py:638][DEBUG] # get_incomplete_image_list(html_file_path='hackernoon/hackernoon.programming/html/5189275.html')
[2025-12-15 16:42:03,746][feed_maker_util.py:638][DEBUG] # get_incomplete_image_list(html_file_path='hackernoon/hackernoon.programming/html/f149b81.html')
[2025-12-15 16:42:03,746][feed_maker_util.py:638][DEBUG] # get_incomplete_image_list(html_file_path='hackernoon/hackernoon.programming/html/ce478fa.html')
[2025-12-15 16:42:03,746][feed_maker_util.py:638][DEBUG] # get_incomplete_image_list(html_file_path='hackernoon/hackernoon.programming/html/c1798bf.html')
[2025-12-15 16:42:03,746][feed_maker_util.py:638][DEBUG] # get_incomplete_image_list(html_file_path='hackernoon/hackernoon.programming/html/31109e6.html')
[2025-12-15 16:42:03,747][feed_maker_util.py:638][DEBUG] # get_incomplete_image_list(html_file_path='hackernoon/hackernoon.programming/html/da0c656.html')
[2025-12-15 16:42:03,747][feed_maker_util.py:638][DEBUG] # get_incomplete_image_list(html_file_path='hackernoon/hackernoon.programming/html/c211fee.html')
[2025-12-15 16:42:03,748][feed_maker_util.py:638][DEBUG] # get_incomplete_image_list(html_file_path='hackernoon/hackernoon.programming/html/65e04d1.html')
[2025-12-15 16:42:03,748][feed_maker_util.py:638][DEBUG] # get_incomplete_image_list(html_file_path='hackernoon/hackernoon.programming/html/2536626.html')
[2025-12-15 16:42:03,748][feed_maker_util.py:638][DEBUG] # get_incomplete_image_list(html_file_path='hackernoon/hackernoon.programming/html/f52b816.html')
[2025-12-15 16:42:03,748][feed_maker_util.py:638][DEBUG] # get_incomplete_image_list(html_file_path='hackernoon/hackernoon.programming/html/f895e0f.html')
[2025-12-15 16:42:03,749][feed_maker_util.py:638][DEBUG] # get_incomplete_image_list(html_file_path='hackernoon/hackernoon.programming/html/fad4ef0.html')
[2025-12-15 16:42:03,749][feed_maker_util.py:638][DEBUG] # get_incomplete_image_list(html_file_path='hackernoon/hackernoon.programming/html/a2ea3fd.html')
[2025-12-15 16:42:03,749][feed_maker_util.py:638][DEBUG] # get_incomplete_image_list(html_file_path='hackernoon/hackernoon.programming/html/570ac1e.html')
[2025-12-15 16:42:03,749][feed_maker_util.py:638][DEBUG] # get_incomplete_image_list(html_file_path='hackernoon/hackernoon.programming/html/88ae7b3.html')
[2025-12-15 16:42:03,749][feed_maker_util.py:638][DEBUG] # get_incomplete_image_list(html_file_path='hackernoon/hackernoon.programming/html/41eeb4d.html')
[2025-12-15 16:42:03,750][feed_maker_util.py:638][DEBUG] # get_incomplete_image_list(html_file_path='hackernoon/hackernoon.programming/html/8a8ce4f.html')
[2025-12-15 16:42:03,750][feed_maker_util.py:638][DEBUG] # get_incomplete_image_list(html_file_path='hackernoon/hackernoon.programming/html/85bbbe4.html')
[2025-12-15 16:42:03,751][feed_maker_util.py:638][DEBUG] # get_incomplete_image_list(html_file_path='hackernoon/hackernoon.programming/html/a772cf0.html')
[2025-12-15 16:42:03,751][feed_maker_util.py:638][DEBUG] # get_incomplete_image_list(html_file_path='hackernoon/hackernoon.programming/html/8dbef19.html')
[2025-12-15 16:42:03,751][feed_maker_util.py:638][DEBUG] # get_incomplete_image_list(html_file_path='hackernoon/hackernoon.programming/html/4e82791.html')
[2025-12-15 16:42:03,751][feed_maker_util.py:638][DEBUG] # get_incomplete_image_list(html_file_path='hackernoon/hackernoon.programming/html/c02b308.html')
[2025-12-15 16:42:03,752][feed_maker_util.py:638][DEBUG] # get_incomplete_image_list(html_file_path='hackernoon/hackernoon.programming/html/e5fcaab.html')
[2025-12-15 16:42:03,752][feed_maker_util.py:638][DEBUG] # get_incomplete_image_list(html_file_path='hackernoon/hackernoon.programming/html/b40a82c.html')
[2025-12-15 16:42:03,752][feed_maker_util.py:638][DEBUG] # get_incomplete_image_list(html_file_path='hackernoon/hackernoon.programming/html/9163303.html')
[2025-12-15 16:42:03,753][feed_maker_util.py:638][DEBUG] # get_incomplete_image_list(html_file_path='hackernoon/hackernoon.programming/html/bd00881.html')
[2025-12-15 16:42:03,753][feed_maker_util.py:638][DEBUG] # get_incomplete_image_list(html_file_path='hackernoon/hackernoon.programming/html/23c36c7.html')
[2025-12-15 16:42:03,753][feed_maker_util.py:638][DEBUG] # get_incomplete_image_list(html_file_path='hackernoon/hackernoon.programming/html/bba204c.html')
[2025-12-15 16:42:03,753][feed_maker_util.py:638][DEBUG] # get_incomplete_image_list(html_file_path='hackernoon/hackernoon.programming/html/ed4a400.html')
[2025-12-15 16:42:03,754][feed_maker_util.py:638][DEBUG] # get_incomplete_image_list(html_file_path='hackernoon/hackernoon.programming/html/b675d53.html')
[2025-12-15 16:42:03,755][feed_maker_util.py:638][DEBUG] # get_incomplete_image_list(html_file_path='hackernoon/hackernoon.programming/html/149ccf6.html')
[2025-12-15 16:42:03,755][feed_maker_util.py:638][DEBUG] # get_incomplete_image_list(html_file_path='hackernoon/hackernoon.programming/html/84134e7.html')
[2025-12-15 16:42:03,755][feed_maker_util.py:638][DEBUG] # get_incomplete_image_list(html_file_path='hackernoon/hackernoon.programming/html/9528482.html')
[2025-12-15 16:42:03,756][feed_maker_util.py:638][DEBUG] # get_incomplete_image_list(html_file_path='hackernoon/hackernoon.programming/html/dee28a1.html')
[2025-12-15 16:42:03,756][feed_maker_util.py:638][DEBUG] # get_incomplete_image_list(html_file_path='hackernoon/hackernoon.programming/html/a678e4a.html')
[2025-12-15 16:42:03,757][feed_maker_util.py:638][DEBUG] # get_incomplete_image_list(html_file_path='hackernoon/hackernoon.programming/html/83b5255.html')
[2025-12-15 16:42:03,757][feed_maker_util.py:638][DEBUG] # get_incomplete_image_list(html_file_path='hackernoon/hackernoon.programming/html/c163e3c.html')
[2025-12-15 16:42:03,757][feed_maker_util.py:638][DEBUG] # get_incomplete_image_list(html_file_path='hackernoon/hackernoon.programming/html/a5311ce.html')
[2025-12-15 16:42:03,757][feed_maker_util.py:638][DEBUG] # get_incomplete_image_list(html_file_path='hackernoon/hackernoon.programming/html/94a6a71.html')
[2025-12-15 16:42:03,758][feed_maker_util.py:638][DEBUG] # get_incomplete_image_list(html_file_path='hackernoon/hackernoon.programming/html/ebd8848.html')
[2025-12-15 16:42:03,758][feed_maker_util.py:638][DEBUG] # get_incomplete_image_list(html_file_path='hackernoon/hackernoon.programming/html/5bb0fb1.html')
[2025-12-15 16:42:03,758][feed_maker_util.py:638][DEBUG] # get_incomplete_image_list(html_file_path='hackernoon/hackernoon.programming/html/8bc96f8.html')
[2025-12-15 16:42:03,758][feed_maker_util.py:638][DEBUG] # get_incomplete_image_list(html_file_path='hackernoon/hackernoon.programming/html/816db10.html')
[2025-12-15 16:42:03,758][feed_maker_util.py:638][DEBUG] # get_incomplete_image_list(html_file_path='hackernoon/hackernoon.programming/html/b7d1c72.html')
[2025-12-15 16:42:03,759][feed_maker_util.py:638][DEBUG] # get_incomplete_image_list(html_file_path='hackernoon/hackernoon.programming/html/a219f24.html')
[2025-12-15 16:42:03,759][feed_maker_util.py:638][DEBUG] # get_incomplete_image_list(html_file_path='hackernoon/hackernoon.programming/html/de1d852.html')
[2025-12-15 16:42:03,759][feed_maker_util.py:638][DEBUG] # get_incomplete_image_list(html_file_path='hackernoon/hackernoon.programming/html/af31429.html')
[2025-12-15 16:42:03,759][feed_maker_util.py:638][DEBUG] # get_incomplete_image_list(html_file_path='hackernoon/hackernoon.programming/html/8c34117.html')
[2025-12-15 16:42:03,760][feed_maker_util.py:638][DEBUG] # get_incomplete_image_list(html_file_path='hackernoon/hackernoon.programming/html/15c009a.html')
[2025-12-15 16:42:03,761][feed_maker_util.py:638][DEBUG] # get_incomplete_image_list(html_file_path='hackernoon/hackernoon.programming/html/64deea2.html')
[2025-12-15 16:42:03,762][feed_maker_util.py:638][DEBUG] # get_incomplete_image_list(html_file_path='hackernoon/hackernoon.programming/html/decbf68.html')
[2025-12-15 16:42:03,762][feed_maker_util.py:638][DEBUG] # get_incomplete_image_list(html_file_path='hackernoon/hackernoon.programming/html/9a2e662.html')
[2025-12-15 16:42:03,763][feed_maker_util.py:638][DEBUG] # get_incomplete_image_list(html_file_path='hackernoon/hackernoon.programming/html/9f899e2.html')
[2025-12-15 16:42:03,763][feed_maker_util.py:638][DEBUG] # get_incomplete_image_list(html_file_path='hackernoon/hackernoon.programming/html/d9d7376.html')
[2025-12-15 16:42:03,764][feed_maker_util.py:638][DEBUG] # get_incomplete_image_list(html_file_path='hackernoon/hackernoon.programming/html/3f8772b.html')
[2025-12-15 16:42:03,764][feed_maker_util.py:638][DEBUG] # get_incomplete_image_list(html_file_path='hackernoon/hackernoon.programming/html/a1770b2.html')
[2025-12-15 16:42:03,765][feed_maker_util.py:638][DEBUG] # get_incomplete_image_list(html_file_path='hackernoon/hackernoon.programming/html/0ce7218.html')
[2025-12-15 16:42:03,765][feed_maker_util.py:638][DEBUG] # get_incomplete_image_list(html_file_path='hackernoon/hackernoon.programming/html/c291e76.html')
[2025-12-15 16:42:03,765][feed_maker_util.py:638][DEBUG] # get_incomplete_image_list(html_file_path='hackernoon/hackernoon.programming/html/3d95e6f.html')
[2025-12-15 16:42:03,765][feed_maker_util.py:638][DEBUG] # get_incomplete_image_list(html_file_path='hackernoon/hackernoon.programming/html/56d4351.html')
[2025-12-15 16:42:03,766][feed_maker_util.py:638][DEBUG] # get_incomplete_image_list(html_file_path='hackernoon/hackernoon.programming/html/caeef4a.html')
[2025-12-15 16:42:03,766][feed_maker_util.py:638][DEBUG] # get_incomplete_image_list(html_file_path='hackernoon/hackernoon.programming/html/833088f.html')
[2025-12-15 16:42:03,766][feed_maker_util.py:638][DEBUG] # get_incomplete_image_list(html_file_path='hackernoon/hackernoon.programming/html/c086785.html')
[2025-12-15 16:42:03,767][feed_maker_util.py:638][DEBUG] # get_incomplete_image_list(html_file_path='hackernoon/hackernoon.programming/html/9601fa0.html')
[2025-12-15 16:42:03,767][feed_maker_util.py:638][DEBUG] # get_incomplete_image_list(html_file_path='hackernoon/hackernoon.programming/html/bed8518.html')
[2025-12-15 16:42:03,767][feed_maker_util.py:638][DEBUG] # get_incomplete_image_list(html_file_path='hackernoon/hackernoon.programming/html/b4ee77c.html')
[2025-12-15 16:42:03,767][feed_maker_util.py:638][DEBUG] # get_incomplete_image_list(html_file_path='hackernoon/hackernoon.programming/html/eabd687.html')
[2025-12-15 16:42:03,767][feed_maker_util.py:638][DEBUG] # get_incomplete_image_list(html_file_path='hackernoon/hackernoon.programming/html/aff27f9.html')
[2025-12-15 16:42:03,768][feed_maker_util.py:638][DEBUG] # get_incomplete_image_list(html_file_path='hackernoon/hackernoon.programming/html/35e80d9.html')
[2025-12-15 16:42:03,768][feed_maker_util.py:638][DEBUG] # get_incomplete_image_list(html_file_path='hackernoon/hackernoon.programming/html/978df7b.html')
[2025-12-15 16:42:03,768][feed_maker_util.py:638][DEBUG] # get_incomplete_image_list(html_file_path='hackernoon/hackernoon.programming/html/79c2606.html')
[2025-12-15 16:42:03,769][feed_maker_util.py:638][DEBUG] # get_incomplete_image_list(html_file_path='hackernoon/hackernoon.programming/html/6c13ac7.html')
[2025-12-15 16:42:03,769][feed_maker_util.py:638][DEBUG] # get_incomplete_image_list(html_file_path='hackernoon/hackernoon.programming/html/b195ecb.html')
[2025-12-15 16:42:03,769][feed_maker_util.py:638][DEBUG] # get_incomplete_image_list(html_file_path='hackernoon/hackernoon.programming/html/da77fd1.html')
[2025-12-15 16:42:03,770][feed_maker_util.py:638][DEBUG] # get_incomplete_image_list(html_file_path='hackernoon/hackernoon.programming/html/d3597e1.html')
[2025-12-15 16:42:03,770][feed_maker_util.py:638][DEBUG] # get_incomplete_image_list(html_file_path='hackernoon/hackernoon.programming/html/d645d4d.html')
[2025-12-15 16:42:03,771][feed_maker_util.py:638][DEBUG] # get_incomplete_image_list(html_file_path='hackernoon/hackernoon.programming/html/eb1774f.html')
[2025-12-15 16:42:03,771][feed_maker_util.py:638][DEBUG] # get_incomplete_image_list(html_file_path='hackernoon/hackernoon.programming/html/0db7d92.html')
[2025-12-15 16:42:03,771][feed_maker_util.py:638][DEBUG] # get_incomplete_image_list(html_file_path='hackernoon/hackernoon.programming/html/4af2c02.html')
[2025-12-15 16:42:03,772][feed_maker_util.py:638][DEBUG] # get_incomplete_image_list(html_file_path='hackernoon/hackernoon.programming/html/2784190.html')
[2025-12-15 16:42:03,772][feed_maker_util.py:638][DEBUG] # get_incomplete_image_list(html_file_path='hackernoon/hackernoon.programming/html/935d9b8.html')
[2025-12-15 16:42:03,772][feed_maker_util.py:638][DEBUG] # get_incomplete_image_list(html_file_path='hackernoon/hackernoon.programming/html/1fedc37.html')
[2025-12-15 16:42:03,772][feed_maker_util.py:638][DEBUG] # get_incomplete_image_list(html_file_path='hackernoon/hackernoon.programming/html/a6036b5.html')
[2025-12-15 16:42:03,773][feed_maker_util.py:638][DEBUG] # get_incomplete_image_list(html_file_path='hackernoon/hackernoon.programming/html/b93f9c2.html')
[2025-12-15 16:42:03,773][feed_maker_util.py:638][DEBUG] # get_incomplete_image_list(html_file_path='hackernoon/hackernoon.programming/html/d02c5f7.html')
[2025-12-15 16:42:03,773][feed_maker_util.py:638][DEBUG] # get_incomplete_image_list(html_file_path='hackernoon/hackernoon.programming/html/c32d08b.html')
[2025-12-15 16:42:03,773][feed_maker_util.py:638][DEBUG] # get_incomplete_image_list(html_file_path='hackernoon/hackernoon.programming/html/aa36cbe.html')
[2025-12-15 16:42:03,773][feed_maker_util.py:638][DEBUG] # get_incomplete_image_list(html_file_path='hackernoon/hackernoon.programming/html/f89507c.html')
[2025-12-15 16:42:03,774][feed_maker_util.py:638][DEBUG] # get_incomplete_image_list(html_file_path='hackernoon/hackernoon.programming/html/e603925.html')
[2025-12-15 16:42:03,774][feed_maker_util.py:638][DEBUG] # get_incomplete_image_list(html_file_path='hackernoon/hackernoon.programming/html/0486e74.html')
[2025-12-15 16:42:03,774][feed_maker_util.py:638][DEBUG] # get_incomplete_image_list(html_file_path='hackernoon/hackernoon.programming/html/44aca75.html')
[2025-12-15 16:42:03,775][feed_maker_util.py:638][DEBUG] # get_incomplete_image_list(html_file_path='hackernoon/hackernoon.programming/html/eb7230c.html')
[2025-12-15 16:42:03,775][feed_maker_util.py:638][DEBUG] # get_incomplete_image_list(html_file_path='hackernoon/hackernoon.programming/html/2c89188.html')
[2025-12-15 16:42:03,775][feed_maker_util.py:638][DEBUG] # get_incomplete_image_list(html_file_path='hackernoon/hackernoon.programming/html/827c397.html')
[2025-12-15 16:42:03,776][feed_maker_util.py:638][DEBUG] # get_incomplete_image_list(html_file_path='hackernoon/hackernoon.programming/html/dfe3dc5.html')
[2025-12-15 16:42:03,776][feed_maker_util.py:638][DEBUG] # get_incomplete_image_list(html_file_path='hackernoon/hackernoon.programming/html/9ffc206.html')
[2025-12-15 16:42:03,776][feed_maker_util.py:638][DEBUG] # get_incomplete_image_list(html_file_path='hackernoon/hackernoon.programming/html/4116d84.html')
[2025-12-15 16:42:03,777][feed_maker_util.py:638][DEBUG] # get_incomplete_image_list(html_file_path='hackernoon/hackernoon.programming/html/f7dcdb3.html')
[2025-12-15 16:42:03,777][feed_maker_util.py:638][DEBUG] # get_incomplete_image_list(html_file_path='hackernoon/hackernoon.programming/html/66a271c.html')
[2025-12-15 16:42:03,778][feed_maker_util.py:638][DEBUG] # get_incomplete_image_list(html_file_path='hackernoon/hackernoon.programming/html/56e1dea.html')
[2025-12-15 16:42:03,778][feed_maker_util.py:638][DEBUG] # get_incomplete_image_list(html_file_path='hackernoon/hackernoon.programming/html/aebcd8f.html')
[2025-12-15 16:42:03,779][feed_maker_util.py:638][DEBUG] # get_incomplete_image_list(html_file_path='hackernoon/hackernoon.programming/html/3afe86a.html')
[2025-12-15 16:42:03,779][feed_maker_util.py:638][DEBUG] # get_incomplete_image_list(html_file_path='hackernoon/hackernoon.programming/html/1db08f1.html')
[2025-12-15 16:42:03,779][feed_maker_util.py:638][DEBUG] # get_incomplete_image_list(html_file_path='hackernoon/hackernoon.programming/html/b84a044.html')
[2025-12-15 16:42:03,780][feed_maker_util.py:638][DEBUG] # get_incomplete_image_list(html_file_path='hackernoon/hackernoon.programming/html/b6853e8.html')
[2025-12-15 16:42:03,780][feed_maker_util.py:638][DEBUG] # get_incomplete_image_list(html_file_path='hackernoon/hackernoon.programming/html/a26cf63.html')
[2025-12-15 16:42:03,780][feed_maker_util.py:638][DEBUG] # get_incomplete_image_list(html_file_path='hackernoon/hackernoon.programming/html/6ba8c42.html')
[2025-12-15 16:42:03,780][feed_maker_util.py:638][DEBUG] # get_incomplete_image_list(html_file_path='hackernoon/hackernoon.programming/html/4b3bc74.html')
[2025-12-15 16:42:03,780][feed_maker_util.py:638][DEBUG] # get_incomplete_image_list(html_file_path='hackernoon/hackernoon.programming/html/38fabf3.html')
[2025-12-15 16:42:03,780][feed_maker_util.py:638][DEBUG] # get_incomplete_image_list(html_file_path='hackernoon/hackernoon.programming/html/9177058.html')
[2025-12-15 16:42:03,781][feed_maker_util.py:638][DEBUG] # get_incomplete_image_list(html_file_path='hackernoon/hackernoon.programming/html/6a04956.html')
[2025-12-15 16:42:03,781][feed_maker_util.py:638][DEBUG] # get_incomplete_image_list(html_file_path='hackernoon/hackernoon.programming/html/be563c7.html')
[2025-12-15 16:42:03,781][feed_maker_util.py:638][DEBUG] # get_incomplete_image_list(html_file_path='hackernoon/hackernoon.programming/html/fa7e569.html')
[2025-12-15 16:42:03,781][feed_maker_util.py:638][DEBUG] # get_incomplete_image_list(html_file_path='hackernoon/hackernoon.programming/html/024e158.html')
[2025-12-15 16:42:03,782][feed_maker_util.py:638][DEBUG] # get_incomplete_image_list(html_file_path='hackernoon/hackernoon.programming/html/d6d2489.html')
[2025-12-15 16:42:03,783][feed_maker_util.py:638][DEBUG] # get_incomplete_image_list(html_file_path='hackernoon/hackernoon.programming/html/4027c6c.html')
[2025-12-15 16:42:03,783][feed_maker_util.py:638][DEBUG] # get_incomplete_image_list(html_file_path='hackernoon/hackernoon.programming/html/72df0fa.html')
[2025-12-15 16:42:03,783][feed_maker_util.py:638][DEBUG] # get_incomplete_image_list(html_file_path='hackernoon/hackernoon.programming/html/1c987e0.html')
[2025-12-15 16:42:03,784][feed_maker_util.py:638][DEBUG] # get_incomplete_image_list(html_file_path='hackernoon/hackernoon.programming/html/be618ee.html')
[2025-12-15 16:42:03,784][feed_maker_util.py:638][DEBUG] # get_incomplete_image_list(html_file_path='hackernoon/hackernoon.programming/html/d76b7fe.html')
[2025-12-15 16:42:03,784][feed_maker_util.py:638][DEBUG] # get_incomplete_image_list(html_file_path='hackernoon/hackernoon.programming/html/756bfa8.html')
[2025-12-15 16:42:03,784][feed_maker_util.py:638][DEBUG] # get_incomplete_image_list(html_file_path='hackernoon/hackernoon.programming/html/6af6792.html')
[2025-12-15 16:42:03,784][feed_maker_util.py:638][DEBUG] # get_incomplete_image_list(html_file_path='hackernoon/hackernoon.programming/html/dabb0aa.html')
[2025-12-15 16:42:03,785][feed_maker_util.py:638][DEBUG] # get_incomplete_image_list(html_file_path='hackernoon/hackernoon.programming/html/43cb85d.html')
[2025-12-15 16:42:03,786][feed_maker_util.py:638][DEBUG] # get_incomplete_image_list(html_file_path='hackernoon/hackernoon.programming/html/b4aa19a.html')
[2025-12-15 16:42:03,786][feed_maker_util.py:638][DEBUG] # get_incomplete_image_list(html_file_path='hackernoon/hackernoon.programming/html/412aa06.html')
[2025-12-15 16:42:03,786][feed_maker_util.py:638][DEBUG] # get_incomplete_image_list(html_file_path='hackernoon/hackernoon.programming/html/f19ed6a.html')
[2025-12-15 16:42:03,787][feed_maker_util.py:638][DEBUG] # get_incomplete_image_list(html_file_path='hackernoon/hackernoon.programming/html/d712302.html')
[2025-12-15 16:42:03,787][feed_maker_util.py:638][DEBUG] # get_incomplete_image_list(html_file_path='hackernoon/hackernoon.programming/html/3f2f173.html')
[2025-12-15 16:42:03,787][feed_maker_util.py:638][DEBUG] # get_incomplete_image_list(html_file_path='hackernoon/hackernoon.programming/html/eccf369.html')
[2025-12-15 16:42:03,787][feed_maker_util.py:638][DEBUG] # get_incomplete_image_list(html_file_path='hackernoon/hackernoon.programming/html/ccf1c2c.html')
[2025-12-15 16:42:03,788][feed_maker_util.py:638][DEBUG] # get_incomplete_image_list(html_file_path='hackernoon/hackernoon.programming/html/05d32cb.html')
[2025-12-15 16:42:03,788][feed_maker_util.py:638][DEBUG] # get_incomplete_image_list(html_file_path='hackernoon/hackernoon.programming/html/1eff6aa.html')
[2025-12-15 16:42:03,789][feed_maker_util.py:638][DEBUG] # get_incomplete_image_list(html_file_path='hackernoon/hackernoon.programming/html/b3c338b.html')
[2025-12-15 16:42:03,789][feed_maker_util.py:638][DEBUG] # get_incomplete_image_list(html_file_path='hackernoon/hackernoon.programming/html/80ebdb3.html')
[2025-12-15 16:42:03,789][feed_maker_util.py:638][DEBUG] # get_incomplete_image_list(html_file_path='hackernoon/hackernoon.programming/html/d66a5aa.html')
[2025-12-15 16:42:03,790][feed_maker_util.py:638][DEBUG] # get_incomplete_image_list(html_file_path='hackernoon/hackernoon.programming/html/be58476.html')
[2025-12-15 16:42:03,791][feed_maker_util.py:638][DEBUG] # get_incomplete_image_list(html_file_path='hackernoon/hackernoon.programming/html/ff3c7a1.html')
[2025-12-15 16:42:03,793][feed_maker_util.py:638][DEBUG] # get_incomplete_image_list(html_file_path='hackernoon/hackernoon.programming/html/12d556f.html')
[2025-12-15 16:42:03,793][feed_maker_util.py:638][DEBUG] # get_incomplete_image_list(html_file_path='hackernoon/hackernoon.programming/html/80c6af5.html')
[2025-12-15 16:42:03,794][feed_maker_util.py:638][DEBUG] # get_incomplete_image_list(html_file_path='hackernoon/hackernoon.programming/html/cf9c80d.html')
[2025-12-15 16:42:03,795][feed_maker_util.py:638][DEBUG] # get_incomplete_image_list(html_file_path='hackernoon/hackernoon.programming/html/c0f56a7.html')
[2025-12-15 16:42:03,795][feed_maker_util.py:638][DEBUG] # get_incomplete_image_list(html_file_path='hackernoon/hackernoon.programming/html/a95fb66.html')
[2025-12-15 16:42:03,795][feed_maker_util.py:638][DEBUG] # get_incomplete_image_list(html_file_path='hackernoon/hackernoon.programming/html/c1ed8c3.html')
[2025-12-15 16:42:03,795][feed_maker_util.py:638][DEBUG] # get_incomplete_image_list(html_file_path='hackernoon/hackernoon.programming/html/3678751.html')
[2025-12-15 16:42:03,796][feed_maker_util.py:638][DEBUG] # get_incomplete_image_list(html_file_path='hackernoon/hackernoon.programming/html/8657c31.html')
[2025-12-15 16:42:03,796][feed_maker_util.py:638][DEBUG] # get_incomplete_image_list(html_file_path='hackernoon/hackernoon.programming/html/058d2cf.html')
[2025-12-15 16:42:03,797][feed_maker_util.py:638][DEBUG] # get_incomplete_image_list(html_file_path='hackernoon/hackernoon.programming/html/9b1fb1f.html')
[2025-12-15 16:42:03,797][feed_maker_util.py:638][DEBUG] # get_incomplete_image_list(html_file_path='hackernoon/hackernoon.programming/html/53c7783.html')
[2025-12-15 16:42:03,798][feed_maker_util.py:638][DEBUG] # get_incomplete_image_list(html_file_path='hackernoon/hackernoon.programming/html/fad9a9a.html')
[2025-12-15 16:42:03,798][feed_maker_util.py:638][DEBUG] # get_incomplete_image_list(html_file_path='hackernoon/hackernoon.programming/html/3b76221.html')
[2025-12-15 16:42:03,798][feed_maker_util.py:638][DEBUG] # get_incomplete_image_list(html_file_path='hackernoon/hackernoon.programming/html/6658579.html')
[2025-12-15 16:42:03,799][feed_maker_util.py:638][DEBUG] # get_incomplete_image_list(html_file_path='hackernoon/hackernoon.programming/html/74077c5.html')
[2025-12-15 16:42:03,799][feed_maker_util.py:638][DEBUG] # get_incomplete_image_list(html_file_path='hackernoon/hackernoon.programming/html/29c9d0e.html')
[2025-12-15 16:42:03,799][feed_maker_util.py:638][DEBUG] # get_incomplete_image_list(html_file_path='hackernoon/hackernoon.programming/html/9896ae2.html')
[2025-12-15 16:42:03,800][feed_maker_util.py:638][DEBUG] # get_incomplete_image_list(html_file_path='hackernoon/hackernoon.programming/html/bc58805.html')
[2025-12-15 16:42:03,800][feed_maker_util.py:638][DEBUG] # get_incomplete_image_list(html_file_path='hackernoon/hackernoon.programming/html/18ce60f.html')
[2025-12-15 16:42:03,800][feed_maker_util.py:638][DEBUG] # get_incomplete_image_list(html_file_path='hackernoon/hackernoon.programming/html/b573fb0.html')
[2025-12-15 16:42:03,800][feed_maker_util.py:638][DEBUG] # get_incomplete_image_list(html_file_path='hackernoon/hackernoon.programming/html/66e6d44.html')
[2025-12-15 16:42:03,801][feed_maker_util.py:638][DEBUG] # get_incomplete_image_list(html_file_path='hackernoon/hackernoon.programming/html/f0f51db.html')
[2025-12-15 16:42:03,801][feed_maker_util.py:638][DEBUG] # get_incomplete_image_list(html_file_path='hackernoon/hackernoon.programming/html/7a0d83b.html')
[2025-12-15 16:42:03,802][feed_maker_util.py:638][DEBUG] # get_incomplete_image_list(html_file_path='hackernoon/hackernoon.programming/html/22b5e52.html')
[2025-12-15 16:42:03,802][feed_maker_util.py:638][DEBUG] # get_incomplete_image_list(html_file_path='hackernoon/hackernoon.programming/html/3517ccd.html')
[2025-12-15 16:42:03,802][feed_maker_util.py:638][DEBUG] # get_incomplete_image_list(html_file_path='hackernoon/hackernoon.programming/html/96de3f0.html')
[2025-12-15 16:42:03,802][feed_maker_util.py:638][DEBUG] # get_incomplete_image_list(html_file_path='hackernoon/hackernoon.programming/html/cc6b5f7.html')
[2025-12-15 16:42:03,802][feed_maker_util.py:638][DEBUG] # get_incomplete_image_list(html_file_path='hackernoon/hackernoon.programming/html/6fda4f1.html')
[2025-12-15 16:42:03,802][feed_maker_util.py:638][DEBUG] # get_incomplete_image_list(html_file_path='hackernoon/hackernoon.programming/html/fa2d487.html')
[2025-12-15 16:42:03,802][feed_maker_util.py:638][DEBUG] # get_incomplete_image_list(html_file_path='hackernoon/hackernoon.programming/html/c7b2797.html')
[2025-12-15 16:42:03,803][feed_maker_util.py:638][DEBUG] # get_incomplete_image_list(html_file_path='hackernoon/hackernoon.programming/html/120b38b.html')
[2025-12-15 16:42:03,803][feed_maker_util.py:638][DEBUG] # get_incomplete_image_list(html_file_path='hackernoon/hackernoon.programming/html/bdd793a.html')
[2025-12-15 16:42:03,804][feed_maker_util.py:638][DEBUG] # get_incomplete_image_list(html_file_path='hackernoon/hackernoon.programming/html/f6f56ea.html')
[2025-12-15 16:42:03,804][feed_maker_util.py:638][DEBUG] # get_incomplete_image_list(html_file_path='hackernoon/hackernoon.programming/html/f92d00e.html')
[2025-12-15 16:42:03,804][feed_maker_util.py:638][DEBUG] # get_incomplete_image_list(html_file_path='hackernoon/hackernoon.programming/html/c39d650.html')
[2025-12-15 16:42:03,805][feed_maker_util.py:638][DEBUG] # get_incomplete_image_list(html_file_path='hackernoon/hackernoon.programming/html/93a5bb7.html')
[2025-12-15 16:42:03,805][feed_maker_util.py:638][DEBUG] # get_incomplete_image_list(html_file_path='hackernoon/hackernoon.programming/html/a442123.html')
[2025-12-15 16:42:03,805][feed_maker_util.py:638][DEBUG] # get_incomplete_image_list(html_file_path='hackernoon/hackernoon.programming/html/8682425.html')
[2025-12-15 16:42:03,806][feed_maker_util.py:638][DEBUG] # get_incomplete_image_list(html_file_path='hackernoon/hackernoon.programming/html/26e3348.html')
[2025-12-15 16:42:03,806][feed_maker_util.py:638][DEBUG] # get_incomplete_image_list(html_file_path='hackernoon/hackernoon.programming/html/6cac4f4.html')
[2025-12-15 16:42:03,807][feed_maker_util.py:638][DEBUG] # get_incomplete_image_list(html_file_path='hackernoon/hackernoon.programming/html/cd19687.html')
[2025-12-15 16:42:03,807][feed_maker_util.py:638][DEBUG] # get_incomplete_image_list(html_file_path='hackernoon/hackernoon.programming/html/fa8252d.html')
[2025-12-15 16:42:03,807][feed_maker_util.py:638][DEBUG] # get_incomplete_image_list(html_file_path='hackernoon/hackernoon.programming/html/667f401.html')
[2025-12-15 16:42:03,808][feed_maker_util.py:638][DEBUG] # get_incomplete_image_list(html_file_path='hackernoon/hackernoon.programming/html/e6c7ccc.html')
[2025-12-15 16:42:03,808][feed_maker_util.py:638][DEBUG] # get_incomplete_image_list(html_file_path='hackernoon/hackernoon.programming/html/824d3d7.html')
[2025-12-15 16:42:03,808][feed_maker_util.py:638][DEBUG] # get_incomplete_image_list(html_file_path='hackernoon/hackernoon.programming/html/6c151a0.html')
[2025-12-15 16:42:03,809][feed_maker_util.py:638][DEBUG] # get_incomplete_image_list(html_file_path='hackernoon/hackernoon.programming/html/112b6b2.html')
[2025-12-15 16:42:03,809][feed_maker_util.py:638][DEBUG] # get_incomplete_image_list(html_file_path='hackernoon/hackernoon.programming/html/53273cc.html')
[2025-12-15 16:42:03,809][feed_maker_util.py:638][DEBUG] # get_incomplete_image_list(html_file_path='hackernoon/hackernoon.programming/html/36075eb.html')
[2025-12-15 16:42:03,809][run.py:73][INFO] * making feed file 'hackernoon/hackernoon.programming/hackernoon.programming.xml'
[2025-12-15 16:42:03,810][feed_maker.py:42][DEBUG] # FeedMaker(feed_dir_path=hackernoon/hackernoon.programming, do_collect_by_force=, do_collect_only=, rss_file_path=hackernoon/hackernoon.programming/hackernoon.programming.xml)
[2025-12-15 16:42:03,810][feed_maker.py:522][DEBUG] # make()
[2025-12-15 16:42:03,810][feed_maker.py:523][INFO] =========================================================
[2025-12-15 16:42:03,810][feed_maker.py:524][INFO] hackernoon/hackernoon.programming
[2025-12-15 16:42:03,810][feed_maker.py:525][INFO] =========================================================
[2025-12-15 16:42:03,810][feed_maker_util.py:356][DEBUG] # Config(feed_dir_path=hackernoon/hackernoon.programming)
[2025-12-15 16:42:03,810][feed_maker_util.py:428][DEBUG] # get_collection_configs()
[2025-12-15 16:42:03,810][feed_maker_util.py:462][DEBUG] # get_extraction_configs()
[2025-12-15 16:42:03,810][feed_maker_util.py:495][DEBUG] # get_rss_configs()
[2025-12-15 16:42:03,810][feed_maker.py:531][DEBUG] self.collection_conf={'render_js': False, 'verify_ssl': True, 'ignore_old_list': False, 'is_completed': False, 'copy_images_from_canvas': False, 'simulate_scrolling': False, 'disable_headless': False, 'blob_to_dataurl': False, 'item_capture_script': '../capture_item_hackernoon.py -n 5', 'sort_field_pattern': '&logNo=(\\d+)', 'user_agent': None, 'encoding': 'utf-8', 'referer': None, 'timeout': 60, 'unit_size_per_day': 1.0, 'num_retries': 1, 'window_size': 5, 'list_url_list': ['https://hackernoon.com/c/programming'], 'post_process_script_list': [], 'headers': {}}
[2025-12-15 16:42:03,810][feed_maker.py:532][DEBUG] self.extraction_conf={'render_js': False, 'verify_ssl': True, 'bypass_element_extraction': True, 'force_sleep_between_articles': True, 'copy_images_from_canvas': False, 'simulate_scrolling': False, 'disable_headless': False, 'blob_to_dataurl': False, 'user_agent': None, 'encoding': 'utf-8', 'referer': None, 'threshold_to_remove_html_with_incomplete_image': 0, 'timeout': 60, 'num_retries': 1, 'element_id_list': [], 'element_class_list': [], 'element_path_list': [], 'post_process_script_list': ['../post_process_hackernoon.py'], 'headers': {}}
[2025-12-15 16:42:03,810][feed_maker.py:533][DEBUG] self.rss_conf={'ignore_broken_link': '', 'rss_title': 'Programming::Hackernoon', 'rss_generator': "Terzeron's Feed Generator", 'rss_copyright': 'Copyright (c) Hackernoon. All rights reserved.', 'rss_link': 'https://terzeron.com/hackernoon.programming.xml', 'rss_language': 'ko', 'rss_url_prefix_for_guid': None}
[2025-12-15 16:42:03,810][feed_maker.py:155][DEBUG] # _read_old_feed_list_from_file()
[2025-12-15 16:42:03,810][feed_maker.py:173][INFO] hackernoon/hackernoon.programming/newlist/20251210.txt
[2025-12-15 16:42:03,811][feed_maker.py:398][DEBUG] # _get_recent_feed_list()
[2025-12-15 16:42:03,811][new_list_collector.py:20][DEBUG] # NewlistCollector(feed_dir_path=hackernoon/hackernoon.programming, collection_conf={'render_js': False, 'verify_ssl': True, 'ignore_old_list': False, 'is_completed': False, 'copy_images_from_canvas': False, 'simulate_scrolling': False, 'disable_headless': False, 'blob_to_dataurl': False, 'item_capture_script': '../capture_item_hackernoon.py -n 5', 'sort_field_pattern': '&logNo=(\\d+)', 'user_agent': None, 'encoding': 'utf-8', 'referer': None, 'timeout': 60, 'unit_size_per_day': 1.0, 'num_retries': 1, 'window_size': 5, 'list_url_list': ['https://hackernoon.com/c/programming'], 'post_process_script_list': [], 'headers': {}}, new_list_file_path=hackernoon/hackernoon.programming/newlist/20251215.txt
[2025-12-15 16:42:03,811][new_list_collector.py:109][DEBUG] # collect()
[2025-12-15 16:42:03,811][new_list_collector.py:112][DEBUG] collecting items from specified url list...
[2025-12-15 16:42:03,811][new_list_collector.py:49][DEBUG] # compose_url_list()
[2025-12-15 16:42:03,811][crawler.py:147][DEBUG] # Crawler(dir_path=hackernoon/hackernoon.programming, render_js=False, method=Method.GET, headers={'Referer': None}, timeout=60, num_retries=1, encoding=utf-8, verify_ssl=True, copy_images_from_canvas=False, simulate_scrolling=False, disable_headless=False, blob_to_dataurl=False)
[2025-12-15 16:42:03,811][crawler.py:36][DEBUG] # RequestsClient(dir_path=hackernoon/hackernoon.programming, render_js=False, method=Method.GET, headers={'Referer': None, 'User-Agent': 'Mozilla/5.0 (Macintosh; Intel Mac OS X 10_15_7) AppleWebKit/537.36 (KHTML, like Gecko) Chrome/124.0.0.0 Safari/537.36'}, timeout=60, encoding=utf-8, verify_ssl=True)
[2025-12-15 16:42:03,811][crawler.py:177][DEBUG] # get_option_str()
[2025-12-15 16:42:03,811][new_list_collector.py:60][DEBUG] cmd=crawler.py -f '/home/terzeron/workspace/fma/hackernoon/hackernoon.programming'  --render-js=false --verify-ssl=true --copy-images-from-canvas=false --simulate-scrolling=false --blob-to-dataurl=false --disable-headless=false --encoding='utf-8' --header='User-Agent: Mozilla/5.0 (Macintosh; Intel Mac OS X 10_15_7) AppleWebKit/537.36 (KHTML, like Gecko) Chrome/124.0.0.0 Safari/537.36' --timeout=60 'https://hackernoon.com/c/programming'
[2025-12-15 16:42:03,811][crawler.py:222][DEBUG] # run(url=https://hackernoon.com/c/programming, data=None, download_file=None, allow_redirects=True)
[2025-12-15 16:42:03,811][crawler.py:73][DEBUG] # make_request(url='https://hackernoon.com/c/programming', allow_redirects=True)
[2025-12-15 16:42:03,917][new_list_collector.py:71][DEBUG] cmd=../capture_item_hackernoon.py -n 5 -f '/home/terzeron/workspace/fma/hackernoon/hackernoon.programming'
[2025-12-15 16:42:03,917][feed_maker_util.py:126][DEBUG] # Process.exec_cmd(cmd=../capture_item_hackernoon.py -n 5 -f '/home/terzeron/workspace/fma/hackernoon/hackernoon.programming', dir_path=hackernoon/hackernoon.programming, input_data=734417 bytes)
[2025-12-15 16:42:03,917][feed_maker_util.py:130][DEBUG] /home/terzeron/workspace/fma/hackernoon/capture_item_hackernoon.py -n 5 -f '/home/terzeron/workspace/fma/hackernoon/hackernoon.programming'
[2025-12-15 16:42:04,114][translation.py:223][DEBUG] 캐시에 없는 5개 텍스트를 번역합니다...
[2025-12-15 16:42:04,114][crawler.py:147][DEBUG] # Crawler(dir_path=hackernoon/hackernoon.programming, render_js=False, method=Method.POST, headers={'Authorization': 'DeepL-Auth-Key 0ead2103-e6eb-4478-ac30-3b295afc939b:fx'}, timeout=10, num_retries=1, encoding=utf-8, verify_ssl=True, copy_images_from_canvas=False, simulate_scrolling=False, disable_headless=False, blob_to_dataurl=False)
[2025-12-15 16:42:04,114][crawler.py:36][DEBUG] # RequestsClient(dir_path=hackernoon/hackernoon.programming, render_js=False, method=Method.POST, headers={'Authorization': 'DeepL-Auth-Key 0ead2103-e6eb-4478-ac30-3b295afc939b:fx', 'User-Agent': 'Mozilla/5.0 (Macintosh; Intel Mac OS X 10_15_7) AppleWebKit/537.36 (KHTML, like Gecko) Chrome/124.0.0.0 Safari/537.36'}, timeout=10, encoding=utf-8, verify_ssl=True)
[2025-12-15 16:42:04,114][crawler.py:222][DEBUG] # run(url=https://api-free.deepl.com/v2/translate, data={'text': ['Flight Recorder: A New Go Execution Tracer', 'How a Demo Page for my Abandoned Open Source SDK Accidentally Found Product Market Fit', "Rust's WASI Targets Are Changing: Here's Why", 'Blazor vs React: Why This .NET Architect Finally Picked a Side', 'Everything You Need to Know to Master Server-Sent Events (SSE) in Symfony 7.4'], 'target_lang': 'KO', 'preserve_formatting': 1, 'split_sentences': 'nonewlines'}, download_file=None, allow_redirects=True)
[2025-12-15 16:42:04,114][crawler.py:73][DEBUG] # make_request(url='https://api-free.deepl.com/v2/translate', allow_redirects=True)
[2025-12-15 16:42:06,884][translation.py:227][DEBUG] 번역 완료: 5개
[2025-12-15 16:42:06,916][new_list_collector.py:30][DEBUG] # extract_urls()
[2025-12-15 16:42:06,916][feed_maker.py:417][DEBUG] # _diff_feeds_and_make_htmls(recent_feed_list=[('https://hackernoon.com/flight-recorder-a-new-go-execution-tracer', '비행 기록기: 새로운 바둑 실행 추적기(Flight Recorder: A New Go Execution Tracer)', []), ('https://hackernoon.com/how-a-demo-page-for-my-abandoned-open-source-sdk-accidentally-found-product-market-fit', '버려진 오픈 소스 SDK의 데모 페이지가 우연히 제품 시장에 적합한 것을 발견한 방법(How a Demo Page for my Abandoned Open Source SDK Accidentally Found Product Market Fit)', []), ('https://hackernoon.com/rusts-wasi-targets-are-changing-heres-why', "Rust의 WASI 목표가 바뀌고 있습니다: 그 이유는 다음과 같습니다(Rust's WASI Targets Are Changing: Here's Why)", []), ('https://hackernoon.com/blazor-vs-react-why-this-net-architect-finally-picked-a-side', '블레이저와 리액트: 이 .NET 아키텍트가 마침내 어느 쪽을 택한 이유(Blazor vs React: Why This .NET Architect Finally Picked a Side)', []), ('https://hackernoon.com/everything-you-need-to-know-to-master-server-sent-events-sse-in-symfony-74', 'Symfony 7.4에서 서버 전송 이벤트(SSE)를 마스터하기 위해 알아야 할 모든 것(Everything You Need to Know to Master Server-Sent Events (SSE) in Symfony 7.4)', [])], old_feed_list=[('https://hackernoon.com/if-your-documentation-takes-two-clicks-to-open-congrats-its-already-outdated', '문서를 여는 데 두 번의 클릭이 필요하다면 이미 오래된 문서입니다(If Your Documentation Takes Two Clicks to Open, Congrats - It’s Already Outdated)', []), ('https://hackernoon.com/how-to-build-resilient-apis-with-resilience4j-circuit-breaker-in-spring-boot', '스프링 부트에서 Resilience4j 회로 차단기를 사용하여 탄력적인 API를 빌드하는 방법(How to Build Resilient APIs With Resilience4j Circuit Breaker in Spring Boot)', []), ('https://hackernoon.com/when-the-oldest-programming-language-outsmarts-the-newest-ai', '가장 오래된 프로그래밍 언어가 최신 AI를 능가할 때(When The Oldest Programming Language Outsmarts The Newest AI)', []), ('https://hackernoon.com/any-and-some-keywords-in-swift-a-guide-to-understanding-both', 'Swift의 모든 키워드와 일부 키워드: 둘 다 이해하기 위한 가이드(Any and Some Keywords in Swift: A Guide to Understanding Both)', []), ('https://hackernoon.com/why-the-best-bug-hunts-read-like-detective-fiction-and-how-to-write-them', '최고의 버그 헌팅이 추리 소설처럼 읽히는 이유(그리고 작성 방법)(Why The Best Bug Hunts Read Like Detective Fiction (And How to Write Them))', [])])
[2025-12-15 16:42:06,916][feed_maker.py:422][INFO] Appending 5 new items to the feed list
[2025-12-15 16:42:06,916][crawler.py:147][DEBUG] # Crawler(dir_path=hackernoon/hackernoon.programming, render_js=False, method=Method.GET, headers={}, timeout=60, num_retries=1, encoding=utf-8, verify_ssl=True, copy_images_from_canvas=False, simulate_scrolling=False, disable_headless=False, blob_to_dataurl=False)
[2025-12-15 16:42:06,916][crawler.py:36][DEBUG] # RequestsClient(dir_path=hackernoon/hackernoon.programming, render_js=False, method=Method.GET, headers={'User-Agent': 'Mozilla/5.0 (Macintosh; Intel Mac OS X 10_15_7) AppleWebKit/537.36 (KHTML, like Gecko) Chrome/124.0.0.0 Safari/537.36'}, timeout=60, encoding=utf-8, verify_ssl=True)
[2025-12-15 16:42:06,916][crawler.py:177][DEBUG] # get_option_str()
[2025-12-15 16:42:06,916][feed_maker.py:234][DEBUG] cmd=crawler.py -f '/home/terzeron/workspace/fma/hackernoon/hackernoon.programming'  --render-js=false --verify-ssl=true --copy-images-from-canvas=false --simulate-scrolling=false --blob-to-dataurl=false --disable-headless=false --encoding='utf-8' --header='User-Agent: Mozilla/5.0 (Macintosh; Intel Mac OS X 10_15_7) AppleWebKit/537.36 (KHTML, like Gecko) Chrome/124.0.0.0 Safari/537.36' --timeout=60 'https://hackernoon.com/flight-recorder-a-new-go-execution-tracer'
[2025-12-15 16:42:06,916][crawler.py:222][DEBUG] # run(url=https://hackernoon.com/flight-recorder-a-new-go-execution-tracer, data=None, download_file=None, allow_redirects=True)
[2025-12-15 16:42:06,916][crawler.py:73][DEBUG] # make_request(url='https://hackernoon.com/flight-recorder-a-new-go-execution-tracer', allow_redirects=True)
[2025-12-15 16:42:07,210][feed_maker.py:258][DEBUG] cmd=../post_process_hackernoon.py -f '/home/terzeron/workspace/fma/hackernoon/hackernoon.programming' 'https://hackernoon.com/flight-recorder-a-new-go-execution-tracer'
[2025-12-15 16:42:07,210][feed_maker_util.py:126][DEBUG] # Process.exec_cmd(cmd=../post_process_hackernoon.py -f '/home/terzeron/workspace/fma/hackernoon/hackernoon.programming' 'https://hackernoon.com/flight-recorder-a-new-go-execution-tracer', dir_path=hackernoon/hackernoon.programming, input_data=224521 bytes)
[2025-12-15 16:42:07,210][feed_maker_util.py:130][DEBUG] /home/terzeron/workspace/fma/hackernoon/post_process_hackernoon.py -f '/home/terzeron/workspace/fma/hackernoon/hackernoon.programming' 'https://hackernoon.com/flight-recorder-a-new-go-execution-tracer'
[2025-12-15 16:42:07,290][feed_maker.py:260][DEBUG] cmd=../post_process_hackernoon.py -f '/home/terzeron/workspace/fma/hackernoon/hackernoon.programming' 'https://hackernoon.com/flight-recorder-a-new-go-execution-tracer'
[2025-12-15 16:42:07,290][feed_maker.py:267][DEBUG] writing to 'hackernoon/hackernoon.programming/html/6355948.html'
[2025-12-15 16:42:09,291][feed_maker.py:284][INFO] New: https://hackernoon.com/flight-recorder-a-new-go-execution-tracer	비행 기록기: 새로운 바둑 실행 추적기(Flight Recorder: A New Go Execution Tracer)	hackernoon/hackernoon.programming/html/6355948.html (17280 bytes > 359 bytes of template)
[2025-12-15 16:42:09,292][crawler.py:147][DEBUG] # Crawler(dir_path=hackernoon/hackernoon.programming, render_js=False, method=Method.GET, headers={'User-Agent': 'Mozilla/5.0 (Macintosh; Intel Mac OS X 10_15_7) AppleWebKit/537.36 (KHTML, like Gecko) Chrome/124.0.0.0 Safari/537.36', 'Cookie': ''}, timeout=60, num_retries=1, encoding=utf-8, verify_ssl=True, copy_images_from_canvas=False, simulate_scrolling=False, disable_headless=False, blob_to_dataurl=False)
[2025-12-15 16:42:09,292][crawler.py:36][DEBUG] # RequestsClient(dir_path=hackernoon/hackernoon.programming, render_js=False, method=Method.GET, headers={'User-Agent': 'Mozilla/5.0 (Macintosh; Intel Mac OS X 10_15_7) AppleWebKit/537.36 (KHTML, like Gecko) Chrome/124.0.0.0 Safari/537.36', 'Cookie': ''}, timeout=60, encoding=utf-8, verify_ssl=True)
[2025-12-15 16:42:09,292][crawler.py:177][DEBUG] # get_option_str()
[2025-12-15 16:42:09,292][feed_maker.py:234][DEBUG] cmd=crawler.py -f '/home/terzeron/workspace/fma/hackernoon/hackernoon.programming'  --render-js=false --verify-ssl=true --copy-images-from-canvas=false --simulate-scrolling=false --blob-to-dataurl=false --disable-headless=false --encoding='utf-8' --header='User-Agent: Mozilla/5.0 (Macintosh; Intel Mac OS X 10_15_7) AppleWebKit/537.36 (KHTML, like Gecko) Chrome/124.0.0.0 Safari/537.36; ' --timeout=60 'https://hackernoon.com/how-a-demo-page-for-my-abandoned-open-source-sdk-accidentally-found-product-market-fit'
[2025-12-15 16:42:09,292][crawler.py:222][DEBUG] # run(url=https://hackernoon.com/how-a-demo-page-for-my-abandoned-open-source-sdk-accidentally-found-product-market-fit, data=None, download_file=None, allow_redirects=True)
[2025-12-15 16:42:09,292][crawler.py:73][DEBUG] # make_request(url='https://hackernoon.com/how-a-demo-page-for-my-abandoned-open-source-sdk-accidentally-found-product-market-fit', allow_redirects=True)
[2025-12-15 16:42:09,451][feed_maker.py:258][DEBUG] cmd=../post_process_hackernoon.py -f '/home/terzeron/workspace/fma/hackernoon/hackernoon.programming' 'https://hackernoon.com/how-a-demo-page-for-my-abandoned-open-source-sdk-accidentally-found-product-market-fit'
[2025-12-15 16:42:09,452][feed_maker_util.py:126][DEBUG] # Process.exec_cmd(cmd=../post_process_hackernoon.py -f '/home/terzeron/workspace/fma/hackernoon/hackernoon.programming' 'https://hackernoon.com/how-a-demo-page-for-my-abandoned-open-source-sdk-accidentally-found-product-market-fit', dir_path=hackernoon/hackernoon.programming, input_data=293990 bytes)
[2025-12-15 16:42:09,452][feed_maker_util.py:130][DEBUG] /home/terzeron/workspace/fma/hackernoon/post_process_hackernoon.py -f '/home/terzeron/workspace/fma/hackernoon/hackernoon.programming' 'https://hackernoon.com/how-a-demo-page-for-my-abandoned-open-source-sdk-accidentally-found-product-market-fit'
[2025-12-15 16:42:09,576][feed_maker.py:260][DEBUG] cmd=../post_process_hackernoon.py -f '/home/terzeron/workspace/fma/hackernoon/hackernoon.programming' 'https://hackernoon.com/how-a-demo-page-for-my-abandoned-open-source-sdk-accidentally-found-product-market-fit'
[2025-12-15 16:42:09,576][feed_maker.py:267][DEBUG] writing to 'hackernoon/hackernoon.programming/html/289b43d.html'
[2025-12-15 16:42:11,577][feed_maker.py:284][INFO] New: https://hackernoon.com/how-a-demo-page-for-my-abandoned-open-source-sdk-accidentally-found-product-market-fit	버려진 오픈 소스 SDK의 데모 페이지가 우연히 제품 시장에 적합한 것을 발견한 방법(How a Demo Page for my Abandoned Open Source SDK Accidentally Found Product Market Fit)	hackernoon/hackernoon.programming/html/289b43d.html (18543 bytes > 359 bytes of template)
[2025-12-15 16:42:11,577][crawler.py:147][DEBUG] # Crawler(dir_path=hackernoon/hackernoon.programming, render_js=False, method=Method.GET, headers={'User-Agent': 'Mozilla/5.0 (Macintosh; Intel Mac OS X 10_15_7) AppleWebKit/537.36 (KHTML, like Gecko) Chrome/124.0.0.0 Safari/537.36', 'Cookie': ''}, timeout=60, num_retries=1, encoding=utf-8, verify_ssl=True, copy_images_from_canvas=False, simulate_scrolling=False, disable_headless=False, blob_to_dataurl=False)
[2025-12-15 16:42:11,577][crawler.py:36][DEBUG] # RequestsClient(dir_path=hackernoon/hackernoon.programming, render_js=False, method=Method.GET, headers={'User-Agent': 'Mozilla/5.0 (Macintosh; Intel Mac OS X 10_15_7) AppleWebKit/537.36 (KHTML, like Gecko) Chrome/124.0.0.0 Safari/537.36', 'Cookie': ''}, timeout=60, encoding=utf-8, verify_ssl=True)
[2025-12-15 16:42:11,577][crawler.py:177][DEBUG] # get_option_str()
[2025-12-15 16:42:11,577][feed_maker.py:234][DEBUG] cmd=crawler.py -f '/home/terzeron/workspace/fma/hackernoon/hackernoon.programming'  --render-js=false --verify-ssl=true --copy-images-from-canvas=false --simulate-scrolling=false --blob-to-dataurl=false --disable-headless=false --encoding='utf-8' --header='User-Agent: Mozilla/5.0 (Macintosh; Intel Mac OS X 10_15_7) AppleWebKit/537.36 (KHTML, like Gecko) Chrome/124.0.0.0 Safari/537.36; ' --timeout=60 'https://hackernoon.com/rusts-wasi-targets-are-changing-heres-why'
[2025-12-15 16:42:11,577][crawler.py:222][DEBUG] # run(url=https://hackernoon.com/rusts-wasi-targets-are-changing-heres-why, data=None, download_file=None, allow_redirects=True)
[2025-12-15 16:42:11,577][crawler.py:73][DEBUG] # make_request(url='https://hackernoon.com/rusts-wasi-targets-are-changing-heres-why', allow_redirects=True)
[2025-12-15 16:42:11,735][feed_maker.py:258][DEBUG] cmd=../post_process_hackernoon.py -f '/home/terzeron/workspace/fma/hackernoon/hackernoon.programming' 'https://hackernoon.com/rusts-wasi-targets-are-changing-heres-why'
[2025-12-15 16:42:11,736][feed_maker_util.py:126][DEBUG] # Process.exec_cmd(cmd=../post_process_hackernoon.py -f '/home/terzeron/workspace/fma/hackernoon/hackernoon.programming' 'https://hackernoon.com/rusts-wasi-targets-are-changing-heres-why', dir_path=hackernoon/hackernoon.programming, input_data=201098 bytes)
[2025-12-15 16:42:11,736][feed_maker_util.py:130][DEBUG] /home/terzeron/workspace/fma/hackernoon/post_process_hackernoon.py -f '/home/terzeron/workspace/fma/hackernoon/hackernoon.programming' 'https://hackernoon.com/rusts-wasi-targets-are-changing-heres-why'
[2025-12-15 16:42:11,854][feed_maker.py:260][DEBUG] cmd=../post_process_hackernoon.py -f '/home/terzeron/workspace/fma/hackernoon/hackernoon.programming' 'https://hackernoon.com/rusts-wasi-targets-are-changing-heres-why'
[2025-12-15 16:42:11,855][feed_maker.py:267][DEBUG] writing to 'hackernoon/hackernoon.programming/html/49642d5.html'
[2025-12-15 16:42:13,855][feed_maker.py:284][INFO] New: https://hackernoon.com/rusts-wasi-targets-are-changing-heres-why	Rust의 WASI 목표가 바뀌고 있습니다: 그 이유는 다음과 같습니다(Rust's WASI Targets Are Changing: Here's Why)	hackernoon/hackernoon.programming/html/49642d5.html (9472 bytes > 359 bytes of template)
[2025-12-15 16:42:13,855][crawler.py:147][DEBUG] # Crawler(dir_path=hackernoon/hackernoon.programming, render_js=False, method=Method.GET, headers={'User-Agent': 'Mozilla/5.0 (Macintosh; Intel Mac OS X 10_15_7) AppleWebKit/537.36 (KHTML, like Gecko) Chrome/124.0.0.0 Safari/537.36', 'Cookie': ''}, timeout=60, num_retries=1, encoding=utf-8, verify_ssl=True, copy_images_from_canvas=False, simulate_scrolling=False, disable_headless=False, blob_to_dataurl=False)
[2025-12-15 16:42:13,855][crawler.py:36][DEBUG] # RequestsClient(dir_path=hackernoon/hackernoon.programming, render_js=False, method=Method.GET, headers={'User-Agent': 'Mozilla/5.0 (Macintosh; Intel Mac OS X 10_15_7) AppleWebKit/537.36 (KHTML, like Gecko) Chrome/124.0.0.0 Safari/537.36', 'Cookie': ''}, timeout=60, encoding=utf-8, verify_ssl=True)
[2025-12-15 16:42:13,855][crawler.py:177][DEBUG] # get_option_str()
[2025-12-15 16:42:13,855][feed_maker.py:234][DEBUG] cmd=crawler.py -f '/home/terzeron/workspace/fma/hackernoon/hackernoon.programming'  --render-js=false --verify-ssl=true --copy-images-from-canvas=false --simulate-scrolling=false --blob-to-dataurl=false --disable-headless=false --encoding='utf-8' --header='User-Agent: Mozilla/5.0 (Macintosh; Intel Mac OS X 10_15_7) AppleWebKit/537.36 (KHTML, like Gecko) Chrome/124.0.0.0 Safari/537.36; ' --timeout=60 'https://hackernoon.com/blazor-vs-react-why-this-net-architect-finally-picked-a-side'
[2025-12-15 16:42:13,856][crawler.py:222][DEBUG] # run(url=https://hackernoon.com/blazor-vs-react-why-this-net-architect-finally-picked-a-side, data=None, download_file=None, allow_redirects=True)
[2025-12-15 16:42:13,856][crawler.py:73][DEBUG] # make_request(url='https://hackernoon.com/blazor-vs-react-why-this-net-architect-finally-picked-a-side', allow_redirects=True)
[2025-12-15 16:42:14,076][feed_maker.py:258][DEBUG] cmd=../post_process_hackernoon.py -f '/home/terzeron/workspace/fma/hackernoon/hackernoon.programming' 'https://hackernoon.com/blazor-vs-react-why-this-net-architect-finally-picked-a-side'
[2025-12-15 16:42:14,076][feed_maker_util.py:126][DEBUG] # Process.exec_cmd(cmd=../post_process_hackernoon.py -f '/home/terzeron/workspace/fma/hackernoon/hackernoon.programming' 'https://hackernoon.com/blazor-vs-react-why-this-net-architect-finally-picked-a-side', dir_path=hackernoon/hackernoon.programming, input_data=417797 bytes)
[2025-12-15 16:42:14,076][feed_maker_util.py:130][DEBUG] /home/terzeron/workspace/fma/hackernoon/post_process_hackernoon.py -f '/home/terzeron/workspace/fma/hackernoon/hackernoon.programming' 'https://hackernoon.com/blazor-vs-react-why-this-net-architect-finally-picked-a-side'
[2025-12-15 16:42:14,195][feed_maker.py:260][DEBUG] cmd=../post_process_hackernoon.py -f '/home/terzeron/workspace/fma/hackernoon/hackernoon.programming' 'https://hackernoon.com/blazor-vs-react-why-this-net-architect-finally-picked-a-side'
[2025-12-15 16:42:14,195][feed_maker.py:267][DEBUG] writing to 'hackernoon/hackernoon.programming/html/a651b7a.html'
[2025-12-15 16:42:16,196][feed_maker.py:284][INFO] New: https://hackernoon.com/blazor-vs-react-why-this-net-architect-finally-picked-a-side	블레이저와 리액트: 이 .NET 아키텍트가 마침내 어느 쪽을 택한 이유(Blazor vs React: Why This .NET Architect Finally Picked a Side)	hackernoon/hackernoon.programming/html/a651b7a.html (45768 bytes > 359 bytes of template)
[2025-12-15 16:42:16,196][crawler.py:147][DEBUG] # Crawler(dir_path=hackernoon/hackernoon.programming, render_js=False, method=Method.GET, headers={'User-Agent': 'Mozilla/5.0 (Macintosh; Intel Mac OS X 10_15_7) AppleWebKit/537.36 (KHTML, like Gecko) Chrome/124.0.0.0 Safari/537.36', 'Cookie': ''}, timeout=60, num_retries=1, encoding=utf-8, verify_ssl=True, copy_images_from_canvas=False, simulate_scrolling=False, disable_headless=False, blob_to_dataurl=False)
[2025-12-15 16:42:16,196][crawler.py:36][DEBUG] # RequestsClient(dir_path=hackernoon/hackernoon.programming, render_js=False, method=Method.GET, headers={'User-Agent': 'Mozilla/5.0 (Macintosh; Intel Mac OS X 10_15_7) AppleWebKit/537.36 (KHTML, like Gecko) Chrome/124.0.0.0 Safari/537.36', 'Cookie': ''}, timeout=60, encoding=utf-8, verify_ssl=True)
[2025-12-15 16:42:16,197][crawler.py:177][DEBUG] # get_option_str()
[2025-12-15 16:42:16,197][feed_maker.py:234][DEBUG] cmd=crawler.py -f '/home/terzeron/workspace/fma/hackernoon/hackernoon.programming'  --render-js=false --verify-ssl=true --copy-images-from-canvas=false --simulate-scrolling=false --blob-to-dataurl=false --disable-headless=false --encoding='utf-8' --header='User-Agent: Mozilla/5.0 (Macintosh; Intel Mac OS X 10_15_7) AppleWebKit/537.36 (KHTML, like Gecko) Chrome/124.0.0.0 Safari/537.36; ' --timeout=60 'https://hackernoon.com/everything-you-need-to-know-to-master-server-sent-events-sse-in-symfony-74'
[2025-12-15 16:42:16,197][crawler.py:222][DEBUG] # run(url=https://hackernoon.com/everything-you-need-to-know-to-master-server-sent-events-sse-in-symfony-74, data=None, download_file=None, allow_redirects=True)
[2025-12-15 16:42:16,197][crawler.py:73][DEBUG] # make_request(url='https://hackernoon.com/everything-you-need-to-know-to-master-server-sent-events-sse-in-symfony-74', allow_redirects=True)
[2025-12-15 16:42:16,491][feed_maker.py:258][DEBUG] cmd=../post_process_hackernoon.py -f '/home/terzeron/workspace/fma/hackernoon/hackernoon.programming' 'https://hackernoon.com/everything-you-need-to-know-to-master-server-sent-events-sse-in-symfony-74'
[2025-12-15 16:42:16,491][feed_maker_util.py:126][DEBUG] # Process.exec_cmd(cmd=../post_process_hackernoon.py -f '/home/terzeron/workspace/fma/hackernoon/hackernoon.programming' 'https://hackernoon.com/everything-you-need-to-know-to-master-server-sent-events-sse-in-symfony-74', dir_path=hackernoon/hackernoon.programming, input_data=295381 bytes)
[2025-12-15 16:42:16,491][feed_maker_util.py:130][DEBUG] /home/terzeron/workspace/fma/hackernoon/post_process_hackernoon.py -f '/home/terzeron/workspace/fma/hackernoon/hackernoon.programming' 'https://hackernoon.com/everything-you-need-to-know-to-master-server-sent-events-sse-in-symfony-74'
[2025-12-15 16:42:16,611][feed_maker.py:260][DEBUG] cmd=../post_process_hackernoon.py -f '/home/terzeron/workspace/fma/hackernoon/hackernoon.programming' 'https://hackernoon.com/everything-you-need-to-know-to-master-server-sent-events-sse-in-symfony-74'
[2025-12-15 16:42:16,612][feed_maker.py:267][DEBUG] writing to 'hackernoon/hackernoon.programming/html/bacf550.html'
[2025-12-15 16:42:18,612][feed_maker.py:284][INFO] New: https://hackernoon.com/everything-you-need-to-know-to-master-server-sent-events-sse-in-symfony-74	Symfony 7.4에서 서버 전송 이벤트(SSE)를 마스터하기 위해 알아야 할 모든 것(Everything You Need to Know to Master Server-Sent Events (SSE) in Symfony 7.4)	hackernoon/hackernoon.programming/html/bacf550.html (15621 bytes > 359 bytes of template)
[2025-12-15 16:42:18,612][feed_maker.py:428][INFO] Appending 5 old items to the feed list
[2025-12-15 16:42:18,612][feed_maker.py:221][INFO] Old: https://hackernoon.com/if-your-documentation-takes-two-clicks-to-open-congrats-its-already-outdated	문서를 여는 데 두 번의 클릭이 필요하다면 이미 오래된 문서입니다(If Your Documentation Takes Two Clicks to Open, Congrats - It’s Already Outdated)	hackernoon/hackernoon.programming/html/3afe86a.html (14868 bytes > 359 bytes of template)
[2025-12-15 16:42:18,613][feed_maker.py:221][INFO] Old: https://hackernoon.com/how-to-build-resilient-apis-with-resilience4j-circuit-breaker-in-spring-boot	스프링 부트에서 Resilience4j 회로 차단기를 사용하여 탄력적인 API를 빌드하는 방법(How to Build Resilient APIs With Resilience4j Circuit Breaker in Spring Boot)	hackernoon/hackernoon.programming/html/2792f59.html (13770 bytes > 359 bytes of template)
[2025-12-15 16:42:18,613][feed_maker.py:221][INFO] Old: https://hackernoon.com/when-the-oldest-programming-language-outsmarts-the-newest-ai	가장 오래된 프로그래밍 언어가 최신 AI를 능가할 때(When The Oldest Programming Language Outsmarts The Newest AI)	hackernoon/hackernoon.programming/html/69c6320.html (14483 bytes > 359 bytes of template)
[2025-12-15 16:42:18,613][feed_maker.py:221][INFO] Old: https://hackernoon.com/any-and-some-keywords-in-swift-a-guide-to-understanding-both	Swift의 모든 키워드와 일부 키워드: 둘 다 이해하기 위한 가이드(Any and Some Keywords in Swift: A Guide to Understanding Both)	hackernoon/hackernoon.programming/html/a27bc96.html (11529 bytes > 359 bytes of template)
[2025-12-15 16:42:18,613][feed_maker.py:221][INFO] Old: https://hackernoon.com/why-the-best-bug-hunts-read-like-detective-fiction-and-how-to-write-them	최고의 버그 헌팅이 추리 소설처럼 읽히는 이유(그리고 작성 방법)(Why The Best Bug Hunts Read Like Detective Fiction (And How to Write Them))	hackernoon/hackernoon.programming/html/eb1774f.html (36893 bytes > 359 bytes of template)
[2025-12-15 16:42:18,613][feed_maker.py:435][DEBUG] # generate_rss_feed()
[2025-12-15 16:42:18,613][feed_maker.py:445][DEBUG] rss_file_path=hackernoon/hackernoon.programming/hackernoon.programming.xml, temp_rss_file_path=hackernoon/hackernoon.programming/hackernoon.programming.xml.20251215, old_rss_file_path=hackernoon/hackernoon.programming/hackernoon.programming.xml.old
[2025-12-15 16:42:18,613][feed_maker.py:447][INFO] Generating rss feed file...
[2025-12-15 16:42:18,613][feed_maker.py:451][INFO] https://hackernoon.com/everything-you-need-to-know-to-master-server-sent-events-sse-in-symfony-74	Symfony 7.4에서 서버 전송 이벤트(SSE)를 마스터하기 위해 알아야 할 모든 것(Everything You Need to Know to Master Server-Sent Events (SSE) in Symfony 7.4)	hackernoon/hackernoon.programming/html/bacf550.html
[2025-12-15 16:42:18,613][feed_maker.py:451][INFO] https://hackernoon.com/blazor-vs-react-why-this-net-architect-finally-picked-a-side	블레이저와 리액트: 이 .NET 아키텍트가 마침내 어느 쪽을 택한 이유(Blazor vs React: Why This .NET Architect Finally Picked a Side)	hackernoon/hackernoon.programming/html/a651b7a.html
[2025-12-15 16:42:18,614][feed_maker.py:451][INFO] https://hackernoon.com/rusts-wasi-targets-are-changing-heres-why	Rust의 WASI 목표가 바뀌고 있습니다: 그 이유는 다음과 같습니다(Rust's WASI Targets Are Changing: Here's Why)	hackernoon/hackernoon.programming/html/49642d5.html
[2025-12-15 16:42:18,614][feed_maker.py:451][INFO] https://hackernoon.com/how-a-demo-page-for-my-abandoned-open-source-sdk-accidentally-found-product-market-fit	버려진 오픈 소스 SDK의 데모 페이지가 우연히 제품 시장에 적합한 것을 발견한 방법(How a Demo Page for my Abandoned Open Source SDK Accidentally Found Product Market Fit)	hackernoon/hackernoon.programming/html/289b43d.html
[2025-12-15 16:42:18,615][feed_maker.py:451][INFO] https://hackernoon.com/flight-recorder-a-new-go-execution-tracer	비행 기록기: 새로운 바둑 실행 추적기(Flight Recorder: A New Go Execution Tracer)	hackernoon/hackernoon.programming/html/6355948.html
[2025-12-15 16:42:18,624][feed_maker.py:505][DEBUG] is_differernt=True
[2025-12-15 16:42:18,624][feed_maker.py:509][DEBUG] renaming 'hackernoon/hackernoon.programming/hackernoon.programming.xml' to 'hackernoon/hackernoon.programming/hackernoon.programming.xml.old'
[2025-12-15 16:42:18,624][feed_maker.py:513][DEBUG] renaming 'hackernoon/hackernoon.programming/hackernoon.programming.xml.20251215' to 'hackernoon/hackernoon.programming/hackernoon.programming.xml'
[2025-12-15 16:42:18,625][uploader.py:19][DEBUG] # upload(rss_file_path='hackernoon/hackernoon.programming/hackernoon.programming.xml'
[2025-12-15 16:42:18,625][uploader.py:24][INFO] new rss file exists
[2025-12-15 16:42:18,631][uploader.py:29][INFO] two files are different
[2025-12-15 16:42:18,632][uploader.py:38][INFO] upload success!
[2025-12-15 16:42:18,632][uploader.py:40][INFO] replace old rss file with new rss file
[2025-12-15 16:42:18,632][feed_maker_util.py:695][DEBUG] # remove_temporary_files(feed_dir_path='hackernoon/hackernoon.programming')
[2025-12-15 16:42:18,632][feed_maker_util.py:696][INFO] # deleting temporary files
[2025-12-15 16:42:18,632][run.py:84][INFO] # Running time analysis
[2025-12-15 16:42:18,632][run.py:85][INFO] * Start time: 2025-12-15T07:42:03+00:00
[2025-12-15 16:42:18,632][run.py:86][INFO] * End time: 2025-12-15T07:42:18+00:00
[2025-12-15 16:42:18,632][run.py:87][INFO] * Elapsed time: 14.983212
[2025-12-15 16:42:18,632][problem_manager.py:108][DEBUG] # update_feed_info(feed_dir_path=hackernoon/hackernoon.programming, new_feed_dir_path=)
[2025-12-15 16:42:18,632][feed_manager.py:61][DEBUG] # remove_config_info(feed_dir_path='hackernoon/hackernoon.programming', do_remove_file=False)
[2025-12-15 16:42:18,653][feed_manager.py:71][INFO] * The removing of config info of feed 'hackernoon.programming' is done.
[2025-12-15 16:42:18,653][feed_manager.py:188][DEBUG] # remove_rss_info(feed_dir_path='hackernoon/hackernoon.programming', do_remove_file=False)
[2025-12-15 16:42:18,658][feed_manager.py:197][INFO] * The removing of rss info of feed 'hackernoon.programming' is done.
[2025-12-15 16:42:18,660][feed_manager.py:295][INFO] * The removing of public feed info of feed 'hackernoon.programming' is done.
[2025-12-15 16:42:18,661][feed_manager.py:385][DEBUG] # remove_progress_info(feed_dir_path='hackernoon/hackernoon.programming', do_remove_file=False)
[2025-12-15 16:42:18,664][feed_manager.py:398][INFO] * The removing of progress info of feed 'hackernoon.programming' is done.
[2025-12-15 16:42:18,667][access_log_manager.py:95][INFO] * The removing of access info of feed 'hackernoon.programming' is done.
[2025-12-15 16:42:18,667][html_file_manager.py:150][DEBUG] # remove_html_file_in_path_from_info(dir_type_name='feed_dir_path'', path='hackernoon/hackernoon.programming')
[2025-12-15 16:42:18,687][html_file_manager.py:171][INFO] * The removing of some html files in 'hackernoon/hackernoon.programming' is done
[2025-12-15 16:42:18,693][feed_manager.py:148][INFO] * The adding of config info of feed 'hackernoon.programming' is done.
[2025-12-15 16:42:18,697][feed_manager.py:241][INFO] * The adding of rss info of feed 'hackernoon.programming' is done.
[2025-12-15 16:42:18,701][feed_manager.py:341][INFO] * The adding of public feed info of feed 'hackernoon.programming' is done. 5 items
[2025-12-15 16:42:18,704][feed_manager.py:496][INFO] * The adding of progress info of feed 'hackernoon.programming' is done. 1 items
[2025-12-15 16:42:18,704][access_log_manager.py:113][DEBUG] # add_httpd_access_info()
[2025-12-15 16:42:18,966][access_log_manager.py:144][INFO] * The adding of access info is done.
[2025-12-15 16:42:18,966][html_file_manager.py:174][DEBUG] # _add_html_info(feed_dir_path=hackernoon/hackernoon.programming)
[2025-12-15 16:42:19,353][html_file_manager.py:206][INFO] * The adding of some html files in 'hackernoon/hackernoon.programming' is done. 493 items
[2025-12-15 16:42:19,353][run.py:241][INFO] # Checking problems and making report
